tipo,id,slug,link,titulo,fecha,modificado,autor,categorias,etiquetas,palabras,imagen_destacada,enlaces,iframes,imagenes
post,8371,comerciales-prohibidos-censurados,https://www.publi20.com/publicidad/creatividad/comerciales-prohibidos-censurados/,Comerciales prohibidos y censurados: 5 casos y lo que enseñan,2026-10-08T20:40:00,2026-10-08T20:52:01,Fernando Martínez,creatividad,comerciales censurados|comerciales prohibidos|creatividad|crisis de marca|regulación publicitaria,1816,8374,23,0,0
post,5413,converse-x-brain-dead,https://www.publi20.com/noticias/converse-x-brain-dead/,Cuando el Caos se Convierte en Estilo: Converse x Brain Dead,2024-11-11T18:08:37,2026-10-08T20:19:47,Fernando Martínez,noticias,,253,0,1,0,0
post,5412,amda-retail-digital-y-la-innovacion-en-el-mercado-de-autos-seminuevos-en-mexico,https://www.publi20.com/publicidad-negocios-mexico/amda-retail-digital-y-la-innovacion-en-el-mercado-de-autos-seminuevos-en-mexico/,AMDA Retail Digital y la Innovación en el Mercado de Autos Seminuevos en México,2024-03-20T01:27:03,2026-10-08T20:19:48,Fernando Martínez,publicidad-negocios-mexico,,350,0,2,1,0
post,5411,autofintech-mexico,https://www.publi20.com/publicidad-negocios-mexico/autofintech-mexico/,¿Quieres que tu concesionaria domine el mercado? ¡Descubre estas 10 herramientas Autofintech y cómo potenciar tus ventas!,2023-04-18T03:18:29,2026-10-08T20:19:48,Fernando Martínez,publicidad-negocios-mexico,,382,0,0,0,0
post,5410,canela-tv-plataforma-de-streaming-gratuito-llega-a-mexico,https://www.publi20.com/noticias/canela-tv-plataforma-de-streaming-gratuito-llega-a-mexico/,"Canela.TV, plataforma de streaming gratuito llega a México",2021-06-10T18:53:17,2026-10-08T20:19:48,Fernando Martínez,noticias,,389,0,0,0,0
post,5409,que-significa-la-llegada-de-facebook-marketplace-para-las-agencias-de-autos,https://www.publi20.com/publicidad-negocios-mexico/que-significa-la-llegada-de-facebook-marketplace-para-las-agencias-de-autos/,Publica tus vehículos en Facebook Marketplace con Go Virtual,2018-06-14T17:43:28,2026-10-08T20:19:48,Fernando Martínez,publicidad-negocios-mexico,,581,0,3,0,0
post,5408,equipo-interno-de-marketing-digital-o-agencia-externa-la-experiencia-del-sector-automotriz,https://www.publi20.com/publicidad-negocios-mexico/equipo-interno-de-marketing-digital-o-agencia-externa-la-experiencia-del-sector-automotriz/,"Equipo interno de marketing digital o agencia externa, la experiencia del sector automotriz",2017-05-30T15:51:07,2026-10-08T20:19:48,Fernando Martínez,publicidad-negocios-mexico,,684,0,3,0,1
post,5388,genius-plaza-lanza-sammie-seal-un-juego-de-lenguaje-educativo-bilinge-y-gratuito,https://www.publi20.com/noticias/genius-plaza-lanza-sammie-seal-un-juego-de-lenguaje-educativo-bilinge-y-gratuito/,"Genius Plaza lanza Sammie Seal, un Juego de Lenguaje, Educativo, Bilingüe y Gratuito",2017-03-08T11:17:47,2026-10-08T20:19:48,Fernando Martínez,noticias,,390,0,2,0,0
post,5389,havas-edge-nombra-a-nicole-cordero-como-vicepresidenta-de-medios-hispanos-de-ee-uu,https://www.publi20.com/noticias/havas-edge-nombra-a-nicole-cordero-como-vicepresidenta-de-medios-hispanos-de-ee-uu/,Havas Edge nombra a Nicole Cordero como vicepresidenta de medios hispanos de EE. UU.,2017-03-08T09:52:18,2026-10-08T20:19:49,Fernando Martínez,noticias,,67,0,1,0,0
post,5390,fast-evolving-watersport-company-flydive-anuncia-la-adquisicion-de-aquafly,https://www.publi20.com/noticias/fast-evolving-watersport-company-flydive-anuncia-la-adquisicion-de-aquafly/,"Fast-Evolving Watersport Company, FlyDive, anuncia la adquisición de Aquafly",2017-03-08T09:45:34,2026-10-08T20:19:49,Fernando Martínez,noticias,,75,0,1,0,0
post,5391,el-futuro-de-los-viajes-internacionales-y-el-papel-del-seguro,https://www.publi20.com/noticias/el-futuro-de-los-viajes-internacionales-y-el-papel-del-seguro/,El futuro de los viajes internacionales y el papel del seguro.,2017-03-08T09:32:06,2026-10-08T20:19:49,Fernando Martínez,noticias,,52,0,1,0,0
post,5392,se-estrena-exhibicion-sobre-educacion-en-ddhh-en-la-sede-de-la-onu-ginebra,https://www.publi20.com/noticias/se-estrena-exhibicion-sobre-educacion-en-ddhh-en-la-sede-de-la-onu-ginebra/,"Se estrena exhibición sobre educación en DDHH en la sede de la ONU, Ginebra",2017-03-08T00:30:22,2026-10-08T20:19:49,Fernando Martínez,noticias,,475,0,1,0,0
post,5393,alberto-moreno-nuevo-director-de-vanity-fair-de-espana-y-mexico,https://www.publi20.com/noticias/alberto-moreno-nuevo-director-de-vanity-fair-de-espana-y-mexico/,"Alberto Moreno, nuevo director de Vanity Fair de España y México",2017-03-07T17:29:51,2026-10-08T20:19:49,Fernando Martínez,noticias,,190,0,1,0,1
post,5394,para-mejorar-la-vida-de-casi-2-millones-de-trabajadores-el-grupo-hm-alentara-a-los-proveedores-a-pagarles-a-los-trabajadores-de-manera-digital,https://www.publi20.com/noticias/para-mejorar-la-vida-de-casi-2-millones-de-trabajadores-el-grupo-hm-alentara-a-los-proveedores-a-pagarles-a-los-trabajadores-de-manera-digital/,"Para mejorar la vida de casi 2 millones de trabajadores, el grupo H&M alentará a los proveedores a pagarles a los trabajadores de manera digital",2017-03-07T14:14:08,2026-10-08T20:19:50,Fernando Martínez,noticias,,931,0,8,0,1
post,5395,dugout-la-maxima-expresion-de-plataforma-futbolistica-para-los-aficionados-lanza-su-primera-aplicacion,https://www.publi20.com/noticias/dugout-la-maxima-expresion-de-plataforma-futbolistica-para-los-aficionados-lanza-su-primera-aplicacion/,"Dugout, la máxima expresión de plataforma futbolística para los aficionados, lanza su primera aplicación",2017-03-07T13:34:54,2026-10-08T20:19:50,Fernando Martínez,noticias,,830,0,7,0,0
post,5396,cendyn-es-ahora-el-mayor-integrante-de-crm-en-la-industria-hospitalaria,https://www.publi20.com/noticias/cendyn-es-ahora-el-mayor-integrante-de-crm-en-la-industria-hospitalaria/,Cendyn es ahora el mayor integrante de CRM en la industria hospitalaria.,2017-03-07T12:38:04,2026-10-08T20:19:50,Fernando Martínez,noticias,,64,0,1,0,0
post,5397,attain-anuncia-licencia-de-paternidad-pagada,https://www.publi20.com/noticias/attain-anuncia-licencia-de-paternidad-pagada/,Attain anuncia licencia de paternidad pagada.,2017-03-07T12:32:51,2026-10-08T20:19:50,Fernando Martínez,noticias,,59,0,1,0,0
post,5398,michelin-presenta-el-nuevo-neumatico-defender-el-neumatico-mas-largo-entre-los-principales-competidores,https://www.publi20.com/noticias/michelin-presenta-el-nuevo-neumatico-defender-el-neumatico-mas-largo-entre-los-principales-competidores/,"Michelin presenta el nuevo neumático Defender, el neumático más largo entre los principales competidores",2017-03-07T11:53:28,2026-10-08T20:19:50,Fernando Martínez,noticias,,114,0,1,0,0
post,5399,miranda-xmod-el-primer-conjunto-de-biela-y-plato-para-bicicletas-totalmente-modular-del-mundo,https://www.publi20.com/noticias/miranda-xmod-el-primer-conjunto-de-biela-y-plato-para-bicicletas-totalmente-modular-del-mundo/,"Miranda XMOD, el primer conjunto de biela y plato para bicicletas totalmente modular del mundo",2017-03-07T09:42:16,2026-10-08T20:19:50,Fernando Martínez,noticias,,519,0,4,0,0
post,5400,movado-se-asocia-con-google-para-lanzar-una-nueva-coleccion-de-relojes-inteligentes,https://www.publi20.com/noticias/movado-se-asocia-con-google-para-lanzar-una-nueva-coleccion-de-relojes-inteligentes/,Movado se asocia con Google para lanzar una nueva colección de relojes inteligentes,2017-03-07T07:11:01,2026-10-08T20:19:51,Fernando Martínez,noticias,,579,0,0,0,0
post,5401,donde-el-retorno-a-la-vida-silvestre-produce-maravillas-se-inaugura-en-shanghai-leden-by-perrier-jout,https://www.publi20.com/noticias/donde-el-retorno-a-la-vida-silvestre-produce-maravillas-se-inaugura-en-shanghai-leden-by-perrier-jout/,Donde el retorno a la vida silvestre produce maravillas: Se inaugura en Shanghái L'Eden by Perrier-Jouët,2017-03-07T06:27:52,2026-10-08T20:19:51,Fernando Martínez,noticias,,453,0,3,0,0
post,5402,smirnoff-lanza-la-iniciativa-equalizing-music-en-un-esfuerzo-por-duplicar-la-cantidad-de-figuras-femeninas-destacadas-para-el-ano-2020,https://www.publi20.com/noticias/smirnoff-lanza-la-iniciativa-equalizing-music-en-un-esfuerzo-por-duplicar-la-cantidad-de-figuras-femeninas-destacadas-para-el-ano-2020/,"SMIRNOFF™ lanza la iniciativa ""Equalizing Music"" en un esfuerzo por duplicar la cantidad de figuras femeninas destacadas para el año 2020",2017-03-07T04:10:11,2026-10-08T20:19:51,Fernando Martínez,noticias,,1235,0,10,0,1
post,5403,mas-seguidores-menos-oportunidades-de-encontrar-el-amor,https://www.publi20.com/noticias/mas-seguidores-menos-oportunidades-de-encontrar-el-amor/,"Más seguidores, menos oportunidades de encontrar el amor.",2017-03-07T03:47:16,2026-10-08T20:19:51,Fernando Martínez,noticias,,327,0,0,0,0
post,5404,el-primer-destino-en-linea-global-para-la-moda-recatada-de-lujo-se-lanza-el-dia-internacional-de-la-mujer-el-8-de-marzo-de-2017,https://www.publi20.com/noticias/el-primer-destino-en-linea-global-para-la-moda-recatada-de-lujo-se-lanza-el-dia-internacional-de-la-mujer-el-8-de-marzo-de-2017/,El primer destino en línea global para la moda recatada de lujo se lanza el Día Internacional de la Mujer el 8 de marzo de 2017,2017-03-07T03:08:29,2026-10-08T20:19:51,Fernando Martínez,noticias,,489,0,2,0,0
post,5405,la-fundacion-tory-burch-lanza-una-campana-alentando-a-las-mujeres-a-ser-mas-ambiciosas-con-el-hashtag-embraceambition,https://www.publi20.com/noticias/la-fundacion-tory-burch-lanza-una-campana-alentando-a-las-mujeres-a-ser-mas-ambiciosas-con-el-hashtag-embraceambition/,"La Fundación Tory Burch lanza una campaña alentando a las mujeres a ""ser más ambiciosas"" con el hashtag #EmbraceAmbition",2017-03-06T23:12:58,2026-10-08T20:19:51,Fernando Martínez,noticias,,656,0,9,0,0
post,5406,zte-corporation-llega-a-un-arreglo-con-las-autoridades-estadounidenses,https://www.publi20.com/noticias/zte-corporation-llega-a-un-arreglo-con-las-autoridades-estadounidenses/,ZTE Corporation llega a un arreglo con las autoridades estadounidenses,2017-03-06T22:15:17,2026-10-08T20:19:52,Fernando Martínez,noticias,,1261,0,2,0,0
post,5407,qs-world-university-rankings-by-subject-2017,https://www.publi20.com/noticias/qs-world-university-rankings-by-subject-2017/,QS World University Rankings by Subject 2017,2017-03-06T19:27:09,2026-10-08T20:19:52,Fernando Martínez,noticias,,857,0,6,0,0
post,5387,infografia-claves-para-edificar-tu-marca-personal,https://www.publi20.com/publicidad-negocios-mexico/infografia-claves-para-edificar-tu-marca-personal/,Infografía: Claves para edificar tu marca personal,2016-12-05T17:22:22,2026-10-08T20:19:52,Fernando Martínez,publicidad-negocios-mexico,,68,0,0,0,1
post,5386,si-tu-puedes-despedir-a-un-cliente,https://www.publi20.com/publicidad-negocios-mexico/si-tu-puedes-despedir-a-un-cliente/,"Sí, tú puedes despedir a un cliente.",2016-11-07T22:53:58,2026-10-08T20:19:52,Fernando Martínez,publicidad-negocios-mexico,,418,0,0,0,0
post,5365,ya-vienen-los-effies,https://www.publi20.com/publicidad-negocios-mexico/ya-vienen-los-effies/,Ya vienen los EFFIES,2016-06-10T21:36:44,2026-10-08T20:19:52,Fernando Martínez,publicidad-negocios-mexico,,249,0,0,0,0
post,5344,por-que-snapchat-se-ha-convertido-en-una-interesante-herramienta-para-el-marketing-digital,https://www.publi20.com/noticias/por-que-snapchat-se-ha-convertido-en-una-interesante-herramienta-para-el-marketing-digital/,Por qué Snapchat se ha convertido en una interesante herramienta para el marketing digital,2016-06-09T16:46:29,2026-10-08T20:19:53,Fernando Martínez,noticias,,469,0,0,0,0
post,5345,pew-nombra-a-10-cientificos-latinoamericanos-como-becarios,https://www.publi20.com/noticias/pew-nombra-a-10-cientificos-latinoamericanos-como-becarios/,Pew nombra a 10 científicos latinoamericanos como becarios,2016-06-08T10:13:59,2026-10-08T20:19:53,Fernando Martínez,noticias,,658,0,6,0,0
post,5346,carrier-ethernet-20-llega-a-brasil-tim-se-asocia-con-accedian-para-obtener-certificacion-mef,https://www.publi20.com/noticias/carrier-ethernet-20-llega-a-brasil-tim-se-asocia-con-accedian-para-obtener-certificacion-mef/,Carrier Ethernet 2.0 llega a Brasil: TIM se asocia con Accedian para obtener certificación MEF,2016-06-08T08:07:37,2026-10-08T20:19:53,Fernando Martínez,noticias,,944,0,9,0,0
post,5347,pacific-anuncia-dictamen-de-reconocimiento-del-tribunal-de-bancarrotas-de-estados-unidos-segun-lo-dispuesto-en-el-capitulo-15,https://www.publi20.com/noticias/pacific-anuncia-dictamen-de-reconocimiento-del-tribunal-de-bancarrotas-de-estados-unidos-segun-lo-dispuesto-en-el-capitulo-15/,Pacific anuncia dictamen de reconocimiento del Tribunal de Bancarrotas de Estados Unidos según lo dispuesto en el Capítulo 15,2016-06-08T06:47:14,2026-10-08T20:19:53,Fernando Martínez,noticias,,1351,0,3,0,0
post,5348,bulldog-gin-crea-division-region-america,https://www.publi20.com/noticias/bulldog-gin-crea-division-region-america/,"BULLDOG® Gin crea división ""Región América""",2016-06-08T04:42:04,2026-10-08T20:19:53,Fernando Martínez,noticias,,658,0,2,0,0
post,5349,la-division-consumer-healthdesempenara-un-papel-fundamental-en-la-estrategia-de-crecimiento-de-merck-para-africa,https://www.publi20.com/noticias/la-division-consumer-healthdesempenara-un-papel-fundamental-en-la-estrategia-de-crecimiento-de-merck-para-africa/,La división Consumer Healthdesempeñará un papel fundamental en la estrategia de crecimiento de Merck para África,2016-06-08T04:12:45,2026-10-08T20:19:54,Fernando Martínez,noticias,,1031,0,7,0,0
post,5350,nucor-y-jfe-steel-forman-empresa-conjunta-para-abastecer-al-mercado-automotriz-de-mexico,https://www.publi20.com/noticias/nucor-y-jfe-steel-forman-empresa-conjunta-para-abastecer-al-mercado-automotriz-de-mexico/,Nucor y JFE Steel forman empresa conjunta para abastecer al mercado automotriz de México,2016-06-08T01:08:58,2026-10-08T20:19:54,Fernando Martínez,noticias,,563,0,0,0,0
post,5351,spin-master-mexico-se-expande-con-nuevas-oficinas-corporativas-y-contrataciones-de-talento-senior,https://www.publi20.com/noticias/spin-master-mexico-se-expande-con-nuevas-oficinas-corporativas-y-contrataciones-de-talento-senior/,Spin Master México se expande con nuevas oficinas corporativas y contrataciones de talento senior,2016-06-07T17:09:13,2026-10-08T20:19:54,Fernando Martínez,noticias,,597,0,2,0,1
post,5352,la-competencia-de-diseno-innovador-medioambiental-xcmg-cup-se-enfoca-en-las-tecnologias-medioambientales-limpias,https://www.publi20.com/noticias/la-competencia-de-diseno-innovador-medioambiental-xcmg-cup-se-enfoca-en-las-tecnologias-medioambientales-limpias/,"La competencia de diseño innovador medioambiental ""XCMG Cup"" se enfoca en las tecnologías medioambientales limpias",2016-06-07T16:56:52,2026-10-08T20:19:54,Fernando Martínez,noticias,,483,0,7,0,0
post,5353,conozca-una-de-las-7-maravillas-de-la-ingenieria-moderna-la-torre-cn-de-toronto-by-iway-magazine,https://www.publi20.com/noticias/conozca-una-de-las-7-maravillas-de-la-ingenieria-moderna-la-torre-cn-de-toronto-by-iway-magazine/,Conozca una de las 7 maravillas de la ingeniería moderna: La Torre CN de Toronto BY Iway Magazine,2016-06-07T14:13:07,2026-10-08T20:19:54,Fernando Martínez,noticias,,406,0,9,0,3
post,5354,pancho-guru-el-origen-by-yellowlink,https://www.publi20.com/noticias/pancho-guru-el-origen-by-yellowlink/,Pancho Guru: EL ORIGEN by Yellowlink,2016-06-07T14:09:18,2026-10-08T20:19:55,Fernando Martínez,noticias,,376,0,4,0,3
post,5355,papa-merece-tecnologia-best-buy,https://www.publi20.com/noticias/papa-merece-tecnologia-best-buy/,Papá merece tecnología Best Buy,2016-06-07T11:06:08,2026-10-08T20:19:55,Fernando Martínez,noticias,,538,0,0,0,0
post,5356,ifly-res-de-ibs-recibe-estatus-ndc-capable-nivel-3-de-iata,https://www.publi20.com/noticias/ifly-res-de-ibs-recibe-estatus-ndc-capable-nivel-3-de-iata/,"iFly Res de IBS recibe estatus ""NDC Capable"" Nivel 3 de IATA",2016-06-07T10:08:49,2026-10-08T20:19:55,Fernando Martínez,noticias,,583,0,4,0,0
post,5357,netflix-y-los-maratones-un-nuevo-indice-revela-que-series-devoramos-y-cuales-saboreamos,https://www.publi20.com/noticias/netflix-y-los-maratones-un-nuevo-indice-revela-que-series-devoramos-y-cuales-saboreamos/,Netflix y los maratones: un nuevo índice revela qué series devoramos y cuáles saboreamos,2016-06-07T08:24:07,2026-10-08T20:19:55,Fernando Martínez,noticias,,666,0,3,0,1
post,5358,pruebas-realizadas-por-un-laboratorio-independiente-demuestran-una-diferencia-de-rendimiento-de-hasta-el-40-entre-los-turbocargadores-para-el-mercado-postventa-originales-de-honeywell-y-sus-copias,https://www.publi20.com/noticias/pruebas-realizadas-por-un-laboratorio-independiente-demuestran-una-diferencia-de-rendimiento-de-hasta-el-40-entre-los-turbocargadores-para-el-mercado-postventa-originales-de-honeywell-y-sus-copias/,Pruebas realizadas por un laboratorio independiente demuestran una diferencia de rendimiento de hasta el 40 % entre los turbocargadores para el mercado postventa originales de Honeywell y sus copias,2016-06-07T08:06:05,2026-10-08T20:19:55,Fernando Martínez,noticias,,969,0,9,0,0
post,5359,wyndham-hotel-group-revela-su-estrategia-de-transformacion-global-a-lo-largo-de-16-marcas,https://www.publi20.com/noticias/wyndham-hotel-group-revela-su-estrategia-de-transformacion-global-a-lo-largo-de-16-marcas/,Wyndham Hotel Group Revela Su Estrategia de Transformación Global a lo largo de 16 Marcas,2016-06-07T05:06:51,2026-10-08T20:19:56,Fernando Martínez,noticias,,1404,0,23,0,1
post,5360,la-desigualdad-global-en-materia-de-paz-se-ha-ampliado-el-ano-pasado-al-aumentar-la-violencia-en-los-paises-menos-pacificos,https://www.publi20.com/noticias/la-desigualdad-global-en-materia-de-paz-se-ha-ampliado-el-ano-pasado-al-aumentar-la-violencia-en-los-paises-menos-pacificos/,La desigualdad global en materia de paz se ha ampliado el año pasado al aumentar la violencia en los países menos pacíficos,2016-06-06T23:08:40,2026-10-08T20:19:56,Fernando Martínez,noticias,,1714,0,10,0,0
post,5361,equisoft-gana-un-premio-de-excelencia-de-la-industria,https://www.publi20.com/noticias/equisoft-gana-un-premio-de-excelencia-de-la-industria/,Equisoft Gana un Premio de Excelencia de la Industria,2016-06-06T17:01:42,2026-10-08T20:19:56,Fernando Martínez,noticias,,348,0,3,0,1
post,5362,rafael-valdez-de-envision-fue-nominado-como-campeon-de-la-industria-eolica-en-la-conferencia-sobre-energias-renovables-2016-de-mexico,https://www.publi20.com/noticias/rafael-valdez-de-envision-fue-nominado-como-campeon-de-la-industria-eolica-en-la-conferencia-sobre-energias-renovables-2016-de-mexico/,"Rafael Valdez, de Envision, fue nominado como Campeón de la Industria Eólica en la Conferencia sobre Energías Renovables 2016 de México",2016-06-06T15:17:01,2026-10-08T20:19:56,Fernando Martínez,noticias,,699,0,2,0,0
post,5363,reciclaje-de-eps-una-realidad-para-cuidar-el-medio-ambiente,https://www.publi20.com/noticias/reciclaje-de-eps-una-realidad-para-cuidar-el-medio-ambiente/,Reciclaje de EPS: una realidad para cuidar el medio ambiente,2016-06-06T10:15:33,2026-10-08T20:19:56,Fernando Martínez,noticias,,389,0,3,0,0
post,5364,los-megaataques-alcanzan-un-nuevo-record-se-dispara-el-numero-de-ataques-repetidos-los-sitios-de-stresserbooter-lanzan-vectores-de-ataque-multiples-de-forma-simultanea,https://www.publi20.com/noticias/los-megaataques-alcanzan-un-nuevo-record-se-dispara-el-numero-de-ataques-repetidos-los-sitios-de-stresserbooter-lanzan-vectores-de-ataque-multiples-de-forma-simultanea/,Los megaataques alcanzan un nuevo récord. Se dispara el número de ataques repetidos. Los sitios de stresser/booter lanzan vectores de ataque múltiples de forma simultánea,2016-06-06T10:03:15,2026-10-08T20:19:56,Fernando Martínez,noticias,,1168,0,9,0,1
post,5343,los-numeros-no-importan-la-influencia-si,https://www.publi20.com/publicidad-negocios-mexico/los-numeros-no-importan-la-influencia-si/,"Los números no importan, la influencia sí.",2016-06-02T23:02:20,2026-10-08T20:19:57,Fernando Martínez,publicidad-negocios-mexico,,428,0,0,0,0
post,5342,etica-en-las-agencias-de-publicidad-y-anarquia-en-los-negocios,https://www.publi20.com/publicidad-negocios-mexico/etica-en-las-agencias-de-publicidad-y-anarquia-en-los-negocios/,Ética en las agencias de publicidad ¿y anarquía en los negocios?,2016-05-17T00:24:46,2026-10-08T20:19:57,Fernando Martínez,publicidad-negocios-mexico,,286,0,0,0,0
post,5322,phenomenome-discoveries-anuncia-la-exitosa-validacion-de-ovaware-un-simple-analisis-de-sangre-para-la-deteccion-precoz-de-cancer-de-ovario,https://www.publi20.com/noticias/phenomenome-discoveries-anuncia-la-exitosa-validacion-de-ovaware-un-simple-analisis-de-sangre-para-la-deteccion-precoz-de-cancer-de-ovario/,"Phenomenome Discoveries anuncia la exitosa validación de OvAware™, un simple análisis de sangre para la detección precoz de cáncer de ovario",2016-05-11T19:52:12,2026-10-08T20:19:57,Fernando Martínez,noticias,,712,0,2,0,0
post,5323,la-compania-de-busqueda-de-ejecutivos-kincannon-reed-expande-su-presencia-en-latinoamerica,https://www.publi20.com/noticias/la-compania-de-busqueda-de-ejecutivos-kincannon-reed-expande-su-presencia-en-latinoamerica/,La compañía de búsqueda de ejecutivos Kincannon & Reed expande su presencia en Latinoamérica,2016-05-11T16:34:10,2026-10-08T20:19:57,Fernando Martínez,noticias,,393,0,1,0,0
post,5324,bridgestone-extiende-alianza-premium-con-grupo-bmw,https://www.publi20.com/noticias/bridgestone-extiende-alianza-premium-con-grupo-bmw/,Bridgestone Extiende alianza Premium con GRUPO BMW,2016-05-11T16:21:14,2026-10-08T20:19:57,Fernando Martínez,noticias,,618,0,0,0,0
post,5325,huawei-permite-a-las-portadoras-hacer-realidad-un-futuro-digital-mediante-la-transformacion-de-las-operaciones-y-un-ecosistema-abierto,https://www.publi20.com/noticias/huawei-permite-a-las-portadoras-hacer-realidad-un-futuro-digital-mediante-la-transformacion-de-las-operaciones-y-un-ecosistema-abierto/,Huawei permite a las portadoras hacer realidad un futuro digital mediante la transformación de las operaciones y un ecosistema abierto,2016-05-11T15:36:16,2026-10-08T20:19:58,Fernando Martínez,noticias,,1101,0,7,0,0
post,5326,impartner-se-asocia-con-expertos-del-sector-de-canales-de-venta-indirecta-para-abordar-los-principales-desafios-que-desvelan-a-los-directores-de-canal,https://www.publi20.com/noticias/impartner-se-asocia-con-expertos-del-sector-de-canales-de-venta-indirecta-para-abordar-los-principales-desafios-que-desvelan-a-los-directores-de-canal/,Impartner se asocia con expertos del sector de canales de venta indirecta para abordar los principales desafíos que desvelan a los directores de canal,2016-05-11T13:06:28,2026-10-08T20:19:58,Fernando Martínez,noticias,,1067,0,20,0,0
post,5327,conceden-el-be-open-young-talent-award-a-jovenes-de-chile,https://www.publi20.com/noticias/conceden-el-be-open-young-talent-award-a-jovenes-de-chile/,Conceden el BE OPEN Young Talent Award a jóvenes de Chile,2016-05-11T12:38:29,2026-10-08T20:19:58,Fernando Martínez,noticias,,479,0,1,0,0
post,5328,ningxia-ansia-recibir-mas-visitantes-americanos-y-celebra-un-evento-en-los-angeles,https://www.publi20.com/noticias/ningxia-ansia-recibir-mas-visitantes-americanos-y-celebra-un-evento-en-los-angeles/,Ningxia ansía recibir más visitantes americanos y celebra un evento en Los Ángeles,2016-05-11T11:19:13,2026-10-08T20:19:58,Fernando Martínez,noticias,,454,0,0,0,0
post,5329,visa-inc-designa-a-eduardo-perez-lider-de-riesgo-para-america-latina-y-el-caribe,https://www.publi20.com/noticias/visa-inc-designa-a-eduardo-perez-lider-de-riesgo-para-america-latina-y-el-caribe/,Visa Inc. designa a Eduardo Pérez líder de Riesgo para América Latina y El Caribe,2016-05-11T09:42:10,2026-10-08T20:19:58,Fernando Martínez,noticias,,431,0,0,0,0
post,5330,risen-coloca-22-mwp-en-europa-del-este,https://www.publi20.com/noticias/risen-coloca-22-mwp-en-europa-del-este/,Risen coloca 22 MWp en Europa del Este,2016-05-11T09:28:09,2026-10-08T20:19:58,Fernando Martínez,noticias,,599,0,0,0,0
post,5331,dunkin-brands-dona-us10000-para-ayudar-a-los-damnificados-del-reciente-terremoto-en-ecuador,https://www.publi20.com/noticias/dunkin-brands-dona-us10000-para-ayudar-a-los-damnificados-del-reciente-terremoto-en-ecuador/,Dunkin' Brands dona US$10.000 para ayudar a los damnificados del reciente terremoto en Ecuador,2016-05-11T09:06:23,2026-10-08T20:19:59,Fernando Martínez,noticias,,429,0,2,0,0
post,5332,wyndham-rewards-presenta-niveles-de-miembro-y-amplia-su-premiado-programa-de-lealtad-con-la-primera-experiencia-mejorada-en-canje-de-puntos-del-sector,https://www.publi20.com/noticias/wyndham-rewards-presenta-niveles-de-miembro-y-amplia-su-premiado-programa-de-lealtad-con-la-primera-experiencia-mejorada-en-canje-de-puntos-del-sector/,Wyndham Rewards presenta Niveles de Miembro y amplía su premiado programa de lealtad con la primera experiencia mejorada en canje de puntos del sector,2016-05-11T08:15:19,2026-10-08T20:19:59,Fernando Martínez,noticias,,1197,0,10,0,0
post,5333,la-119a-feria-de-canton-finaliza-con-acuerdos-comerciales-por-un-total-de-us28000-millones,https://www.publi20.com/noticias/la-119a-feria-de-canton-finaliza-con-acuerdos-comerciales-por-un-total-de-us28000-millones/,La 119a. Feria de Cantón finaliza con acuerdos comerciales por un total de US$28.000 millones,2016-05-10T20:26:18,2026-10-08T20:19:59,Fernando Martínez,noticias,,468,0,0,0,0
post,5334,la-provincia-de-neuquen-anuncia-la-modificacion-del-coeficiente-de-cambio-de-su-oferta-de-cambio,https://www.publi20.com/noticias/la-provincia-de-neuquen-anuncia-la-modificacion-del-coeficiente-de-cambio-de-su-oferta-de-cambio/,La provincia de Neuquén anuncia la modificación del coeficiente de cambio de su oferta de cambio,2016-05-10T14:13:21,2026-10-08T20:20:00,Fernando Martínez,noticias,,1253,0,0,0,0
post,5335,un-nuevo-registro-de-multiples-centros-estudiara-los-beneficios-de-la-terapia-stretta-para-pacientes-gerd-luego-de-una-gastrectomia-en-manga,https://www.publi20.com/noticias/un-nuevo-registro-de-multiples-centros-estudiara-los-beneficios-de-la-terapia-stretta-para-pacientes-gerd-luego-de-una-gastrectomia-en-manga/,Un nuevo registro de múltiples centros estudiará los beneficios de la terapia Stretta para pacientes GERD luego de una gastrectomía en manga,2016-05-10T13:00:16,2026-10-08T20:20:00,Fernando Martínez,noticias,,588,0,6,0,0
post,5336,octopus-dentro-del-top-100-de-mejores-agencias-marketing-digital-en-mexico,https://www.publi20.com/noticias/octopus-dentro-del-top-100-de-mejores-agencias-marketing-digital-en-mexico/,Octopus dentro del top 100 de mejores agencias marketing digital en México.,2016-05-10T11:41:06,2026-10-08T20:20:00,Fernando Martínez,noticias,,244,0,4,0,0
post,5337,eurasia-media-forum-coincidira-el-ano-que-viene-con-astana-expo-2017,https://www.publi20.com/noticias/eurasia-media-forum-coincidira-el-ano-que-viene-con-astana-expo-2017/,Eurasia Media Forum coincidirá el año que viene con Astana EXPO 2017,2016-05-10T09:08:07,2026-10-08T20:20:00,Fernando Martínez,noticias,,477,0,3,0,0
post,5338,american-bookkeeping-institute-ahora-ensena-a-los-estudiantes-a-trabajar-en-linea-como-contadores-independientes,https://www.publi20.com/noticias/american-bookkeeping-institute-ahora-ensena-a-los-estudiantes-a-trabajar-en-linea-como-contadores-independientes/,American Bookkeeping Institute ahora enseña a los estudiantes a trabajar en línea como contadores independientes,2016-05-10T07:23:25,2026-10-08T20:20:00,Fernando Martínez,noticias,,718,0,9,0,0
post,5339,comba-telecom-ofrece-conectividad-inalambrica-para-los-108-millones-de-pasajeros-de-un-aeropuerto-regional,https://www.publi20.com/noticias/comba-telecom-ofrece-conectividad-inalambrica-para-los-108-millones-de-pasajeros-de-un-aeropuerto-regional/,"Comba Telecom ofrece conectividad inalámbrica para los 10,8 millones de pasajeros de un aeropuerto regional",2016-05-10T06:52:20,2026-10-08T20:20:00,Fernando Martínez,noticias,,551,0,2,0,0
post,5340,despega-el-deporte-del-futuro-mountain-dew-se-asocia-con-dr1-racing,https://www.publi20.com/noticias/despega-el-deporte-del-futuro-mountain-dew-se-asocia-con-dr1-racing/,Despega el Deporte del Futuro: Mountain Dew® Se Asocia con DR1 Racing,2016-05-09T13:07:19,2026-10-08T20:20:01,Fernando Martínez,noticias,,1135,0,5,0,0
post,5341,el-grupo-expansion-firma-contrato-con-navegg,https://www.publi20.com/noticias/el-grupo-expansion-firma-contrato-con-navegg/,El Grupo Expansión firma contrato con Navegg,2016-05-09T12:05:25,2026-10-08T20:20:01,Fernando Martínez,noticias,,384,0,2,0,0
post,5301,como-la-ves-verdad-que-todo-depende,https://www.publi20.com/publicidad-negocios-mexico/como-la-ves-verdad-que-todo-depende/,¿Cómo la ves? ¿Verdad que todo depende?,2016-05-02T14:42:39,2026-10-08T20:20:01,Fernando Martínez,publicidad-negocios-mexico,,215,0,0,0,0
post,5302,proximamente-seran-anunciados-los-ganadores-de-la-tarjeta-verde-2017,https://www.publi20.com/noticias/proximamente-seran-anunciados-los-ganadores-de-la-tarjeta-verde-2017/,Próximamente serán anunciados los ganadores de la Tarjeta Verde 2017,2016-05-01T04:00:29,2026-10-08T20:20:01,Fernando Martínez,noticias,,304,0,2,0,0
post,5303,pew-se-congratula-del-amplio-apoyo-mundial-a-las-propuestas-de-proteccion-de-tiburones-y-rayas,https://www.publi20.com/noticias/pew-se-congratula-del-amplio-apoyo-mundial-a-las-propuestas-de-proteccion-de-tiburones-y-rayas/,Pew se congratula del amplio apoyo mundial a las propuestas de protección de tiburones y rayas,2016-05-01T02:24:36,2026-10-08T20:20:01,Fernando Martínez,noticias,,1176,0,7,0,0
post,5305,rotarios-asistieron-a-la-audiencia-del-jubileo-en-la-ciudad-del-vaticano,https://www.publi20.com/noticias/rotarios-asistieron-a-la-audiencia-del-jubileo-en-la-ciudad-del-vaticano/,Rotarios asistieron a la Audiencia del Jubileo en la Ciudad del Vaticano,2016-04-29T11:11:48,2026-10-08T20:20:01,Fernando Martínez,noticias,,584,0,9,0,0
post,5300,las-redes-sociales-como-canal-de-atencion-a-clientes,https://www.publi20.com/publicidad-negocios-mexico/las-redes-sociales-como-canal-de-atencion-a-clientes/,Las redes sociales como canal de atención a clientes.,2016-04-28T22:39:41,2026-10-08T20:20:02,Fernando Martínez,publicidad-negocios-mexico,,306,0,0,0,0
post,5306,fibra-prologis-anuncia-los-resultados-de-la-asamblea-anual-ordinaria-de-tenedores,https://www.publi20.com/noticias/fibra-prologis-anuncia-los-resultados-de-la-asamblea-anual-ordinaria-de-tenedores/,FIBRA Prologis Anuncia los Resultados de la Asamblea Anual Ordinaria de Tenedores,2016-04-28T19:09:41,2026-10-08T20:20:02,Fernando Martínez,noticias,,697,0,1,0,0
post,5307,fibra-prologis-anuncia-asamblea-extraordinaria-de-tenedores,https://www.publi20.com/noticias/fibra-prologis-anuncia-asamblea-extraordinaria-de-tenedores/,FIBRA Prologis Anuncia Asamblea Extraordinaria de Tenedores,2016-04-28T18:53:16,2026-10-08T20:20:02,Fernando Martínez,noticias,,724,0,2,0,0
post,5308,el-salvador-presenta-logros-de-foro-de-inversiones-realizado-en-chile-by-contra-punto-diario-digital,https://www.publi20.com/noticias/el-salvador-presenta-logros-de-foro-de-inversiones-realizado-en-chile-by-contra-punto-diario-digital/,El Salvador presenta logros de foro de inversiones realizado en Chile by Contra Punto Diario Digital,2016-04-28T18:03:57,2026-10-08T20:20:02,Fernando Martínez,noticias,,338,0,3,0,1
post,5309,comunicado-al-mercado-itau-unibanco-holding-archiva-formulario-20-f-de-2015-en-sec-y-cvm,https://www.publi20.com/noticias/comunicado-al-mercado-itau-unibanco-holding-archiva-formulario-20-f-de-2015-en-sec-y-cvm/,Comunicado al Mercado - Itaú Unibanco Holding archiva Formulario 20-F de 2015 en SEC y CVM,2016-04-28T17:53:02,2026-10-08T20:20:02,Fernando Martínez,noticias,,152,0,4,0,0
post,5310,bladex-registra-reporte-anual-formulario-20-f,https://www.publi20.com/noticias/bladex-registra-reporte-anual-formulario-20-f/,Bladex registra reporte anual Formulario 20-F,2016-04-28T15:38:27,2026-10-08T20:20:03,Fernando Martínez,noticias,,303,0,5,0,0
post,5311,la-marca-sothebys-international-realty-se-extiende-a-nicaragua,https://www.publi20.com/noticias/la-marca-sothebys-international-realty-se-extiende-a-nicaragua/,La marca Sotheby's International Realty® se extiende a Nicaragua,2016-04-28T12:28:32,2026-10-08T20:20:03,Fernando Martínez,noticias,,536,0,5,0,0
post,5312,m-holland-finaliza-adquisiciones-en-puerto-rico,https://www.publi20.com/noticias/m-holland-finaliza-adquisiciones-en-puerto-rico/,M. Holland finaliza adquisiciones en Puerto Rico,2016-04-28T12:13:06,2026-10-08T20:20:03,Fernando Martínez,noticias,,539,0,3,0,0
post,5313,uruguay-avanza-firmemente-hacia-la-universalizacion-del-acceso-a-servicios-financieros,https://www.publi20.com/noticias/uruguay-avanza-firmemente-hacia-la-universalizacion-del-acceso-a-servicios-financieros/,Uruguay avanza firmemente hacia la universalización del acceso a servicios financieros,2016-04-28T11:12:11,2026-10-08T20:20:03,Fernando Martínez,noticias,,793,0,6,0,0
post,5314,los-clientes-de-impartner-reciben-una-cantidad-record-de-premios-destacados-de-crn-magazine,https://www.publi20.com/noticias/los-clientes-de-impartner-reciben-una-cantidad-record-de-premios-destacados-de-crn-magazine/,Los clientes de Impartner reciben una cantidad récord de premios destacados de CRN Magazine,2016-04-28T08:12:36,2026-10-08T20:20:03,Fernando Martínez,noticias,,723,0,9,0,0
post,5315,hacienda-altagracia-an-auberge-resort-es-destacado-como-uno-de-los-mejores-nuevos-hoteles-del-mundo-en-la-lista-de-lo-mejor-del-2016-de-conde-nast-traveler,https://www.publi20.com/noticias/hacienda-altagracia-an-auberge-resort-es-destacado-como-uno-de-los-mejores-nuevos-hoteles-del-mundo-en-la-lista-de-lo-mejor-del-2016-de-conde-nast-traveler/,"Hacienda AltaGracia, an Auberge Resort, es destacado como uno de los mejores nuevos hoteles del mundo en la Lista de lo Mejor del 2016 de Condé Nast Traveler",2016-04-28T07:52:28,2026-10-08T20:20:03,Fernando Martínez,noticias,,410,0,4,0,0
post,5316,jared-leto-en-exlusiva-para-la-edicion-de-mayo-by-gq-mexico,https://www.publi20.com/noticias/jared-leto-en-exlusiva-para-la-edicion-de-mayo-by-gq-mexico/,Jared Leto en exlusiva para la edición de mayo by GQ México,2016-04-28T07:19:01,2026-10-08T20:20:03,Fernando Martínez,noticias,,405,0,4,0,2
post,5317,la-curacao-lanza-una-nueva-aplicacion-movil-para-sus-usuarios,https://www.publi20.com/noticias/la-curacao-lanza-una-nueva-aplicacion-movil-para-sus-usuarios/,La Curacao Lanza una nueva aplicación móvil para sus usuarios,2016-04-28T05:09:04,2026-10-08T20:20:04,Fernando Martínez,noticias,,503,0,2,0,0
post,5299,regla-de-oro-para-tu-marca-personal-contra-la-homogeneidad-se-tu-mismo,https://www.publi20.com/publicidad-negocios-mexico/regla-de-oro-para-tu-marca-personal-contra-la-homogeneidad-se-tu-mismo/,"Regla de oro para tu marca personal: Contra la homogeneidad, sé tu mismo.",2016-04-27T23:23:23,2026-10-08T20:20:04,Fernando Martínez,publicidad-negocios-mexico,,248,0,0,0,0
post,5318,el-empire-state-deja-a-sus-fans-decidir-como-lucira-iluminado-para-celebrar-su-cumpleanos-numero-85,https://www.publi20.com/noticias/el-empire-state-deja-a-sus-fans-decidir-como-lucira-iluminado-para-celebrar-su-cumpleanos-numero-85/,El Empire State deja a sus fans decidir cómo lucirá iluminado para celebrar su cumpleaños número 85,2016-04-27T20:50:28,2026-10-08T20:20:04,Fernando Martínez,noticias,,1078,0,7,0,0
post,5319,continua-llegando-ayuda-tras-el-terremoto-en-ecuador-mas-de-un-millon-de-dolares-recolectados-en-gofundme,https://www.publi20.com/noticias/continua-llegando-ayuda-tras-el-terremoto-en-ecuador-mas-de-un-millon-de-dolares-recolectados-en-gofundme/,Continúa llegando ayuda tras el terremoto en Ecuador: más de un millón de dólares recolectados en GoFundMe,2016-04-27T19:04:54,2026-10-08T20:20:04,Fernando Martínez,noticias,,232,0,2,0,0
post,5320,las-ventas-netas-consolidadas-de-grupo-famsa-crecieron-120-durante-el-1t16,https://www.publi20.com/noticias/las-ventas-netas-consolidadas-de-grupo-famsa-crecieron-120-durante-el-1t16/,Las Ventas Netas consolidadas de Grupo Famsa crecieron 12.0% durante el 1T16,2016-04-27T18:34:13,2026-10-08T20:20:04,Fernando Martínez,noticias,,485,0,1,0,0
post,5321,polyeco-international-y-lamor-fusionan-sus-operaciones-de-servicios-internacionales-y-forman-polyeco-group-empresa-de-servicios-ambientales-totalmente-integrados,https://www.publi20.com/noticias/polyeco-international-y-lamor-fusionan-sus-operaciones-de-servicios-internacionales-y-forman-polyeco-group-empresa-de-servicios-ambientales-totalmente-integrados/,"Polyeco International y Lamor fusionan sus operaciones de servicios internacionales y forman Polyeco Group, empresa de servicios ambientales totalmente integrados",2016-04-27T15:22:13,2026-10-08T20:20:05,Fernando Martínez,noticias,,514,0,8,0,0
post,5280,el-festival-internacional-de-cine-de-morelia-presentara-una-funcion-especial-en-el-festival-de-cannes,https://www.publi20.com/noticias/el-festival-internacional-de-cine-de-morelia-presentara-una-funcion-especial-en-el-festival-de-cannes/,El Festival Internacional de Cine de Morelia presentará una función especial en el Festival de Cannes,2016-04-26T17:06:32,2026-10-08T20:20:05,Fernando Martínez,noticias,,435,0,2,0,0
post,5281,hna-tourism-group-sella-un-acuerdo-con-carlson-hospitality-group-para-la-adquisicion-de-carlson-hotels-inc,https://www.publi20.com/noticias/hna-tourism-group-sella-un-acuerdo-con-carlson-hospitality-group-para-la-adquisicion-de-carlson-hotels-inc/,"HNA Tourism Group sella un acuerdo con Carlson Hospitality Group para la adquisición de Carlson Hotels, Inc.",2016-04-26T16:48:34,2026-10-08T20:20:05,Fernando Martínez,noticias,,1283,0,4,0,0
post,5282,landsteiner-scientific-la-farmaceutica-mexicana-mejor-posicionada-en-el-ranking-great-place-to-work,https://www.publi20.com/noticias/landsteiner-scientific-la-farmaceutica-mexicana-mejor-posicionada-en-el-ranking-great-place-to-work/,"Landsteiner Scientific, la farmacéutica mexicana mejor posicionada en el ranking Great Place to Work",2016-04-26T14:13:21,2026-10-08T20:20:05,Fernando Martínez,noticias,,546,0,2,0,1
post,5283,joven-emprendedor-forestal-premia-el-talento-de-jovenes-de-mexico-centro-y-sudamerica-en-su-tercer-certamen,https://www.publi20.com/noticias/joven-emprendedor-forestal-premia-el-talento-de-jovenes-de-mexico-centro-y-sudamerica-en-su-tercer-certamen/,"Joven Emprendedor Forestal premia el talento de jóvenes de México, Centro y Sudamérica en su tercer Certamen",2016-04-26T14:09:28,2026-10-08T20:20:05,Fernando Martínez,noticias,,334,0,0,0,0
post,5284,ipoint-presenta-borrador-de-leyes-sobre-trafico-de-personas-y-esclavitud-para-el-sector-privado,https://www.publi20.com/noticias/ipoint-presenta-borrador-de-leyes-sobre-trafico-de-personas-y-esclavitud-para-el-sector-privado/,iPoint presenta borrador de leyes sobre tráfico de personas y esclavitud para el sector privado,2016-04-26T11:13:00,2026-10-08T20:20:05,Fernando Martínez,noticias,,470,0,5,0,0
post,5285,hennessy-celebra-la-llegada-de-la-octava-generacion-de-maestros-mezcladores-con-el-legado-cognac-hennessy-8,https://www.publi20.com/noticias/hennessy-celebra-la-llegada-de-la-octava-generacion-de-maestros-mezcladores-con-el-legado-cognac-hennessy-8/,Hennessy celebra la llegada de la octava generación de maestros mezcladores con el legado cognac Hennessy - 8,2016-04-26T10:15:37,2026-10-08T20:20:06,Fernando Martínez,noticias,,1090,0,1,0,0
post,5286,sc-johnson-reconocida-como-el-mejor-lugar-para-trabajar-en-mexico-por-decimoquinto-ano-consecutivo-en-2016,https://www.publi20.com/noticias/sc-johnson-reconocida-como-el-mejor-lugar-para-trabajar-en-mexico-por-decimoquinto-ano-consecutivo-en-2016/,"SC Johnson, reconocida como el Mejor Lugar para Trabajar en México por décimoquinto año consecutivo en 2016",2016-04-26T09:08:09,2026-10-08T20:20:06,Fernando Martínez,noticias,,406,0,1,0,0
post,5287,fortinet-elige-la-tecnologia-prm-de-impartner-para-ayudar-a-transformar-su-plataforma-global-de-relaciones-con-los-socios,https://www.publi20.com/noticias/fortinet-elige-la-tecnologia-prm-de-impartner-para-ayudar-a-transformar-su-plataforma-global-de-relaciones-con-los-socios/,Fortinet elige la tecnología PRM de Impartner para ayudar a transformar su plataforma global de relaciones con los socios,2016-04-26T08:24:04,2026-10-08T20:20:06,Fernando Martínez,noticias,,749,0,9,0,0
post,5288,la-capacidad-financiera-mas-que-los-conocimientos-basicos-o-la-educacion-es-la-clave-para-la-inclusion-financiera,https://www.publi20.com/noticias/la-capacidad-financiera-mas-que-los-conocimientos-basicos-o-la-educacion-es-la-clave-para-la-inclusion-financiera/,"La ""capacidad"" financiera, más que los conocimientos básicos o la educación, es la clave para la inclusión financiera",2016-04-26T08:10:09,2026-10-08T20:20:07,Fernando Martínez,noticias,,916,0,5,0,0
post,5289,amazoncrossing-en-espanol-lanza-estados-unidos-de-banana-libro-latinoamericano-vislumbra-la-desintegracion-del-imperio-americano,https://www.publi20.com/noticias/amazoncrossing-en-espanol-lanza-estados-unidos-de-banana-libro-latinoamericano-vislumbra-la-desintegracion-del-imperio-americano/,"AmazonCrossing en Español lanza ""Estados Unidos de Banana"", Libro latinoamericano vislumbra la desintegración del imperio americano",2016-04-26T06:55:04,2026-10-08T20:20:07,Fernando Martínez,noticias,,400,0,4,0,0
post,5290,uefa-y-pepsi-llevan-por-primera-vez-epico-recital-en-vivo-a-la-final-de-la-liga-de-campeones-de-la-uefa,https://www.publi20.com/noticias/uefa-y-pepsi-llevan-por-primera-vez-epico-recital-en-vivo-a-la-final-de-la-liga-de-campeones-de-la-uefa/,UEFA y Pepsi® Llevan por Primera Vez Épico Recital en Vivo a la Final de la Liga de Campeones de la UEFA,2016-04-26T03:11:45,2026-10-08T20:20:07,Fernando Martínez,noticias,,957,0,4,0,0
post,5291,los-pilotos-de-ups-respetaran-los-piquetes-alemanes-en-el-aeropuerto-de-colonia-bonn,https://www.publi20.com/noticias/los-pilotos-de-ups-respetaran-los-piquetes-alemanes-en-el-aeropuerto-de-colonia-bonn/,Los pilotos de UPS respetarán los piquetes alemanes en el aeropuerto de Colonia-Bonn,2016-04-25T18:15:24,2026-10-08T20:20:07,Fernando Martínez,noticias,,204,0,0,0,0
post,5292,la-universidad-laval-recupera-el-titulo-en-la-shell-eco-marathon-de-las-americas-que-ostentaba-la-universidad-de-toronto,https://www.publi20.com/noticias/la-universidad-laval-recupera-el-titulo-en-la-shell-eco-marathon-de-las-americas-que-ostentaba-la-universidad-de-toronto/,La Universidad Laval recupera el título en la Shell Eco-Marathon de las Américas que ostentaba la Universidad de Toronto,2016-04-25T17:59:46,2026-10-08T20:20:08,Fernando Martínez,noticias,,3428,0,8,0,0
post,5293,lenovo-revela-el-zuk-z2-pro-el-dispositivo-que-cambiara-las-reglas,https://www.publi20.com/noticias/lenovo-revela-el-zuk-z2-pro-el-dispositivo-que-cambiara-las-reglas/,"Lenovo revela el ZUK Z2 Pro, el dispositivo que cambiará las reglas",2016-04-25T17:34:32,2026-10-08T20:20:08,Fernando Martínez,noticias,,869,0,1,0,0
post,5294,mead-johnson-nutrition-llevo-a-cabo-encuentros-medicos-sobre-nuevas-tendencias-en-nutricion-pediatrica-y-desarrollo-mental,https://www.publi20.com/noticias/mead-johnson-nutrition-llevo-a-cabo-encuentros-medicos-sobre-nuevas-tendencias-en-nutricion-pediatrica-y-desarrollo-mental/,Mead Johnson Nutrition® llevó a cabo encuentros médicos sobre nuevas tendencias en nutrición pediátrica y desarrollo mental,2016-04-25T15:16:44,2026-10-08T20:20:08,Fernando Martínez,noticias,,1089,0,1,0,1
post,5295,huawei-habilita-la-aplicacion-de-la-nb-iot-en-industrias-verticales-a-traves-de-la-innovacion-y-la-colaboracion,https://www.publi20.com/noticias/huawei-habilita-la-aplicacion-de-la-nb-iot-en-industrias-verticales-a-traves-de-la-innovacion-y-la-colaboracion/,Huawei habilita la aplicación de la NB-IoT en industrias verticales a través de la innovación y la colaboración,2016-04-25T14:44:57,2026-10-08T20:20:08,Fernando Martínez,noticias,,765,0,6,0,0
post,5296,latin-trade-presenta-el-ranking-de-multimillonarios-de-america-latina,https://www.publi20.com/noticias/latin-trade-presenta-el-ranking-de-multimillonarios-de-america-latina/,Latin Trade presenta el ranking de multimillonarios de América Latina,2016-04-25T14:35:56,2026-10-08T20:20:09,Fernando Martínez,noticias,,393,0,3,0,0
post,5297,impulso-a-emprendedurismo-ambiental-premios-verde-by-juan-carlos-machorro,https://www.publi20.com/noticias/impulso-a-emprendedurismo-ambiental-premios-verde-by-juan-carlos-machorro/,Impulso a emprendedurismo ambiental: Premios Verde by Juan Carlos Machorro.,2016-04-25T13:20:59,2026-10-08T20:20:09,Fernando Martínez,noticias,,413,0,4,0,1
post,5298,cancun-y-riviera-maya-los-destinos-favoritos-para-viajar-este-verano-by-cancun-foros,https://www.publi20.com/noticias/cancun-y-riviera-maya-los-destinos-favoritos-para-viajar-este-verano-by-cancun-foros/,Cancún y Riviera Maya los destinos favoritos para viajar este Verano by Cancún Foros,2016-04-25T13:16:15,2026-10-08T20:20:09,Fernando Martínez,noticias,,389,0,6,0,1
post,5278,en-la-vida-y-los-negocios,https://www.publi20.com/publicidad-negocios-mexico/en-la-vida-y-los-negocios/,En la vida y los negocios.,2016-04-18T17:01:44,2026-10-08T20:20:10,Fernando Martínez,publicidad-negocios-mexico,,215,0,0,0,0
post,5258,mot-hennessy-y-solar-impulse-continuan-celebrando-la-sustentabilidad-en-2016,https://www.publi20.com/noticias/mot-hennessy-y-solar-impulse-continuan-celebrando-la-sustentabilidad-en-2016/,Moët Hennessy y Solar Impulse continúan celebrando la sustentabilidad en 2016,2016-04-17T11:30:13,2026-10-08T20:20:10,Fernando Martínez,noticias,,441,0,6,0,0
post,5259,inauguracion-oficial-de-la-119na-feria-de-canton,https://www.publi20.com/noticias/inauguracion-oficial-de-la-119na-feria-de-canton/,Inauguración oficial de la 119na Feria de Cantón,2016-04-17T10:58:57,2026-10-08T20:20:10,Fernando Martínez,noticias,,452,0,1,0,0
post,5260,el-fabricante-chino-de-ropa-deportiva-peak-celebra-una-nueva-presentacion-de-productos-olimpicos-en-eslovenia,https://www.publi20.com/noticias/el-fabricante-chino-de-ropa-deportiva-peak-celebra-una-nueva-presentacion-de-productos-olimpicos-en-eslovenia/,El fabricante chino de ropa deportiva Peak celebra una nueva presentación de productos olímpicos en Eslovenia,2016-04-17T10:32:02,2026-10-08T20:20:10,Fernando Martínez,noticias,,377,0,0,0,0
post,5261,pacific-anuncia-revision-de-su-elegibilidad-para-cotizar-en-la-bolsa-de-valores-de-toronto,https://www.publi20.com/noticias/pacific-anuncia-revision-de-su-elegibilidad-para-cotizar-en-la-bolsa-de-valores-de-toronto/,Pacific anuncia revisión de su elegibilidad para cotizar en la Bolsa de Valores de Toronto,2016-04-17T10:21:58,2026-10-08T20:20:10,Fernando Martínez,noticias,,1466,0,1,0,0
post,5262,destino-extraordinario-el-nuevo-reto-de-meditacion-de-deepak-chopra-e-ismael-cala,https://www.publi20.com/noticias/destino-extraordinario-el-nuevo-reto-de-meditacion-de-deepak-chopra-e-ismael-cala/,"""Destino Extraordinario"", el nuevo Reto de Meditación de Deepak Chopra e Ismael Cala",2016-04-17T09:08:08,2026-10-08T20:20:11,Fernando Martínez,noticias,,594,0,5,0,0
post,5263,el-programa-futbol-por-la-amistad-de-gazprom-international-gana-los-premios-gold-quill-2016,https://www.publi20.com/noticias/el-programa-futbol-por-la-amistad-de-gazprom-international-gana-los-premios-gold-quill-2016/,El Programa FÚTBOL POR LA AMISTAD de Gazprom International gana los Premios Gold Quill 2016,2016-04-17T08:38:35,2026-10-08T20:20:12,Fernando Martínez,noticias,,448,0,2,0,0
post,5264,level-3-designada-como-miembro-avanzado-de-aws-partner-network,https://www.publi20.com/noticias/level-3-designada-como-miembro-avanzado-de-aws-partner-network/,Level 3 designada como miembro avanzado de AWS Partner Network,2016-04-17T07:24:34,2026-10-08T20:20:12,Fernando Martínez,noticias,,1169,0,18,0,0
post,5265,cooper-gay-argentina-le-da-la-bienvenida-a-los-nuevos-miembros-del-equipo-de-contratos-para-fortalecer-y-desarrollar-su-posicion-en-el-mercado,https://www.publi20.com/noticias/cooper-gay-argentina-le-da-la-bienvenida-a-los-nuevos-miembros-del-equipo-de-contratos-para-fortalecer-y-desarrollar-su-posicion-en-el-mercado/,Cooper Gay Argentina le da la Bienvenida a los Nuevos Miembros del Equipo de Contratos Para Fortalecer y Desarrollar su Posición en el Mercado,2016-04-17T07:16:17,2026-10-08T20:20:12,Fernando Martínez,noticias,,413,0,4,0,0
post,5266,agile-alliance-anuncia-el-programa-del-agile2016,https://www.publi20.com/noticias/agile-alliance-anuncia-el-programa-del-agile2016/,Agile Alliance anuncia el programa del AGILE2016,2016-04-16T23:14:49,2026-10-08T20:20:12,Fernando Martínez,noticias,,359,0,11,0,0
post,5267,desde-la-costa-a-costa-southwest-airlines-conecta-a-los-pasajeros-de-los-angeles-con-las-playas-doradas-de-costa-rica,https://www.publi20.com/noticias/desde-la-costa-a-costa-southwest-airlines-conecta-a-los-pasajeros-de-los-angeles-con-las-playas-doradas-de-costa-rica/,"Desde La Costa a Costa, Southwest Airlines Conecta A Los Pasajeros De Los Ángeles Con Las Playas Doradas De Costa Rica",2016-04-14T15:41:57,2026-10-08T20:20:12,Fernando Martínez,noticias,,1231,0,10,0,0
post,5268,packers-plus-y-schlumberger-ingresan-a-una-alianza-global,https://www.publi20.com/noticias/packers-plus-y-schlumberger-ingresan-a-una-alianza-global/,Packers Plus y Schlumberger ingresan a una alianza global,2016-04-14T13:41:09,2026-10-08T20:20:13,Fernando Martínez,noticias,,487,0,4,0,0
post,5269,netflix-confirma-nueva-serie-original-basada-en-la-actual-investigacion-de-corrupcion-brasilena,https://www.publi20.com/noticias/netflix-confirma-nueva-serie-original-basada-en-la-actual-investigacion-de-corrupcion-brasilena/,"Netflix confirma nueva serie original, basada en la actual investigación de corrupción brasileña",2016-04-14T12:14:44,2026-10-08T20:20:13,Fernando Martínez,noticias,,311,0,2,0,0
post,5270,el-parque-eolico-dominica-de-enel-en-mexico-gana-el-premio-de-sostenibilidad-del-bid,https://www.publi20.com/noticias/el-parque-eolico-dominica-de-enel-en-mexico-gana-el-premio-de-sostenibilidad-del-bid/,El parque eólico Dominica de Enel en México gana el Premio de Sostenibilidad del BID,2016-04-14T11:38:27,2026-10-08T20:20:13,Fernando Martínez,noticias,,585,0,2,0,1
post,5271,grundig-presenta-su-coleccion-premium-de-electrodomesticos-integrados-en-eurocucina,https://www.publi20.com/noticias/grundig-presenta-su-coleccion-premium-de-electrodomesticos-integrados-en-eurocucina/,Grundig presenta su colección premium de electrodomésticos integrados en EuroCucina,2016-04-14T10:56:19,2026-10-08T20:20:13,Fernando Martínez,noticias,,519,0,5,0,0
post,5272,cornershop-recibe-inversion-por-usd-67-millones,https://www.publi20.com/noticias/cornershop-recibe-inversion-por-usd-67-millones/,Cornershop Recibe Inversion Por USD$ 6.7 Millones,2016-04-14T05:15:09,2026-10-08T20:20:13,Fernando Martínez,noticias,,439,0,1,0,0
post,5273,el-mercado-europeo-responde-de-manera-favorable-a-los-productos-exclusivos-de-xcmg-en-bauma-2016,https://www.publi20.com/noticias/el-mercado-europeo-responde-de-manera-favorable-a-los-productos-exclusivos-de-xcmg-en-bauma-2016/,El mercado europeo responde de manera favorable a los productos exclusivos de XCMG en Bauma 2016,2016-04-13T15:55:11,2026-10-08T20:20:13,Fernando Martínez,noticias,,501,0,5,0,0
post,5274,womens-forum-mexico-2016-recibe-a-la-delegacion-cubana-de-mujeres-emprendedoras,https://www.publi20.com/noticias/womens-forum-mexico-2016-recibe-a-la-delegacion-cubana-de-mujeres-emprendedoras/,Women's Forum Mexico 2016 recibe a la delegación cubana de mujeres emprendedoras,2016-04-13T11:46:36,2026-10-08T20:20:14,Fernando Martínez,noticias,,874,0,2,0,1
post,5275,pacific-da-a-conocer-actualizacion-acerca-de-la-reestructuracion,https://www.publi20.com/noticias/pacific-da-a-conocer-actualizacion-acerca-de-la-reestructuracion/,Pacific da a conocer actualización acerca de la reestructuración,2016-04-13T10:18:49,2026-10-08T20:20:14,Fernando Martínez,noticias,,1689,0,2,0,0
post,5276,versy-nueva-red-social-basada-en-los-intereses-de-los-usuarios,https://www.publi20.com/noticias/versy-nueva-red-social-basada-en-los-intereses-de-los-usuarios/,"Versy, nueva red social basada en los intereses de los usuarios",2016-04-13T10:04:02,2026-10-08T20:20:14,Fernando Martínez,noticias,,400,0,4,0,1
post,5257,el-consumidor-no-quiere-mas-opciones,https://www.publi20.com/publicidad-negocios-mexico/el-consumidor-no-quiere-mas-opciones/,El consumidor no quiere más opciones.,2016-04-12T15:52:03,2026-10-08T20:20:14,Fernando Martínez,publicidad-negocios-mexico,,424,0,1,0,0
post,5238,gillette-revela-la-campana-lo-perfecto-no-es-bonito-rumbo-a-los-juegos-olimpicos-de-rio-de-janeiro-2016,https://www.publi20.com/noticias/gillette-revela-la-campana-lo-perfecto-no-es-bonito-rumbo-a-los-juegos-olimpicos-de-rio-de-janeiro-2016/,"Gillette revela la campaña ""Lo perfecto no es bonito"" rumbo a los Juegos Olímpicos de Rio de Janeiro 2016",2016-04-11T07:43:10,2026-10-08T20:20:14,Fernando Martínez,noticias,,798,0,4,0,1
post,5239,la-version-mas-reciente-de-finscan-simplifica-y-acelera-la-exploracion-de-cumplimiento-antilavado-de-dinero,https://www.publi20.com/noticias/la-version-mas-reciente-de-finscan-simplifica-y-acelera-la-exploracion-de-cumplimiento-antilavado-de-dinero/,La versión más reciente de FinScan® simplifica y acelera la exploración de cumplimiento antilavado de dinero,2016-04-10T17:34:20,2026-10-08T20:20:14,Fernando Martínez,noticias,,536,0,3,0,0
post,5240,i-protect-el-gran-avance-de-kiekert-en-sistemas-de-proteccion-de-puertas,https://www.publi20.com/noticias/i-protect-el-gran-avance-de-kiekert-en-sistemas-de-proteccion-de-puertas/,i-protect: el gran avance de Kiekert en sistemas de protección de puertas,2016-04-10T17:20:27,2026-10-08T20:20:14,Fernando Martínez,noticias,,361,0,4,0,0
post,5241,ofertas-365-inc-anuncia-el-lanzamiento-de-su-juego-lucky-6-en-colombia-mercado-de-gaming-en-pleno-desarrollo-en-alianza-con-el-operador-local-eds-inversiones,https://www.publi20.com/noticias/ofertas-365-inc-anuncia-el-lanzamiento-de-su-juego-lucky-6-en-colombia-mercado-de-gaming-en-pleno-desarrollo-en-alianza-con-el-operador-local-eds-inversiones/,"Ofertas 365 Inc. anuncia el lanzamiento de su juego Lucky 6 en Colombia, mercado de gaming en pleno desarrollo, en alianza con el operador local EDS Inversiones.",2016-04-10T17:05:37,2026-10-08T20:20:15,Fernando Martínez,noticias,,478,0,6,0,1
post,5242,reed-presenta-exposiciones-inaugurales-de-robotica-y-fabricacion-inteligente-en-tokio-desde-el-18-de-enero-de-2017,https://www.publi20.com/noticias/reed-presenta-exposiciones-inaugurales-de-robotica-y-fabricacion-inteligente-en-tokio-desde-el-18-de-enero-de-2017/,Reed presenta exposiciones inaugurales de robótica y fabricación inteligente en Tokio desde el 18 de enero de 2017,2016-04-10T15:07:50,2026-10-08T20:20:15,Fernando Martínez,noticias,,453,0,10,0,0
post,5243,nerium-international-ofrece-innovacion-para-la-vitalidad-cerebral-con-el-lanzamiento-en-mexico-del-suplemento-alimenticio-eht,https://www.publi20.com/noticias/nerium-international-ofrece-innovacion-para-la-vitalidad-cerebral-con-el-lanzamiento-en-mexico-del-suplemento-alimenticio-eht/,Nerium International ofrece innovación para la vitalidad cerebral con el lanzamiento en México del Suplemento Alimenticio EHT™,2016-04-10T11:35:28,2026-10-08T20:20:15,Fernando Martínez,noticias,,692,0,6,0,0
post,5244,emaar-da-forma-al-fastuoso-perfil-nuevo-de-dubai-con-una-impactante-torre-en-el-puerto-dubai-creek,https://www.publi20.com/noticias/emaar-da-forma-al-fastuoso-perfil-nuevo-de-dubai-con-una-impactante-torre-en-el-puerto-dubai-creek/,Emaar da forma al fastuoso perfil nuevo de Dubái con una impactante torre en el Puerto Dubai Creek,2016-04-10T10:47:58,2026-10-08T20:20:15,Fernando Martínez,noticias,,434,0,4,0,0
post,5245,reed-exhibitions-japan-hara-la-3ra-wearable-expo-del-18-al-20-de-enero-de-2017-en-tokio,https://www.publi20.com/noticias/reed-exhibitions-japan-hara-la-3ra-wearable-expo-del-18-al-20-de-enero-de-2017-en-tokio/,Reed Exhibitions Japan hará la 3ra. WEARABLE EXPO del 18 al 20 de enero de 2017 en Tokio,2016-04-10T10:19:34,2026-10-08T20:20:15,Fernando Martínez,noticias,,448,0,3,0,0
post,5246,la-oficina-mas-sostenible-del-mundo-se-encuentra-en-los-paises-bajos,https://www.publi20.com/noticias/la-oficina-mas-sostenible-del-mundo-se-encuentra-en-los-paises-bajos/,La oficina más sostenible del mundo se encuentra en los Países Bajos,2016-04-10T09:20:17,2026-10-08T20:20:16,Fernando Martínez,noticias,,483,0,4,0,0
post,5247,omnicom-media-group-revela-detalles-sobre-su-tercera-red,https://www.publi20.com/noticias/omnicom-media-group-revela-detalles-sobre-su-tercera-red/,Omnicom Media Group revela detalles sobre su tercera red,2016-04-07T16:37:57,2026-10-08T20:20:16,Fernando Martínez,noticias,,734,0,5,0,0
post,5248,mohawk-industries-inc-invita-a-sumarse-a-la-teleconferencia-del-primer-trimestre-de-2016-en-internet,https://www.publi20.com/noticias/mohawk-industries-inc-invita-a-sumarse-a-la-teleconferencia-del-primer-trimestre-de-2016-en-internet/,"Mohawk Industries, Inc. invita a sumarse a la teleconferencia del primer trimestre de 2016 en Internet",2016-04-07T15:40:51,2026-10-08T20:20:16,Fernando Martínez,noticias,,350,0,1,0,0
post,5249,hikvision-anuncia-su-exito-en-el-isc-brasil,https://www.publi20.com/noticias/hikvision-anuncia-su-exito-en-el-isc-brasil/,Hikvision anuncia su éxito en el ISC Brasil,2016-04-07T12:15:59,2026-10-08T20:20:16,Fernando Martínez,noticias,,511,0,3,0,0
post,5250,h2opendoors-llega-a-cuba,https://www.publi20.com/noticias/h2opendoors-llega-a-cuba/,H2OpenDoors llega a Cuba,2016-04-07T12:09:41,2026-10-08T20:20:16,Fernando Martínez,noticias,,473,0,2,0,0
post,5251,isuzu-motors-de-mexico-anuncia-cambios-en-sus-puestos-directivos,https://www.publi20.com/noticias/isuzu-motors-de-mexico-anuncia-cambios-en-sus-puestos-directivos/,Isuzu Motors de México anuncia cambios en sus puestos directivos,2016-04-07T11:52:00,2026-10-08T20:20:16,Fernando Martínez,noticias,,351,0,3,0,1
post,5252,fibra-prologis-anuncia-asamblea-anual-y-extraordinaria-de-tenedores,https://www.publi20.com/noticias/fibra-prologis-anuncia-asamblea-anual-y-extraordinaria-de-tenedores/,FIBRA Prologis Anuncia Asamblea Anual y Extraordinaria de Tenedores,2016-04-07T11:08:28,2026-10-08T20:20:17,Fernando Martínez,noticias,,682,0,2,0,0
post,5253,barbados-asevera-los-beneficios-economicos-de-sus-estructuras-offshore,https://www.publi20.com/noticias/barbados-asevera-los-beneficios-economicos-de-sus-estructuras-offshore/,Barbados asevera los beneficios económicos de sus estructuras offshore,2016-04-07T10:42:14,2026-10-08T20:20:17,Fernando Martínez,noticias,,754,0,2,0,0
post,5254,modulo-digitalizador-de-viewsonic-mejora-las-soluciones-de-cajeros-automaticos-vtm-de-avanzada-para-el-sector-bancario,https://www.publi20.com/noticias/modulo-digitalizador-de-viewsonic-mejora-las-soluciones-de-cajeros-automaticos-vtm-de-avanzada-para-el-sector-bancario/,Módulo digitalizador de ViewSonic mejora las soluciones de cajeros automáticos (VTM) de avanzada para el sector bancario,2016-04-07T10:38:05,2026-10-08T20:20:17,Fernando Martínez,noticias,,617,0,5,0,0
post,5255,la-ultra-hd-4k-smart-ir-ptz-de-hikvision-gano-el-premio-new-product-showcase-en-isc-west,https://www.publi20.com/noticias/la-ultra-hd-4k-smart-ir-ptz-de-hikvision-gano-el-premio-new-product-showcase-en-isc-west/,La Ultra HD 4K Smart IR PTZ de Hikvision ganó el premio New Product Showcase en ISC West,2016-04-07T10:34:04,2026-10-08T20:20:17,Fernando Martínez,noticias,,546,0,3,0,0
post,5256,nerium-international-presenta-el-suero-anti-edad-para-ojos,https://www.publi20.com/noticias/nerium-international-presenta-el-suero-anti-edad-para-ojos/,Nerium International presenta el Suero Anti-Edad para Ojos,2016-04-07T10:21:03,2026-10-08T20:20:17,Fernando Martínez,noticias,,600,0,5,0,0
post,5233,gobierno-cubano-toma-represalia-contra-reportera-de-america-teve,https://www.publi20.com/noticias/gobierno-cubano-toma-represalia-contra-reportera-de-america-teve/,Gobierno Cubano toma represalia contra reportera de América Tevé,2016-03-31T15:37:53,2026-10-08T20:20:17,Fernando Martínez,noticias,,604,0,1,0,0
post,5235,menor-crecimiento-economico-para-el-salvador-en-2016-by-contrapunto-diario-digital,https://www.publi20.com/noticias/menor-crecimiento-economico-para-el-salvador-en-2016-by-contrapunto-diario-digital/,Menor crecimiento económico para El Salvador en 2016 by ContraPunto Diario Digital,2016-03-31T07:10:15,2026-10-08T20:20:18,Fernando Martínez,noticias,,376,0,5,0,1
post,5236,un-ano-al-aire-by-diario-moda-radio,https://www.publi20.com/noticias/un-ano-al-aire-by-diario-moda-radio/,Un año al aire by Diario Moda Radio,2016-03-30T14:10:23,2026-10-08T20:20:18,Fernando Martínez,noticias,,347,0,5,0,2
post,5237,colaboracion-hemisferica-para-resolver-problemas-relevantes-a-traves-de-la-investigacion,https://www.publi20.com/noticias/colaboracion-hemisferica-para-resolver-problemas-relevantes-a-traves-de-la-investigacion/,Colaboración Hemisférica Para Resolver Problemas Relevantes A Través De La Investigación,2016-03-30T13:38:38,2026-10-08T20:20:18,Fernando Martínez,noticias,,390,0,1,0,0
post,5214,virgin-hotels-anuncia-a-su-nuevo-vicepresidente-de-desarrollo,https://www.publi20.com/noticias/virgin-hotels-anuncia-a-su-nuevo-vicepresidente-de-desarrollo/,Virgin Hotels anuncia a su nuevo vicepresidente de desarrollo,2016-03-30T09:08:11,2026-10-08T20:20:18,Fernando Martínez,noticias,,418,0,3,0,0
post,5215,portadalat-anuncia-un-importante-listado-de-conferencistas-que-incluye-a-avon-meliahoteles-best-western-brown-forman-y-nestle,https://www.publi20.com/noticias/portadalat-anuncia-un-importante-listado-de-conferencistas-que-incluye-a-avon-meliahoteles-best-western-brown-forman-y-nestle/,"#PortadaLat anuncia un importante listado de conferencistas que incluye a Avon, MeliaHoteles, Best Western, Brown Forman y Nestlé",2016-03-30T08:10:05,2026-10-08T20:20:18,Fernando Martínez,noticias,,798,0,10,0,0
post,5216,las-perspectivas-de-la-cooperacion-entre-rusia-y-los-paises-de-america-latina-fueron-discutidas-en-la-ronda-mediatica-y-el-foro-de-negocios-en-uruguay,https://www.publi20.com/noticias/las-perspectivas-de-la-cooperacion-entre-rusia-y-los-paises-de-america-latina-fueron-discutidas-en-la-ronda-mediatica-y-el-foro-de-negocios-en-uruguay/,Las perspectivas de la cooperación entre Rusia y los países de América Latina fueron discutidas en la Ronda mediática y el Foro de negocios en Uruguay,2016-03-30T06:33:17,2026-10-08T20:20:19,Fernando Martínez,noticias,,836,0,1,0,0
post,5217,circum-designa-a-morgan-stanley-para-llevar-a-cabo-una-revision-estrategica-y-optimiza-el-estudio-de-factibilidad,https://www.publi20.com/noticias/circum-designa-a-morgan-stanley-para-llevar-a-cabo-una-revision-estrategica-y-optimiza-el-estudio-de-factibilidad/,Circum designa a Morgan Stanley para llevar a cabo una revisión estratégica y optimiza el estudio de factibilidad,2016-03-30T06:21:59,2026-10-08T20:20:19,Fernando Martínez,noticias,,937,0,3,0,0
post,5218,del-director-y-los-productores-de-velvet-y-gran-hotel-llega-la-primera-serie-original-de-netflix-filmada-y-producida-en-espana,https://www.publi20.com/noticias/del-director-y-los-productores-de-velvet-y-gran-hotel-llega-la-primera-serie-original-de-netflix-filmada-y-producida-en-espana/,"Del director y los productores de Velvet y Gran Hotel, llega la primera serie original de Netflix filmada y producida en España",2016-03-30T04:08:46,2026-10-08T20:20:19,Fernando Martínez,noticias,,564,0,2,0,0
post,5219,gamechange-solar-recibe-orden-de-genius-tracker-de-28-mw-para-el-sudeste,https://www.publi20.com/noticias/gamechange-solar-recibe-orden-de-genius-tracker-de-28-mw-para-el-sudeste/,GameChange Solar recibe orden de Genius Tracker™ de 28 MW para el Sudeste,2016-03-29T19:15:14,2026-10-08T20:20:19,Fernando Martínez,noticias,,377,0,6,0,0
post,5220,make-up-for-ever-se-asocia-con-charli-xcx-para-su-nueva-campana-aqua-xl,https://www.publi20.com/noticias/make-up-for-ever-se-asocia-con-charli-xcx-para-su-nueva-campana-aqua-xl/,MAKE UP FOR EVER se asocia con Charli XCX para su nueva campaña AQUA XL,2016-03-29T14:05:25,2026-10-08T20:20:19,Fernando Martínez,noticias,,437,0,4,0,0
post,5221,enel-green-power-confirma-su-liderazgo-en-energias-renovables-en-mexico-tras-resultados-de-subasta,https://www.publi20.com/noticias/enel-green-power-confirma-su-liderazgo-en-energias-renovables-en-mexico-tras-resultados-de-subasta/,Enel Green Power confirma su liderazgo en energías renovables en México tras resultados de subasta,2016-03-29T13:49:50,2026-10-08T20:20:19,Fernando Martínez,noticias,,825,0,3,0,1
post,5223,datos-y-sesiones-relevantes-en-la-reunion-de-la-sages-2016-prueban-la-seguridad-y-la-eficacia-de-la-terapia-stretta-para-la-erge,https://www.publi20.com/noticias/datos-y-sesiones-relevantes-en-la-reunion-de-la-sages-2016-prueban-la-seguridad-y-la-eficacia-de-la-terapia-stretta-para-la-erge/,Datos y sesiones relevantes en la reunión de la SAGES 2016 prueban la seguridad y la eficacia de la terapia Stretta para la ERGE,2016-03-29T09:15:04,2026-10-08T20:20:19,Fernando Martínez,noticias,,621,0,5,0,0
post,5224,phoenix-tower-international-cierra-la-compra-de-145-torres-de-telecomunicacion-inalambricas-y-derechos-de-mercadeo-sobre-400-sitios-de-viva-en-la-republica-dominicana,https://www.publi20.com/noticias/phoenix-tower-international-cierra-la-compra-de-145-torres-de-telecomunicacion-inalambricas-y-derechos-de-mercadeo-sobre-400-sitios-de-viva-en-la-republica-dominicana/,Phoenix Tower International cierra la compra de 145 torres de Telecomunicación inalámbricas y derechos de mercadeo sobre 400 sitios de Viva en la Republica Dominicana,2016-03-29T07:16:32,2026-10-08T20:20:20,Fernando Martínez,noticias,,299,0,1,0,0
post,5225,level-3-incorpora-microsoft-office-365-a-su-ecosistema-de-soluciones-cloud-connect,https://www.publi20.com/noticias/level-3-incorpora-microsoft-office-365-a-su-ecosistema-de-soluciones-cloud-connect/,Level 3 incorpora Microsoft Office 365 a su Ecosistema de Soluciones Cloud Connect,2016-03-29T06:05:25,2026-10-08T20:20:20,Fernando Martínez,noticias,,1065,0,15,0,0
post,5226,el-mayors-challenge-2016-de-bloomberg-philanthropies-da-la-bienvenida-a-363-ciudades-de-america-latina-y-el-caribe-con-12-ciudades-de-peru-representadas,https://www.publi20.com/noticias/el-mayors-challenge-2016-de-bloomberg-philanthropies-da-la-bienvenida-a-363-ciudades-de-america-latina-y-el-caribe-con-12-ciudades-de-peru-representadas/,El Mayors Challenge 2016 de Bloomberg Philanthropies da la bienvenida a 363 ciudades de América Latina y el Caribe; con 12 ciudades de Perú representadas,2016-03-29T04:32:27,2026-10-08T20:20:20,Fernando Martínez,noticias,,930,0,7,0,0
post,5227,el-mayors-challenge-2016-de-bloomberg-philanthropies-da-la-bienvenida-a-363-ciudades-de-america-latina-y-el-caribe-con-68-ciudades-de-mejico-representadas,https://www.publi20.com/noticias/el-mayors-challenge-2016-de-bloomberg-philanthropies-da-la-bienvenida-a-363-ciudades-de-america-latina-y-el-caribe-con-68-ciudades-de-mejico-representadas/,El Mayors Challenge 2016 de Bloomberg Philanthropies da la bienvenida a 363 ciudades de América Latina y el Caribe; con 68 ciudades de Méjico representadas,2016-03-29T04:28:47,2026-10-08T20:20:20,Fernando Martínez,noticias,,1059,0,7,0,0
post,5228,el-mayors-challenge-2016-de-bloomberg-philanthropies-da-la-bienvenida-a-363-ciudades-de-america-latina-y-el-caribe-con-12-ciudades-de-ecuador-representadas,https://www.publi20.com/noticias/el-mayors-challenge-2016-de-bloomberg-philanthropies-da-la-bienvenida-a-363-ciudades-de-america-latina-y-el-caribe-con-12-ciudades-de-ecuador-representadas/,El Mayors Challenge 2016 de Bloomberg Philanthropies da la bienvenida a 363 ciudades de América Latina y el Caribe; con 12 ciudades de Ecuador representadas,2016-03-29T04:25:09,2026-10-08T20:20:20,Fernando Martínez,noticias,,907,0,7,0,0
post,5229,el-mayors-challenge-2016-de-bloomberg-philanthropies-da-la-bienvenida-a-363-ciudades-de-america-latina-y-el-caribe-con-cinco-ciudades-de-la-republica-dominicana-representadas,https://www.publi20.com/noticias/el-mayors-challenge-2016-de-bloomberg-philanthropies-da-la-bienvenida-a-363-ciudades-de-america-latina-y-el-caribe-con-cinco-ciudades-de-la-republica-dominicana-representadas/,El Mayors Challenge 2016 de Bloomberg Philanthropies da la bienvenida a 363 ciudades de América Latina y el Caribe; con cinco ciudades de la República Dominicana representadas,2016-03-29T04:21:40,2026-10-08T20:20:20,Fernando Martínez,noticias,,910,0,7,0,0
post,5230,el-mayors-challenge-2016-de-bloomberg-philanthropies-da-la-bienvenida-a-363-ciudades-de-america-latina-y-el-caribe-con-55-ciudades-de-colombia-representadas,https://www.publi20.com/noticias/el-mayors-challenge-2016-de-bloomberg-philanthropies-da-la-bienvenida-a-363-ciudades-de-america-latina-y-el-caribe-con-55-ciudades-de-colombia-representadas/,El Mayors Challenge 2016 de Bloomberg Philanthropies da la bienvenida a 363 ciudades de América Latina y el Caribe; con 55 ciudades de Colombia representadas,2016-03-29T04:17:59,2026-10-08T20:20:21,Fernando Martínez,noticias,,993,0,7,0,0
post,5231,el-mayors-challenge-2016-de-bloomberg-philanthropies-da-la-bienvenida-a-363-ciudades-de-america-latina-y-el-caribe-con-34-ciudades-de-chile-representadas,https://www.publi20.com/noticias/el-mayors-challenge-2016-de-bloomberg-philanthropies-da-la-bienvenida-a-363-ciudades-de-america-latina-y-el-caribe-con-34-ciudades-de-chile-representadas/,El Mayors Challenge 2016 de Bloomberg Philanthropies da la bienvenida a 363 ciudades de América Latina y el Caribe; con 34 ciudades de Chile representadas,2016-03-29T04:13:59,2026-10-08T20:20:21,Fernando Martínez,noticias,,951,0,7,0,0
post,5232,el-mayors-challenge-2016-de-bloomberg-philanthropies-da-la-bienvenida-a-363-ciudades-de-america-latina-y-el-caribe-con-30-ciudades-de-argentina-representadas,https://www.publi20.com/noticias/el-mayors-challenge-2016-de-bloomberg-philanthropies-da-la-bienvenida-a-363-ciudades-de-america-latina-y-el-caribe-con-30-ciudades-de-argentina-representadas/,El Mayors Challenge 2016 de Bloomberg Philanthropies da la bienvenida a 363 ciudades de América Latina y el Caribe; con 30 ciudades de Argentina representadas,2016-03-29T04:09:41,2026-10-08T20:20:21,Fernando Martínez,noticias,,948,0,7,0,0
post,5195,markets-group-mas-de-400-socios-limitados-se-reunen-con-lideres-en-materia-de-capital-de-riesgo-en-nueva-york-para-abordar-las-principales-asignaciones-del-2016,https://www.publi20.com/noticias/markets-group-mas-de-400-socios-limitados-se-reunen-con-lideres-en-materia-de-capital-de-riesgo-en-nueva-york-para-abordar-las-principales-asignaciones-del-2016/,Markets Group: más de 400 socios limitados se reúnen con líderes en materia de capital de riesgo en Nueva York para abordar las principales asignaciones del 2016,2016-03-28T19:23:44,2026-10-08T20:20:21,Fernando Martínez,noticias,,455,0,3,0,0
post,5196,diebold-confirma-los-resultados-de-la-oferta-de-compra-de-acciones-de-wincor-nixdorf,https://www.publi20.com/noticias/diebold-confirma-los-resultados-de-la-oferta-de-compra-de-acciones-de-wincor-nixdorf/,Diebold confirma los resultados de la oferta de compra de acciones de Wincor Nixdorf,2016-03-28T16:39:42,2026-10-08T20:20:21,Fernando Martínez,noticias,,1751,0,11,0,0
post,5197,servicio-de-video-iot-smartvue-ahora-es-mas-grande-que-youtube-carga-28-millones-de-minutos-de-videovigilancia-a-diario,https://www.publi20.com/noticias/servicio-de-video-iot-smartvue-ahora-es-mas-grande-que-youtube-carga-28-millones-de-minutos-de-videovigilancia-a-diario/,Servicio de video IoT Smartvue® ahora es más grande que YouTube™ - Carga 28 millones de minutos de videovigilancia a diario,2016-03-28T12:13:14,2026-10-08T20:20:21,Fernando Martínez,noticias,,429,0,3,0,0
post,5198,spectra-group-y-tesacom-presentan-slingshot-en-chile,https://www.publi20.com/noticias/spectra-group-y-tesacom-presentan-slingshot-en-chile/,Spectra Group y Tesacom presentan SlingShot en Chile,2016-03-28T11:51:37,2026-10-08T20:20:22,Fernando Martínez,noticias,,438,0,6,0,0
post,5199,best-buy-apoya-a-los-emprendedores-en-mexico,https://www.publi20.com/noticias/best-buy-apoya-a-los-emprendedores-en-mexico/,"""Best Buy apoya a los emprendedores en México""",2016-03-28T11:04:35,2026-10-08T20:20:22,Fernando Martínez,noticias,,320,0,0,0,0
post,5200,haciendo-que-cada-dolar-cuente-jereh-en-la-cippe-2016,https://www.publi20.com/noticias/haciendo-que-cada-dolar-cuente-jereh-en-la-cippe-2016/,Haciendo que cada dólar cuente - Jereh en la CIPPE 2016,2016-03-28T10:44:38,2026-10-08T20:20:22,Fernando Martínez,noticias,,530,0,2,0,0
post,5201,emprendedores-de-silicon-valley-y-america-latina-comienzan-un-equipo-de-futbol-profesional-en-san-francisco,https://www.publi20.com/noticias/emprendedores-de-silicon-valley-y-america-latina-comienzan-un-equipo-de-futbol-profesional-en-san-francisco/,Emprendedores de Silicon Valley y América Latina Comienzan un Equipo de Fútbol Profesional en San Francisco,2016-03-28T09:48:57,2026-10-08T20:20:22,Fernando Martínez,noticias,,863,0,8,0,0
post,5202,xs-international-fue-incluida-en-el-informe-2016-competitive-landscape-report-de-gartner,https://www.publi20.com/noticias/xs-international-fue-incluida-en-el-informe-2016-competitive-landscape-report-de-gartner/,"XS International fue incluida en el informe ""2016 Competitive Landscape Report"" de Gartner",2016-03-28T09:12:14,2026-10-08T20:20:22,Fernando Martínez,noticias,,428,0,3,0,0
post,5203,safetypay-lanza-aplicacion-y-peruvian-es-la-primera-compania-aerea-de-america-latina-en-invertir-en-la-tecnologia,https://www.publi20.com/noticias/safetypay-lanza-aplicacion-y-peruvian-es-la-primera-compania-aerea-de-america-latina-en-invertir-en-la-tecnologia/,SafetyPay lanza aplicación y Peruvian es la primera compañía aérea de América Latina en invertir en la tecnología,2016-03-28T07:08:46,2026-10-08T20:20:23,Fernando Martínez,noticias,,385,0,10,0,1
post,5204,fibra-prologis-anuncia-que-el-22-de-abril-llevara-a-cabo-la-conferencia-telefonica-donde-presentara-los-resultados-financieros-del-primer-trimestre-de-2016,https://www.publi20.com/noticias/fibra-prologis-anuncia-que-el-22-de-abril-llevara-a-cabo-la-conferencia-telefonica-donde-presentara-los-resultados-financieros-del-primer-trimestre-de-2016/,FIBRA Prologis Anuncia que el 22 de Abril Llevará a cabo la Conferencia Telefónica donde Presentará los Resultados Financieros del Primer Trimestre de 2016,2016-03-27T17:54:56,2026-10-08T20:20:23,Fernando Martínez,noticias,,677,0,2,0,0
post,5205,uol-boacompra-llega-a-chile,https://www.publi20.com/noticias/uol-boacompra-llega-a-chile/,UOL BoaCompra Llega a Chile,2016-03-27T11:46:17,2026-10-08T20:20:23,Fernando Martínez,noticias,,638,0,3,0,0
post,5206,cru-ofrece-la-conferencia-mundial-del-cobre-mas-completa-hasta-la-fecha,https://www.publi20.com/noticias/cru-ofrece-la-conferencia-mundial-del-cobre-mas-completa-hasta-la-fecha/,¡CRU ofrece la Conferencia Mundial del Cobre más completa hasta la fecha!,2016-03-27T07:58:00,2026-10-08T20:20:23,Fernando Martínez,noticias,,493,0,6,0,0
post,5207,el-ganador-de-1-idea-para-cambiar-la-historia-reconocido-por-barack-obama,https://www.publi20.com/noticias/el-ganador-de-1-idea-para-cambiar-la-historia-reconocido-por-barack-obama/,"El ganador de ""1 Idea Para Cambiar la Historia"" reconocido por Barack Obama",2016-03-27T07:32:20,2026-10-08T20:20:23,Fernando Martínez,noticias,,568,0,1,0,0
post,5208,antes-y-despues-connie-talbot-la-estrella-de-britains-got-talent-emerge-como-una-increible-compositora-y-cantante-con-su-nuevo-album-matters-to-me-en-venta-a-traves-de-evolution-music-group,https://www.publi20.com/noticias/antes-y-despues-connie-talbot-la-estrella-de-britains-got-talent-emerge-como-una-increible-compositora-y-cantante-con-su-nuevo-album-matters-to-me-en-venta-a-traves-de-evolution-music-group/,"Antes y después: Connie Talbot, la estrella de Britain's Got Talent, emerge como una increíble compositora y cantante con su nuevo álbum Matters To Me en venta a través de Evolution Music Group",2016-03-24T15:20:09,2026-10-08T20:20:23,Fernando Martínez,noticias,,429,0,10,0,0
post,5209,pacific-prorroga-hasta-el-29-de-abril-de-2016-los-acuerdos-de-indulgencia-con-bancos-y-un-importante-grupo-de-tenedores-de-notas,https://www.publi20.com/noticias/pacific-prorroga-hasta-el-29-de-abril-de-2016-los-acuerdos-de-indulgencia-con-bancos-y-un-importante-grupo-de-tenedores-de-notas/,Pacific prorroga hasta el 29 de abril de 2016 los acuerdos de indulgencia con bancos y un importante grupo de tenedores de notas,2016-03-24T05:01:22,2026-10-08T20:20:23,Fernando Martínez,noticias,,2053,0,1,0,0
post,5210,la-fundacion-loreal-junto-a-la-unesco-lanzan-un-manifiesto-para-defender-el-rol-de-las-mujeres-en-las-ciencias,https://www.publi20.com/noticias/la-fundacion-loreal-junto-a-la-unesco-lanzan-un-manifiesto-para-defender-el-rol-de-las-mujeres-en-las-ciencias/,La Fundación L'Oréal junto a la UNESCO lanzan un Manifiesto para defender el rol de las mujeres en las ciencias,2016-03-23T18:56:33,2026-10-08T20:20:24,Fernando Martínez,noticias,,483,0,4,0,0
post,5211,diebold-cumple-con-exito-con-las-condiciones-de-oferta-para-las-acciones-de-wincor-nixdorf,https://www.publi20.com/noticias/diebold-cumple-con-exito-con-las-condiciones-de-oferta-para-las-acciones-de-wincor-nixdorf/,Diebold cumple con éxito con las condiciones de oferta para las acciones de Wincor Nixdorf,2016-03-23T18:17:54,2026-10-08T20:20:24,Fernando Martínez,noticias,,1698,0,11,0,0
post,5212,ypf-presenta-informe-anual-2015-en-formulario-20-f,https://www.publi20.com/noticias/ypf-presenta-informe-anual-2015-en-formulario-20-f/,YPF presenta Informe Anual 2015 en Formulario 20-F,2016-03-23T11:16:03,2026-10-08T20:20:24,Fernando Martínez,noticias,,151,0,2,0,0
post,5213,care-energy-ofrece-representacion-a-accionistas-de-eon-y-rwe-los-modelos-de-negocios-de-las-sa-deben-ser-controlados-de-manera-mas-cercana-con-una-experiencia-especializada,https://www.publi20.com/noticias/care-energy-ofrece-representacion-a-accionistas-de-eon-y-rwe-los-modelos-de-negocios-de-las-sa-deben-ser-controlados-de-manera-mas-cercana-con-una-experiencia-especializada/,"Care-Energy ofrece representación a accionistas de E.ON y RWE / ""Los modelos de negocios de las S.A. deben ser controlados de manera más cercana con una experiencia especializada""",2016-03-23T09:09:45,2026-10-08T20:20:24,Fernando Martínez,noticias,,866,0,5,0,0
post,5185,cobertura-especial-del-viaje-del-presidente-obama-a-cuba-domingo-20-de-marzo-por-america-teve,https://www.publi20.com/noticias/cobertura-especial-del-viaje-del-presidente-obama-a-cuba-domingo-20-de-marzo-por-america-teve/,"Cobertura especial del viaje del Presidente Obama a Cuba, Domingo, 20 de Marzo por AMERICA TeVe",2016-03-17T20:39:01,2026-10-08T20:20:24,Fernando Martínez,noticias,,345,0,1,0,0
post,5186,20-de-marzo-dia-internacional-de-la-felicidad,https://www.publi20.com/noticias/20-de-marzo-dia-internacional-de-la-felicidad/,20 de Marzo Día Internacional de la Felicidad,2016-03-17T18:06:39,2026-10-08T20:20:24,Fernando Martínez,noticias,,245,0,6,0,0
post,5187,conectividad-vial-para-favorece-desarrollo-economico-en-el-salvador-by-contrapunto-diario-digital,https://www.publi20.com/noticias/conectividad-vial-para-favorece-desarrollo-economico-en-el-salvador-by-contrapunto-diario-digital/,Conectividad vial para favorece desarrollo económico en El Salvador by ContraPunto Diario Digital,2016-03-17T17:30:19,2026-10-08T20:20:25,Fernando Martínez,noticias,,385,0,10,0,2
post,5188,la-alianza-con-rainforest-alliance-anade-una-capa-mas-de-placer-al-comer-una-paleta-magnum,https://www.publi20.com/noticias/la-alianza-con-rainforest-alliance-anade-una-capa-mas-de-placer-al-comer-una-paleta-magnum/,La alianza con Rainforest Alliance añade una capa más de placer al comer una paleta Magnum®,2016-03-17T17:09:14,2026-10-08T20:20:25,Fernando Martínez,noticias,,892,0,5,0,0
post,5189,maria-laria-presentadora-de-arrebatados-en-america-teve-celebra-su-decimo-aniversario,https://www.publi20.com/noticias/maria-laria-presentadora-de-arrebatados-en-america-teve-celebra-su-decimo-aniversario/,"Maria Laria, presentadora de ARREBATADOS en America TeVé celebra su decimo aniversario",2016-03-17T16:02:03,2026-10-08T20:20:25,Fernando Martínez,noticias,,430,0,1,0,0
post,5190,pacific-confirma-conversaciones-con-los-accionistas-en-relacion-con-el-proceso-de-reestructuracion-de-deuda,https://www.publi20.com/noticias/pacific-confirma-conversaciones-con-los-accionistas-en-relacion-con-el-proceso-de-reestructuracion-de-deuda/,Pacific confirma conversaciones con los accionistas en relación con el proceso de reestructuración de deuda,2016-03-17T14:52:02,2026-10-08T20:20:25,Fernando Martínez,noticias,,1316,0,1,0,0
post,5191,fibra-prologis-anuncia-canje-de-titulo-de-cbfis,https://www.publi20.com/noticias/fibra-prologis-anuncia-canje-de-titulo-de-cbfis/,FIBRA Prologis anuncia canje de título de CBFIs,2016-03-17T14:30:53,2026-10-08T20:20:25,Fernando Martínez,noticias,,683,0,1,0,0
post,5192,andes-wines-invita-a-cosechar-malbec-de-san-rosendo-de-mas-de-140-anos,https://www.publi20.com/noticias/andes-wines-invita-a-cosechar-malbec-de-san-rosendo-de-mas-de-140-anos/,Andes Wines invita a cosechar Malbec de San Rosendo de más de 140 años,2016-03-17T09:10:11,2026-10-08T20:20:25,Fernando Martínez,noticias,,417,0,2,0,0
post,5193,sc-johnson-venezuela-fue-reconocida-como-el-mejor-lugar-de-trabajo,https://www.publi20.com/noticias/sc-johnson-venezuela-fue-reconocida-como-el-mejor-lugar-de-trabajo/,SC Johnson Venezuela fue reconocida como el Mejor lugar de trabajo,2016-03-17T07:35:58,2026-10-08T20:20:26,Fernando Martínez,noticias,,367,0,1,0,0
post,5194,husqvarna-lanza-la-primera-aplicacion-apple-watch-para-cortadoras-de-cesped-roboticas,https://www.publi20.com/noticias/husqvarna-lanza-la-primera-aplicacion-apple-watch-para-cortadoras-de-cesped-roboticas/,Husqvarna lanza la primera aplicación Apple Watch™ para cortadoras de césped robóticas,2016-03-17T04:16:03,2026-10-08T20:20:26,Fernando Martínez,noticias,,417,0,3,0,0
post,5172,ceremonia-inaugural-de-baselworld-2016,https://www.publi20.com/noticias/ceremonia-inaugural-de-baselworld-2016/,Ceremonia inaugural de Baselworld 2016,2016-03-16T19:53:21,2026-10-08T20:20:26,Fernando Martínez,noticias,,1241,0,6,0,0
post,5173,impulsando-el-crecimiento-de-un-nuevo-movimiento-de-lujo-bsi-capital-group-invierte-5m-de-francos-suizos-chf-en-swiss-cosmeceuticals-ag,https://www.publi20.com/noticias/impulsando-el-crecimiento-de-un-nuevo-movimiento-de-lujo-bsi-capital-group-invierte-5m-de-francos-suizos-chf-en-swiss-cosmeceuticals-ag/,Impulsando el crecimiento de un nuevo movimiento de lujo: BSI CAPITAL GROUP invierte 5M de Francos Suizos (CHF) en Swiss Cosmeceuticals AG,2016-03-16T11:30:05,2026-10-08T20:20:26,Fernando Martínez,noticias,,403,0,2,0,0
post,5174,research-now-anuncia-nuevo-equipo-de-liderazgo-ejecutivo,https://www.publi20.com/noticias/research-now-anuncia-nuevo-equipo-de-liderazgo-ejecutivo/,Research Now anuncia nuevo equipo de liderazgo ejecutivo,2016-03-16T09:05:10,2026-10-08T20:20:26,Fernando Martínez,noticias,,512,0,2,0,0
post,5175,afluenta-la-red-lider-de-financiamiento-entre-personas-de-america-latina-recibe-us-8-millones-de-dolares-de-ifc-y-elevar-equity-para-expandirse-en-la-region,https://www.publi20.com/noticias/afluenta-la-red-lider-de-financiamiento-entre-personas-de-america-latina-recibe-us-8-millones-de-dolares-de-ifc-y-elevar-equity-para-expandirse-en-la-region/,"Afluenta, la red líder de financiamiento entre personas de América Latina, recibe US$ 8 millones de dólares de IFC y Elevar Equity para expandirse en la región",2016-03-16T06:31:18,2026-10-08T20:20:26,Fernando Martínez,noticias,,946,0,5,0,0
post,5176,colombia-y-mexico-con-una-actitud-positiva-hacia-el-emprendimiento-resultados-ager-2015-encuesta-aplicada-por-amway,https://www.publi20.com/noticias/colombia-y-mexico-con-una-actitud-positiva-hacia-el-emprendimiento-resultados-ager-2015-encuesta-aplicada-por-amway/,"Colombia y México con una actitud positiva hacia el emprendimiento: Resultados AGER 2015, encuesta aplicada por Amway",2016-03-16T06:12:25,2026-10-08T20:20:27,Fernando Martínez,noticias,,1587,0,11,0,6
post,5177,la-digitalizacion-creara-350-millones-de-nuevos-exportadores-segun-el-informe-del-dmcc-el-futuro-del-comercio,https://www.publi20.com/noticias/la-digitalizacion-creara-350-millones-de-nuevos-exportadores-segun-el-informe-del-dmcc-el-futuro-del-comercio/,"La digitalización creará 350 millones de nuevos exportadores, según el informe del DMCC ""El futuro del comercio""",2016-03-16T06:06:44,2026-10-08T20:20:27,Fernando Martínez,noticias,,476,0,6,0,0
post,5178,kenneth-cole-presenta-su-coleccion-otono-invierno-2016-de-relojes-automaticos,https://www.publi20.com/noticias/kenneth-cole-presenta-su-coleccion-otono-invierno-2016-de-relojes-automaticos/,Kenneth Cole presenta su colección otoño-invierno 2016 de relojes automáticos,2016-03-16T05:19:30,2026-10-08T20:20:27,Fernando Martínez,noticias,,670,0,1,0,0
post,5179,burnham-sterling-cierra-colocacion-privada-de-ocho-aeronaves-con-avianca-holdings,https://www.publi20.com/noticias/burnham-sterling-cierra-colocacion-privada-de-ocho-aeronaves-con-avianca-holdings/,Burnham Sterling Cierra Colocación Privada de Ocho Aeronaves con Avianca Holdings,2016-03-16T04:13:58,2026-10-08T20:20:27,Fernando Martínez,noticias,,421,0,2,0,0
post,5180,las-tres-responsabilidades-corporativas-mas-importantes-segun-los-consumidores,https://www.publi20.com/noticias/las-tres-responsabilidades-corporativas-mas-importantes-segun-los-consumidores/,"Las tres responsabilidades corporativas más importantes, según los consumidores",2016-03-16T04:08:57,2026-10-08T20:20:27,Fernando Martínez,noticias,,513,0,4,0,0
post,5150,new-diamond-technology-ndt-dara-a-conocer-la-piedra-azul-fabricada-en-laboratorio-mas-grande-y-mas-rara-del-mundo-en-baselworld-a-las-1200-del-mediodia-cet,https://www.publi20.com/noticias/new-diamond-technology-ndt-dara-a-conocer-la-piedra-azul-fabricada-en-laboratorio-mas-grande-y-mas-rara-del-mundo-en-baselworld-a-las-1200-del-mediodia-cet/,"New Diamond Technology (NDT) dará a conocer la piedra azul fabricada en laboratorio más grande y más rara del mundo, en BaselWorld a las 12:00 del mediodía, CET",2016-03-15T23:08:51,2026-10-08T20:20:28,Fernando Martínez,noticias,,475,0,2,0,0
post,5151,informe-de-la-rueda-de-prensa-en-vivo-de-baselworld-2016,https://www.publi20.com/noticias/informe-de-la-rueda-de-prensa-en-vivo-de-baselworld-2016/,Informe de la rueda de prensa en vivo de Baselworld 2016,2016-03-15T19:56:04,2026-10-08T20:20:28,Fernando Martínez,noticias,,1342,0,9,0,0
post,5152,huawei-anuncia-nueva-tecnologia-de-informacion-y-comunicaciones-lider-para-crear-un-mundo-mejor-conectado,https://www.publi20.com/noticias/huawei-anuncia-nueva-tecnologia-de-informacion-y-comunicaciones-lider-para-crear-un-mundo-mejor-conectado/,Huawei anuncia nueva tecnología de información y comunicaciones líder para crear un mundo mejor conectado,2016-03-15T18:29:05,2026-10-08T20:20:28,Fernando Martínez,noticias,,1577,0,4,0,0
post,5153,heidrick-struggles-ayuda-al-foro-economico-mundial-a-encontrar-a-los-young-global-leaders-de-2016,https://www.publi20.com/noticias/heidrick-struggles-ayuda-al-foro-economico-mundial-a-encontrar-a-los-young-global-leaders-de-2016/,Heidrick & Struggles ayuda al Foro Económico Mundial a encontrar a los Young Global Leaders de 2016,2016-03-15T12:44:01,2026-10-08T20:20:28,Fernando Martínez,noticias,,952,0,17,0,0
post,5154,nuevo-curso-online-de-ismael-cala-quienes-rompen-paradigmas-convierten-los-problemas-en-oportunidades,https://www.publi20.com/noticias/nuevo-curso-online-de-ismael-cala-quienes-rompen-paradigmas-convierten-los-problemas-en-oportunidades/,"Nuevo curso online de Ismael Cala: ""Quienes rompen paradigmas convierten los problemas en oportunidades""",2016-03-15T09:55:26,2026-10-08T20:20:28,Fernando Martínez,noticias,,410,0,3,0,0
post,5155,pedido-canadiense-a-las-agencias-internacionales-para-que-investiguen-el-asesinato-de-berta-caceres,https://www.publi20.com/noticias/pedido-canadiense-a-las-agencias-internacionales-para-que-investiguen-el-asesinato-de-berta-caceres/,Pedido canadiense a las agencias internacionales para que investiguen el asesinato de Berta Cáceres,2016-03-15T09:35:55,2026-10-08T20:20:28,Fernando Martínez,noticias,,611,0,1,0,0
post,5156,el-atleta-conocido-como-el-picasso-olimpico-promueve-un-esfuerzo-para-hacer-crecer-al-grupo-de-atletas-olimpicos-artistas,https://www.publi20.com/noticias/el-atleta-conocido-como-el-picasso-olimpico-promueve-un-esfuerzo-para-hacer-crecer-al-grupo-de-atletas-olimpicos-artistas/,"El atleta conocido como ""el Picasso Olímpico"" promueve un esfuerzo para hacer crecer al grupo de atletas olímpicos / artistas",2016-03-15T09:25:48,2026-10-08T20:20:29,Fernando Martínez,noticias,,683,0,5,0,0
post,5157,digital-marine-solutions-adquirira-la-division-marina-de-jeppesen,https://www.publi20.com/noticias/digital-marine-solutions-adquirira-la-division-marina-de-jeppesen/,Digital Marine Solutions adquirirá la división marina de Jeppesen,2016-03-15T09:15:52,2026-10-08T20:20:29,Fernando Martínez,noticias,,388,0,0,0,0
post,5158,urban-jrgensen-la-exclusiva-conexion-danesa-suiza-presenta-una-nueva-coleccion-en-la-baselworld-2016,https://www.publi20.com/noticias/urban-jrgensen-la-exclusiva-conexion-danesa-suiza-presenta-una-nueva-coleccion-en-la-baselworld-2016/,Urban Jürgensen- La exclusiva conexión danesa-suiza presenta una nueva colección en la Baselworld 2016,2016-03-15T08:13:16,2026-10-08T20:20:29,Fernando Martínez,noticias,,510,0,15,0,0
post,5159,gerilimzumab-de-bird-rock-bio-anticuerpo-anti-il-6-demuestra-potencial-acceso-global-asequible-a-biofarmaco-novedoso-para-tratar-la-artritis-reumatoide,https://www.publi20.com/noticias/gerilimzumab-de-bird-rock-bio-anticuerpo-anti-il-6-demuestra-potencial-acceso-global-asequible-a-biofarmaco-novedoso-para-tratar-la-artritis-reumatoide/,"Gerilimzumab de Bird Rock Bio, anticuerpo anti-IL-6, demuestra potencial acceso global asequible a biofármaco novedoso para tratar la artritis reumatoide",2016-03-15T01:10:01,2026-10-08T20:20:29,Fernando Martínez,noticias,,1125,0,4,0,0
post,5120,sothebys-international-realty-amplia-la-presencia-de-su-marca-de-lujo-en-toda-la-argentina,https://www.publi20.com/noticias/sothebys-international-realty-amplia-la-presencia-de-su-marca-de-lujo-en-toda-la-argentina/,Sotheby's International Realty amplía la presencia de su marca de lujo en toda la Argentina,2016-03-14T17:44:56,2026-10-08T20:20:29,Fernando Martínez,noticias,,584,0,4,0,0
post,5121,nuevo-webinar-de-impartner-presenta-a-analista-prm-de-gartner-y-ofrece-terapia-de-relaciones-para-profesionales-de-ti-y-sus-contrapartes-de-ventasmarketing,https://www.publi20.com/noticias/nuevo-webinar-de-impartner-presenta-a-analista-prm-de-gartner-y-ofrece-terapia-de-relaciones-para-profesionales-de-ti-y-sus-contrapartes-de-ventasmarketing/,Nuevo webinar de Impartner presenta a analista PRM de Gartner y ofrece terapia de relaciones para profesionales de TI y sus contrapartes de ventas/marketing,2016-03-14T15:01:49,2026-10-08T20:20:29,Fernando Martínez,noticias,,1306,0,10,0,0
post,5122,diario-bae-negocios-internacional-reconoce-a-las-mujeres-argentinas-extraordinarias-2016,https://www.publi20.com/noticias/diario-bae-negocios-internacional-reconoce-a-las-mujeres-argentinas-extraordinarias-2016/,Diario BAE Negocios Internacional Reconoce a las Mujeres Argentinas Extraordinarias 2016,2016-03-14T13:33:06,2026-10-08T20:20:30,Fernando Martínez,noticias,,347,0,1,0,0
post,5123,fossil-presenta-nuevos-smartwatches-android-wear-mas-finos-en-baselworld,https://www.publi20.com/noticias/fossil-presenta-nuevos-smartwatches-android-wear-mas-finos-en-baselworld/,Fossil presenta nuevos smartwatches Android Wear™ más finos en Baselworld,2016-03-14T12:09:39,2026-10-08T20:20:30,Fernando Martínez,noticias,,924,0,2,0,0
post,5124,estudio-comisionado-por-visa-estima-que-la-migracion-a-los-pagos-electronicos-aporto-cerca-de-us300-mil-millones-al-pib-de-70-paises,https://www.publi20.com/noticias/estudio-comisionado-por-visa-estima-que-la-migracion-a-los-pagos-electronicos-aporto-cerca-de-us300-mil-millones-al-pib-de-70-paises/,Estudio comisionado por Visa estima que la migración a los pagos electrónicos aportó cerca de US$300 mil millones al PIB de 70 países,2016-03-14T10:28:20,2026-10-08T20:20:30,Fernando Martínez,noticias,,1144,0,5,0,0
post,5125,solucion-automatizada-camds-de-ipoint-minimiza-esfuerzos-de-datos-materiales-para-la-industria-automotriz,https://www.publi20.com/noticias/solucion-automatizada-camds-de-ipoint-minimiza-esfuerzos-de-datos-materiales-para-la-industria-automotriz/,Solución automatizada CAMDS de iPoint minimiza esfuerzos de datos materiales para la industria automotriz,2016-03-14T10:12:18,2026-10-08T20:20:30,Fernando Martínez,noticias,,584,0,5,0,0
post,5126,juegos-de-casino-de-primera-de-playstudios-amplian-la-asociacion-con-resorts-world-con-el-lanzamiento-de-premios-en-nueva-york-y-bimini,https://www.publi20.com/noticias/juegos-de-casino-de-primera-de-playstudios-amplian-la-asociacion-con-resorts-world-con-el-lanzamiento-de-premios-en-nueva-york-y-bimini/,Juegos de casino de primera de PLAYSTUDIOS amplían la asociación con Resorts World con el lanzamiento de premios en Nueva York y Bimini,2016-03-14T10:07:17,2026-10-08T20:20:30,Fernando Martínez,noticias,,885,0,15,0,0
post,5127,cuatro-increibles-activistas-humanitarios-finalistas-del-aurora-prize-for-awakening-humanity-por-us1-millon,https://www.publi20.com/noticias/cuatro-increibles-activistas-humanitarios-finalistas-del-aurora-prize-for-awakening-humanity-por-us1-millon/,Cuatro increíbles activistas humanitarios finalistas del 'Aurora Prize for Awakening Humanity' por US$1 millón,2016-03-14T08:43:00,2026-10-08T20:20:31,Fernando Martínez,noticias,,1409,0,3,0,0
post,5128,institucion-del-grupo-ser-educacional-se-asocia-con-colgate-de-ee-uu,https://www.publi20.com/noticias/institucion-del-grupo-ser-educacional-se-asocia-con-colgate-de-ee-uu/,Institución del Grupo Ser Educacional se asocia con Colgate (de EE. UU.),2016-03-14T08:37:35,2026-10-08T20:20:31,Fernando Martínez,noticias,,723,0,3,0,0
post,5129,basf-y-avantium-pretenden-establecer-una-joint-venture,https://www.publi20.com/noticias/basf-y-avantium-pretenden-establecer-una-joint-venture/,BASF y Avantium pretenden establecer una joint venture,2016-03-14T08:05:48,2026-10-08T20:20:31,Fernando Martínez,noticias,,907,0,7,0,0
post,5130,sundyne-anuncia-un-nuevo-centro-de-servicio-autorizado-en-colombia,https://www.publi20.com/noticias/sundyne-anuncia-un-nuevo-centro-de-servicio-autorizado-en-colombia/,Sundyne anuncia un nuevo centro de servicio autorizado en Colombia,2016-03-14T07:23:54,2026-10-08T20:20:31,Fernando Martínez,noticias,,504,0,4,0,0
post,5131,nira-dynamics-ab-lanza-una-nueva-solucion-de-seguridad-para-una-mayor-conciencia-del-conductor,https://www.publi20.com/noticias/nira-dynamics-ab-lanza-una-nueva-solucion-de-seguridad-para-una-mayor-conciencia-del-conductor/,NIRA Dynamics AB lanza una nueva solución de seguridad para una mayor conciencia del conductor,2016-03-14T07:08:14,2026-10-08T20:20:31,Fernando Martínez,noticias,,511,0,7,0,0
post,5132,complejo-grand-lucayan-resort-en-venta-en-subasta-a-sobre-cerrado,https://www.publi20.com/noticias/complejo-grand-lucayan-resort-en-venta-en-subasta-a-sobre-cerrado/,Complejo Grand Lucayan Resort en venta en subasta a sobre cerrado,2016-03-14T06:52:15,2026-10-08T20:20:32,Fernando Martínez,noticias,,437,0,5,0,0
post,5133,activacion-de-la-nueva-ruta-submarina-del-pacifico-de-level-3-mejora-la-conexion-de-colombia-con-las-principales-ciudades-de-las-americas-europa-y-asia,https://www.publi20.com/noticias/activacion-de-la-nueva-ruta-submarina-del-pacifico-de-level-3-mejora-la-conexion-de-colombia-con-las-principales-ciudades-de-las-americas-europa-y-asia/,"Activación de la nueva Ruta Submarina del Pacífico de Level 3 mejora la conexión de Colombia con las principales ciudades de las Américas, Europa y Asia",2016-03-14T06:07:47,2026-10-08T20:20:33,Fernando Martínez,noticias,,1074,0,13,0,0
post,5134,mts-3060-smartcan-de-marvin-test-solutions-elegida-como-la-solucion-para-pruebas-de-armamento-de-lineas-de-vuelo-para-aviones-f-16-tafa-50-y-hawk,https://www.publi20.com/noticias/mts-3060-smartcan-de-marvin-test-solutions-elegida-como-la-solucion-para-pruebas-de-armamento-de-lineas-de-vuelo-para-aviones-f-16-tafa-50-y-hawk/,"MTS-3060 SmartCan™ de Marvin Test Solutions elegida como la solución para pruebas de armamento de líneas de vuelo para aviones F-16, TA/FA-50 y Hawk",2016-03-14T05:52:10,2026-10-08T20:20:33,Fernando Martínez,noticias,,445,0,5,0,0
post,5135,fossil-group-lanzara-wearables-para-ocho-marcas-y-en-40-paises-el-2016,https://www.publi20.com/noticias/fossil-group-lanzara-wearables-para-ocho-marcas-y-en-40-paises-el-2016/,Fossil Group lanzará wearables para ocho marcas y en 40 países el 2016,2016-03-14T05:05:59,2026-10-08T20:20:33,Fernando Martínez,noticias,,905,0,3,0,0
post,5136,thuraya-lanza-servicio-m2m-y-primer-terminal-que-operara-en-norteamerica,https://www.publi20.com/noticias/thuraya-lanza-servicio-m2m-y-primer-terminal-que-operara-en-norteamerica/,Thuraya lanza servicio M2M y primer terminal que operará en Norteamérica,2016-03-14T04:19:41,2026-10-08T20:20:33,Fernando Martínez,noticias,,666,0,3,0,0
post,5137,ixblue-presenta-su-novedoso-sistema-de-navegacion-inercial-rovins-nano-y-revoluciona-la-navegacion-de-rov,https://www.publi20.com/noticias/ixblue-presenta-su-novedoso-sistema-de-navegacion-inercial-rovins-nano-y-revoluciona-la-navegacion-de-rov/,iXBlue presenta su novedoso sistema de navegación inercial ROVINS NANO y revoluciona la navegación de ROV,2016-03-14T01:08:08,2026-10-08T20:20:33,Fernando Martínez,noticias,,436,0,2,0,0
post,5098,emblematica-publicacion-de-lancet-neurology-exige-compromiso-a-largo-plazo-para-luchar-contra-la-demencia,https://www.publi20.com/noticias/emblematica-publicacion-de-lancet-neurology-exige-compromiso-a-largo-plazo-para-luchar-contra-la-demencia/,Emblemática publicación de Lancet Neurology exige compromiso a largo plazo para luchar contra la demencia,2016-03-13T17:48:43,2026-10-08T20:20:34,Fernando Martínez,noticias,,911,0,3,0,0
post,5099,experiencias-fuera-de-lo-ordinario-para-descubrir-la-ciudad-de-mexico-en-semana-santa,https://www.publi20.com/noticias/experiencias-fuera-de-lo-ordinario-para-descubrir-la-ciudad-de-mexico-en-semana-santa/,Experiencias fuera de lo ordinario para descubrir la Ciudad de México en Semana Santa,2016-03-13T16:05:26,2026-10-08T20:20:34,Fernando Martínez,noticias,,417,0,9,0,3
post,5100,cana-de-azucar-fuente-de-energia-sostenible-en-el-salvador-by-contra-punto-diario-digital,https://www.publi20.com/noticias/cana-de-azucar-fuente-de-energia-sostenible-en-el-salvador-by-contra-punto-diario-digital/,Caña de azúcar: fuente de energía sostenible en El Salvador by Contra Punto Diario Digital,2016-03-13T15:24:40,2026-10-08T20:20:34,Fernando Martínez,noticias,,411,0,7,0,1
post,5101,mec-prime-banner-chemicals-uk-se-enorgullece-de-presentar-la-nueva-gama-de-productos-de-cloruro-de-metileno-prime,https://www.publi20.com/noticias/mec-prime-banner-chemicals-uk-se-enorgullece-de-presentar-la-nueva-gama-de-productos-de-cloruro-de-metileno-prime/,MEC Prime - Banner Chemicals UK se enorgullece de presentar la nueva gama de productos de CLORURO DE METILENO PRIME,2016-03-13T14:43:01,2026-10-08T20:20:34,Fernando Martínez,noticias,,533,0,26,0,0
post,5102,latin-trade-presenta-a-los-25-mejores-jovenes-empresarios-de-america-latina,https://www.publi20.com/noticias/latin-trade-presenta-a-los-25-mejores-jovenes-empresarios-de-america-latina/,Latin Trade presenta a los 25 Mejores Jóvenes Empresarios de América Latina,2016-03-13T13:30:16,2026-10-08T20:20:34,Fernando Martínez,noticias,,326,0,3,0,0
post,5103,dubai-lleva-la-innovacion-al-area-deportiva-con-los-juegos-world-future-sports-en-diciembre-de-2017,https://www.publi20.com/noticias/dubai-lleva-la-innovacion-al-area-deportiva-con-los-juegos-world-future-sports-en-diciembre-de-2017/,Dubái lleva la innovación al área deportiva con los Juegos World Future Sports en diciembre de 2017,2016-03-13T10:46:00,2026-10-08T20:20:35,Fernando Martínez,noticias,,468,0,6,0,0
post,5104,hennessy-xo-invita-al-director-de-cine-nicolas-winding-refn-a-crear-un-viaje-sensorial-para-su-nueva-campana-odyssey,https://www.publi20.com/noticias/hennessy-xo-invita-al-director-de-cine-nicolas-winding-refn-a-crear-un-viaje-sensorial-para-su-nueva-campana-odyssey/,"Hennessy X.O invita al director de cine Nicolas Winding Refn, a crear un viaje sensorial para su nueva campaña ""ODYSSEY""",2016-03-13T09:13:44,2026-10-08T20:20:35,Fernando Martínez,noticias,,928,0,3,0,0
post,5105,trax-designa-a-steve-hornyak-para-dirigir-su-expansion-por-el-continente-americano,https://www.publi20.com/noticias/trax-designa-a-steve-hornyak-para-dirigir-su-expansion-por-el-continente-americano/,Trax designa a Steve Hornyak para dirigir su expansión por el continente americano,2016-03-13T09:08:42,2026-10-08T20:20:35,Fernando Martínez,noticias,,630,0,2,0,0
post,5106,dermalog-suministra-lectores-de-huellas-digitales-para-el-registro-de-refugiados-en-alemania,https://www.publi20.com/noticias/dermalog-suministra-lectores-de-huellas-digitales-para-el-registro-de-refugiados-en-alemania/,DERMALOG suministra lectores de huellas digitales para el registro de refugiados en Alemania,2016-03-13T06:30:57,2026-10-08T20:20:35,Fernando Martínez,noticias,,804,0,4,0,0
post,5107,canticos-presenta-los-pollitos-little-chickies-el-primer-titulo-de-la-coleccion-inspirada-en-las-adorables-canciones-de-cuna,https://www.publi20.com/noticias/canticos-presenta-los-pollitos-little-chickies-el-primer-titulo-de-la-coleccion-inspirada-en-las-adorables-canciones-de-cuna/,"Canticos presenta: ""Los Pollitos / Little Chickies"" el primer titulo de la colección inspirada en las adorables canciones de cuna",2016-03-13T06:09:15,2026-10-08T20:20:35,Fernando Martínez,noticias,,807,0,9,0,0
post,5072,aliados-o-charlatanes-donde-te-ves,https://www.publi20.com/publicidad-negocios-mexico/aliados-o-charlatanes-donde-te-ves/,Aliados o charlatanes ¿dónde te ves?,2016-03-11T23:47:53,2026-10-08T20:20:36,Fernando Martínez,publicidad-negocios-mexico,,207,0,0,0,0
post,5057,en-un-mundo-perfecto-la-marca-es-irrelevante,https://www.publi20.com/publicidad-negocios-mexico/en-un-mundo-perfecto-la-marca-es-irrelevante/,"En un mundo perfecto, la marca es irrelevante.",2016-03-10T21:23:49,2026-10-08T20:20:36,Fernando Martínez,publicidad-negocios-mexico,,336,0,1,0,0
post,5090,pymes-y-sus-marcas-la-mente-y-corazon-de-los-empresarios,https://www.publi20.com/noticias/pymes-y-sus-marcas-la-mente-y-corazon-de-los-empresarios/,"PyMes y sus marcas, la mente y corazón de los empresarios.",2016-03-10T21:14:00,2026-10-08T20:20:36,Fernando Martínez,noticias,,428,0,1,0,0
post,5077,tane-y-la-iconica-iris-apfel-colaboran-juntos-en-una-coleccion-inolvidable,https://www.publi20.com/noticias/tane-y-la-iconica-iris-apfel-colaboran-juntos-en-una-coleccion-inolvidable/,TANE y la icónica Iris Apfel colaboran juntos en una colección inolvidable,2016-03-10T17:10:52,2026-10-08T20:20:36,Fernando Martínez,noticias,,160,0,2,0,1
post,5078,precision-aviation-group-pag-empresa-matriz-de-precision-heliparts-php-anuncia-la-inauguracion-de-nuevo-centro-en-sao-paulo-brasil,https://www.publi20.com/noticias/precision-aviation-group-pag-empresa-matriz-de-precision-heliparts-php-anuncia-la-inauguracion-de-nuevo-centro-en-sao-paulo-brasil/,"Precision Aviation Group (PAG), empresa matriz de Precision Heliparts (PHP), anuncia la inauguración de nuevo centro en São Paulo, Brasil",2016-03-10T17:06:01,2026-10-08T20:20:36,Fernando Martínez,noticias,,723,0,15,0,0
post,5079,fibra-prologis-asistira-a-la-conferencia-denominada-citi-2016-global-property-ceo-conference,https://www.publi20.com/noticias/fibra-prologis-asistira-a-la-conferencia-denominada-citi-2016-global-property-ceo-conference/,"FIBRA Prologis Asistirá a la Conferencia denominada ""Citi 2016 Global Property CEO Conference""",2016-03-10T13:49:37,2026-10-08T20:20:36,Fernando Martínez,noticias,,685,0,3,0,0
post,5080,el-lider-global-en-gestion-de-relaciones-con-socios-impartner-gana-en-los-stevie-awards-2016-por-ventas-y-servicio-al-cliente,https://www.publi20.com/noticias/el-lider-global-en-gestion-de-relaciones-con-socios-impartner-gana-en-los-stevie-awards-2016-por-ventas-y-servicio-al-cliente/,El líder global en gestión de relaciones con socios Impartner gana en los Stevie Awards 2016 por Ventas y Servicio al Cliente,2016-03-10T09:37:36,2026-10-08T20:20:36,Fernando Martínez,noticias,,700,0,9,0,0
post,5089,ramboll-crece-28-a-pesar-de-las-dificiles-condiciones-de-mercado,https://www.publi20.com/noticias/ramboll-crece-28-a-pesar-de-las-dificiles-condiciones-de-mercado/,Ramboll crece 28% a pesar de las difíciles condiciones de mercado,2016-03-10T09:15:32,2026-10-08T20:20:37,Fernando Martínez,noticias,,1146,0,1,0,0
post,5081,la-biometria-de-dermalog-contribuye-a-la-prevencion-de-fraudes-en-nigeria,https://www.publi20.com/noticias/la-biometria-de-dermalog-contribuye-a-la-prevencion-de-fraudes-en-nigeria/,La biometría de DERMALOG contribuye a la prevención de fraudes en Nigeria,2016-03-10T06:42:19,2026-10-08T20:20:37,Fernando Martínez,noticias,,626,0,5,0,0
post,5037,premian-a-daniel-chavez-moran-fundador-de-grupo-vidanta-como-empresario-del-ano,https://www.publi20.com/noticias/premian-a-daniel-chavez-moran-fundador-de-grupo-vidanta-como-empresario-del-ano/,"Premian a Daniel Chávez Morán, fundador de Grupo Vidanta, como empresario del año",2016-03-09T13:07:59,2026-10-08T20:20:37,Fernando Martínez,noticias,,785,0,4,0,1
post,5038,otorga-grupo-gentera-apoyos-por-82-mdp-a-organizaciones-civiles-by-juan-carlos-machorro,https://www.publi20.com/noticias/otorga-grupo-gentera-apoyos-por-82-mdp-a-organizaciones-civiles-by-juan-carlos-machorro/,Otorga Grupo Gentera apoyos por 8.2 MDP a organizaciones civiles by Juan Carlos Machorro,2016-03-09T11:01:32,2026-10-08T20:20:37,Fernando Martínez,noticias,,387,0,2,0,1
post,5039,un-vistazo-al-festival-imaginativo-thomas-sabo-celebra-el-verano-con-estilo,https://www.publi20.com/noticias/un-vistazo-al-festival-imaginativo-thomas-sabo-celebra-el-verano-con-estilo/,Un vistazo al festival imaginativo: THOMAS SABO celebra el verano con estilo,2016-03-09T10:39:20,2026-10-08T20:20:37,Fernando Martínez,noticias,,410,0,5,0,0
post,5040,la-experiencia-de-viajes-blast-off-to-houston-ofrece-grandes-ahorros-en-el-hyatt-regency-houston-y-las-principales-atracciones-de-la-ciudad,https://www.publi20.com/noticias/la-experiencia-de-viajes-blast-off-to-houston-ofrece-grandes-ahorros-en-el-hyatt-regency-houston-y-las-principales-atracciones-de-la-ciudad/,"La experiencia de viajes ""Blast Off To Houston"" ofrece grandes ahorros en el Hyatt Regency Houston, y las principales atracciones de la ciudad",2016-03-09T09:21:15,2026-10-08T20:20:38,Fernando Martínez,noticias,,475,0,3,0,0
post,5041,music-world-cup-anuncia-el-prelanzamiento-de-su-plataforma,https://www.publi20.com/noticias/music-world-cup-anuncia-el-prelanzamiento-de-su-plataforma/,MUSIC WORLD CUP anuncia el prelanzamiento de su plataforma,2016-03-09T08:23:34,2026-10-08T20:20:38,Fernando Martínez,noticias,,531,0,7,0,0
post,5042,telepizza-se-apoyara-en-master-franquiciados-locales-para-liderar-su-expansion-en-el-reino-unido,https://www.publi20.com/noticias/telepizza-se-apoyara-en-master-franquiciados-locales-para-liderar-su-expansion-en-el-reino-unido/,Telepizza se apoyará en master franquiciados locales para liderar su expansión en el Reino Unido,2016-03-08T08:59:21,2026-10-08T20:20:38,Fernando Martínez,noticias,,365,0,8,0,0
post,5043,martini-da-inicio-a-la-temporada-2016-de-la-formula-uno-con-felipe-massa-y-valtteri-bottas,https://www.publi20.com/noticias/martini-da-inicio-a-la-temporada-2016-de-la-formula-uno-con-felipe-massa-y-valtteri-bottas/,MARTINI® da inicio a la temporada 2016 de la Fórmula Uno™ con Felipe Massa y Valtteri Bottas,2016-03-08T08:23:20,2026-10-08T20:20:38,Fernando Martínez,noticias,,1177,0,7,0,0
post,5044,que-compran-en-internet-las-mujeres-de-latinoamerica,https://www.publi20.com/noticias/que-compran-en-internet-las-mujeres-de-latinoamerica/,¿Qué compran en internet las mujeres de Latinoamérica?,2016-03-08T08:14:00,2026-10-08T20:20:38,Fernando Martínez,noticias,,649,0,12,0,1
post,5045,etihad-airways-comienza-la-venta-de-pasajes-en-la-argentina,https://www.publi20.com/noticias/etihad-airways-comienza-la-venta-de-pasajes-en-la-argentina/,Etihad Airways comienza la venta de pasajes en la Argentina,2016-03-08T08:09:32,2026-10-08T20:20:38,Fernando Martínez,noticias,,535,0,2,0,0
post,5046,marcatel-selecciona-la-solucion-de-genband-y-netnumber-para-modernizar-su-vital-infraestructura,https://www.publi20.com/noticias/marcatel-selecciona-la-solucion-de-genband-y-netnumber-para-modernizar-su-vital-infraestructura/,Marcatel selecciona la solución de GENBAND y NetNumber para modernizar su vital infraestructura,2016-03-08T07:08:48,2026-10-08T20:20:39,Fernando Martínez,noticias,,980,0,9,0,0
post,5047,el-grupo-lombard-odier-informa-los-resultados-del-ano-2015,https://www.publi20.com/noticias/el-grupo-lombard-odier-informa-los-resultados-del-ano-2015/,El Grupo Lombard Odier informa los resultados del año 2015,2016-03-08T02:35:53,2026-10-08T20:20:39,Fernando Martínez,noticias,,804,0,7,0,0
post,5048,focusvision-presenta-a-jamin-brazil-como-ceo,https://www.publi20.com/noticias/focusvision-presenta-a-jamin-brazil-como-ceo/,FocusVision presenta a Jamin Brazil como CEO,2016-03-07T20:52:58,2026-10-08T20:20:39,Fernando Martínez,noticias,,385,0,3,0,0
post,5049,ddb-worldwide-conmemora-el-dia-internacional-de-la-mujer-2016-con-una-iniciativa-para-eliminar-el-genero,https://www.publi20.com/noticias/ddb-worldwide-conmemora-el-dia-internacional-de-la-mujer-2016-con-una-iniciativa-para-eliminar-el-genero/,"DDB Worldwide conmemora el Día Internacional de la Mujer 2016 con una iniciativa para ""eliminar el género""",2016-03-07T18:20:36,2026-10-08T20:20:39,Fernando Martínez,noticias,,726,0,6,0,0
post,5050,sirva-presenta-nueva-identidad-de-marca,https://www.publi20.com/noticias/sirva-presenta-nueva-identidad-de-marca/,SIRVA presenta nueva identidad de marca,2016-03-07T14:59:45,2026-10-08T20:20:40,Fernando Martínez,noticias,,416,0,7,0,0
post,5051,consultas-gratis-para-detectar-cancer-de-piel-en-la-republica-mexicana,https://www.publi20.com/noticias/consultas-gratis-para-detectar-cancer-de-piel-en-la-republica-mexicana/,Consultas GRATIS para detectar Cáncer de Piel en La República Mexicana.,2016-03-07T13:06:52,2026-10-08T20:20:40,Fernando Martínez,noticias,,424,0,3,0,1
post,5052,disene-instalaciones-hidraulicas-de-manera-facil-by-iway-magazine,https://www.publi20.com/noticias/disene-instalaciones-hidraulicas-de-manera-facil-by-iway-magazine/,Diseñe instalaciones hidráulicas de manera fácil by IWay Magazine,2016-03-07T12:50:46,2026-10-08T20:20:40,Fernando Martínez,noticias,,419,0,7,0,3
post,5053,moneta-technologies-lanza-solucion-biometrica-facial-que-impide-el-robo-de-identidad,https://www.publi20.com/noticias/moneta-technologies-lanza-solucion-biometrica-facial-que-impide-el-robo-de-identidad/,Moneta Technologies lanza solución biométrica facial que impide el robo de identidad,2016-03-07T12:46:13,2026-10-08T20:20:40,Fernando Martínez,noticias,,394,0,2,0,1
post,5054,telepizza-apuesta-por-la-master-franquicia-para-su-expansion-internacional-abrira-100-tiendas-en-10-anos-en-arabia-saudi,https://www.publi20.com/noticias/telepizza-apuesta-por-la-master-franquicia-para-su-expansion-internacional-abrira-100-tiendas-en-10-anos-en-arabia-saudi/,Telepizza apuesta por la master franquicia para su expansión internacional: abrirá 100 tiendas en 10 años en Arabia Saudí,2016-03-07T12:07:51,2026-10-08T20:20:40,Fernando Martínez,noticias,,715,0,6,0,0
post,5055,celigo-concreta-us8-millones-en-financiacion-de-capital-para-el-crecimiento,https://www.publi20.com/noticias/celigo-concreta-us8-millones-en-financiacion-de-capital-para-el-crecimiento/,Celigo concreta US$8 millones en financiación de capital para el crecimiento,2016-03-07T11:17:47,2026-10-08T20:20:40,Fernando Martínez,noticias,,875,0,12,0,0
post,5056,emerge-americas-anuncia-los-finalistas-del-startup-showcase-2016-que-incluyen-representantes-de-15-paises,https://www.publi20.com/noticias/emerge-americas-anuncia-los-finalistas-del-startup-showcase-2016-que-incluyen-representantes-de-15-paises/,"eMerge Americas anuncia los finalistas del Startup Showcase 2016, que incluyen representantes de 15 países",2016-03-07T08:08:56,2026-10-08T20:20:41,Fernando Martínez,noticias,,784,0,9,0,0
post,5017,a-57-ciudades-en-argentina-les-quedan-10-dias-para-ingresar-al-mayors-challenge-2016-de-bloomberg-philanthropies-y-competir-por-9-millones-de-dolares-estadounidenses-para-fondos-de-innovacion,https://www.publi20.com/noticias/a-57-ciudades-en-argentina-les-quedan-10-dias-para-ingresar-al-mayors-challenge-2016-de-bloomberg-philanthropies-y-competir-por-9-millones-de-dolares-estadounidenses-para-fondos-de-innovacion/,A 57 ciudades en Argentina les quedan 10 días para ingresar al Mayors Challenge 2016 de Bloomberg Philanthropies y competir por $9 millones de dólares estadounidenses para fondos de innovación,2016-03-06T10:23:38,2026-10-08T20:20:41,Fernando Martínez,noticias,,941,0,7,0,0
post,5018,las-ciudades-europeas-continuaron-atrayendo-a-cada-vez-mas-cantidad-de-turistas-a-pesar-de-un-ano-problematico-en-europa-el-numero-de-noches-aumento-42-en-2015,https://www.publi20.com/noticias/las-ciudades-europeas-continuaron-atrayendo-a-cada-vez-mas-cantidad-de-turistas-a-pesar-de-un-ano-problematico-en-europa-el-numero-de-noches-aumento-42-en-2015/,"Las ciudades europeas continuaron atrayendo a cada vez más cantidad de turistas a pesar de un año problemático en Europa: el número de noches aumentó 4,2% en 2015",2016-03-06T10:11:53,2026-10-08T20:20:41,Fernando Martínez,noticias,,614,0,8,0,0
post,5019,aireuropa-integra-a-safetypay-como-medio-de-pago,https://www.publi20.com/noticias/aireuropa-integra-a-safetypay-como-medio-de-pago/,AirEuropa integra a SafetyPay como medio de pago,2016-03-06T10:06:44,2026-10-08T20:20:41,Fernando Martínez,noticias,,368,0,2,0,0
post,5020,el-servicio-de-paqueteria-de-ups-worldwide-express-se-expande-a-nuevos-paises-de-latinoamerica-y-el-caribe,https://www.publi20.com/noticias/el-servicio-de-paqueteria-de-ups-worldwide-express-se-expande-a-nuevos-paises-de-latinoamerica-y-el-caribe/,El servicio de paquetería de UPS Worldwide Express® se expande a nuevos países de Latinoamérica y el Caribe,2016-03-06T08:10:47,2026-10-08T20:20:41,Fernando Martínez,noticias,,649,0,6,0,0
post,5021,rokkan-obtiene-la-funcion-de-la-direccion-creativa-para-cafe-de-colombia,https://www.publi20.com/noticias/rokkan-obtiene-la-funcion-de-la-direccion-creativa-para-cafe-de-colombia/,Rokkan obtiene la función de la dirección creativa para Café de Colombia,2016-03-06T08:06:58,2026-10-08T20:20:41,Fernando Martínez,noticias,,866,0,9,0,0
post,5022,g2a-junto-con-gaming-for-good-y-save-the-children-activan-a-los-vengadores-de-la-comunidad-de-los-juegos-para-el-humanitarian-emergency-all-out-response-team-heart-en-etiopia,https://www.publi20.com/noticias/g2a-junto-con-gaming-for-good-y-save-the-children-activan-a-los-vengadores-de-la-comunidad-de-los-juegos-para-el-humanitarian-emergency-all-out-response-team-heart-en-etiopia/,"G2A, junto con Gaming for Good y Save the Children, activan a los Vengadores de la Comunidad de los Juegos para el Humanitarian Emergency All-Out Response Team (HEART) en Etiopía",2016-03-05T22:13:09,2026-10-08T20:20:42,Fernando Martínez,noticias,,402,0,13,0,0
post,5016,lo-que-todo-anunciante-debe-saber-la-mitad-de-la-publicidad-sirve-la-otra-mitad-no,https://www.publi20.com/publicidad-negocios-mexico/lo-que-todo-anunciante-debe-saber-la-mitad-de-la-publicidad-sirve-la-otra-mitad-no/,"Lo que todo anunciante debe saber: La mitad de la publicidad sirve, la otra mitad no.",2016-03-04T20:23:56,2026-10-08T20:20:42,Fernando Martínez,publicidad-negocios-mexico,,189,0,1,0,0
post,5023,noche-de-estrellas-en-la-clausura-del-xviii-festival-del-habano,https://www.publi20.com/noticias/noche-de-estrellas-en-la-clausura-del-xviii-festival-del-habano/,Noche de estrellas en la clausura del XVIII Festival del Habano,2016-03-04T09:38:32,2026-10-08T20:20:42,Fernando Martínez,noticias,,457,0,6,0,0
post,5024,la-carrera-de-chicharito-en-canciones-de-rock-by-rock-sonico,https://www.publi20.com/noticias/la-carrera-de-chicharito-en-canciones-de-rock-by-rock-sonico/,La carrera de Chicharito en canciones de rock by Rock Sónico,2016-03-03T12:08:01,2026-10-08T20:20:42,Fernando Martínez,noticias,,322,0,4,0,1
post,5025,a-156-ciudades-en-mexico-les-quedan-10-dias-para-ingresar-al-mayors-challenge-2016-de-bloomberg-philanthropies-y-competir-por-9-millones-de-dolares-estadounidenses-para-fondos-de-innovacion,https://www.publi20.com/noticias/a-156-ciudades-en-mexico-les-quedan-10-dias-para-ingresar-al-mayors-challenge-2016-de-bloomberg-philanthropies-y-competir-por-9-millones-de-dolares-estadounidenses-para-fondos-de-innovacion/,A 156 ciudades en México les quedan 10 días para ingresar al Mayors Challenge 2016 de Bloomberg Philanthropies y competir por $9 millones de dólares estadounidenses para fondos de innovación,2016-03-03T11:35:31,2026-10-08T20:20:42,Fernando Martínez,noticias,,1293,0,8,0,0
post,5026,a-48-ciudades-en-colombia-les-quedan-10-dias-para-ingresar-al-mayors-challenge-2016-de-bloomberg-philanthropies-y-competir-por-9-millones-de-dolares-estadounidenses-para-fondos-de-innovacion,https://www.publi20.com/noticias/a-48-ciudades-en-colombia-les-quedan-10-dias-para-ingresar-al-mayors-challenge-2016-de-bloomberg-philanthropies-y-competir-por-9-millones-de-dolares-estadounidenses-para-fondos-de-innovacion/,A 48 ciudades en Colombia les quedan 10 días para ingresar al Mayors Challenge 2016 de Bloomberg Philanthropies y competir por $9 millones de dólares estadounidenses para fondos de innovación,2016-03-03T11:24:50,2026-10-08T20:20:42,Fernando Martínez,noticias,,925,0,8,0,0
post,5027,equipment-spare-parts-de-miami-es-nombrado-vendedor-autorizado-para-el-caribe-por-uno-de-los-principales-suministradores-de-piezas-de-motores-y-maquinaria-del-mundo,https://www.publi20.com/noticias/equipment-spare-parts-de-miami-es-nombrado-vendedor-autorizado-para-el-caribe-por-uno-de-los-principales-suministradores-de-piezas-de-motores-y-maquinaria-del-mundo/,Equipment Spare Parts de Miami es nombrado Vendedor Autorizado para el Caribe por uno de los principales suministradores de piezas de motores y maquinaria del mundo,2016-03-03T09:14:51,2026-10-08T20:20:43,Fernando Martínez,noticias,,357,0,6,0,0
post,5028,markets-group-los-principales-bancos-centrales-de-ee-uu-america-latina-y-el-caribe-se-reuniran-en-ciudad-de-panama-con-el-proposito-de-discutir-estrategias-de-inversion,https://www.publi20.com/noticias/markets-group-los-principales-bancos-centrales-de-ee-uu-america-latina-y-el-caribe-se-reuniran-en-ciudad-de-panama-con-el-proposito-de-discutir-estrategias-de-inversion/,"Markets Group: Los principales bancos centrales de EE. UU., América Latina y el Caribe se reunirán en Ciudad de Panamá con el propósito de discutir estrategias de inversión",2016-03-02T17:30:06,2026-10-08T20:20:43,Fernando Martínez,noticias,,509,0,3,0,0
post,5029,anuncian-a-los-ganadores-del-premio-harold-w-mcgraw-jr-en-educacion,https://www.publi20.com/noticias/anuncian-a-los-ganadores-del-premio-harold-w-mcgraw-jr-en-educacion/,"Anuncian a los ganadores del Premio Harold W. McGraw, Jr. en Educación",2016-03-02T17:16:54,2026-10-08T20:20:43,Fernando Martínez,noticias,,1425,0,17,0,0
post,5030,stadler-director-ejecutivo-de-audi-planeamos-continuar-con-nuestro-crecimiento-en-2016,https://www.publi20.com/noticias/stadler-director-ejecutivo-de-audi-planeamos-continuar-con-nuestro-crecimiento-en-2016/,"Stadler, director ejecutivo de Audi: ""Planeamos continuar con nuestro crecimiento en 2016""",2016-03-02T14:25:26,2026-10-08T20:20:43,Fernando Martínez,noticias,,831,0,5,0,0
post,5031,donde-vamos-a-cenar-hoy-taco-guru-by-yellowlink,https://www.publi20.com/noticias/donde-vamos-a-cenar-hoy-taco-guru-by-yellowlink/,¿Dónde vamos a cenar hoy? Taco Guru by Yellowlink,2016-03-02T13:48:10,2026-10-08T20:20:43,Fernando Martínez,noticias,,409,0,6,0,3
post,5032,hola-tv-celebra-a-la-mujer-en-marzo-con-estrenos-y-programacion-especial-de-mujeres-que-inspiran,https://www.publi20.com/noticias/hola-tv-celebra-a-la-mujer-en-marzo-con-estrenos-y-programacion-especial-de-mujeres-que-inspiran/,¡HOLA! TV celebra a la mujer en marzo con estrenos y programación especial de mujeres que inspiran,2016-03-02T13:05:51,2026-10-08T20:20:44,Fernando Martínez,noticias,,366,0,7,0,0
post,5033,conoce-las-novedades-four-seasons-para-este-2016,https://www.publi20.com/noticias/conoce-las-novedades-four-seasons-para-este-2016/,Conoce las novedades Four Seasons para este 2016,2016-03-02T11:46:11,2026-10-08T20:20:44,Fernando Martínez,noticias,,977,0,16,0,1
post,5034,isuzu-presenta-el-autobus-para-pasajeros-elf-600-bus,https://www.publi20.com/noticias/isuzu-presenta-el-autobus-para-pasajeros-elf-600-bus/,Isuzu presenta el autobús para pasajeros ELF 600 BUS,2016-03-02T10:07:46,2026-10-08T20:20:44,Fernando Martínez,noticias,,403,0,3,0,1
post,5035,young-living-nombra-nuevo-coo,https://www.publi20.com/noticias/young-living-nombra-nuevo-coo/,Young Living nombra nuevo COO,2016-03-02T09:50:24,2026-10-08T20:20:44,Fernando Martínez,noticias,,745,0,4,0,0
post,5014,arisglobal-firma-acuerdo-con-el-primer-cliente-de-arisg-en-china,https://www.publi20.com/noticias/arisglobal-firma-acuerdo-con-el-primer-cliente-de-arisg-en-china/,ArisGlobal® firma acuerdo con el primer cliente de ARISg™ en China,2016-02-29T16:35:08,2026-10-08T20:20:44,Fernando Martínez,noticias,,583,0,2,0,0
post,5015,lcm-partners-gana-en-los-premios-private-debt-investor-2015,https://www.publi20.com/noticias/lcm-partners-gana-en-los-premios-private-debt-investor-2015/,LCM Partners gana en los Premios Private Debt Investor 2015,2016-02-29T16:20:04,2026-10-08T20:20:45,Fernando Martínez,noticias,,613,0,3,0,0
post,5007,rackspace-lider-en-nube-gestionada-colabora-con-impartner-para-fortalecer-la-experiencia-de-socios-de-canales,https://www.publi20.com/noticias/rackspace-lider-en-nube-gestionada-colabora-con-impartner-para-fortalecer-la-experiencia-de-socios-de-canales/,"Rackspace, líder en nube gestionada, colabora con Impartner para fortalecer la experiencia de socios de canales",2016-02-28T10:43:07,2026-10-08T20:20:45,Fernando Martínez,noticias,,804,0,8,0,0
post,5008,risen-energy-anuncia-los-resultados-para-el-ano-2015-completo,https://www.publi20.com/noticias/risen-energy-anuncia-los-resultados-para-el-ano-2015-completo/,Risen Energy anuncia los resultados para el año 2015 completo,2016-02-28T10:25:42,2026-10-08T20:20:45,Fernando Martínez,noticias,,620,0,0,0,0
post,5009,dentsply-sirona-la-fusion-crea-the-dental-solutions-company,https://www.publi20.com/noticias/dentsply-sirona-la-fusion-crea-the-dental-solutions-company/,Dentsply Sirona: La fusión crea The Dental Solutions Company™,2016-02-28T07:37:12,2026-10-08T20:20:45,Fernando Martínez,noticias,,357,0,3,0,0
post,5010,vichy-anuncia-la-primera-beca-exposoma-de-vichy-anual,https://www.publi20.com/noticias/vichy-anuncia-la-primera-beca-exposoma-de-vichy-anual/,VICHY anuncia la primera BECA EXPOSOMA DE VICHY anual,2016-02-28T04:08:49,2026-10-08T20:20:46,Fernando Martínez,noticias,,607,0,4,0,0
post,5011,hikvision-comunica-los-resultados-preliminares-de-sus-ganancias-en-2015-con-un-4697-de-crecimiento,https://www.publi20.com/noticias/hikvision-comunica-los-resultados-preliminares-de-sus-ganancias-en-2015-con-un-4697-de-crecimiento/,"Hikvision comunica los resultados preliminares de sus ganancias en 2015 con un 46,97% de crecimiento",2016-02-28T00:13:00,2026-10-08T20:20:46,Fernando Martínez,noticias,,365,0,2,0,0
post,5012,mohawk-industries-con-record-de-utilidades-en-el-cuarto-trimestre,https://www.publi20.com/noticias/mohawk-industries-con-record-de-utilidades-en-el-cuarto-trimestre/,Mohawk Industries con récord de utilidades en el cuarto trimestre,2016-02-25T20:14:06,2026-10-08T20:20:46,Fernando Martínez,noticias,,4423,0,0,0,0
post,5013,aeropuerto-salvadoreno-a-la-vanguardia-en-la-region-by-contrapunto-diario-digital,https://www.publi20.com/noticias/aeropuerto-salvadoreno-a-la-vanguardia-en-la-region-by-contrapunto-diario-digital/,Aeropuerto salvadoreño a la vanguardia en la región by ContraPunto Diario Digital,2016-02-25T12:40:14,2026-10-08T20:20:46,Fernando Martínez,noticias,,349,0,4,0,1
post,4998,apr-energy-pone-en-marcha-planta-de-turbina-a-gas-para-cliente-industrial-en-egipto,https://www.publi20.com/noticias/apr-energy-pone-en-marcha-planta-de-turbina-a-gas-para-cliente-industrial-en-egipto/,APR Energy pone en marcha planta de turbina a gas para cliente industrial en Egipto,2016-02-24T20:16:52,2026-10-08T20:20:46,Fernando Martínez,noticias,,566,0,5,0,0
post,4997,reed-meriwether-se-incorpora-a-greeley-and-hansen-como-nuevo-director-gerente,https://www.publi20.com/noticias/reed-meriwether-se-incorpora-a-greeley-and-hansen-como-nuevo-director-gerente/,Reed Meriwether se incorpora a Greeley and Hansen como nuevo Director Gerente,2016-02-24T15:31:36,2026-10-08T20:20:47,Fernando Martínez,noticias,,446,0,3,0,0
post,4994,huawei-y-leica-camera-anuncian-alianza-tecnologica-a-largo-plazo-para-la-reinvencion-de-la-fotografia-en-los-telefonos-inteligentes,https://www.publi20.com/noticias/huawei-y-leica-camera-anuncian-alianza-tecnologica-a-largo-plazo-para-la-reinvencion-de-la-fotografia-en-los-telefonos-inteligentes/,Huawei y Leica Camera anuncian alianza tecnológica a largo plazo para la reinvención de la fotografía en los teléfonos inteligentes,2016-02-24T10:32:19,2026-10-08T20:20:47,Fernando Martínez,noticias,,991,0,3,0,0
post,4992,la-feria-de-canton-establece-un-nuevo-modelo-para-presentar-su-negocio-a-traves-de-una-videoconferencia-remota,https://www.publi20.com/noticias/la-feria-de-canton-establece-un-nuevo-modelo-para-presentar-su-negocio-a-traves-de-una-videoconferencia-remota/,La Feria de Cantón establece un nuevo modelo para presentar su negocio a través de una videoconferencia remota,2016-02-24T10:06:58,2026-10-08T20:20:47,Fernando Martínez,noticias,,484,0,2,0,0
post,4993,osteoartritis-de-rodilla-suero-autologo-condicionado-acs-combinado-con-fisioterapia-produjo-una-significativa-mejora-en-el-dolor-y-la-funcion,https://www.publi20.com/noticias/osteoartritis-de-rodilla-suero-autologo-condicionado-acs-combinado-con-fisioterapia-produjo-una-significativa-mejora-en-el-dolor-y-la-funcion/,Osteoartritis de rodilla: suero autólogo condicionado (ACS) combinado con fisioterapia produjo una significativa mejora en el dolor y la función,2016-02-24T09:09:41,2026-10-08T20:20:47,Fernando Martínez,noticias,,388,0,4,0,0
post,4988,ecwid-la-solucion-1-de-comercio-electronico-lanza-un-sitio-web-enfocado-en-mexico,https://www.publi20.com/noticias/ecwid-la-solucion-1-de-comercio-electronico-lanza-un-sitio-web-enfocado-en-mexico/,"Ecwid, la solución #1 de comercio electrónico lanza un sitio web enfocado en Mexico",2016-02-24T07:08:38,2026-10-08T20:20:47,Fernando Martínez,noticias,,408,0,7,0,0
post,4989,isagenix-alcanza-los-us4000-millones-en-ventas-globales-acumuladas,https://www.publi20.com/noticias/isagenix-alcanza-los-us4000-millones-en-ventas-globales-acumuladas/,Isagenix alcanza los US$4.000 millones en ventas globales acumuladas,2016-02-24T06:06:45,2026-10-08T20:20:47,Fernando Martínez,noticias,,412,0,3,0,0
post,4973,puedes-haber-sido-victima-de-un-fraude-informate,https://www.publi20.com/publicidad-negocios-mexico/puedes-haber-sido-victima-de-un-fraude-informate/,"Puedes haber sido víctima de un fraude, ¡infórmate!",2016-02-23T21:04:00,2026-10-08T20:20:48,Fernando Martínez,publicidad-negocios-mexico,,373,0,1,0,0
post,4971,lutron-presenta-ultimas-innovaciones-en-ela-2016,https://www.publi20.com/noticias/lutron-presenta-ultimas-innovaciones-en-ela-2016/,Lutron presenta últimas innovaciones en ELA 2016,2016-02-23T11:26:45,2026-10-08T20:20:48,Fernando Martínez,noticias,,391,0,1,0,0
post,4968,alimentaria-espera-mas-de-5500-visitantes-latinoamericanos,https://www.publi20.com/noticias/alimentaria-espera-mas-de-5500-visitantes-latinoamericanos/,Alimentaria espera más de 5.500 visitantes latinoamericanos,2016-02-23T10:09:44,2026-10-08T20:20:48,Fernando Martínez,noticias,,411,0,1,0,0
post,4969,el-aeropuerto-internacional-numero-uno-del-mundo-ahora-mas-grande-y-mejor,https://www.publi20.com/noticias/el-aeropuerto-internacional-numero-uno-del-mundo-ahora-mas-grande-y-mejor/,"El aeropuerto internacional número uno del mundo, ahora más grande y mejor",2016-02-23T09:03:12,2026-10-08T20:20:48,Fernando Martínez,noticias,,943,0,3,0,0
post,4970,italtel-lanza-una-nueva-aplicacion-basada-en-sdn-para-la-harmonizacion-de-la-red-de-servicios,https://www.publi20.com/noticias/italtel-lanza-una-nueva-aplicacion-basada-en-sdn-para-la-harmonizacion-de-la-red-de-servicios/,Italtel lanza una nueva aplicación basada en SDN para la harmonización de la red de servicios,2016-02-23T08:52:32,2026-10-08T20:20:48,Fernando Martínez,noticias,,426,0,5,0,0
post,4965,pacific-brinda-actualizacion-con-respecto-al-bloque-quifa,https://www.publi20.com/noticias/pacific-brinda-actualizacion-con-respecto-al-bloque-quifa/,Pacific brinda actualización con respecto al bloque Quifa,2016-02-23T08:31:33,2026-10-08T20:20:49,Fernando Martínez,noticias,,1098,0,1,0,0
post,4966,i2c-y-tis-forman-una-asociacion-estrategica-para-llevar-innovadoras-soluciones-de-pago-a-japon-y-otros-mercados-asiaticos-cruciales,https://www.publi20.com/noticias/i2c-y-tis-forman-una-asociacion-estrategica-para-llevar-innovadoras-soluciones-de-pago-a-japon-y-otros-mercados-asiaticos-cruciales/,i2c y TIS forman una asociación estratégica para llevar innovadoras soluciones de pago a Japón y otros mercados asiáticos cruciales,2016-02-23T07:54:29,2026-10-08T20:20:49,Fernando Martínez,noticias,,670,0,5,0,0
post,4967,lexington-partners-inaugura-oficina-en-santiago,https://www.publi20.com/noticias/lexington-partners-inaugura-oficina-en-santiago/,Lexington Partners inaugura oficina en Santiago,2016-02-23T07:23:56,2026-10-08T20:20:49,Fernando Martínez,noticias,,435,0,2,0,0
post,4962,barbados-adopta-legislacion-sobre-companias-de-celulas-incorporadas,https://www.publi20.com/noticias/barbados-adopta-legislacion-sobre-companias-de-celulas-incorporadas/,Barbados adopta legislación sobre compañías de células incorporadas,2016-02-23T07:07:05,2026-10-08T20:20:49,Fernando Martínez,noticias,,618,0,1,0,0
post,4963,se-publica-el-estudio-sirflox-en-la-journal-of-clinical-oncology,https://www.publi20.com/noticias/se-publica-el-estudio-sirflox-en-la-journal-of-clinical-oncology/,Se publica el Estudio SIRFLOX en la Journal of Clinical Oncology,2016-02-23T05:20:05,2026-10-08T20:20:49,Fernando Martínez,noticias,,1596,0,3,0,0
post,4964,el-mayor-talento-musical-en-el-xviii-festival-del-habano,https://www.publi20.com/noticias/el-mayor-talento-musical-en-el-xviii-festival-del-habano/,El mayor talento musical en el XVIII Festival del Habano,2016-02-23T05:06:20,2026-10-08T20:20:49,Fernando Martínez,noticias,,430,0,5,0,0
post,4961,huawei-y-deutsche-telekom-presentan-la-tecnologia-de-seccionado-de-red-5g-e2e,https://www.publi20.com/noticias/huawei-y-deutsche-telekom-presentan-la-tecnologia-de-seccionado-de-red-5g-e2e/,Huawei y Deutsche Telekom presentan la tecnología de seccionado de red 5G E2E,2016-02-22T17:18:37,2026-10-08T20:20:50,Fernando Martínez,noticias,,855,0,7,0,0
post,4960,andes-wines-destaca-que-la-vendimia-argentina-se-atrasara-entre-10-a-30-dias-segun-cepaje,https://www.publi20.com/noticias/andes-wines-destaca-que-la-vendimia-argentina-se-atrasara-entre-10-a-30-dias-segun-cepaje/,Andes Wines destaca que la vendimia Argentina se atrasará entre 10 a 30 días según cepaje,2016-02-22T16:05:38,2026-10-08T20:20:50,Fernando Martínez,noticias,,388,0,2,0,0
post,4959,el-salvador-apuesta-convertir-turismo-en-sector-estrategico-by-contrapunto-diario-digital,https://www.publi20.com/noticias/el-salvador-apuesta-convertir-turismo-en-sector-estrategico-by-contrapunto-diario-digital/,El Salvador apuesta convertir turismo en sector estratégico by ContraPunto Diario Digital,2016-02-22T14:09:27,2026-10-08T20:20:50,Fernando Martínez,noticias,,375,0,9,0,1
post,4951,aprendiendo-autocad-2016-en-3d-para-diseno-arquitectonico-by-iway-magazine,https://www.publi20.com/noticias/aprendiendo-autocad-2016-en-3d-para-diseno-arquitectonico-by-iway-magazine/,Aprendiendo AutoCAD 2016 en 3D para Diseño Arquitectónico by IWay Magazine,2016-02-22T13:37:03,2026-10-08T20:20:50,Fernando Martínez,noticias,,354,0,7,0,3
post,4952,que-son-las-familias-en-autodesk-revit-by-iway-magazine,https://www.publi20.com/noticias/que-son-las-familias-en-autodesk-revit-by-iway-magazine/,¿Qué son las Familias en Autodesk Revit? By IWay Magazine,2016-02-22T13:05:32,2026-10-08T20:20:51,Fernando Martínez,noticias,,257,0,7,0,3
post,4917,konica-minolta-sensing-anuncia-su-participacion-en-plastimagen-mexico-2016,https://www.publi20.com/noticias/konica-minolta-sensing-anuncia-su-participacion-en-plastimagen-mexico-2016/,Konica Minolta Sensing anuncia su participación en Plastimagen México 2016,2016-02-22T09:36:11,2026-10-08T20:20:51,Fernando Martínez,noticias,,456,0,2,0,0
post,4906,la-nueva-arcserve-unified-data-protection-udp-elimina-el-tiempo-de-recuperacion-mediante-disponibilidad-continua-recuperacion-instantanea-y-replicacion-en-entornos-en-la-nube-virtuales-y-fisicos,https://www.publi20.com/noticias/la-nueva-arcserve-unified-data-protection-udp-elimina-el-tiempo-de-recuperacion-mediante-disponibilidad-continua-recuperacion-instantanea-y-replicacion-en-entornos-en-la-nube-virtuales-y-fisicos/,"La nueva Arcserve Unified Data Protection (UDP) elimina el tiempo de recuperación mediante disponibilidad continua, recuperación instantánea y replicación en entornos en la nube, virtuales y físicos",2016-02-22T08:13:50,2026-10-08T20:20:51,Fernando Martínez,noticias,,1006,0,6,0,0
post,4907,aplican-ciencia-en-elaboracion-de-tacos-by-juan-carlos-machorro,https://www.publi20.com/noticias/aplican-ciencia-en-elaboracion-de-tacos-by-juan-carlos-machorro/,Aplican ciencia en elaboración de tacos by Juan Carlos Machorro,2016-02-22T07:09:14,2026-10-08T20:20:51,Fernando Martínez,noticias,,376,0,4,0,2
post,4903,linedata-anuncia-el-lanzamiento-de-linedata-mobilekip,https://www.publi20.com/noticias/linedata-anuncia-el-lanzamiento-de-linedata-mobilekip/,Linedata anuncia el lanzamiento de Linedata Mobil'Ekip,2016-02-22T06:09:59,2026-10-08T20:20:51,Fernando Martínez,noticias,,407,0,9,0,0
post,4904,the-home-depot-anuncia-resultados-record-del-cuarto-trimestre-y-del-ano-fiscal-2015-aumenta-el-dividendo-trimestral-en-un-17-por-ciento-y-proporciona-la-guia-para-el-ano-fiscal-2016,https://www.publi20.com/noticias/the-home-depot-anuncia-resultados-record-del-cuarto-trimestre-y-del-ano-fiscal-2015-aumenta-el-dividendo-trimestral-en-un-17-por-ciento-y-proporciona-la-guia-para-el-ano-fiscal-2016/,The Home Depot Anuncia Resultados Récord del Cuarto Trimestre y del Año Fiscal 2015; Aumenta el Dividendo Trimestral en un 17 Por Ciento y Proporciona la Guía para el Año Fiscal 2016,2016-02-22T05:08:05,2026-10-08T20:20:52,Fernando Martínez,noticias,,2287,0,1,0,0
post,4900,la-nomina-del-futbol-de-pepsi-2016-introduce-la-tarjeta-azul-en-el-juego-global,https://www.publi20.com/noticias/la-nomina-del-futbol-de-pepsi-2016-introduce-la-tarjeta-azul-en-el-juego-global/,La nómina del fútbol de Pepsi® 2016 introduce la tarjeta azul en el juego global,2016-02-22T03:06:36,2026-10-08T20:20:52,Fernando Martínez,noticias,,873,0,4,0,0
post,4896,lanzamiento-mundial-de-la-honourable-order-of-international-hotel-general-managers,https://www.publi20.com/noticias/lanzamiento-mundial-de-la-honourable-order-of-international-hotel-general-managers/,Lanzamiento mundial de la Honourable Order of International Hotel General Managers,2016-02-22T02:07:21,2026-10-08T20:20:52,Fernando Martínez,noticias,,754,0,5,0,0
post,4897,se-inaugura-el-festival-internacional-de-cortometrajes-mercy-and-justice,https://www.publi20.com/noticias/se-inaugura-el-festival-internacional-de-cortometrajes-mercy-and-justice/,"Se inaugura el Festival Internacional de Cortometrajes ""Mercy and Justice""",2016-02-22T01:07:20,2026-10-08T20:20:52,Fernando Martínez,noticias,,510,0,8,0,0
post,4892,mas-del-50-de-las-empresas-tienen-dispositivos-moviles-que-no-cumplen-con-las-normativas,https://www.publi20.com/noticias/mas-del-50-de-las-empresas-tienen-dispositivos-moviles-que-no-cumplen-con-las-normativas/,Más del 50 % de las empresas tienen dispositivos móviles que no cumplen con las normativas,2016-02-21T23:06:20,2026-10-08T20:20:52,Fernando Martínez,noticias,,625,0,5,0,0
post,4893,oh-la-la-deals-de-air-france-las-mejores-ofertas-de-temporada,https://www.publi20.com/noticias/oh-la-la-deals-de-air-france-las-mejores-ofertas-de-temporada/,Oh La La Deals de Air France: Las mejores ofertas de temporada,2016-02-21T22:05:31,2026-10-08T20:20:53,Fernando Martínez,noticias,,422,0,2,0,1
post,4881,womens-forum-mexico-2016-girara-en-torno-a-co-creando-junts-co-creating-together,https://www.publi20.com/noticias/womens-forum-mexico-2016-girara-en-torno-a-co-creando-junts-co-creating-together/,Women's Forum Mexico 2016 girará en torno a co-creando junt@s / co-creating together,2016-02-21T20:28:29,2026-10-08T20:20:54,Fernando Martínez,noticias,,890,0,2,0,0
post,4867,wincor-nixdorf-y-mahindra-comviva-se-asocian-para-permitir-operaciones-basadas-en-nfc-y-codigo-qr-en-los-cajeros-automaticos-con-la-billetera-mobiquity,https://www.publi20.com/noticias/wincor-nixdorf-y-mahindra-comviva-se-asocian-para-permitir-operaciones-basadas-en-nfc-y-codigo-qr-en-los-cajeros-automaticos-con-la-billetera-mobiquity/,Wincor Nixdorf y Mahindra Comviva se asocian para permitir operaciones basadas en NFC y código QR en los cajeros automáticos con la billetera Mobiquity®,2016-02-21T17:01:04,2026-10-08T20:20:54,Fernando Martínez,noticias,,470,0,7,0,0
post,4849,medico-internista-el-guardian-de-la-salud-en-adultos,https://www.publi20.com/noticias/medico-internista-el-guardian-de-la-salud-en-adultos/,Médico internista: el guardián de la salud en adultos,2016-02-21T15:09:28,2026-10-08T20:20:54,Fernando Martínez,noticias,,558,0,10,0,1
post,4850,las-pruebas-con-5g-de-verizon-impulsan-al-ecosistema-hacia-una-rapida-comercializacion,https://www.publi20.com/noticias/las-pruebas-con-5g-de-verizon-impulsan-al-ecosistema-hacia-una-rapida-comercializacion/,Las pruebas con 5G de Verizon impulsan al ecosistema hacia una rápida comercialización,2016-02-21T14:39:10,2026-10-08T20:20:55,Fernando Martínez,noticias,,889,0,4,0,0
post,4839,huawei-impulsa-apertura-colaboracion-y-exito-compartido-para-habilitar-la-transformacion-digital-y-construir-un-mundo-mejor-conectado,https://www.publi20.com/noticias/huawei-impulsa-apertura-colaboracion-y-exito-compartido-para-habilitar-la-transformacion-digital-y-construir-un-mundo-mejor-conectado/,"Huawei impulsa apertura, colaboración y éxito compartido para habilitar la transformación digital y construir un mundo mejor conectado",2016-02-21T13:07:02,2026-10-08T20:20:55,Fernando Martínez,noticias,,1677,0,2,0,0
post,4833,los-operadores-de-telefonia-movil-aprovechan-los-us12-billones-del-ecosistema-de-los-viajes,https://www.publi20.com/noticias/los-operadores-de-telefonia-movil-aprovechan-los-us12-billones-del-ecosistema-de-los-viajes/,"Los operadores de telefonía móvil aprovechan los US$1,2 billones del ecosistema de los viajes",2016-02-21T12:15:55,2026-10-08T20:20:55,Fernando Martínez,noticias,,521,0,4,0,0
page,139,home,https://www.publi20.com/,Home,2021-07-07T14:42:30,2026-06-24T22:17:06,Fernando Martínez,,,2,0,0,0,0
