id,grupo,estado,origen,destino_regla,saltos,detalle,accion
5740,Publi2.0 remediación,ok,/noticias/4786-asahi-kasei-chemicals-celebra-la-apertura-de-asahi-kasei-plastics-mexico-sa-de-cv,/noticias/,301:/noticias/,/noticias/,
5739,Publi2.0 remediación,ok,/20-de-marzo-dia-internacional-de-la-felicidad/,/noticias/20-de-marzo-dia-internacional-de-la-felicidad/,301:/noticias/20-de-marzo-dia-internacional-de-la-felicidad/,/noticias/20-de-marzo-dia-internacional-de-la-felicidad/,
5738,Publi2.0 remediación,ok,/zte-corporation-llega-a-un-arreglo-con-las-autoridades-estadounidenses/,/noticias/zte-corporation-llega-a-un-arreglo-con-las-autoridades-estadounidenses/,301:/noticias/zte-corporation-llega-a-un-arreglo-con-las-autoridades-estadounidenses/,/noticias/zte-corporation-llega-a-un-arreglo-con-las-autoridades-estadounidenses/,
5737,Publi2.0 remediación,ok,/ypf-presenta-informe-anual-2015-en-formulario-20-f/,/noticias/ypf-presenta-informe-anual-2015-en-formulario-20-f/,301:/noticias/ypf-presenta-informe-anual-2015-en-formulario-20-f/,/noticias/ypf-presenta-informe-anual-2015-en-formulario-20-f/,
5736,Publi2.0 remediación,ok,/young-living-nombra-nuevo-coo/,/noticias/young-living-nombra-nuevo-coo/,301:/noticias/young-living-nombra-nuevo-coo/,/noticias/young-living-nombra-nuevo-coo/,
5735,Publi2.0 remediación,ok,/ya-vienen-los-effies/,/publicidad/creatividad/ya-vienen-los-effies/,301:/publicidad/creatividad/ya-vienen-los-effies/,/publicidad/creatividad/ya-vienen-los-effies/,
5734,Publi2.0 remediación,ok,/xs-international-fue-incluida-en-el-informe-2016-competitive-landscape-report-de-gartner/,/noticias/xs-international-fue-incluida-en-el-informe-2016-competitive-landscape-report-de-gartner/,301:/noticias/xs-international-fue-incluida-en-el-informe-2016-competitive-landscape-report-de-gartner/,/noticias/xs-international-fue-incluida-en-el-informe-2016-competitive-landscape-report-de-gartner/,
5733,Publi2.0 remediación,ok,/wyndham-rewards-presenta-niveles-de-miembro-y-amplia-su-premiado-programa-de-lealtad-con-la-primera-experiencia-mejorada-en-canje-de-puntos-del-sector/,/noticias/wyndham-rewards-presenta-niveles-de-miembro-y-amplia-su-premiado-programa-de-lealtad-con-la-primera-experiencia-mejorada-en-canje-de-puntos-del-sector/,301:/noticias/wyndham-rewards-presenta-niveles-de-miembro-y-amplia-su-premiado-programa-de-lealtad-con-la-primera-experiencia-mejorada-en-canje-de-puntos-del-sector/,/noticias/wyndham-rewards-presenta-niveles-de-miembro-y-amplia-su-premiado-programa-de-lealtad-con-la-primera-experiencia-mejorada-en-canje-de-puntos-del-sector/,
5732,Publi2.0 remediación,ok,/wyndham-hotel-group-revela-su-estrategia-de-transformacion-global-a-lo-largo-de-16-marcas/,/noticias/wyndham-hotel-group-revela-su-estrategia-de-transformacion-global-a-lo-largo-de-16-marcas/,301:/noticias/wyndham-hotel-group-revela-su-estrategia-de-transformacion-global-a-lo-largo-de-16-marcas/,/noticias/wyndham-hotel-group-revela-su-estrategia-de-transformacion-global-a-lo-largo-de-16-marcas/,
5731,Publi2.0 remediación,ok,/womens-forum-mexico-2016-recibe-a-la-delegacion-cubana-de-mujeres-emprendedoras/,/noticias/womens-forum-mexico-2016-recibe-a-la-delegacion-cubana-de-mujeres-emprendedoras/,301:/noticias/womens-forum-mexico-2016-recibe-a-la-delegacion-cubana-de-mujeres-emprendedoras/,/noticias/womens-forum-mexico-2016-recibe-a-la-delegacion-cubana-de-mujeres-emprendedoras/,
5730,Publi2.0 remediación,ok,/womens-forum-mexico-2016-girara-en-torno-a-co-creando-junts-co-creating-together/,/noticias/womens-forum-mexico-2016-girara-en-torno-a-co-creando-junts-co-creating-together/,301:/noticias/womens-forum-mexico-2016-girara-en-torno-a-co-creando-junts-co-creating-together/,/noticias/womens-forum-mexico-2016-girara-en-torno-a-co-creando-junts-co-creating-together/,
5729,Publi2.0 remediación,ok,/wincor-nixdorf-y-mahindra-comviva-se-asocian-para-permitir-operaciones-basadas-en-nfc-y-codigo-qr-en-los-cajeros-automaticos-con-la-billetera-mobiquity/,/noticias/wincor-nixdorf-y-mahindra-comviva-se-asocian-para-permitir-operaciones-basadas-en-nfc-y-codigo-qr-en-los-cajeros-automaticos-con-la-billetera-mobiquity/,301:/noticias/wincor-nixdorf-y-mahindra-comviva-se-asocian-para-permitir-operaciones-basadas-en-nfc-y-codigo-qr-en-los-cajeros-automaticos-con-la-billetera-mobiquity/,/noticias/wincor-nixdorf-y-mahindra-comviva-se-asocian-para-permitir-operaciones-basadas-en-nfc-y-codigo-qr-en-los-cajeros-automaticos-con-la-billetera-mobiquity/,
5728,Publi2.0 remediación,ok,/visa-inc-designa-a-eduardo-perez-lider-de-riesgo-para-america-latina-y-el-caribe/,/noticias/visa-inc-designa-a-eduardo-perez-lider-de-riesgo-para-america-latina-y-el-caribe/,301:/noticias/visa-inc-designa-a-eduardo-perez-lider-de-riesgo-para-america-latina-y-el-caribe/,/noticias/visa-inc-designa-a-eduardo-perez-lider-de-riesgo-para-america-latina-y-el-caribe/,
5727,Publi2.0 remediación,ok,/virgin-hotels-anuncia-a-su-nuevo-vicepresidente-de-desarrollo/,/noticias/virgin-hotels-anuncia-a-su-nuevo-vicepresidente-de-desarrollo/,301:/noticias/virgin-hotels-anuncia-a-su-nuevo-vicepresidente-de-desarrollo/,/noticias/virgin-hotels-anuncia-a-su-nuevo-vicepresidente-de-desarrollo/,
5726,Publi2.0 remediación,ok,/vichy-anuncia-la-primera-beca-exposoma-de-vichy-anual/,/noticias/vichy-anuncia-la-primera-beca-exposoma-de-vichy-anual/,301:/noticias/vichy-anuncia-la-primera-beca-exposoma-de-vichy-anual/,/noticias/vichy-anuncia-la-primera-beca-exposoma-de-vichy-anual/,
5725,Publi2.0 remediación,ok,/versy-nueva-red-social-basada-en-los-intereses-de-los-usuarios/,/noticias/versy-nueva-red-social-basada-en-los-intereses-de-los-usuarios/,301:/noticias/versy-nueva-red-social-basada-en-los-intereses-de-los-usuarios/,/noticias/versy-nueva-red-social-basada-en-los-intereses-de-los-usuarios/,
5724,Publi2.0 remediación,ok,/uruguay-avanza-firmemente-hacia-la-universalizacion-del-acceso-a-servicios-financieros/,/noticias/uruguay-avanza-firmemente-hacia-la-universalizacion-del-acceso-a-servicios-financieros/,301:/noticias/uruguay-avanza-firmemente-hacia-la-universalizacion-del-acceso-a-servicios-financieros/,/noticias/uruguay-avanza-firmemente-hacia-la-universalizacion-del-acceso-a-servicios-financieros/,
5723,Publi2.0 remediación,ok,/urban-jrgensen-la-exclusiva-conexion-danesa-suiza-presenta-una-nueva-coleccion-en-la-baselworld-2016/,/noticias/urban-jrgensen-la-exclusiva-conexion-danesa-suiza-presenta-una-nueva-coleccion-en-la-baselworld-2016/,301:/noticias/urban-jrgensen-la-exclusiva-conexion-danesa-suiza-presenta-una-nueva-coleccion-en-la-baselworld-2016/,/noticias/urban-jrgensen-la-exclusiva-conexion-danesa-suiza-presenta-una-nueva-coleccion-en-la-baselworld-2016/,
5722,Publi2.0 remediación,ok,/uol-boacompra-llega-a-chile/,/noticias/uol-boacompra-llega-a-chile/,301:/noticias/uol-boacompra-llega-a-chile/,/noticias/uol-boacompra-llega-a-chile/,
5721,Publi2.0 remediación,ok,/un-vistazo-al-festival-imaginativo-thomas-sabo-celebra-el-verano-con-estilo/,/noticias/un-vistazo-al-festival-imaginativo-thomas-sabo-celebra-el-verano-con-estilo/,301:/noticias/un-vistazo-al-festival-imaginativo-thomas-sabo-celebra-el-verano-con-estilo/,/noticias/un-vistazo-al-festival-imaginativo-thomas-sabo-celebra-el-verano-con-estilo/,
5720,Publi2.0 remediación,ok,/un-nuevo-registro-de-multiples-centros-estudiara-los-beneficios-de-la-terapia-stretta-para-pacientes-gerd-luego-de-una-gastrectomia-en-manga/,/noticias/un-nuevo-registro-de-multiples-centros-estudiara-los-beneficios-de-la-terapia-stretta-para-pacientes-gerd-luego-de-una-gastrectomia-en-manga/,301:/noticias/un-nuevo-registro-de-multiples-centros-estudiara-los-beneficios-de-la-terapia-stretta-para-pacientes-gerd-luego-de-una-gastrectomia-en-manga/,/noticias/un-nuevo-registro-de-multiples-centros-estudiara-los-beneficios-de-la-terapia-stretta-para-pacientes-gerd-luego-de-una-gastrectomia-en-manga/,
5719,Publi2.0 remediación,ok,/un-ano-al-aire-by-diario-moda-radio/,/noticias/un-ano-al-aire-by-diario-moda-radio/,301:/noticias/un-ano-al-aire-by-diario-moda-radio/,/noticias/un-ano-al-aire-by-diario-moda-radio/,
5718,Publi2.0 remediación,ok,/uefa-y-pepsi-llevan-por-primera-vez-epico-recital-en-vivo-a-la-final-de-la-liga-de-campeones-de-la-uefa/,/noticias/uefa-y-pepsi-llevan-por-primera-vez-epico-recital-en-vivo-a-la-final-de-la-liga-de-campeones-de-la-uefa/,301:/noticias/uefa-y-pepsi-llevan-por-primera-vez-epico-recital-en-vivo-a-la-final-de-la-liga-de-campeones-de-la-uefa/,/noticias/uefa-y-pepsi-llevan-por-primera-vez-epico-recital-en-vivo-a-la-final-de-la-liga-de-campeones-de-la-uefa/,
5717,Publi2.0 remediación,ok,/trax-designa-a-steve-hornyak-para-dirigir-su-expansion-por-el-continente-americano/,/noticias/trax-designa-a-steve-hornyak-para-dirigir-su-expansion-por-el-continente-americano/,301:/noticias/trax-designa-a-steve-hornyak-para-dirigir-su-expansion-por-el-continente-americano/,/noticias/trax-designa-a-steve-hornyak-para-dirigir-su-expansion-por-el-continente-americano/,
5716,Publi2.0 remediación,ok,/thuraya-lanza-servicio-m2m-y-primer-terminal-que-operara-en-norteamerica/,/noticias/thuraya-lanza-servicio-m2m-y-primer-terminal-que-operara-en-norteamerica/,301:/noticias/thuraya-lanza-servicio-m2m-y-primer-terminal-que-operara-en-norteamerica/,/noticias/thuraya-lanza-servicio-m2m-y-primer-terminal-que-operara-en-norteamerica/,
5715,Publi2.0 remediación,ok,/the-home-depot-anuncia-resultados-record-del-cuarto-trimestre-y-del-ano-fiscal-2015-aumenta-el-dividendo-trimestral-en-un-17-por-ciento-y-proporciona-la-guia-para-el-ano-fiscal-2016/,/noticias/the-home-depot-anuncia-resultados-record-del-cuarto-trimestre-y-del-ano-fiscal-2015-aumenta-el-dividendo-trimestral-en-un-17-por-ciento-y-proporciona-la-guia-para-el-ano-fiscal-2016/,301:/noticias/the-home-depot-anuncia-resultados-record-del-cuarto-trimestre-y-del-ano-fiscal-2015-aumenta-el-dividendo-trimestral-en-un-17-por-ciento-y-proporciona-la-guia-para-el-ano-fiscal-2016/,/noticias/the-home-depot-anuncia-resultados-record-del-cuarto-trimestre-y-del-ano-fiscal-2015-aumenta-el-dividendo-trimestral-en-un-17-por-ciento-y-proporciona-la-guia-para-el-ano-fiscal-2016/,
5714,Publi2.0 remediación,ok,/telepizza-se-apoyara-en-master-franquiciados-locales-para-liderar-su-expansion-en-el-reino-unido/,/noticias/telepizza-se-apoyara-en-master-franquiciados-locales-para-liderar-su-expansion-en-el-reino-unido/,301:/noticias/telepizza-se-apoyara-en-master-franquiciados-locales-para-liderar-su-expansion-en-el-reino-unido/,/noticias/telepizza-se-apoyara-en-master-franquiciados-locales-para-liderar-su-expansion-en-el-reino-unido/,
5713,Publi2.0 remediación,ok,/telepizza-apuesta-por-la-master-franquicia-para-su-expansion-internacional-abrira-100-tiendas-en-10-anos-en-arabia-saudi/,/noticias/telepizza-apuesta-por-la-master-franquicia-para-su-expansion-internacional-abrira-100-tiendas-en-10-anos-en-arabia-saudi/,301:/noticias/telepizza-apuesta-por-la-master-franquicia-para-su-expansion-internacional-abrira-100-tiendas-en-10-anos-en-arabia-saudi/,/noticias/telepizza-apuesta-por-la-master-franquicia-para-su-expansion-internacional-abrira-100-tiendas-en-10-anos-en-arabia-saudi/,
5712,Publi2.0 remediación,ok,/tane-y-la-iconica-iris-apfel-colaboran-juntos-en-una-coleccion-inolvidable/,/noticias/tane-y-la-iconica-iris-apfel-colaboran-juntos-en-una-coleccion-inolvidable/,301:/noticias/tane-y-la-iconica-iris-apfel-colaboran-juntos-en-una-coleccion-inolvidable/,/noticias/tane-y-la-iconica-iris-apfel-colaboran-juntos-en-una-coleccion-inolvidable/,
5711,Publi2.0 remediación,ok,/sundyne-anuncia-un-nuevo-centro-de-servicio-autorizado-en-colombia/,/noticias/sundyne-anuncia-un-nuevo-centro-de-servicio-autorizado-en-colombia/,301:/noticias/sundyne-anuncia-un-nuevo-centro-de-servicio-autorizado-en-colombia/,/noticias/sundyne-anuncia-un-nuevo-centro-de-servicio-autorizado-en-colombia/,
5710,Publi2.0 remediación,ok,/stadler-director-ejecutivo-de-audi-planeamos-continuar-con-nuestro-crecimiento-en-2016/,/noticias/stadler-director-ejecutivo-de-audi-planeamos-continuar-con-nuestro-crecimiento-en-2016/,301:/noticias/stadler-director-ejecutivo-de-audi-planeamos-continuar-con-nuestro-crecimiento-en-2016/,/noticias/stadler-director-ejecutivo-de-audi-planeamos-continuar-con-nuestro-crecimiento-en-2016/,
5709,Publi2.0 remediación,ok,/spin-master-mexico-se-expande-con-nuevas-oficinas-corporativas-y-contrataciones-de-talento-senior/,/noticias/spin-master-mexico-se-expande-con-nuevas-oficinas-corporativas-y-contrataciones-de-talento-senior/,301:/noticias/spin-master-mexico-se-expande-con-nuevas-oficinas-corporativas-y-contrataciones-de-talento-senior/,/noticias/spin-master-mexico-se-expande-con-nuevas-oficinas-corporativas-y-contrataciones-de-talento-senior/,
5708,Publi2.0 remediación,ok,/spectra-group-y-tesacom-presentan-slingshot-en-chile/,/noticias/spectra-group-y-tesacom-presentan-slingshot-en-chile/,301:/noticias/spectra-group-y-tesacom-presentan-slingshot-en-chile/,/noticias/spectra-group-y-tesacom-presentan-slingshot-en-chile/,
5707,Publi2.0 remediación,ok,/sothebys-international-realty-amplia-la-presencia-de-su-marca-de-lujo-en-toda-la-argentina/,/noticias/sothebys-international-realty-amplia-la-presencia-de-su-marca-de-lujo-en-toda-la-argentina/,301:/noticias/sothebys-international-realty-amplia-la-presencia-de-su-marca-de-lujo-en-toda-la-argentina/,/noticias/sothebys-international-realty-amplia-la-presencia-de-su-marca-de-lujo-en-toda-la-argentina/,
5706,Publi2.0 remediación,ok,/solucion-automatizada-camds-de-ipoint-minimiza-esfuerzos-de-datos-materiales-para-la-industria-automotriz/,/noticias/solucion-automatizada-camds-de-ipoint-minimiza-esfuerzos-de-datos-materiales-para-la-industria-automotriz/,301:/noticias/solucion-automatizada-camds-de-ipoint-minimiza-esfuerzos-de-datos-materiales-para-la-industria-automotriz/,/noticias/solucion-automatizada-camds-de-ipoint-minimiza-esfuerzos-de-datos-materiales-para-la-industria-automotriz/,
5705,Publi2.0 remediación,ok,/smirnoff-lanza-la-iniciativa-equalizing-music-en-un-esfuerzo-por-duplicar-la-cantidad-de-figuras-femeninas-destacadas-para-el-ano-2020/,/noticias/smirnoff-lanza-la-iniciativa-equalizing-music-en-un-esfuerzo-por-duplicar-la-cantidad-de-figuras-femeninas-destacadas-para-el-ano-2020/,301:/noticias/smirnoff-lanza-la-iniciativa-equalizing-music-en-un-esfuerzo-por-duplicar-la-cantidad-de-figuras-femeninas-destacadas-para-el-ano-2020/,/noticias/smirnoff-lanza-la-iniciativa-equalizing-music-en-un-esfuerzo-por-duplicar-la-cantidad-de-figuras-femeninas-destacadas-para-el-ano-2020/,
5704,Publi2.0 remediación,ok,/sirva-presenta-nueva-identidad-de-marca/,/noticias/sirva-presenta-nueva-identidad-de-marca/,301:/noticias/sirva-presenta-nueva-identidad-de-marca/,/noticias/sirva-presenta-nueva-identidad-de-marca/,
5703,Publi2.0 remediación,ok,/si-tu-puedes-despedir-a-un-cliente/,/emprendimiento/liderazgo/si-tu-puedes-despedir-a-un-cliente/,301:/emprendimiento/liderazgo/si-tu-puedes-despedir-a-un-cliente/,/emprendimiento/liderazgo/si-tu-puedes-despedir-a-un-cliente/,
5702,Publi2.0 remediación,ok,/servicio-de-video-iot-smartvue-ahora-es-mas-grande-que-youtube-carga-28-millones-de-minutos-de-videovigilancia-a-diario/,/noticias/servicio-de-video-iot-smartvue-ahora-es-mas-grande-que-youtube-carga-28-millones-de-minutos-de-videovigilancia-a-diario/,301:/noticias/servicio-de-video-iot-smartvue-ahora-es-mas-grande-que-youtube-carga-28-millones-de-minutos-de-videovigilancia-a-diario/,/noticias/servicio-de-video-iot-smartvue-ahora-es-mas-grande-que-youtube-carga-28-millones-de-minutos-de-videovigilancia-a-diario/,
5701,Publi2.0 remediación,ok,/se-publica-el-estudio-sirflox-en-la-journal-of-clinical-oncology/,/noticias/se-publica-el-estudio-sirflox-en-la-journal-of-clinical-oncology/,301:/noticias/se-publica-el-estudio-sirflox-en-la-journal-of-clinical-oncology/,/noticias/se-publica-el-estudio-sirflox-en-la-journal-of-clinical-oncology/,
5700,Publi2.0 remediación,ok,/se-inaugura-el-festival-internacional-de-cortometrajes-mercy-and-justice/,/noticias/se-inaugura-el-festival-internacional-de-cortometrajes-mercy-and-justice/,301:/noticias/se-inaugura-el-festival-internacional-de-cortometrajes-mercy-and-justice/,/noticias/se-inaugura-el-festival-internacional-de-cortometrajes-mercy-and-justice/,
5699,Publi2.0 remediación,ok,/se-estrena-exhibicion-sobre-educacion-en-ddhh-en-la-sede-de-la-onu-ginebra/,/noticias/se-estrena-exhibicion-sobre-educacion-en-ddhh-en-la-sede-de-la-onu-ginebra/,301:/noticias/se-estrena-exhibicion-sobre-educacion-en-ddhh-en-la-sede-de-la-onu-ginebra/,/noticias/se-estrena-exhibicion-sobre-educacion-en-ddhh-en-la-sede-de-la-onu-ginebra/,
5698,Publi2.0 remediación,ok,/sc-johnson-venezuela-fue-reconocida-como-el-mejor-lugar-de-trabajo/,/noticias/sc-johnson-venezuela-fue-reconocida-como-el-mejor-lugar-de-trabajo/,301:/noticias/sc-johnson-venezuela-fue-reconocida-como-el-mejor-lugar-de-trabajo/,/noticias/sc-johnson-venezuela-fue-reconocida-como-el-mejor-lugar-de-trabajo/,
5697,Publi2.0 remediación,ok,/sc-johnson-reconocida-como-el-mejor-lugar-para-trabajar-en-mexico-por-decimoquinto-ano-consecutivo-en-2016/,/noticias/sc-johnson-reconocida-como-el-mejor-lugar-para-trabajar-en-mexico-por-decimoquinto-ano-consecutivo-en-2016/,301:/noticias/sc-johnson-reconocida-como-el-mejor-lugar-para-trabajar-en-mexico-por-decimoquinto-ano-consecutivo-en-2016/,/noticias/sc-johnson-reconocida-como-el-mejor-lugar-para-trabajar-en-mexico-por-decimoquinto-ano-consecutivo-en-2016/,
5696,Publi2.0 remediación,ok,/safetypay-lanza-aplicacion-y-peruvian-es-la-primera-compania-aerea-de-america-latina-en-invertir-en-la-tecnologia/,/noticias/safetypay-lanza-aplicacion-y-peruvian-es-la-primera-compania-aerea-de-america-latina-en-invertir-en-la-tecnologia/,301:/noticias/safetypay-lanza-aplicacion-y-peruvian-es-la-primera-compania-aerea-de-america-latina-en-invertir-en-la-tecnologia/,/noticias/safetypay-lanza-aplicacion-y-peruvian-es-la-primera-compania-aerea-de-america-latina-en-invertir-en-la-tecnologia/,
5695,Publi2.0 remediación,ok,/rotarios-asistieron-a-la-audiencia-del-jubileo-en-la-ciudad-del-vaticano/,/noticias/rotarios-asistieron-a-la-audiencia-del-jubileo-en-la-ciudad-del-vaticano/,301:/noticias/rotarios-asistieron-a-la-audiencia-del-jubileo-en-la-ciudad-del-vaticano/,/noticias/rotarios-asistieron-a-la-audiencia-del-jubileo-en-la-ciudad-del-vaticano/,
5694,Publi2.0 remediación,ok,/rokkan-obtiene-la-funcion-de-la-direccion-creativa-para-cafe-de-colombia/,/noticias/rokkan-obtiene-la-funcion-de-la-direccion-creativa-para-cafe-de-colombia/,301:/noticias/rokkan-obtiene-la-funcion-de-la-direccion-creativa-para-cafe-de-colombia/,/noticias/rokkan-obtiene-la-funcion-de-la-direccion-creativa-para-cafe-de-colombia/,
5693,Publi2.0 remediación,ok,/risen-energy-anuncia-los-resultados-para-el-ano-2015-completo/,/noticias/risen-energy-anuncia-los-resultados-para-el-ano-2015-completo/,301:/noticias/risen-energy-anuncia-los-resultados-para-el-ano-2015-completo/,/noticias/risen-energy-anuncia-los-resultados-para-el-ano-2015-completo/,
5692,Publi2.0 remediación,ok,/risen-coloca-22-mwp-en-europa-del-este/,/noticias/risen-coloca-22-mwp-en-europa-del-este/,301:/noticias/risen-coloca-22-mwp-en-europa-del-este/,/noticias/risen-coloca-22-mwp-en-europa-del-este/,
5691,Publi2.0 remediación,ok,/research-now-anuncia-nuevo-equipo-de-liderazgo-ejecutivo/,/noticias/research-now-anuncia-nuevo-equipo-de-liderazgo-ejecutivo/,301:/noticias/research-now-anuncia-nuevo-equipo-de-liderazgo-ejecutivo/,/noticias/research-now-anuncia-nuevo-equipo-de-liderazgo-ejecutivo/,
5690,Publi2.0 remediación,ok,/regla-de-oro-para-tu-marca-personal-contra-la-homogeneidad-se-tu-mismo/,/emprendimiento/liderazgo/regla-de-oro-para-tu-marca-personal-contra-la-homogeneidad-se-tu-mismo/,301:/emprendimiento/liderazgo/regla-de-oro-para-tu-marca-personal-contra-la-homogeneidad-se-tu-mismo/,/emprendimiento/liderazgo/regla-de-oro-para-tu-marca-personal-contra-la-homogeneidad-se-tu-mismo/,
5689,Publi2.0 remediación,ok,/reed-presenta-exposiciones-inaugurales-de-robotica-y-fabricacion-inteligente-en-tokio-desde-el-18-de-enero-de-2017/,/noticias/reed-presenta-exposiciones-inaugurales-de-robotica-y-fabricacion-inteligente-en-tokio-desde-el-18-de-enero-de-2017/,301:/noticias/reed-presenta-exposiciones-inaugurales-de-robotica-y-fabricacion-inteligente-en-tokio-desde-el-18-de-enero-de-2017/,/noticias/reed-presenta-exposiciones-inaugurales-de-robotica-y-fabricacion-inteligente-en-tokio-desde-el-18-de-enero-de-2017/,
5688,Publi2.0 remediación,ok,/reed-meriwether-se-incorpora-a-greeley-and-hansen-como-nuevo-director-gerente/,/noticias/reed-meriwether-se-incorpora-a-greeley-and-hansen-como-nuevo-director-gerente/,301:/noticias/reed-meriwether-se-incorpora-a-greeley-and-hansen-como-nuevo-director-gerente/,/noticias/reed-meriwether-se-incorpora-a-greeley-and-hansen-como-nuevo-director-gerente/,
5687,Publi2.0 remediación,ok,/reed-exhibitions-japan-hara-la-3ra-wearable-expo-del-18-al-20-de-enero-de-2017-en-tokio/,/noticias/reed-exhibitions-japan-hara-la-3ra-wearable-expo-del-18-al-20-de-enero-de-2017-en-tokio/,301:/noticias/reed-exhibitions-japan-hara-la-3ra-wearable-expo-del-18-al-20-de-enero-de-2017-en-tokio/,/noticias/reed-exhibitions-japan-hara-la-3ra-wearable-expo-del-18-al-20-de-enero-de-2017-en-tokio/,
5686,Publi2.0 remediación,ok,/reciclaje-de-eps-una-realidad-para-cuidar-el-medio-ambiente/,/noticias/reciclaje-de-eps-una-realidad-para-cuidar-el-medio-ambiente/,301:/noticias/reciclaje-de-eps-una-realidad-para-cuidar-el-medio-ambiente/,/noticias/reciclaje-de-eps-una-realidad-para-cuidar-el-medio-ambiente/,
5685,Publi2.0 remediación,ok,/ramboll-crece-28-a-pesar-de-las-dificiles-condiciones-de-mercado/,/noticias/ramboll-crece-28-a-pesar-de-las-dificiles-condiciones-de-mercado/,301:/noticias/ramboll-crece-28-a-pesar-de-las-dificiles-condiciones-de-mercado/,/noticias/ramboll-crece-28-a-pesar-de-las-dificiles-condiciones-de-mercado/,
5684,Publi2.0 remediación,ok,/rafael-valdez-de-envision-fue-nominado-como-campeon-de-la-industria-eolica-en-la-conferencia-sobre-energias-renovables-2016-de-mexico/,/noticias/rafael-valdez-de-envision-fue-nominado-como-campeon-de-la-industria-eolica-en-la-conferencia-sobre-energias-renovables-2016-de-mexico/,301:/noticias/rafael-valdez-de-envision-fue-nominado-como-campeon-de-la-industria-eolica-en-la-conferencia-sobre-energias-renovables-2016-de-mexico/,/noticias/rafael-valdez-de-envision-fue-nominado-como-campeon-de-la-industria-eolica-en-la-conferencia-sobre-energias-renovables-2016-de-mexico/,
5683,Publi2.0 remediación,ok,/rackspace-lider-en-nube-gestionada-colabora-con-impartner-para-fortalecer-la-experiencia-de-socios-de-canales/,/noticias/rackspace-lider-en-nube-gestionada-colabora-con-impartner-para-fortalecer-la-experiencia-de-socios-de-canales/,301:/noticias/rackspace-lider-en-nube-gestionada-colabora-con-impartner-para-fortalecer-la-experiencia-de-socios-de-canales/,/noticias/rackspace-lider-en-nube-gestionada-colabora-con-impartner-para-fortalecer-la-experiencia-de-socios-de-canales/,
5682,Publi2.0 remediación,ok,/que-son-las-familias-en-autodesk-revit-by-iway-magazine/,/noticias/que-son-las-familias-en-autodesk-revit-by-iway-magazine/,301:/noticias/que-son-las-familias-en-autodesk-revit-by-iway-magazine/,/noticias/que-son-las-familias-en-autodesk-revit-by-iway-magazine/,
5681,Publi2.0 remediación,ok,/que-significa-la-llegada-de-facebook-marketplace-para-las-agencias-de-autos/,/negocios/automotriz/que-significa-la-llegada-de-facebook-marketplace-para-las-agencias-de-autos/,301:/negocios/automotriz/que-significa-la-llegada-de-facebook-marketplace-para-las-agencias-de-autos/,/negocios/automotriz/que-significa-la-llegada-de-facebook-marketplace-para-las-agencias-de-autos/,
5680,Publi2.0 remediación,ok,/que-compran-en-internet-las-mujeres-de-latinoamerica/,/noticias/que-compran-en-internet-las-mujeres-de-latinoamerica/,301:/noticias/que-compran-en-internet-las-mujeres-de-latinoamerica/,/noticias/que-compran-en-internet-las-mujeres-de-latinoamerica/,
5679,Publi2.0 remediación,ok,/qs-world-university-rankings-by-subject-2017/,/noticias/qs-world-university-rankings-by-subject-2017/,301:/noticias/qs-world-university-rankings-by-subject-2017/,/noticias/qs-world-university-rankings-by-subject-2017/,
5678,Publi2.0 remediación,ok,/pymes-y-sus-marcas-la-mente-y-corazon-de-los-empresarios/,/emprendimiento/pymes/pymes-y-sus-marcas-la-mente-y-corazon-de-los-empresarios/,301:/emprendimiento/pymes/pymes-y-sus-marcas-la-mente-y-corazon-de-los-empresarios/,/emprendimiento/pymes/pymes-y-sus-marcas-la-mente-y-corazon-de-los-empresarios/,
5677,Publi2.0 remediación,ok,/puedes-haber-sido-victima-de-un-fraude-informate/,/publicidad/creatividad/puedes-haber-sido-victima-de-un-fraude-informate/,301:/publicidad/creatividad/puedes-haber-sido-victima-de-un-fraude-informate/,/publicidad/creatividad/puedes-haber-sido-victima-de-un-fraude-informate/,
5676,Publi2.0 remediación,ok,/pruebas-realizadas-por-un-laboratorio-independiente-demuestran-una-diferencia-de-rendimiento-de-hasta-el-40-entre-los-turbocargadores-para-el-mercado-postventa-originales-de-honeywell-y-sus-copias/,/noticias/pruebas-realizadas-por-un-laboratorio-independiente-demuestran-una-diferencia-de-rendimiento-de-hasta-el-40-entre-los-turbocargadores-para-el-mercado-postventa-originales-de-honeywell-y-sus-copias/,301:/noticias/pruebas-realizadas-por-un-laboratorio-independiente-demuestran-una-diferencia-de-rendimiento-de-hasta-el-40-entre-los-turbocargadores-para-el-mercado-postventa-originales-de-honeywell-y-sus-copias/,/noticias/pruebas-realizadas-por-un-laboratorio-independiente-demuestran-una-diferencia-de-rendimiento-de-hasta-el-40-entre-los-turbocargadores-para-el-mercado-postventa-originales-de-honeywell-y-sus-copias/,
5675,Publi2.0 remediación,ok,/proximamente-seran-anunciados-los-ganadores-de-la-tarjeta-verde-2017/,/noticias/proximamente-seran-anunciados-los-ganadores-de-la-tarjeta-verde-2017/,301:/noticias/proximamente-seran-anunciados-los-ganadores-de-la-tarjeta-verde-2017/,/noticias/proximamente-seran-anunciados-los-ganadores-de-la-tarjeta-verde-2017/,
5674,Publi2.0 remediación,ok,/proveedores/todo/pagina79,/publicidad/,301:/publicidad/,/publicidad/,
5673,Publi2.0 remediación,ok,/proveedores/todo/pagina76,/publicidad/,301:/publicidad/,/publicidad/,
5672,Publi2.0 remediación,ok,/proveedores/todo/pagina41,/publicidad/,301:/publicidad/,/publicidad/,
5671,Publi2.0 remediación,ok,/proveedores/todo/pagina3,/publicidad/,301:/publicidad/,/publicidad/,
5670,Publi2.0 remediación,ok,/proveedores/todo/pagina27,/publicidad/,301:/publicidad/,/publicidad/,
5669,Publi2.0 remediación,ok,/proveedores/todo/pagina25,/publicidad/,301:/publicidad/,/publicidad/,
5668,Publi2.0 remediación,ok,/proveedores/television/estudios-de-grabacion/1545-estudios-y-foros-en-renta-talento-post,/publicidad/,301:/publicidad/,/publicidad/,
5667,Publi2.0 remediación,ok,/proveedores/television/estudios-de-grabacion/1542-estudios-y-foros-en-renta-palmera-films,/publicidad/,301:/publicidad/,/publicidad/,
5666,Publi2.0 remediación,ok,/proveedores/television/estudios-de-grabacion/1540-estudios-y-foros-en-renta-56-cinco-punto-seis,/publicidad/,301:/publicidad/,/publicidad/,
5665,Publi2.0 remediación,ok,/proveedores/television/estudios-de-grabacion/1534-estudio-de-grabacion-mixtlan-producciones,/publicidad/,301:/publicidad/,/publicidad/,
5664,Publi2.0 remediación,ok,/proveedores/television/estudios-de-grabacion/1533-estudio-de-grabacion-lado-a-estudios,/publicidad/,301:/publicidad/,/publicidad/,
5663,Publi2.0 remediación,ok,/proveedores/television/estudios-de-grabacion/1532-estudio-de-grabacion-jarpa-studio,/publicidad/,301:/publicidad/,/publicidad/,
5662,Publi2.0 remediación,ok,/proveedores/television/estudios-de-grabacion/1526-estudio-de-grabacion-catapulta-studios,/publicidad/,301:/publicidad/,/publicidad/,
5661,Publi2.0 remediación,ok,/proveedores/television/estudios-de-grabacion/1520-estudio-de-grabacion-equis-cosa,/publicidad/,301:/publicidad/,/publicidad/,
5660,Publi2.0 remediación,ok,/proveedores/television/casas-productoras/todo/pagina3,/publicidad/,301:/publicidad/,/publicidad/,
5659,Publi2.0 remediación,ok,/proveedores/television/casas-productoras/todo/pagina2,/publicidad/,301:/publicidad/,/publicidad/,
5658,Publi2.0 remediación,ok,/proveedores/television/casas-productoras/todo,/publicidad/,301:/publicidad/,/publicidad/,
5657,Publi2.0 remediación,ok,/proveedores/television/casas-productoras/pagina4,/publicidad/,301:/publicidad/,/publicidad/,
5656,Publi2.0 remediación,ok,/proveedores/television/casas-productoras/pagina3,/publicidad/,301:/publicidad/,/publicidad/,
5655,Publi2.0 remediación,ok,/proveedores/television/casas-productoras/pagina2,/publicidad/,301:/publicidad/,/publicidad/,
5654,Publi2.0 remediación,ok,/proveedores/television/casas-productoras/pagina1,/publicidad/,301:/publicidad/,/publicidad/,
5653,Publi2.0 remediación,ok,/proveedores/television/casas-productoras/1711-productoras-yellow-films,/publicidad/,301:/publicidad/,/publicidad/,
5652,Publi2.0 remediación,ok,/proveedores/television/casas-productoras/1709-productoras-whiskey-films,/publicidad/,301:/publicidad/,/publicidad/,
5651,Publi2.0 remediación,ok,/proveedores/television/casas-productoras/1706-productoras-vdm-casa-productora,/publicidad/,301:/publicidad/,/publicidad/,
5650,Publi2.0 remediación,ok,/proveedores/television/casas-productoras/1705-productoras-tribu-films-producciones,/publicidad/,301:/publicidad/,/publicidad/,
5649,Publi2.0 remediación,ok,/proveedores/television/casas-productoras/1703-productoras-tiempo-y-tono-films/contactar,/publicidad/,301:/publicidad/,/publicidad/,
5648,Publi2.0 remediación,ok,/proveedores/television/casas-productoras/1703-productoras-tiempo-y-tono-films,/publicidad/,301:/publicidad/,/publicidad/,
5647,Publi2.0 remediación,ok,/proveedores/television/casas-productoras/1702-productoras-the-maestros,/publicidad/,301:/publicidad/,/publicidad/,
5646,Publi2.0 remediación,ok,/proveedores/television/casas-productoras/1701-productoras-terciopelo-films,/publicidad/,301:/publicidad/,/publicidad/,
5645,Publi2.0 remediación,ok,/proveedores/television/casas-productoras/1699-productoras-suitechocolate,/publicidad/,301:/publicidad/,/publicidad/,
5644,Publi2.0 remediación,ok,/proveedores/television/casas-productoras/1698-productoras-suave-films,/publicidad/,301:/publicidad/,/publicidad/,
5643,Publi2.0 remediación,ok,/proveedores/television/casas-productoras/1693-productoras-silver-media-studio,/publicidad/,301:/publicidad/,/publicidad/,
5642,Publi2.0 remediación,ok,/proveedores/television/casas-productoras/1690-productoras-retro-studio,/publicidad/,301:/publicidad/,/publicidad/,
5641,Publi2.0 remediación,ok,/proveedores/television/casas-productoras/1686-productoras-planeta-films,/publicidad/,301:/publicidad/,/publicidad/,
5640,Publi2.0 remediación,ok,/proveedores/television/casas-productoras/1683-productoras-peliculas-imaginarias,/publicidad/,301:/publicidad/,/publicidad/,
5639,Publi2.0 remediación,ok,/proveedores/television/casas-productoras/1678-productoras-muela-producciones,/publicidad/,301:/publicidad/,/publicidad/,
5638,Publi2.0 remediación,ok,/proveedores/television/casas-productoras/1677-productoras-metro-producciones,/publicidad/,301:/publicidad/,/publicidad/,
5637,Publi2.0 remediación,ok,/proveedores/television/casas-productoras/1672-productoras-the-lift,/publicidad/,301:/publicidad/,/publicidad/,
5636,Publi2.0 remediación,ok,/proveedores/television/casas-productoras/1667-productoras-la-fabrica-films,/publicidad/,301:/publicidad/,/publicidad/,
5635,Publi2.0 remediación,ok,/proveedores/television/casas-productoras/1665-productoras-kreatta-producciones,/publicidad/,301:/publicidad/,/publicidad/,
5634,Publi2.0 remediación,ok,/proveedores/television/casas-productoras/1664-productoras-käfer-producciones,/publicidad/,301:/publicidad/,/publicidad/,
5633,Publi2.0 remediación,ok,/proveedores/television/casas-productoras/1663-productoras-imax-producciones,/publicidad/,301:/publicidad/,/publicidad/,
5632,Publi2.0 remediación,ok,/proveedores/television/casas-productoras/1660-productoras-hormiga-films,/publicidad/,301:/publicidad/,/publicidad/,
5631,Publi2.0 remediación,ok,/proveedores/television/casas-productoras/1657-productoras-gelatina-films/contactar,/publicidad/,301:/publicidad/,/publicidad/,
5630,Publi2.0 remediación,ok,/proveedores/television/casas-productoras/1657-productoras-gelatina-films,/publicidad/,301:/publicidad/,/publicidad/,
5629,Publi2.0 remediación,ok,/proveedores/television/casas-productoras/1656-productoras-garcia-bross-y-asociados,/publicidad/,301:/publicidad/,/publicidad/,
5628,Publi2.0 remediación,ok,/proveedores/television/casas-productoras/1652-productoras-fc-films,/publicidad/,301:/publicidad/,/publicidad/,
5627,Publi2.0 remediación,ok,/proveedores/television/casas-productoras/1650-productoras-espejo-y-asociados,/publicidad/,301:/publicidad/,/publicidad/,
5626,Publi2.0 remediación,ok,/proveedores/television/casas-productoras/1649-productoras-elote-films,/publicidad/,301:/publicidad/,/publicidad/,
5625,Publi2.0 remediación,ok,/proveedores/television/casas-productoras/1648-productoras-el-mall,/publicidad/,301:/publicidad/,/publicidad/,
5624,Publi2.0 remediación,ok,/proveedores/television/casas-productoras/1646-productoras-elemento-producciones,/publicidad/,301:/publicidad/,/publicidad/,
5623,Publi2.0 remediación,ok,/proveedores/television/casas-productoras/1645-productoras-distrito-films,/publicidad/,301:/publicidad/,/publicidad/,
5622,Publi2.0 remediación,ok,/proveedores/television/casas-productoras/1644-productoras-dr-comunicacion,/publicidad/,301:/publicidad/,/publicidad/,
5621,Publi2.0 remediación,ok,/proveedores/television/casas-productoras/1641-productoras-cineconcepto,/publicidad/,301:/publicidad/,/publicidad/,
5620,Publi2.0 remediación,ok,/proveedores/television/casas-productoras/1640-productoras-ciberfilms,/publicidad/,301:/publicidad/,/publicidad/,
5619,Publi2.0 remediación,ok,/proveedores/television/casas-productoras/1638-productoras-chapulte-pictures,/publicidad/,301:/publicidad/,/publicidad/,
5618,Publi2.0 remediación,ok,/proveedores/television/casas-productoras/1637-productoras-central-films,/publicidad/,301:/publicidad/,/publicidad/,
5617,Publi2.0 remediación,ok,/proveedores/television/casas-productoras/1634-productoras-la-casa-productora,/publicidad/,301:/publicidad/,/publicidad/,
5616,Publi2.0 remediación,ok,/proveedores/television/casas-productoras/1633-productoras-casa-12-producciones,/publicidad/,301:/publicidad/,/publicidad/,
5615,Publi2.0 remediación,ok,/proveedores/television/casas-productoras/1631-productoras-cantarranas-films,/publicidad/,301:/publicidad/,/publicidad/,
5614,Publi2.0 remediación,ok,/proveedores/television/casas-productoras/1626-productoras-byg-studio,/publicidad/,301:/publicidad/,/publicidad/,
5613,Publi2.0 remediación,ok,/proveedores/television/casas-productoras/1625-productoras-bulldog-films,/publicidad/,301:/publicidad/,/publicidad/,
5612,Publi2.0 remediación,ok,/proveedores/television/casas-productoras/1624-productoras-brixton-films,/publicidad/,301:/publicidad/,/publicidad/,
5611,Publi2.0 remediación,ok,/proveedores/television/casas-productoras/1623-productoras-bit-produccion-de-medios-digitales,/publicidad/,301:/publicidad/,/publicidad/,
5610,Publi2.0 remediación,ok,/proveedores/television/casas-productoras/1622-productoras-bitbang-studio,/publicidad/,301:/publicidad/,/publicidad/,
5609,Publi2.0 remediación,ok,/proveedores/television/casas-productoras/1621-productoras-betelfilms,/publicidad/,301:/publicidad/,/publicidad/,
5608,Publi2.0 remediación,ok,/proveedores/television/casas-productoras/1616-productoras-armar-producciones,/publicidad/,301:/publicidad/,/publicidad/,
5607,Publi2.0 remediación,ok,/proveedores/television/casas-productoras/1614-productoras-ares-producciones,/publicidad/,301:/publicidad/,/publicidad/,
5606,Publi2.0 remediación,ok,/proveedores/television/casas-productoras/1613-productoras-arbol-cine,/publicidad/,301:/publicidad/,/publicidad/,
5605,Publi2.0 remediación,ok,/proveedores/television/casas-productoras/1610-productoras-anima-estudios,/publicidad/,301:/publicidad/,/publicidad/,
5604,Publi2.0 remediación,ok,/proveedores/television/casas-productoras/1609-productoras-altavision-producciones-sc,/publicidad/,301:/publicidad/,/publicidad/,
5603,Publi2.0 remediación,ok,/proveedores/television/casas-productoras/1606-productoras-adicta-films,/publicidad/,301:/publicidad/,/publicidad/,
5602,Publi2.0 remediación,ok,/proveedores/television/casas-productoras/1603-productoras-1910-films,/publicidad/,301:/publicidad/,/publicidad/,
5601,Publi2.0 remediación,ok,/proveedores/television/casas-productoras,/publicidad/,301:/publicidad/,/publicidad/,
5600,Publi2.0 remediación,ok,/proveedores/television/54-tv-promo-s-a-de-c-v,/publicidad/,301:/publicidad/,/publicidad/,
5599,Publi2.0 remediación,ok,/proveedores/television/1516-estudio-de-animacion-cluster-studio,/publicidad/,301:/publicidad/,/publicidad/,
5598,Publi2.0 remediación,ok,/proveedores/television/1515-estudio-de-animacion-cinema-fantasma,/publicidad/,301:/publicidad/,/publicidad/,
5597,Publi2.0 remediación,ok,/proveedores/television/1513-doblaje-y-subtitulaje-rgb-21,/publicidad/,301:/publicidad/,/publicidad/,
5596,Publi2.0 remediación,ok,/proveedores/television/1512-doblaje-y-subtitulaje-prime-dubb,/publicidad/,301:/publicidad/,/publicidad/,
5595,Publi2.0 remediación,ok,/proveedores/television/1511-doblaje-y-subtitulaje-new-art-dub,/publicidad/,301:/publicidad/,/publicidad/,
5594,Publi2.0 remediación,ok,/proveedores/television/1508-doblaje-y-subtitulaje-digifilm,/publicidad/,301:/publicidad/,/publicidad/,
5593,Publi2.0 remediación,ok,/proveedores/television/1506-doblaje-y-subtitulaje-candiani-dubbing-studios,/publicidad/,301:/publicidad/,/publicidad/,
5592,Publi2.0 remediación,ok,/proveedores/stands-y-display/todo,/publicidad/,301:/publicidad/,/publicidad/,
5591,Publi2.0 remediación,ok,/proveedores/stands-y-display/renta-de-equipo-audiovisual/44-fdfoco,/publicidad/,301:/publicidad/,/publicidad/,
5590,Publi2.0 remediación,ok,/proveedores/stands-y-display/39-expomex,/publicidad/,301:/publicidad/,/publicidad/,
5589,Publi2.0 remediación,ok,/proveedores/stands-y-display/236-expo-display-de-queretaro-renta-sa-de-cv,/publicidad/,301:/publicidad/,/publicidad/,
5588,Publi2.0 remediación,ok,/proveedores/stands-y-display/1727-stands-y-displays-stand-123,/publicidad/,301:/publicidad/,/publicidad/,
5587,Publi2.0 remediación,ok,/proveedores/stands-y-display/1725-stands-y-displays-instintos-creativos,/publicidad/,301:/publicidad/,/publicidad/,
5586,Publi2.0 remediación,ok,/proveedores/stands-y-display/1723-stands-y-displays-grupo-tochijara,/publicidad/,301:/publicidad/,/publicidad/,
5585,Publi2.0 remediación,ok,/proveedores/stands-y-display/1722-stands-y-displays-grupo-om,/publicidad/,301:/publicidad/,/publicidad/,
5584,Publi2.0 remediación,ok,/proveedores/stands-y-display,/publicidad/,301:/publicidad/,/publicidad/,
5583,Publi2.0 remediación,ok,/proveedores/revistas-media-kit/universitarias/12-integra-df,/publicidad/,301:/publicidad/,/publicidad/,
5582,Publi2.0 remediación,ok,/proveedores/revistas-media-kit/568-revista-progreso,/publicidad/,301:/publicidad/,/publicidad/,
5581,Publi2.0 remediación,ok,/proveedores/revistas-media-kit,/publicidad/,301:/publicidad/,/publicidad/,
5580,Publi2.0 remediación,ok,/proveedores/radio/doblaje-y-locucion/818-agencia-de-locutores-tm-locutores,/publicidad/,301:/publicidad/,/publicidad/,
5579,Publi2.0 remediación,ok,/proveedores/radio/doblaje-y-locucion/817-agencia-de-locutores-palestino-y-asociados/contactar,/publicidad/,301:/publicidad/,/publicidad/,
5578,Publi2.0 remediación,ok,/proveedores/radio/doblaje-y-locucion/817-agencia-de-locutores-palestino-y-asociados,/publicidad/,301:/publicidad/,/publicidad/,
5577,Publi2.0 remediación,ok,/proveedores/radio/doblaje-y-locucion/816-agencia-de-locutores-ronin-locutores,/publicidad/,301:/publicidad/,/publicidad/,
5576,Publi2.0 remediación,ok,/proveedores/radio/doblaje-y-locucion/815-agencia-de-locutores-produccion-coordinada,/publicidad/,301:/publicidad/,/publicidad/,
5575,Publi2.0 remediación,ok,/proveedores/radio/doblaje-y-locucion/814-agencia-de-locutores-manhattan-beat,/publicidad/,301:/publicidad/,/publicidad/,
5574,Publi2.0 remediación,ok,/proveedores/radio/doblaje-y-locucion/810-agencia-de-locutores-bomberazostv,/publicidad/,301:/publicidad/,/publicidad/,
5573,Publi2.0 remediación,ok,/proveedores/radio/doblaje-y-locucion/808-agencia-de-locutores-allegro-publicitario,/publicidad/,301:/publicidad/,/publicidad/,
5572,Publi2.0 remediación,ok,/proveedores/radio/doblaje-y-locucion,/publicidad/,301:/publicidad/,/publicidad/,
5571,Publi2.0 remediación,ok,/proveedores/radio/94-ad-medios-s-a-de-c-v,/publicidad/,301:/publicidad/,/publicidad/,
5570,Publi2.0 remediación,ok,/proveedores/radio/622-grupo-radio-mexico-cuidad-juarez-s-a-de-c-v,/publicidad/,301:/publicidad/,/publicidad/,
5569,Publi2.0 remediación,ok,/proveedores/radio/51-nucleo-radio-mil-s-a-de-c-v,/publicidad/,301:/publicidad/,/publicidad/,
5568,Publi2.0 remediación,ok,/proveedores/radio/489-radiodifusoras-y-televisoras-de-occidente-s-a-de-c-v,/publicidad/,301:/publicidad/,/publicidad/,
5567,Publi2.0 remediación,ok,/proveedores/radio/445-organizacion-radiofonica-de-chihuahua-s-a,/publicidad/,301:/publicidad/,/publicidad/,
5566,Publi2.0 remediación,ok,/proveedores/radio/416-radio-america-de-mexico-sa-de-cv,/publicidad/,301:/publicidad/,/publicidad/,
5565,Publi2.0 remediación,ok,/proveedores/radio,/publicidad/,301:/publicidad/,/publicidad/,
5564,Publi2.0 remediación,ok,/proveedores/publicidad-exterior/pagina1,/publicidad/,301:/publicidad/,/publicidad/,
5563,Publi2.0 remediación,ok,/proveedores/publicidad-exterior/mexibus/todo,/publicidad/,301:/publicidad/,/publicidad/,
5562,Publi2.0 remediación,ok,/proveedores/publicidad-exterior/espectaculares-mexico/210-rcg-espectaculares-sa-de-cv,/publicidad/,301:/publicidad/,/publicidad/,
5561,Publi2.0 remediación,ok,/proveedores/publicidad-exterior/espectaculares-mexico/142-espacios-publicitarios-estrategicos-s-a-de-c-v,/publicidad/,301:/publicidad/,/publicidad/,
5560,Publi2.0 remediación,ok,/proveedores/publicidad-exterior/espectaculares-mexico/100-vendor-publicidad-exterior-s-de-rl-de-cv,/publicidad/,301:/publicidad/,/publicidad/,
5559,Publi2.0 remediación,ok,/proveedores/publicidad-exterior/espectaculares-mexico,/publicidad/,301:/publicidad/,/publicidad/,
5558,Publi2.0 remediación,ok,/proveedores/publicidad-exterior/685-atm-espectaculares-s-a-de-c-v,/publicidad/,301:/publicidad/,/publicidad/,
5557,Publi2.0 remediación,ok,/proveedores/publicidad-exterior/57-aztral-publicidad-exterior-s-a-de-c-v,/publicidad/,301:/publicidad/,/publicidad/,
5556,Publi2.0 remediación,ok,/proveedores/publicidad-exterior/526-unipolares-y-espectaculares-del-norte-s-a-de-c-v,/publicidad/,301:/publicidad/,/publicidad/,
5555,Publi2.0 remediación,ok,/proveedores/publicidad-exterior/474-display-publicidad-exterior-s-a-de-c-v,/publicidad/,301:/publicidad/,/publicidad/,
5554,Publi2.0 remediación,ok,/proveedores/publicidad-exterior/374-clarol-publicidad-exterior-s-c,/publicidad/,301:/publicidad/,/publicidad/,
5553,Publi2.0 remediación,ok,/proveedores/publicidad-exterior/326-ads-publicidad-total-srl-de-cv,/publicidad/,301:/publicidad/,/publicidad/,
5552,Publi2.0 remediación,ok,/proveedores/publicidad-exterior/314-vendor-publicidad-exterior-s-de-rl-de-c-v/contactar,/publicidad/,301:/publicidad/,/publicidad/,
5551,Publi2.0 remediación,ok,/proveedores/publicidad-exterior/314-vendor-publicidad-exterior-s-de-rl-de-c-v,/publicidad/,301:/publicidad/,/publicidad/,
5550,Publi2.0 remediación,ok,/proveedores/publicidad-exterior/250-difusion-exterior-s-a-de-c-v,/publicidad/,301:/publicidad/,/publicidad/,
5549,Publi2.0 remediación,ok,/proveedores/publicidad-exterior/234-vendor-publicidad-exterior-s-de-r-l-de-cv,/publicidad/,301:/publicidad/,/publicidad/,
5548,Publi2.0 remediación,ok,/proveedores/publicidad-exterior/171-publisitios-de-mexico-sa-de-cv,/publicidad/,301:/publicidad/,/publicidad/,
5547,Publi2.0 remediación,ok,/proveedores/publicidad-exterior/1145-agencia-de-publicidad-exterior-wachovia,/publicidad/,301:/publicidad/,/publicidad/,
5546,Publi2.0 remediación,ok,/proveedores/publicidad-exterior/1144-agencia-de-publicidad-exterior-vendor,/publicidad/,301:/publicidad/,/publicidad/,
5545,Publi2.0 remediación,ok,/proveedores/publicidad-exterior/1143-agencia-de-publicidad-exterior-vanguardia-publicitaria,/publicidad/,301:/publicidad/,/publicidad/,
5544,Publi2.0 remediación,ok,/proveedores/publicidad-exterior/1142-agencia-de-publicidad-exterior-strada-publicidad/recomendar,/publicidad/,301:/publicidad/,/publicidad/,
5543,Publi2.0 remediación,ok,/proveedores/publicidad-exterior/1142-agencia-de-publicidad-exterior-strada-publicidad/contactar,/publicidad/,301:/publicidad/,/publicidad/,
5542,Publi2.0 remediación,ok,/proveedores/publicidad-exterior/1142-agencia-de-publicidad-exterior-strada-publicidad,/publicidad/,301:/publicidad/,/publicidad/,
5541,Publi2.0 remediación,ok,/proveedores/publicidad-exterior/1140-agencia-de-publicidad-exterior-publisitios,/publicidad/,301:/publicidad/,/publicidad/,
5540,Publi2.0 remediación,ok,/proveedores/publicidad-exterior/1138-agencia-de-publicidad-exterior-pm-on-street,/publicidad/,301:/publicidad/,/publicidad/,
5539,Publi2.0 remediación,ok,/proveedores/publicidad-exterior/1137-agencia-de-publicidad-exterior-mepexsa,/publicidad/,301:/publicidad/,/publicidad/,
5538,Publi2.0 remediación,ok,/proveedores/publicidad-exterior/1133-agencia-de-publicidad-exterior-publicidad-exterior-lagunas,/publicidad/,301:/publicidad/,/publicidad/,
5537,Publi2.0 remediación,ok,/proveedores/publicidad-exterior/1132-agencia-de-publicidad-exterior-isa-corporativo,/publicidad/,301:/publicidad/,/publicidad/,
5536,Publi2.0 remediación,ok,/proveedores/publicidad-exterior/1131-agencia-de-publicidad-exterior-grupo-imu,/publicidad/,301:/publicidad/,/publicidad/,
5535,Publi2.0 remediación,ok,/proveedores/publicidad-exterior/1130-agencia-de-publicidad-exterior-impacto-capital,/publicidad/,301:/publicidad/,/publicidad/,
5534,Publi2.0 remediación,ok,/proveedores/publicidad-exterior/1129-agencia-de-publicidad-exterior-grupo-rentable,/publicidad/,301:/publicidad/,/publicidad/,
5533,Publi2.0 remediación,ok,/proveedores/publicidad-exterior/1128-agencia-de-publicidad-exterior-cencom,/publicidad/,301:/publicidad/,/publicidad/,
5532,Publi2.0 remediación,ok,/proveedores/publicidad-exterior/1126-agencia-de-publicidad-exterior-5m2,/publicidad/,301:/publicidad/,/publicidad/,
5531,Publi2.0 remediación,ok,/proveedores/publicidad-exterior/1125-agencia-de-publicidad-exterior-casa-publicidad-y-asociados,/publicidad/,301:/publicidad/,/publicidad/,
5530,Publi2.0 remediación,ok,/proveedores/publicidad-exterior/1123-agencia-de-publicidad-exterior-cadpro-vallas-moviles,/publicidad/,301:/publicidad/,/publicidad/,
5529,Publi2.0 remediación,ok,/proveedores/publicidad-exterior/1-fama-impresos-df/contactar,/publicidad/,301:/publicidad/,/publicidad/,
5528,Publi2.0 remediación,ok,/proveedores/publicidad-exterior/1-fama-impresos-df,/publicidad/,301:/publicidad/,/publicidad/,
5527,Publi2.0 remediación,ok,/proveedores/publicidad-exterior,/publicidad/,301:/publicidad/,/publicidad/,
5526,Publi2.0 remediación,ok,/proveedores/promocionales/todo/pagina2,/publicidad/,301:/publicidad/,/publicidad/,
5525,Publi2.0 remediación,ok,/proveedores/promocionales/todo,/publicidad/,301:/publicidad/,/publicidad/,
5524,Publi2.0 remediación,ok,/proveedores/promocionales/pagina1,/publicidad/,301:/publicidad/,/publicidad/,
5523,Publi2.0 remediación,ok,/proveedores/promocionales/articulos-promocionales/todo,/publicidad/,301:/publicidad/,/publicidad/,
5522,Publi2.0 remediación,ok,/proveedores/promocionales/articulos-promocionales/71-medios-publicitarios-e-investigacion-sa-de-cv/contactar,/publicidad/,301:/publicidad/,/publicidad/,
5521,Publi2.0 remediación,ok,/proveedores/promocionales/articulos-promocionales/71-medios-publicitarios-e-investigacion-sa-de-cv,/publicidad/,301:/publicidad/,/publicidad/,
5520,Publi2.0 remediación,ok,/proveedores/promocionales/articulos-promocionales/630-servicios-publicitarios-publiram,/publicidad/,301:/publicidad/,/publicidad/,
5519,Publi2.0 remediación,ok,/proveedores/promocionales/articulos-promocionales/599-corporacion-publicitaria-rg-sa-de-cv,/publicidad/,301:/publicidad/,/publicidad/,
5518,Publi2.0 remediación,ok,/proveedores/promocionales/articulos-promocionales/257-grupo-publicitario-cerle-s-de-rl-de-cv/contactar,/publicidad/,301:/publicidad/,/publicidad/,
5517,Publi2.0 remediación,ok,/proveedores/promocionales/articulos-promocionales/257-grupo-publicitario-cerle-s-de-rl-de-cv,/publicidad/,301:/publicidad/,/publicidad/,
5516,Publi2.0 remediación,ok,/proveedores/promocionales/articulos-promocionales/237-secorp-vision-publicitaria-s-de-rl-de-cv,/publicidad/,301:/publicidad/,/publicidad/,
5515,Publi2.0 remediación,ok,/proveedores/promocionales/articulos-promocionales/127-publicitarios-del-norte-de-mexico-s-a-de-c-v,/publicidad/,301:/publicidad/,/publicidad/,
5514,Publi2.0 remediación,ok,/proveedores/promocionales/articulos-promocionales,/publicidad/,301:/publicidad/,/publicidad/,
5513,Publi2.0 remediación,ok,/proveedores/promocionales/637-grupo-namis-negocios-alianzas-medios-interactivos-sa-de-cv,/publicidad/,301:/publicidad/,/publicidad/,
5512,Publi2.0 remediación,ok,/proveedores/promocionales/531-click-articulos-promocionales-s-a-de-c-v,/publicidad/,301:/publicidad/,/publicidad/,
5511,Publi2.0 remediación,ok,/proveedores/promocionales/518-giro-promocional-de-occidente-s-a-de-c-v,/publicidad/,301:/publicidad/,/publicidad/,
5510,Publi2.0 remediación,ok,/proveedores/promocionales/457-promotora-de-medios-de-comunicacion-sa-de-cv,/publicidad/,301:/publicidad/,/publicidad/,
5509,Publi2.0 remediación,ok,/proveedores/promocionales/455-promoser-grupo-publicitario-s-r-l-de-c-v,/publicidad/,301:/publicidad/,/publicidad/,
5508,Publi2.0 remediación,ok,/proveedores/promocionales/430-promoshape-s-de-rl-de-cv,/publicidad/,301:/publicidad/,/publicidad/,
5507,Publi2.0 remediación,ok,/proveedores/promocionales/347-promo-rigba-internacional-s-de-rl-de-cv,/publicidad/,301:/publicidad/,/publicidad/,
5506,Publi2.0 remediación,ok,/proveedores/promocionales/346-promo-rigba-internacional-s-de-rl-de-cv,/publicidad/,301:/publicidad/,/publicidad/,
5505,Publi2.0 remediación,ok,/proveedores/promocionales/340-marketing-and-promotion-s-a-de-c-v,/publicidad/,301:/publicidad/,/publicidad/,
5504,Publi2.0 remediación,ok,/proveedores/promocionales/338-promoser-grupo-publicitario-s-de-r-l-de-c-v,/publicidad/,301:/publicidad/,/publicidad/,
5503,Publi2.0 remediación,ok,/proveedores/promocionales/305-promociones-acevedo,/publicidad/,301:/publicidad/,/publicidad/,
5502,Publi2.0 remediación,ok,/proveedores/promocionales/235-reconocimientos-y-promocionales-mexcio-sa-de-cv,/publicidad/,301:/publicidad/,/publicidad/,
5501,Publi2.0 remediación,ok,/proveedores/promocionales/186-comercializadora-de-promocionales-ideas-de-puebla-sa-de-cv,/publicidad/,301:/publicidad/,/publicidad/,
5500,Publi2.0 remediación,ok,/proveedores/promocionales/164-active-promotions-s-a-de-c-v,/publicidad/,301:/publicidad/,/publicidad/,
5499,Publi2.0 remediación,ok,/proveedores/promocionales/146-imaginacion-promocional-s-a-de-c-v/contactar,/publicidad/,301:/publicidad/,/publicidad/,
5498,Publi2.0 remediación,ok,/proveedores/promocionales/146-imaginacion-promocional-s-a-de-c-v,/publicidad/,301:/publicidad/,/publicidad/,
5497,Publi2.0 remediación,ok,/proveedores/promocionales/1367-articulos-promocionales-promoline,/publicidad/,301:/publicidad/,/publicidad/,
5496,Publi2.0 remediación,ok,/proveedores/promocionales/1366-articulos-promocionales-linkar-publicidad,/publicidad/,301:/publicidad/,/publicidad/,
5495,Publi2.0 remediación,ok,/proveedores/promocionales/1364-articulos-promocionales-gimmick,/publicidad/,301:/publicidad/,/publicidad/,
5494,Publi2.0 remediación,ok,/proveedores/promocionales,/publicidad/,301:/publicidad/,/publicidad/,
5493,Publi2.0 remediación,ok,/proveedores/pop/displays,/publicidad/,301:/publicidad/,/publicidad/,
5492,Publi2.0 remediación,ok,/proveedores/pop/1363-agencias-de-publicidad-pop-grupo-rubrica,/publicidad/,301:/publicidad/,/publicidad/,
5491,Publi2.0 remediación,ok,/proveedores/pop/1362-agencias-de-publicidad-pop-pulso-tec,/publicidad/,301:/publicidad/,/publicidad/,
5490,Publi2.0 remediación,ok,/proveedores/pop/1360-agencias-de-publicidad-pop-exhibipop,/publicidad/,301:/publicidad/,/publicidad/,
5489,Publi2.0 remediación,ok,/proveedores/pop,/publicidad/,301:/publicidad/,/publicidad/,
5488,Publi2.0 remediación,ok,/proveedores/pagina7,/publicidad/,301:/publicidad/,/publicidad/,
5487,Publi2.0 remediación,ok,/proveedores/pagina6,/publicidad/,301:/publicidad/,/publicidad/,
5486,Publi2.0 remediación,ok,/proveedores/pagina4,/publicidad/,301:/publicidad/,/publicidad/,
5485,Publi2.0 remediación,ok,/proveedores/pagina2,/publicidad/,301:/publicidad/,/publicidad/,
5484,Publi2.0 remediación,ok,/proveedores/medios-alternos/66-anuncios-en-directorios-s-a-de-c-v/contactar,/publicidad/,301:/publicidad/,/publicidad/,
5483,Publi2.0 remediación,ok,/proveedores/medios-alternos/425-anuncios-en-directorios-s-a-de-c-v,/publicidad/,301:/publicidad/,/publicidad/,
5482,Publi2.0 remediación,ok,/proveedores/medios-alternos/394-anuncios-en-directorios-s-a-de-c-v,/publicidad/,301:/publicidad/,/publicidad/,
5481,Publi2.0 remediación,ok,/proveedores/medios-alternos/260-anuncios-en-directorios-sa-de-cv,/publicidad/,301:/publicidad/,/publicidad/,
5480,Publi2.0 remediación,ok,/proveedores/medios-alternos/185-anuncios-de-directorios-s-a-de-c-v,/publicidad/,301:/publicidad/,/publicidad/,
5479,Publi2.0 remediación,ok,/proveedores/medios-alternos/176-anuncios-exitosos-en-internet-s-a-de-c-v,/publicidad/,301:/publicidad/,/publicidad/,
5478,Publi2.0 remediación,ok,/proveedores/medios-alternos,/publicidad/,301:/publicidad/,/publicidad/,
5477,Publi2.0 remediación,ok,/proveedores/marketing-digital/890-agencia-de-marketing-digital-t2o-media-mexico,/mercadotecnia/,301:/mercadotecnia/,/mercadotecnia/,
5476,Publi2.0 remediación,ok,/proveedores/marketing-digital/882-agencia-de-marketing-digital-publiclick,/mercadotecnia/,301:/mercadotecnia/,/mercadotecnia/,
5475,Publi2.0 remediación,ok,/proveedores/marketing-digital/874-agencia-de-marketing-digital-ontwice-interactive-marketing,/mercadotecnia/,301:/mercadotecnia/,/mercadotecnia/,
5474,Publi2.0 remediación,ok,/proveedores/marketing-digital/872-agencia-de-marketing-digital-nativo-digital,/mercadotecnia/,301:/mercadotecnia/,/mercadotecnia/,
5473,Publi2.0 remediación,ok,/proveedores/marketing-digital/870-agencia-de-marketing-digital-metrica-btl-y-digital,/mercadotecnia/,301:/mercadotecnia/,/mercadotecnia/,
5472,Publi2.0 remediación,ok,/proveedores/marketing-digital/868-agencia-de-marketing-digital-merca-3w,/mercadotecnia/,301:/mercadotecnia/,/mercadotecnia/,
5471,Publi2.0 remediación,ok,/proveedores/marketing-digital/857-agencia-de-marketing-digital-klein-und-gross,/mercadotecnia/,301:/mercadotecnia/,/mercadotecnia/,
5470,Publi2.0 remediación,ok,/proveedores/marketing-digital/856-agencia-de-marketing-digital-kamikaze-lab,/mercadotecnia/,301:/mercadotecnia/,/mercadotecnia/,
5469,Publi2.0 remediación,ok,/proveedores/marketing-digital/855-agencia-de-marketing-digital-jetclic,/mercadotecnia/,301:/mercadotecnia/,/mercadotecnia/,
5468,Publi2.0 remediación,ok,/proveedores/marketing-digital/850-agencia-de-marketing-digital-icrossing,/mercadotecnia/,301:/mercadotecnia/,/mercadotecnia/,
5467,Publi2.0 remediación,ok,/proveedores/marketing-digital/848-agencia-de-marketing-digital-garritz-online-media,/mercadotecnia/,301:/mercadotecnia/,/mercadotecnia/,
5466,Publi2.0 remediación,ok,/proveedores/marketing-digital/841-agencia-de-marketing-digital-elogia-mexico,/mercadotecnia/,301:/mercadotecnia/,/mercadotecnia/,
5465,Publi2.0 remediación,ok,/proveedores/marketing-digital/840-agencia-de-marketing-digital-dm-playbook,/mercadotecnia/,301:/mercadotecnia/,/mercadotecnia/,
5464,Publi2.0 remediación,ok,/proveedores/marketing-digital/837-agencia-de-marketing-digital-cubos-web,/mercadotecnia/,301:/mercadotecnia/,/mercadotecnia/,
5463,Publi2.0 remediación,ok,/proveedores/marketing-digital/836-agencia-de-marketing-digital-crossmedia,/mercadotecnia/,301:/mercadotecnia/,/mercadotecnia/,
5462,Publi2.0 remediación,ok,/proveedores/marketing-digital/834-agencia-de-marketing-digital-coco-marketing,/mercadotecnia/,301:/mercadotecnia/,/mercadotecnia/,
5461,Publi2.0 remediación,ok,/proveedores/marketing-digital/832-agencia-de-marketing-digital-clicker-360,/mercadotecnia/,301:/mercadotecnia/,/mercadotecnia/,
5460,Publi2.0 remediación,ok,/proveedores/marketing-digital/823-agencia-de-marketing-digital-arena-media,/mercadotecnia/,301:/mercadotecnia/,/mercadotecnia/,
5459,Publi2.0 remediación,ok,/proveedores/marketing-digital/822-agencia-de-marketing-digital-antevenio-mexico,/mercadotecnia/,301:/mercadotecnia/,/mercadotecnia/,
5458,Publi2.0 remediación,ok,/proveedores/marketing-digital/819-agencia-de-marketing-digital-abaco-digital,/mercadotecnia/,301:/mercadotecnia/,/mercadotecnia/,
5457,Publi2.0 remediación,ok,/proveedores/marketing-digital/1257-agencia-digital-zetabe/contactar,/mercadotecnia/,301:/mercadotecnia/,/mercadotecnia/,
5456,Publi2.0 remediación,ok,/proveedores/marketing-digital/1256-agencia-digital-toro-digital,/mercadotecnia/,301:/mercadotecnia/,/mercadotecnia/,
5455,Publi2.0 remediación,ok,/proveedores/marketing-digital/1253-agencia-digital-render-farm-studios,/mercadotecnia/,301:/mercadotecnia/,/mercadotecnia/,
5454,Publi2.0 remediación,ok,/proveedores/marketing-digital/1252-agencia-digital-rancho-digital/contactar,/mercadotecnia/,301:/mercadotecnia/,/mercadotecnia/,
5453,Publi2.0 remediación,ok,/proveedores/marketing-digital/1252-agencia-digital-rancho-digital,/mercadotecnia/,301:/mercadotecnia/,/mercadotecnia/,
5452,Publi2.0 remediación,ok,/proveedores/marketing-digital/1250-agencia-digital-otromexico-sc,/mercadotecnia/,301:/mercadotecnia/,/mercadotecnia/,
5451,Publi2.0 remediación,ok,/proveedores/marketing-digital/1245-agencia-digital-lunave,/mercadotecnia/,301:/mercadotecnia/,/mercadotecnia/,
5450,Publi2.0 remediación,ok,/proveedores/marketing-digital/1237-agencia-digital-hello-mexico,/mercadotecnia/,301:/mercadotecnia/,/mercadotecnia/,
5449,Publi2.0 remediación,ok,/proveedores/marketing-digital/1235-agencia-digital-grupo-smart,/mercadotecnia/,301:/mercadotecnia/,/mercadotecnia/,
5448,Publi2.0 remediación,ok,/proveedores/marketing-digital/1234-agencia-digital-espora-estudio,/mercadotecnia/,301:/mercadotecnia/,/mercadotecnia/,
5447,Publi2.0 remediación,ok,/proveedores/marketing-digital/1231-agencia-digital-digital-coaster,/mercadotecnia/,301:/mercadotecnia/,/mercadotecnia/,
5446,Publi2.0 remediación,ok,/proveedores/marketing-digital/1229-agencia-digital-the-cluster-agency,/mercadotecnia/,301:/mercadotecnia/,/mercadotecnia/,
5445,Publi2.0 remediación,ok,/proveedores/marketing-digital/1228-agencia-digital-clarus-digital,/mercadotecnia/,301:/mercadotecnia/,/mercadotecnia/,
5444,Publi2.0 remediación,ok,/proveedores/marketing-digital/1225-agencia-digital-ada-mexico,/mercadotecnia/,301:/mercadotecnia/,/mercadotecnia/,
5443,Publi2.0 remediación,ok,/proveedores/marketing-digital,/mercadotecnia/,301:/mercadotecnia/,/mercadotecnia/,
5442,Publi2.0 remediación,ok,/proveedores/investigacion-de-mercados/todo,/mercadotecnia/,301:/mercadotecnia/,/mercadotecnia/,
5441,Publi2.0 remediación,ok,/proveedores/investigacion-de-mercados/pagina2,/mercadotecnia/,301:/mercadotecnia/,/mercadotecnia/,
5440,Publi2.0 remediación,ok,/proveedores/investigacion-de-mercados/1601-investigacion-de-mercados-wilbert-sierra-y-asociados,/mercadotecnia/,301:/mercadotecnia/,/mercadotecnia/,
5439,Publi2.0 remediación,ok,/proveedores/investigacion-de-mercados/1600-investigacion-de-mercados-tns-mexico,/mercadotecnia/,301:/mercadotecnia/,/mercadotecnia/,
5438,Publi2.0 remediación,ok,/proveedores/investigacion-de-mercados/1599-investigacion-de-mercados-sigmate-research,/mercadotecnia/,301:/mercadotecnia/,/mercadotecnia/,
5437,Publi2.0 remediación,ok,/proveedores/investigacion-de-mercados/1598-investigacion-de-mercados-questudies,/mercadotecnia/,301:/mercadotecnia/,/mercadotecnia/,
5436,Publi2.0 remediación,ok,/proveedores/investigacion-de-mercados/1597-investigacion-de-mercados-qualimerc,/mercadotecnia/,301:/mercadotecnia/,/mercadotecnia/,
5435,Publi2.0 remediación,ok,/proveedores/investigacion-de-mercados/1594-investigacion-de-mercados-psyma-latina,/mercadotecnia/,301:/mercadotecnia/,/mercadotecnia/,
5434,Publi2.0 remediación,ok,/proveedores/investigacion-de-mercados/1593-investigacion-de-mercados-planning-antropologico,/mercadotecnia/,301:/mercadotecnia/,/mercadotecnia/,
5433,Publi2.0 remediación,ok,/proveedores/investigacion-de-mercados/1592-investigacion-de-mercados-phenoma/contactar,/mercadotecnia/,301:/mercadotecnia/,/mercadotecnia/,
5432,Publi2.0 remediación,ok,/proveedores/investigacion-de-mercados/1592-investigacion-de-mercados-phenoma,/mercadotecnia/,301:/mercadotecnia/,/mercadotecnia/,
5431,Publi2.0 remediación,ok,/proveedores/investigacion-de-mercados/1588-investigacion-de-mercados-mkt-noroeste,/mercadotecnia/,301:/mercadotecnia/,/mercadotecnia/,
5430,Publi2.0 remediación,ok,/proveedores/investigacion-de-mercados/1586-investigacion-de-mercados-merc-gfk,/mercadotecnia/,301:/mercadotecnia/,/mercadotecnia/,
5429,Publi2.0 remediación,ok,/proveedores/investigacion-de-mercados/1584-investigacion-de-mercados-master-research,/mercadotecnia/,301:/mercadotecnia/,/mercadotecnia/,
5428,Publi2.0 remediación,ok,/proveedores/investigacion-de-mercados/1579-investigacion-de-mercados-ipsos-bimsa,/mercadotecnia/,301:/mercadotecnia/,/mercadotecnia/,
5427,Publi2.0 remediación,ok,/proveedores/investigacion-de-mercados/1578-investigacion-de-mercados-innovative-marketing-y-consultants,/mercadotecnia/,301:/mercadotecnia/,/mercadotecnia/,
5426,Publi2.0 remediación,ok,/proveedores/investigacion-de-mercados/1577-investigacion-de-mercados-inmega,/mercadotecnia/,301:/mercadotecnia/,/mercadotecnia/,
5425,Publi2.0 remediación,ok,/proveedores/investigacion-de-mercados/1576-investigacion-de-mercados-ibope-agb,/mercadotecnia/,301:/mercadotecnia/,/mercadotecnia/,
5424,Publi2.0 remediación,ok,/proveedores/investigacion-de-mercados/1575-investigacion-de-mercados-gyd-investigacion-de-mercados,/mercadotecnia/,301:/mercadotecnia/,/mercadotecnia/,
5423,Publi2.0 remediación,ok,/proveedores/investigacion-de-mercados/1574-investigacion-de-mercados-grupo-arkho,/mercadotecnia/,301:/mercadotecnia/,/mercadotecnia/,
5422,Publi2.0 remediación,ok,/proveedores/investigacion-de-mercados/1572-investigacion-de-mercados-evamerc,/mercadotecnia/,301:/mercadotecnia/,/mercadotecnia/,
5421,Publi2.0 remediación,ok,/proveedores/investigacion-de-mercados/1571-investigacion-de-mercados-de-la-riva-group,/mercadotecnia/,301:/mercadotecnia/,/mercadotecnia/,
5420,Publi2.0 remediación,ok,/proveedores/investigacion-de-mercados,/mercadotecnia/,301:/mercadotecnia/,/mercadotecnia/,
5419,Publi2.0 remediación,ok,/proveedores/inbound-marketing-mexico/734-fernando-arturo-martinez-aguilar/recomendar,/mercadotecnia/,301:/mercadotecnia/,/mercadotecnia/,
5418,Publi2.0 remediación,ok,/proveedores/inbound-marketing-mexico/734-fernando-arturo-martinez-aguilar,/mercadotecnia/,301:/mercadotecnia/,/mercadotecnia/,
5417,Publi2.0 remediación,ok,/proveedores/inbound-marketing-mexico/1728-go-virtual,/mercadotecnia/,301:/mercadotecnia/,/mercadotecnia/,
5416,Publi2.0 remediación,ok,/proveedores/inbound-marketing-mexico,/mercadotecnia/,301:/mercadotecnia/,/mercadotecnia/,
5415,Publi2.0 remediación,ok,/proveedores/impresion-y-artes-graficas/todo/pagina5,/publicidad/,301:/publicidad/,/publicidad/,
5414,Publi2.0 remediación,ok,/proveedores/impresion-y-artes-graficas/todo/pagina4,/publicidad/,301:/publicidad/,/publicidad/,
5413,Publi2.0 remediación,ok,/proveedores/impresion-y-artes-graficas/pagina5,/publicidad/,301:/publicidad/,/publicidad/,
5412,Publi2.0 remediación,ok,/proveedores/impresion-y-artes-graficas/pagina3,/publicidad/,301:/publicidad/,/publicidad/,
5411,Publi2.0 remediación,ok,/proveedores/impresion-y-artes-graficas/imprentas-digital/1566-impresion-digital-grupo-venegraphic,/publicidad/,301:/publicidad/,/publicidad/,
5410,Publi2.0 remediación,ok,/proveedores/impresion-y-artes-graficas/imprentas-digital/1565-impresion-digital-litografica-selene,/publicidad/,301:/publicidad/,/publicidad/,
5409,Publi2.0 remediación,ok,/proveedores/impresion-y-artes-graficas/imprentas-digital/1564-impresion-digital-grupo-efsa,/publicidad/,301:/publicidad/,/publicidad/,
5408,Publi2.0 remediación,ok,/proveedores/impresion-y-artes-graficas/imprentas-digital/1563-impresion-digital-geformas,/publicidad/,301:/publicidad/,/publicidad/,
5407,Publi2.0 remediación,ok,/proveedores/impresion-y-artes-graficas/imprentas-digital/1560-impresion-digital-argoga-soluciones-avanzadas-en-sistemas,/publicidad/,301:/publicidad/,/publicidad/,
5406,Publi2.0 remediación,ok,/proveedores/impresion-y-artes-graficas/96-grafic-quin-s-a-de-c-v,/publicidad/,301:/publicidad/,/publicidad/,
5405,Publi2.0 remediación,ok,/proveedores/impresion-y-artes-graficas/80-rotulen-de-mexico-s-a-de-c-v,/publicidad/,301:/publicidad/,/publicidad/,
5404,Publi2.0 remediación,ok,/proveedores/impresion-y-artes-graficas/79-rotulaciones-de-chihuahua-sa-de-cv,/publicidad/,301:/publicidad/,/publicidad/,
5403,Publi2.0 remediación,ok,/proveedores/impresion-y-artes-graficas/78-carteleras-y-neon-espectaculares-sa-cv,/publicidad/,301:/publicidad/,/publicidad/,
5402,Publi2.0 remediación,ok,/proveedores/impresion-y-artes-graficas/706-imagen-impresa-de-occidente-s-a-de-c-v,/publicidad/,301:/publicidad/,/publicidad/,
5401,Publi2.0 remediación,ok,/proveedores/impresion-y-artes-graficas/701-grafinsa-grafica-s-a-de-c-v,/publicidad/,301:/publicidad/,/publicidad/,
5400,Publi2.0 remediación,ok,/proveedores/impresion-y-artes-graficas/697-agdi-publicidad,/publicidad/,301:/publicidad/,/publicidad/,
5399,Publi2.0 remediación,ok,/proveedores/impresion-y-artes-graficas/669-imprenta-siglo-xxv-s-a-de-c-v,/publicidad/,301:/publicidad/,/publicidad/,
5398,Publi2.0 remediación,ok,/proveedores/impresion-y-artes-graficas/666-graphic-lab,/publicidad/,301:/publicidad/,/publicidad/,
5397,Publi2.0 remediación,ok,/proveedores/impresion-y-artes-graficas/643-evolucion-grafica,/publicidad/,301:/publicidad/,/publicidad/,
5396,Publi2.0 remediación,ok,/proveedores/impresion-y-artes-graficas/609-ayje-imprenta-s-a-de-c-v,/publicidad/,301:/publicidad/,/publicidad/,
5395,Publi2.0 remediación,ok,/proveedores/impresion-y-artes-graficas/593-24-grafics-s-a-de-c-v,/publicidad/,301:/publicidad/,/publicidad/,
5394,Publi2.0 remediación,ok,/proveedores/impresion-y-artes-graficas/587-rotulos-computarizados-e-impuresos-del-surestes-s-a-de-c-v,/publicidad/,301:/publicidad/,/publicidad/,
5393,Publi2.0 remediación,ok,/proveedores/impresion-y-artes-graficas/575-milgraf-puebla-s-a-de-c-v/contactar,/publicidad/,301:/publicidad/,/publicidad/,
5392,Publi2.0 remediación,ok,/proveedores/impresion-y-artes-graficas/575-milgraf-puebla-s-a-de-c-v,/publicidad/,301:/publicidad/,/publicidad/,
5391,Publi2.0 remediación,ok,/proveedores/impresion-y-artes-graficas/521-sublimarte-s-a-de-c-v,/publicidad/,301:/publicidad/,/publicidad/,
5390,Publi2.0 remediación,ok,/proveedores/impresion-y-artes-graficas/480-noved-arte,/publicidad/,301:/publicidad/,/publicidad/,
5389,Publi2.0 remediación,ok,/proveedores/impresion-y-artes-graficas/48-impresos-proppim-s-a-de-c-v/contactar,/publicidad/,301:/publicidad/,/publicidad/,
5388,Publi2.0 remediación,ok,/proveedores/impresion-y-artes-graficas/48-impresos-proppim-s-a-de-c-v,/publicidad/,301:/publicidad/,/publicidad/,
5387,Publi2.0 remediación,ok,/proveedores/impresion-y-artes-graficas/47-flexo-print-s-a-de-c-v,/publicidad/,301:/publicidad/,/publicidad/,
5386,Publi2.0 remediación,ok,/proveedores/impresion-y-artes-graficas/45-creaciones-artisticas-publicitarias-sa-de-cv,/publicidad/,301:/publicidad/,/publicidad/,
5385,Publi2.0 remediación,ok,/proveedores/impresion-y-artes-graficas/435-grabados-gira,/publicidad/,301:/publicidad/,/publicidad/,
5384,Publi2.0 remediación,ok,/proveedores/impresion-y-artes-graficas/414-publicidad-grafica-sa-de-cv,/publicidad/,301:/publicidad/,/publicidad/,
5383,Publi2.0 remediación,ok,/proveedores/impresion-y-artes-graficas/401-memetica-diseño-e-impresion,/publicidad/,301:/publicidad/,/publicidad/,
5382,Publi2.0 remediación,ok,/proveedores/impresion-y-artes-graficas/370-grafiko-publicidad,/publicidad/,301:/publicidad/,/publicidad/,
5381,Publi2.0 remediación,ok,/proveedores/impresion-y-artes-graficas/357-artigraf,/publicidad/,301:/publicidad/,/publicidad/,
5380,Publi2.0 remediación,ok,/proveedores/impresion-y-artes-graficas/335-aka-imagen-impresa,/publicidad/,301:/publicidad/,/publicidad/,
5379,Publi2.0 remediación,ok,/proveedores/impresion-y-artes-graficas/325-vinil-de-zacatecas-sc-de-p-de-rl,/publicidad/,301:/publicidad/,/publicidad/,
5378,Publi2.0 remediación,ok,/proveedores/impresion-y-artes-graficas/311-lonas-y-etiquetas,/publicidad/,301:/publicidad/,/publicidad/,
5377,Publi2.0 remediación,ok,/proveedores/impresion-y-artes-graficas/292-soltar-impresores-s-a-de-c-v/contactar,/publicidad/,301:/publicidad/,/publicidad/,
5376,Publi2.0 remediación,ok,/proveedores/impresion-y-artes-graficas/292-soltar-impresores-s-a-de-c-v,/publicidad/,301:/publicidad/,/publicidad/,
5375,Publi2.0 remediación,ok,/proveedores/impresion-y-artes-graficas/261-viniletras-s-a-de-c-v,/publicidad/,301:/publicidad/,/publicidad/,
5374,Publi2.0 remediación,ok,/proveedores/impresion-y-artes-graficas/254-maxi-grafica,/publicidad/,301:/publicidad/,/publicidad/,
5373,Publi2.0 remediación,ok,/proveedores/impresion-y-artes-graficas/251-arte-integral-expresion-sa-de-cv/contactar,/publicidad/,301:/publicidad/,/publicidad/,
5372,Publi2.0 remediación,ok,/proveedores/impresion-y-artes-graficas/251-arte-integral-expresion-sa-de-cv,/publicidad/,301:/publicidad/,/publicidad/,
5371,Publi2.0 remediación,ok,/proveedores/impresion-y-artes-graficas/243-seriart-publicidad,/publicidad/,301:/publicidad/,/publicidad/,
5370,Publi2.0 remediación,ok,/proveedores/impresion-y-artes-graficas/225-trazo-vinil-publicidad-sa-de-cv,/publicidad/,301:/publicidad/,/publicidad/,
5369,Publi2.0 remediación,ok,/proveedores/impresion-y-artes-graficas/183-grupo-impresor-litografico,/publicidad/,301:/publicidad/,/publicidad/,
5368,Publi2.0 remediación,ok,/proveedores/impresion-y-artes-graficas/181-impacto-lonas-y-toldos-y-publicidad,/publicidad/,301:/publicidad/,/publicidad/,
5367,Publi2.0 remediación,ok,/proveedores/impresion-y-artes-graficas/160-imagenes-de-guadalajara-s-a-de-c-v,/publicidad/,301:/publicidad/,/publicidad/,
5366,Publi2.0 remediación,ok,/proveedores/impresion-y-artes-graficas/158-graphics-signs-s-a-de-c-v,/publicidad/,301:/publicidad/,/publicidad/,
5365,Publi2.0 remediación,ok,/proveedores/impresion-y-artes-graficas/139-gransfeer-ideas-publicidad-impresa-especializada-sa-de-cv,/publicidad/,301:/publicidad/,/publicidad/,
5364,Publi2.0 remediación,ok,/proveedores/impresion-y-artes-graficas/130-faster-print,/publicidad/,301:/publicidad/,/publicidad/,
5363,Publi2.0 remediación,ok,/proveedores/impresion-y-artes-graficas/105-spacio-grafico,/publicidad/,301:/publicidad/,/publicidad/,
5362,Publi2.0 remediación,ok,/proveedores/impresion-y-artes-graficas,/publicidad/,301:/publicidad/,/publicidad/,
5361,Publi2.0 remediación,ok,/proveedores/eventos/todo,/publicidad/,301:/publicidad/,/publicidad/,
5360,Publi2.0 remediación,ok,/proveedores/eventos/fotografias/14-photobooth-mexico-df,/publicidad/,301:/publicidad/,/publicidad/,
5359,Publi2.0 remediación,ok,/proveedores/eventos/791-agencia-de-eventos-macllam-producciones/recomendar,/publicidad/,301:/publicidad/,/publicidad/,
5358,Publi2.0 remediación,ok,/proveedores/eventos/789-agencia-de-eventos-jyj-eventos,/publicidad/,301:/publicidad/,/publicidad/,
5357,Publi2.0 remediación,ok,/proveedores/eventos/787-agencia-de-eventos-grupo-nicte,/publicidad/,301:/publicidad/,/publicidad/,
5356,Publi2.0 remediación,ok,/proveedores/eventos/786-agencia-de-eventos-grupo-probaco,/publicidad/,301:/publicidad/,/publicidad/,
5355,Publi2.0 remediación,ok,/proveedores/eventos/782-agencia-de-eventos-csf-av-productions,/publicidad/,301:/publicidad/,/publicidad/,
5354,Publi2.0 remediación,ok,/proveedores/eventos/778-agencia-de-eventos-blend-producciones,/publicidad/,301:/publicidad/,/publicidad/,
5353,Publi2.0 remediación,ok,/proveedores/eventos/43-brain-firma-creativa/contactar,/publicidad/,301:/publicidad/,/publicidad/,
5352,Publi2.0 remediación,ok,/proveedores/eventos/43-brain-firma-creativa,/publicidad/,301:/publicidad/,/publicidad/,
5351,Publi2.0 remediación,ok,/proveedores/eventos,/publicidad/,301:/publicidad/,/publicidad/,
5350,Publi2.0 remediación,ok,/proveedores/estaciones-de-radio/todo,/publicidad/,301:/publicidad/,/publicidad/,
5349,Publi2.0 remediación,ok,/proveedores/estaciones-de-radio/noticias/20-la-1260-am-df,/publicidad/,301:/publicidad/,/publicidad/,
5348,Publi2.0 remediación,ok,/proveedores/estaciones-de-radio/musica/3-digital-993-df,/publicidad/,301:/publicidad/,/publicidad/,
5347,Publi2.0 remediación,ok,/proveedores/estaciones-de-radio/musica/22-amor-953-df,/publicidad/,301:/publicidad/,/publicidad/,
5346,Publi2.0 remediación,ok,/proveedores/estaciones-de-radio/musica/19-radio-felicidad-df,/publicidad/,301:/publicidad/,/publicidad/,
5345,Publi2.0 remediación,ok,/proveedores/estaciones-de-radio/30-mvs-radio-df,/publicidad/,301:/publicidad/,/publicidad/,
5344,Publi2.0 remediación,ok,/proveedores/estaciones-de-radio/2-grupo-acir-df,/publicidad/,301:/publicidad/,/publicidad/,
5343,Publi2.0 remediación,ok,/proveedores/estaciones-de-radio,/publicidad/,301:/publicidad/,/publicidad/,
5342,Publi2.0 remediación,ok,/proveedores/diseno/todo/pagina2,/publicidad/,301:/publicidad/,/publicidad/,
5341,Publi2.0 remediación,ok,/proveedores/diseno/pagina3,/publicidad/,301:/publicidad/,/publicidad/,
5340,Publi2.0 remediación,ok,/proveedores/diseno/fotografia/1556-fotografia-shaktiprod,/publicidad/,301:/publicidad/,/publicidad/,
5339,Publi2.0 remediación,ok,/proveedores/diseno/fotografia/1555-fotografia-segarra-estudio,/publicidad/,301:/publicidad/,/publicidad/,
5338,Publi2.0 remediación,ok,/proveedores/diseno/diseno-y-desarrollo-web/1501-diseno-y-desarrollo-web-weblex/contactar,/mercadotecnia/,301:/mercadotecnia/,/mercadotecnia/,
5337,Publi2.0 remediación,ok,/proveedores/diseno/diseno-y-desarrollo-web/1501-diseno-y-desarrollo-web-weblex,/mercadotecnia/,301:/mercadotecnia/,/mercadotecnia/,
5336,Publi2.0 remediación,ok,/proveedores/diseno/diseno-y-desarrollo-web/1489-diseno-y-desarrollo-web-pixel--dot,/mercadotecnia/,301:/mercadotecnia/,/mercadotecnia/,
5335,Publi2.0 remediación,ok,/proveedores/diseno/diseno-y-desarrollo-web/1481-diseno-y-desarrollo-web-meximex,/mercadotecnia/,301:/mercadotecnia/,/mercadotecnia/,
5334,Publi2.0 remediación,ok,/proveedores/diseno/diseno-y-desarrollo-web/1470-diseno-y-desarrollo-web-grupo-bfx,/mercadotecnia/,301:/mercadotecnia/,/mercadotecnia/,
5333,Publi2.0 remediación,ok,/proveedores/diseno/diseno-y-desarrollo-web/1465-diseno-y-desarrollo-web-gamol,/mercadotecnia/,301:/mercadotecnia/,/mercadotecnia/,
5332,Publi2.0 remediación,ok,/proveedores/diseno/diseno-y-desarrollo-web/1461-diseno-y-desarrollo-web-el-milagrito,/mercadotecnia/,301:/mercadotecnia/,/mercadotecnia/,
5331,Publi2.0 remediación,ok,/proveedores/diseno/diseno-y-desarrollo-web/1457-diseno-y-desarrollo-web-denumeris-interactive,/mercadotecnia/,301:/mercadotecnia/,/mercadotecnia/,
5330,Publi2.0 remediación,ok,/proveedores/diseno/diseno-y-desarrollo-web/1437-diseno-y-desarrollo-web-abargon-evalue-developers,/mercadotecnia/,301:/mercadotecnia/,/mercadotecnia/,
5329,Publi2.0 remediación,ok,/proveedores/diseno/diseno-multimedia/17-retro-studio-df,/publicidad/,301:/publicidad/,/publicidad/,
5328,Publi2.0 remediación,ok,/proveedores/diseno/diseno-multimedia/1264-agencia-multimedia-concepto-movil,/publicidad/,301:/publicidad/,/publicidad/,
5327,Publi2.0 remediación,ok,/proveedores/diseno/diseno-multimedia/1261-agencia-interactiva-ingenia-group,/publicidad/,301:/publicidad/,/publicidad/,
5326,Publi2.0 remediación,ok,/proveedores/diseno/206-fucar-arte-y-diseño,/publicidad/,301:/publicidad/,/publicidad/,
5325,Publi2.0 remediación,ok,/proveedores/diseno/192-diseños-le-fame-s-a-de-c-v,/publicidad/,301:/publicidad/,/publicidad/,
5324,Publi2.0 remediación,ok,/proveedores/diseno/1426-despacho-de-diseno-wish-socios-creativos,/publicidad/,301:/publicidad/,/publicidad/,
5323,Publi2.0 remediación,ok,/proveedores/diseno/1424-despacho-de-diseno-torneo-de-ideas,/publicidad/,301:/publicidad/,/publicidad/,
5322,Publi2.0 remediación,ok,/proveedores/diseno/1420-despacho-de-diseno-sphein-design-studios,/publicidad/,301:/publicidad/,/publicidad/,
5321,Publi2.0 remediación,ok,/proveedores/diseno/1419-despacho-de-diseno-solo-idea,/publicidad/,301:/publicidad/,/publicidad/,
5320,Publi2.0 remediación,ok,/proveedores/diseno/1418-despacho-de-diseno-sol-consultores,/publicidad/,301:/publicidad/,/publicidad/,
5319,Publi2.0 remediación,ok,/proveedores/diseno/1415-despacho-de-diseno-serikat-diseno,/publicidad/,301:/publicidad/,/publicidad/,
5318,Publi2.0 remediación,ok,/proveedores/diseno/1414-despacho-de-diseno-scientika,/publicidad/,301:/publicidad/,/publicidad/,
5317,Publi2.0 remediación,ok,/proveedores/diseno/1413-despacho-de-diseno-sago-publicidad,/publicidad/,301:/publicidad/,/publicidad/,
5316,Publi2.0 remediación,ok,/proveedores/diseno/1412-despacho-de-diseno-ruiz-rocha,/publicidad/,301:/publicidad/,/publicidad/,
5315,Publi2.0 remediación,ok,/proveedores/diseno/1410-despacho-de-diseno-retorno-tassier/contactar,/publicidad/,301:/publicidad/,/publicidad/,
5314,Publi2.0 remediación,ok,/proveedores/diseno/1410-despacho-de-diseno-retorno-tassier,/publicidad/,301:/publicidad/,/publicidad/,
5313,Publi2.0 remediación,ok,/proveedores/diseno/1408-despacho-de-diseno-promomania,/publicidad/,301:/publicidad/,/publicidad/,
5312,Publi2.0 remediación,ok,/proveedores/diseno/1401-despacho-de-diseno-metanoia-publicidad,/publicidad/,301:/publicidad/,/publicidad/,
5311,Publi2.0 remediación,ok,/proveedores/diseno/1398-despacho-de-diseno-lerf-diseno,/publicidad/,301:/publicidad/,/publicidad/,
5310,Publi2.0 remediación,ok,/proveedores/diseno/1395-despacho-de-diseno-kolazh-diseno-grafico,/publicidad/,301:/publicidad/,/publicidad/,
5309,Publi2.0 remediación,ok,/proveedores/diseno/1386-despacho-de-diseno-estop-diseno,/publicidad/,301:/publicidad/,/publicidad/,
5308,Publi2.0 remediación,ok,/proveedores/diseno/1381-despacho-de-diseno-diseno-y-publicidad-mexicana,/publicidad/,301:/publicidad/,/publicidad/,
5307,Publi2.0 remediación,ok,/proveedores/diseno/1370-despacho-de-diseno-arg-comunicacion,/publicidad/,301:/publicidad/,/publicidad/,
5306,Publi2.0 remediación,ok,/proveedores/diseno/1368-despacho-de-diseno-adc-global-creativity,/publicidad/,301:/publicidad/,/publicidad/,
5305,Publi2.0 remediación,ok,/proveedores/diseno,/publicidad/,301:/publicidad/,/publicidad/,
5304,Publi2.0 remediación,ok,/proveedores/convenciones/aerolineas/41-volaris,/publicidad/,301:/publicidad/,/publicidad/,
5303,Publi2.0 remediación,ok,/proveedores/convenciones/aerolineas/37-aeromexico,/publicidad/,301:/publicidad/,/publicidad/,
5302,Publi2.0 remediación,ok,/proveedores/capacitacion-y-cursos/742-agencia-de-capacitacion-alef-consultores,/emprendimiento/,301:/emprendimiento/,/emprendimiento/,
5301,Publi2.0 remediación,ok,/proveedores/capacitacion-y-cursos/741-agencia-de-capacitacion-achieveglobal,/emprendimiento/,301:/emprendimiento/,/emprendimiento/,
5300,Publi2.0 remediación,ok,/proveedores/campanas-politicas,/publicidad/,301:/publicidad/,/publicidad/,
5299,Publi2.0 remediación,ok,/proveedores/buscar-por/state/53,/publicidad/,301:/publicidad/,/publicidad/,
5298,Publi2.0 remediación,ok,/proveedores/buscar-por/state/10,/publicidad/,301:/publicidad/,/publicidad/,
5297,Publi2.0 remediación,ok,/proveedores/buscar-por/state/1,/publicidad/,301:/publicidad/,/publicidad/,
5296,Publi2.0 remediación,ok,/proveedores/buscar-por/state,/publicidad/,301:/publicidad/,/publicidad/,
5295,Publi2.0 remediación,ok,/proveedores/buscar-por/country/77,/publicidad/,301:/publicidad/,/publicidad/,
5294,Publi2.0 remediación,ok,/proveedores/buscar-por/country/70,/publicidad/,301:/publicidad/,/publicidad/,
5293,Publi2.0 remediación,ok,/proveedores/buscar-por/country/64,/publicidad/,301:/publicidad/,/publicidad/,
5292,Publi2.0 remediación,ok,/proveedores/buscar-por/country/61,/publicidad/,301:/publicidad/,/publicidad/,
5291,Publi2.0 remediación,ok,/proveedores/buscar-por/country/5,/publicidad/,301:/publicidad/,/publicidad/,
5290,Publi2.0 remediación,ok,/proveedores/buscar-por/country/45,/publicidad/,301:/publicidad/,/publicidad/,
5289,Publi2.0 remediación,ok,/proveedores/buscar-por/country/33,/publicidad/,301:/publicidad/,/publicidad/,
5288,Publi2.0 remediación,ok,/proveedores/buscar-por/country/32,/publicidad/,301:/publicidad/,/publicidad/,
5287,Publi2.0 remediación,ok,/proveedores/buscar-por/country/31,/publicidad/,301:/publicidad/,/publicidad/,
5286,Publi2.0 remediación,ok,/proveedores/buscar-por/country/3,/publicidad/,301:/publicidad/,/publicidad/,
5285,Publi2.0 remediación,ok,/proveedores/buscar-por/country/26,/publicidad/,301:/publicidad/,/publicidad/,
5284,Publi2.0 remediación,ok,/proveedores/buscar-por/country/2,/publicidad/,301:/publicidad/,/publicidad/,
5283,Publi2.0 remediación,ok,/proveedores/buscar-por/country/19,/publicidad/,301:/publicidad/,/publicidad/,
5282,Publi2.0 remediación,ok,/proveedores/buscar-por/country/17,/publicidad/,301:/publicidad/,/publicidad/,
5281,Publi2.0 remediación,ok,/proveedores/buscar-por/country/16,/publicidad/,301:/publicidad/,/publicidad/,
5280,Publi2.0 remediación,ok,/proveedores/buscar-por/city/8,/publicidad/,301:/publicidad/,/publicidad/,
5279,Publi2.0 remediación,ok,/proveedores/buscar-por/city/7,/publicidad/,301:/publicidad/,/publicidad/,
5278,Publi2.0 remediación,ok,/proveedores/buscar-por/city/5,/publicidad/,301:/publicidad/,/publicidad/,
5277,Publi2.0 remediación,ok,/proveedores/buscar-por/city/42,/publicidad/,301:/publicidad/,/publicidad/,
5276,Publi2.0 remediación,ok,/proveedores/buscar-por/city/26,/publicidad/,301:/publicidad/,/publicidad/,
5275,Publi2.0 remediación,ok,/proveedores/buscar-por/city/23,/publicidad/,301:/publicidad/,/publicidad/,
5274,Publi2.0 remediación,ok,/proveedores/buscar-por/city/15,/publicidad/,301:/publicidad/,/publicidad/,
5273,Publi2.0 remediación,ok,/proveedores/buscar-por/city,/publicidad/,301:/publicidad/,/publicidad/,
5272,Publi2.0 remediación,ok,/proveedores/agencias/todo/pagina9,/publicidad/,301:/publicidad/,/publicidad/,
5271,Publi2.0 remediación,ok,/proveedores/agencias/todo/pagina2,/publicidad/,301:/publicidad/,/publicidad/,
5270,Publi2.0 remediación,ok,/proveedores/agencias/todo/pagina17,/publicidad/,301:/publicidad/,/publicidad/,
5269,Publi2.0 remediación,ok,/proveedores/agencias/rp-s/1210-agencia-de-relaciones-publicas-31416r-relaciones-publicas,/publicidad/,301:/publicidad/,/publicidad/,
5268,Publi2.0 remediación,ok,/proveedores/agencias/rp-s/1209-agencia-de-relaciones-publicas-penagos-comunicacion,/publicidad/,301:/publicidad/,/publicidad/,
5267,Publi2.0 remediación,ok,/proveedores/agencias/rp-s/1205-agencia-de-relaciones-publicas-massideas,/publicidad/,301:/publicidad/,/publicidad/,
5266,Publi2.0 remediación,ok,/proveedores/agencias/rp-s/1203-agencia-de-relaciones-publicas-makken-rrpp,/publicidad/,301:/publicidad/,/publicidad/,
5265,Publi2.0 remediación,ok,/proveedores/agencias/rp-s/1197-agencia-de-relaciones-publicas-kaleidoscopio-pr,/publicidad/,301:/publicidad/,/publicidad/,
5264,Publi2.0 remediación,ok,/proveedores/agencias/rp-s/1196-agencia-de-relaciones-publicas-iq-pr,/publicidad/,301:/publicidad/,/publicidad/,
5263,Publi2.0 remediación,ok,/proveedores/agencias/rp-s/1194-agencia-de-relaciones-publicas-grupo-public,/publicidad/,301:/publicidad/,/publicidad/,
5262,Publi2.0 remediación,ok,/proveedores/agencias/rp-s/1193-agencia-de-relaciones-publicas-fleishmanhillard-mexico,/publicidad/,301:/publicidad/,/publicidad/,
5261,Publi2.0 remediación,ok,/proveedores/agencias/rp-s/1191-agencia-de-relaciones-publicas-euroamerica,/publicidad/,301:/publicidad/,/publicidad/,
5260,Publi2.0 remediación,ok,/proveedores/agencias/rp-s/1190-agencia-de-relaciones-publicas-eureka-y-co,/publicidad/,301:/publicidad/,/publicidad/,
5259,Publi2.0 remediación,ok,/proveedores/agencias/rp-s/1189-agencia-de-relaciones-publicas-enlace-integral,/publicidad/,301:/publicidad/,/publicidad/,
5258,Publi2.0 remediación,ok,/proveedores/agencias/rp-s/1185-agencia-de-relaciones-publicas-cohn-y-wolfe-mexico,/publicidad/,301:/publicidad/,/publicidad/,
5257,Publi2.0 remediación,ok,/proveedores/agencias/rp-s/1183-agencia-de-relaciones-publicas-audacia-comunicacion,/publicidad/,301:/publicidad/,/publicidad/,
5256,Publi2.0 remediación,ok,/proveedores/agencias/rp-s,/publicidad/,301:/publicidad/,/publicidad/,
5255,Publi2.0 remediación,ok,/proveedores/agencias/agencias-de-tecnologia/1716-soporte-tecnico-it-sistemas-tecnocen,/mercadotecnia/,301:/mercadotecnia/,/mercadotecnia/,
5254,Publi2.0 remediación,ok,/proveedores/agencias/agencias-de-tecnologia/1224-agencia-de-tecnologia-tkinov/contactar,/mercadotecnia/,301:/mercadotecnia/,/mercadotecnia/,
5253,Publi2.0 remediación,ok,/proveedores/agencias/agencias-de-tecnologia/1224-agencia-de-tecnologia-tkinov,/mercadotecnia/,301:/mercadotecnia/,/mercadotecnia/,
5252,Publi2.0 remediación,ok,/proveedores/agencias/agencias-de-tecnologia/1221-agencia-de-tecnologia-monere-business,/mercadotecnia/,301:/mercadotecnia/,/mercadotecnia/,
5251,Publi2.0 remediación,ok,/proveedores/agencias/agencias-de-recursos-humanos/1177-agencia-de-recursos-humanos-suplementos-corporativos,/mercadotecnia/,301:/mercadotecnia/,/mercadotecnia/,
5250,Publi2.0 remediación,ok,/proveedores/agencias/agencias-de-recursos-humanos/1175-agencia-de-recursos-humanos-rolling-personnel,/mercadotecnia/,301:/mercadotecnia/,/mercadotecnia/,
5249,Publi2.0 remediación,ok,/proveedores/agencias/agencias-de-recursos-humanos/1171-agencia-de-recursos-humanos-mexidooro-internacional,/mercadotecnia/,301:/mercadotecnia/,/mercadotecnia/,
5248,Publi2.0 remediación,ok,/proveedores/agencias/agencias-de-recursos-humanos/1165-agencia-de-recursos-humanos-hm-consultores,/mercadotecnia/,301:/mercadotecnia/,/mercadotecnia/,
5247,Publi2.0 remediación,ok,/proveedores/agencias/agencias-de-recursos-humanos/1160-agencia-de-recursos-humanos-cm-talent-y-development,/mercadotecnia/,301:/mercadotecnia/,/mercadotecnia/,
5246,Publi2.0 remediación,ok,/proveedores/agencias/agencias-de-publicidad/pagina9,/publicidad/,301:/publicidad/,/publicidad/,
5245,Publi2.0 remediación,ok,/proveedores/agencias/agencias-de-publicidad/pagina6,/publicidad/,301:/publicidad/,/publicidad/,
5244,Publi2.0 remediación,ok,/proveedores/agencias/agencias-de-publicidad/pagina12,/publicidad/,301:/publicidad/,/publicidad/,
5243,Publi2.0 remediación,ok,/proveedores/agencias/agencias-de-publicidad/997-agencia-de-publicidad-amk-healthcare,/publicidad/,301:/publicidad/,/publicidad/,
5242,Publi2.0 remediación,ok,/proveedores/agencias/agencias-de-publicidad/994-agencia-de-publicidad-alvarado-molina,/publicidad/,301:/publicidad/,/publicidad/,
5241,Publi2.0 remediación,ok,/proveedores/agencias/agencias-de-publicidad/992-agencia-de-publicidad-alazraki-y-asociados,/publicidad/,301:/publicidad/,/publicidad/,
5240,Publi2.0 remediación,ok,/proveedores/agencias/agencias-de-publicidad/985-agencia-de-publicidad-area6,/publicidad/,301:/publicidad/,/publicidad/,
5239,Publi2.0 remediación,ok,/proveedores/agencias/agencias-de-publicidad/982-agencia-de-publicidad-021-comunicaciones,/publicidad/,301:/publicidad/,/publicidad/,
5238,Publi2.0 remediación,ok,/proveedores/agencias/agencias-de-publicidad/91-publicidad-de-aguinaga-s-a-de-c-v,/publicidad/,301:/publicidad/,/publicidad/,
5237,Publi2.0 remediación,ok,/proveedores/agencias/agencias-de-publicidad/84-integra-tu-publicidad-sc,/publicidad/,301:/publicidad/,/publicidad/,
5236,Publi2.0 remediación,ok,/proveedores/agencias/agencias-de-publicidad/735-publimedios,/publicidad/,301:/publicidad/,/publicidad/,
5235,Publi2.0 remediación,ok,/proveedores/agencias/agencias-de-publicidad/680-contreras-publicidad,/publicidad/,301:/publicidad/,/publicidad/,
5234,Publi2.0 remediación,ok,/proveedores/agencias/agencias-de-publicidad/677-casa-publicidad-y-asociados-s-a-de-c-v,/publicidad/,301:/publicidad/,/publicidad/,
5233,Publi2.0 remediación,ok,/proveedores/agencias/agencias-de-publicidad/644-comercializadora-copasi-publicidad,/publicidad/,301:/publicidad/,/publicidad/,
5232,Publi2.0 remediación,ok,/proveedores/agencias/agencias-de-publicidad/641-reyes-cano-publicidad-sa-de-cv,/publicidad/,301:/publicidad/,/publicidad/,
5231,Publi2.0 remediación,ok,/proveedores/agencias/agencias-de-publicidad/628-bimad-publicidad-s-a-de-c-v,/publicidad/,301:/publicidad/,/publicidad/,
5230,Publi2.0 remediación,ok,/proveedores/agencias/agencias-de-publicidad/625-trazo-corporativo-en-publicidad-sa-de-cv,/publicidad/,301:/publicidad/,/publicidad/,
5229,Publi2.0 remediación,ok,/proveedores/agencias/agencias-de-publicidad/621-publicidad-augusto-elias-s-a-de-c-v/contactar,/publicidad/,301:/publicidad/,/publicidad/,
5228,Publi2.0 remediación,ok,/proveedores/agencias/agencias-de-publicidad/621-publicidad-augusto-elias-s-a-de-c-v,/publicidad/,301:/publicidad/,/publicidad/,
5227,Publi2.0 remediación,ok,/proveedores/agencias/agencias-de-publicidad/62-instituto-de-mercadotecnia-y-publicidad-sc,/publicidad/,301:/publicidad/,/publicidad/,
5226,Publi2.0 remediación,ok,/proveedores/agencias/agencias-de-publicidad/618-tisca-publicidad,/publicidad/,301:/publicidad/,/publicidad/,
5225,Publi2.0 remediación,ok,/proveedores/agencias/agencias-de-publicidad/611-a-publicidad,/publicidad/,301:/publicidad/,/publicidad/,
5224,Publi2.0 remediación,ok,/proveedores/agencias/agencias-de-publicidad/589-consultoria-y-asesoria-en-publicidad-sa-de-cv,/publicidad/,301:/publicidad/,/publicidad/,
5223,Publi2.0 remediación,ok,/proveedores/agencias/agencias-de-publicidad/582-orlandos-publicidad,/publicidad/,301:/publicidad/,/publicidad/,
5222,Publi2.0 remediación,ok,/proveedores/agencias/agencias-de-publicidad/530-matisse-publicidad,/publicidad/,301:/publicidad/,/publicidad/,
5221,Publi2.0 remediación,ok,/proveedores/agencias/agencias-de-publicidad/529-xpresate-publicidad,/publicidad/,301:/publicidad/,/publicidad/,
5220,Publi2.0 remediación,ok,/proveedores/agencias/agencias-de-publicidad/498-grupo-comercial-coagsa-digital-sa-de-cv/contactar,/publicidad/,301:/publicidad/,/publicidad/,
5219,Publi2.0 remediación,ok,/proveedores/agencias/agencias-de-publicidad/497-computadoras-y-publicidad-s-a-de-c-v,/publicidad/,301:/publicidad/,/publicidad/,
5218,Publi2.0 remediación,ok,/proveedores/agencias/agencias-de-publicidad/390-creatimex-publicidad-sa-de-cv,/publicidad/,301:/publicidad/,/publicidad/,
5217,Publi2.0 remediación,ok,/proveedores/agencias/agencias-de-publicidad/384-oh-publicidad-y-negocios,/publicidad/,301:/publicidad/,/publicidad/,
5216,Publi2.0 remediación,ok,/proveedores/agencias/agencias-de-publicidad/380-isi-publicidad,/publicidad/,301:/publicidad/,/publicidad/,
5215,Publi2.0 remediación,ok,/proveedores/agencias/agencias-de-publicidad/367-maxima-publicidad,/publicidad/,301:/publicidad/,/publicidad/,
5214,Publi2.0 remediación,ok,/proveedores/agencias/agencias-de-publicidad/360-blau-publicidad,/publicidad/,301:/publicidad/,/publicidad/,
5213,Publi2.0 remediación,ok,/proveedores/agencias/agencias-de-publicidad/318-publidigital,/publicidad/,301:/publicidad/,/publicidad/,
5212,Publi2.0 remediación,ok,/proveedores/agencias/agencias-de-publicidad/302-csm-publicidad-s-a-de-c-v,/publicidad/,301:/publicidad/,/publicidad/,
5211,Publi2.0 remediación,ok,/proveedores/agencias/agencias-de-publicidad/296-publicidad-activa-mobil-s-a-de-c-v,/publicidad/,301:/publicidad/,/publicidad/,
5210,Publi2.0 remediación,ok,/proveedores/agencias/agencias-de-publicidad/290-extra-publicidad,/publicidad/,301:/publicidad/,/publicidad/,
5209,Publi2.0 remediación,ok,/proveedores/agencias/agencias-de-publicidad/271-o-k-publicidad,/publicidad/,301:/publicidad/,/publicidad/,
5208,Publi2.0 remediación,ok,/proveedores/agencias/agencias-de-publicidad/232-mr-publicidad-s-a-de-c-v/contactar,/publicidad/,301:/publicidad/,/publicidad/,
5207,Publi2.0 remediación,ok,/proveedores/agencias/agencias-de-publicidad/232-mr-publicidad-s-a-de-c-v,/publicidad/,301:/publicidad/,/publicidad/,
5206,Publi2.0 remediación,ok,/proveedores/agencias/agencias-de-publicidad/205-mi-publicidad,/publicidad/,301:/publicidad/,/publicidad/,
5205,Publi2.0 remediación,ok,/proveedores/agencias/agencias-de-publicidad/163-publicidad-de-aguinaga-sa-de-cv,/publicidad/,301:/publicidad/,/publicidad/,
5204,Publi2.0 remediación,ok,/proveedores/agencias/agencias-de-publicidad/141-pimsa-publicidad-s-a-de-c-v,/publicidad/,301:/publicidad/,/publicidad/,
5203,Publi2.0 remediación,ok,/proveedores/agencias/agencias-de-publicidad/1159-agencia-de-publicidad-farmaceutica-timspa,/publicidad/,301:/publicidad/,/publicidad/,
5202,Publi2.0 remediación,ok,/proveedores/agencias/agencias-de-publicidad/1157-agencia-de-publicidad-farmaceutica-queruva,/publicidad/,301:/publicidad/,/publicidad/,
5201,Publi2.0 remediación,ok,/proveedores/agencias/agencias-de-publicidad/1156-agencia-de-publicidad-farmaceutica-punto-pen,/publicidad/,301:/publicidad/,/publicidad/,
5200,Publi2.0 remediación,ok,/proveedores/agencias/agencias-de-publicidad/1154-agencia-de-publicidad-farmaceutica-marketing-latino,/publicidad/,301:/publicidad/,/publicidad/,
5199,Publi2.0 remediación,ok,/proveedores/agencias/agencias-de-publicidad/1153-agencia-de-publicidad-farmaceutica-ifloat-mexico,/publicidad/,301:/publicidad/,/publicidad/,
5198,Publi2.0 remediación,ok,/proveedores/agencias/agencias-de-publicidad/1151-agencia-de-publicidad-farmaceutica-cdyp-concepto-diseno-y-publicidad,/publicidad/,301:/publicidad/,/publicidad/,
5197,Publi2.0 remediación,ok,/proveedores/agencias/agencias-de-publicidad/1150-agencia-de-publicidad-farmaceutica-carlos-ascobereta-publicidad,/publicidad/,301:/publicidad/,/publicidad/,
5196,Publi2.0 remediación,ok,/proveedores/agencias/agencias-de-publicidad/1148-agencia-de-publicidad-farmaceutica-asterisco-healthcare-communications,/publicidad/,301:/publicidad/,/publicidad/,
5195,Publi2.0 remediación,ok,/proveedores/agencias/agencias-de-publicidad/1146-agencia-de-publicidad-farmaceutica-adacosta,/publicidad/,301:/publicidad/,/publicidad/,
5194,Publi2.0 remediación,ok,/proveedores/agencias/agencias-de-publicidad/1121-agencia-de-publicidad-zoo,/publicidad/,301:/publicidad/,/publicidad/,
5193,Publi2.0 remediación,ok,/proveedores/agencias/agencias-de-publicidad/1120-agencia-de-publicidad-zeta-publicidad,/publicidad/,301:/publicidad/,/publicidad/,
5192,Publi2.0 remediación,ok,/proveedores/agencias/agencias-de-publicidad/1117-agencia-de-publicidad-xpand-marketing-group,/publicidad/,301:/publicidad/,/publicidad/,
5191,Publi2.0 remediación,ok,/proveedores/agencias/agencias-de-publicidad/1113-agencia-de-publicidad-ar-weitzner-y-asociados,/publicidad/,301:/publicidad/,/publicidad/,
5190,Publi2.0 remediación,ok,/proveedores/agencias/agencias-de-publicidad/1111-agencia-de-publicidad-w360°,/publicidad/,301:/publicidad/,/publicidad/,
5189,Publi2.0 remediación,ok,/proveedores/agencias/agencias-de-publicidad/1110-agencia-de-publicidad-vux,/publicidad/,301:/publicidad/,/publicidad/,
5188,Publi2.0 remediación,ok,/proveedores/agencias/agencias-de-publicidad/1108-agencia-de-publicidad-visual-latina,/publicidad/,301:/publicidad/,/publicidad/,
5187,Publi2.0 remediación,ok,/proveedores/agencias/agencias-de-publicidad/1107-agencia-de-publicidad-grupo-vale-euro-rscg/contactar,/publicidad/,301:/publicidad/,/publicidad/,
5186,Publi2.0 remediación,ok,/proveedores/agencias/agencias-de-publicidad/1107-agencia-de-publicidad-grupo-vale-euro-rscg,/publicidad/,301:/publicidad/,/publicidad/,
5185,Publi2.0 remediación,ok,/proveedores/agencias/agencias-de-publicidad/1106-agencia-de-publicidad-tovar-mina-y-asociados/contactar,/publicidad/,301:/publicidad/,/publicidad/,
5184,Publi2.0 remediación,ok,/proveedores/agencias/agencias-de-publicidad/1105-agencia-de-publicidad-todolocontrario,/publicidad/,301:/publicidad/,/publicidad/,
5183,Publi2.0 remediación,ok,/proveedores/agencias/agencias-de-publicidad/1104-agencia-de-publicidad-titan-mexico,/publicidad/,301:/publicidad/,/publicidad/,
5182,Publi2.0 remediación,ok,/proveedores/agencias/agencias-de-publicidad/1100-agencia-de-publicidad-synapsis-de-mexico,/publicidad/,301:/publicidad/,/publicidad/,
5181,Publi2.0 remediación,ok,/proveedores/agencias/agencias-de-publicidad/110-publicidad-osorio,/publicidad/,301:/publicidad/,/publicidad/,
5180,Publi2.0 remediación,ok,/proveedores/agencias/agencias-de-publicidad/1096-agencia-de-publicidad-spora-publicidad-y-diseno-grafico,/publicidad/,301:/publicidad/,/publicidad/,
5179,Publi2.0 remediación,ok,/proveedores/agencias/agencias-de-publicidad/1092-agencia-de-publicidad-seis-grados,/publicidad/,301:/publicidad/,/publicidad/,
5178,Publi2.0 remediación,ok,/proveedores/agencias/agencias-de-publicidad/1090-agencia-de-publicidad-nazca-saatchi-y-saatchi,/publicidad/,301:/publicidad/,/publicidad/,
5177,Publi2.0 remediación,ok,/proveedores/agencias/agencias-de-publicidad/1088-agencia-de-publicidad-el-recreo-comunicacion/contactar,/publicidad/,301:/publicidad/,/publicidad/,
5176,Publi2.0 remediación,ok,/proveedores/agencias/agencias-de-publicidad/1088-agencia-de-publicidad-el-recreo-comunicacion,/publicidad/,301:/publicidad/,/publicidad/,
5175,Publi2.0 remediación,ok,/proveedores/agencias/agencias-de-publicidad/1086-agencia-de-publicidad-publycity,/publicidad/,301:/publicidad/,/publicidad/,
5174,Publi2.0 remediación,ok,/proveedores/agencias/agencias-de-publicidad/1085-agencia-de-publicidad-publicis-mexico,/publicidad/,301:/publicidad/,/publicidad/,
5173,Publi2.0 remediación,ok,/proveedores/agencias/agencias-de-publicidad/1084-agencia-de-publicidad-publicidad-global-mexico,/publicidad/,301:/publicidad/,/publicidad/,
5172,Publi2.0 remediación,ok,/proveedores/agencias/agencias-de-publicidad/1083-agencia-de-publicidad-proyecta-publicidad,/publicidad/,301:/publicidad/,/publicidad/,
5171,Publi2.0 remediación,ok,/proveedores/agencias/agencias-de-publicidad/1082-agencia-de-publicidad-proyecta-live-brand,/publicidad/,301:/publicidad/,/publicidad/,
5170,Publi2.0 remediación,ok,/proveedores/agencias/agencias-de-publicidad/1081-agencia-de-publicidad-promo-express,/publicidad/,301:/publicidad/,/publicidad/,
5169,Publi2.0 remediación,ok,/proveedores/agencias/agencias-de-publicidad/1080-agencia-de-publicidad-promarket,/publicidad/,301:/publicidad/,/publicidad/,
5168,Publi2.0 remediación,ok,/proveedores/agencias/agencias-de-publicidad/1079-agencia-de-publicidad-primitivo-publicidad,/publicidad/,301:/publicidad/,/publicidad/,
5167,Publi2.0 remediación,ok,/proveedores/agencias/agencias-de-publicidad/1078-agencia-de-publicidad-postermedia,/publicidad/,301:/publicidad/,/publicidad/,
5166,Publi2.0 remediación,ok,/proveedores/agencias/agencias-de-publicidad/1077-agencia-de-publicidad-pool-creativo,/publicidad/,301:/publicidad/,/publicidad/,
5165,Publi2.0 remediación,ok,/proveedores/agencias/agencias-de-publicidad/1076-agencia-de-publicidad-pico-adworks,/publicidad/,301:/publicidad/,/publicidad/,
5164,Publi2.0 remediación,ok,/proveedores/agencias/agencias-de-publicidad/1074-agencia-de-publicidad-pgiovascom,/publicidad/,301:/publicidad/,/publicidad/,
5163,Publi2.0 remediación,ok,/proveedores/agencias/agencias-de-publicidad/1069-agencia-de-publicidad-olabuenaga-chemistri,/publicidad/,301:/publicidad/,/publicidad/,
5162,Publi2.0 remediación,ok,/proveedores/agencias/agencias-de-publicidad/1068-agencia-de-publicidad-ogilvy-y-mather,/publicidad/,301:/publicidad/,/publicidad/,
5161,Publi2.0 remediación,ok,/proveedores/agencias/agencias-de-publicidad/1066-agencia-de-publicidad-ninja,/publicidad/,301:/publicidad/,/publicidad/,
5160,Publi2.0 remediación,ok,/proveedores/agencias/agencias-de-publicidad/1061-agencia-de-publicidad-möller-comunicacion-de-marcas,/publicidad/,301:/publicidad/,/publicidad/,
5159,Publi2.0 remediación,ok,/proveedores/agencias/agencias-de-publicidad/1060-agencia-de-publicidad-medellin-publicistas,/publicidad/,301:/publicidad/,/publicidad/,
5158,Publi2.0 remediación,ok,/proveedores/agencias/agencias-de-publicidad/1056-agencia-de-publicidad-magnus-mccoy,/publicidad/,301:/publicidad/,/publicidad/,
5157,Publi2.0 remediación,ok,/proveedores/agencias/agencias-de-publicidad/1055-agencia-de-publicidad-lowe,/publicidad/,301:/publicidad/,/publicidad/,
5156,Publi2.0 remediación,ok,/proveedores/agencias/agencias-de-publicidad/1054-agencia-de-publicidad-leo-burnett-mexico,/publicidad/,301:/publicidad/,/publicidad/,
5155,Publi2.0 remediación,ok,/proveedores/agencias/agencias-de-publicidad/1053-agencia-de-publicidad-lebrija-rubio-publicidad/contactar,/publicidad/,301:/publicidad/,/publicidad/,
5154,Publi2.0 remediación,ok,/proveedores/agencias/agencias-de-publicidad/1053-agencia-de-publicidad-lebrija-rubio-publicidad,/publicidad/,301:/publicidad/,/publicidad/,
5153,Publi2.0 remediación,ok,/proveedores/agencias/agencias-de-publicidad/1052-agencia-de-publicidad-lagencita,/publicidad/,301:/publicidad/,/publicidad/,
5152,Publi2.0 remediación,ok,/proveedores/agencias/agencias-de-publicidad/1050-agencia-de-publicidad-la-doble-vida,/publicidad/,301:/publicidad/,/publicidad/,
5151,Publi2.0 remediación,ok,/proveedores/agencias/agencias-de-publicidad/1048-agencia-de-publicidad-jwt-mexico,/publicidad/,301:/publicidad/,/publicidad/,
5150,Publi2.0 remediación,ok,/proveedores/agencias/agencias-de-publicidad/1046-agencia-de-publicidad-in-situ-publicidad,/publicidad/,301:/publicidad/,/publicidad/,
5149,Publi2.0 remediación,ok,/proveedores/agencias/agencias-de-publicidad/1045-agencia-de-publicidad-inmotion-productions,/publicidad/,301:/publicidad/,/publicidad/,
5148,Publi2.0 remediación,ok,/proveedores/agencias/agencias-de-publicidad/1044-agencia-de-publicidad-increapublicidad,/publicidad/,301:/publicidad/,/publicidad/,
5147,Publi2.0 remediación,ok,/proveedores/agencias/agencias-de-publicidad/1043-agencia-de-publicidad-imagic-group,/publicidad/,301:/publicidad/,/publicidad/,
5146,Publi2.0 remediación,ok,/proveedores/agencias/agencias-de-publicidad/1042-agencia-de-publicidad-imagogenia,/publicidad/,301:/publicidad/,/publicidad/,
5145,Publi2.0 remediación,ok,/proveedores/agencias/agencias-de-publicidad/1040-agencia-de-publicidad-haz-comunicacion,/publicidad/,301:/publicidad/,/publicidad/,
5144,Publi2.0 remediación,ok,/proveedores/agencias/agencias-de-publicidad/1039-agencia-de-publicidad-havas-worldwide-mexico,/publicidad/,301:/publicidad/,/publicidad/,
5143,Publi2.0 remediación,ok,/proveedores/agencias/agencias-de-publicidad/1038-agencia-de-publicidad-guru-market,/publicidad/,301:/publicidad/,/publicidad/,
5142,Publi2.0 remediación,ok,/proveedores/agencias/agencias-de-publicidad/1036-agencia-de-publicidad-grey-global-group-mexico,/publicidad/,301:/publicidad/,/publicidad/,
5141,Publi2.0 remediación,ok,/proveedores/agencias/agencias-de-publicidad/1034-agencia-de-publicidad-gaudelli-mcw,/publicidad/,301:/publicidad/,/publicidad/,
5140,Publi2.0 remediación,ok,/proveedores/agencias/agencias-de-publicidad/1032-agencia-de-publicidad-ganem-group,/publicidad/,301:/publicidad/,/publicidad/,
5139,Publi2.0 remediación,ok,/proveedores/agencias/agencias-de-publicidad/1031-agencia-de-publicidad-frente-btl/contactar,/publicidad/,301:/publicidad/,/publicidad/,
5138,Publi2.0 remediación,ok,/proveedores/agencias/agencias-de-publicidad/1031-agencia-de-publicidad-frente-btl,/publicidad/,301:/publicidad/,/publicidad/,
5137,Publi2.0 remediación,ok,/proveedores/agencias/agencias-de-publicidad/1029-agencia-de-publicidad-grupo-ferrer,/publicidad/,301:/publicidad/,/publicidad/,
5136,Publi2.0 remediación,ok,/proveedores/agencias/agencias-de-publicidad/1028-agencia-de-publicidad-euro-beker-rscg,/publicidad/,301:/publicidad/,/publicidad/,
5135,Publi2.0 remediación,ok,/proveedores/agencias/agencias-de-publicidad/1025-agencia-de-publicidad-dendrita-publicidad,/publicidad/,301:/publicidad/,/publicidad/,
5134,Publi2.0 remediación,ok,/proveedores/agencias/agencias-de-publicidad/1024-agencia-de-publicidad-delta-group,/publicidad/,301:/publicidad/,/publicidad/,
5133,Publi2.0 remediación,ok,/proveedores/agencias/agencias-de-publicidad/1023-agencia-de-publicidad-de-haro-publicidad,/publicidad/,301:/publicidad/,/publicidad/,
5132,Publi2.0 remediación,ok,/proveedores/agencias/agencias-de-publicidad/1018-agencia-de-publicidad-crecere-quorum,/publicidad/,301:/publicidad/,/publicidad/,
5131,Publi2.0 remediación,ok,/proveedores/agencias/agencias-de-publicidad/1016-agencia-de-publicidad-com-comunicacion-integral,/publicidad/,301:/publicidad/,/publicidad/,
5130,Publi2.0 remediación,ok,/proveedores/agencias/agencias-de-publicidad/1015-agencia-de-publicidad-click-publicidad,/publicidad/,301:/publicidad/,/publicidad/,
5129,Publi2.0 remediación,ok,/proveedores/agencias/agencias-de-publicidad/1014-agencia-de-publicidad-clemente-camara-y-asociados,/publicidad/,301:/publicidad/,/publicidad/,
5128,Publi2.0 remediación,ok,/proveedores/agencias/agencias-de-publicidad/1012-agencia-de-publicidad-chilaquile-btl,/publicidad/,301:/publicidad/,/publicidad/,
5127,Publi2.0 remediación,ok,/proveedores/agencias/agencias-de-publicidad/1011-agencia-de-publicidad-cheil-mexico,/publicidad/,301:/publicidad/,/publicidad/,
5126,Publi2.0 remediación,ok,/proveedores/agencias/agencias-de-publicidad/1007-agencia-de-publicidad-bypower,/publicidad/,301:/publicidad/,/publicidad/,
5125,Publi2.0 remediación,ok,/proveedores/agencias/agencias-de-publicidad/1005-agencia-de-publicidad-bbdo-mexico,/publicidad/,301:/publicidad/,/publicidad/,
5124,Publi2.0 remediación,ok,/proveedores/agencias/agencias-de-publicidad/1001-agencia-de-publicidad-arroyo-publicidad,/publicidad/,301:/publicidad/,/publicidad/,
5123,Publi2.0 remediación,ok,/proveedores/agencias/agencias-de-publicidad,/publicidad/,301:/publicidad/,/publicidad/,
5122,Publi2.0 remediación,ok,/proveedores/agencias/agencias-de-promocion/pagina3,/publicidad/,301:/publicidad/,/publicidad/,
5121,Publi2.0 remediación,ok,/proveedores/agencias/agencias-de-promocion/976-agencia-de-promocion-sinergia-xxi,/publicidad/,301:/publicidad/,/publicidad/,
5120,Publi2.0 remediación,ok,/proveedores/agencias/agencias-de-promocion/974-agencia-de-promocion-shark-btl,/publicidad/,301:/publicidad/,/publicidad/,
5119,Publi2.0 remediación,ok,/proveedores/agencias/agencias-de-promocion/971-agencia-de-promocion-ronin7,/publicidad/,301:/publicidad/,/publicidad/,
5118,Publi2.0 remediación,ok,/proveedores/agencias/agencias-de-promocion/970-agencia-de-promocion-red-promex,/publicidad/,301:/publicidad/,/publicidad/,
5117,Publi2.0 remediación,ok,/proveedores/agencias/agencias-de-promocion/966-agencia-de-promocion-proprom,/publicidad/,301:/publicidad/,/publicidad/,
5116,Publi2.0 remediación,ok,/proveedores/agencias/agencias-de-promocion/964-agencia-de-promocion-promolatina,/publicidad/,301:/publicidad/,/publicidad/,
5115,Publi2.0 remediación,ok,/proveedores/agencias/agencias-de-promocion/963-agencia-de-promocion-marketing-y-promotion,/publicidad/,301:/publicidad/,/publicidad/,
5114,Publi2.0 remediación,ok,/proveedores/agencias/agencias-de-promocion/958-agencia-de-promocion-payroling,/publicidad/,301:/publicidad/,/publicidad/,
5113,Publi2.0 remediación,ok,/proveedores/agencias/agencias-de-promocion/957-agencia-de-promocion-pauta-creativa,/publicidad/,301:/publicidad/,/publicidad/,
5112,Publi2.0 remediación,ok,/proveedores/agencias/agencias-de-promocion/956-agencia-de-promocion-msprom,/publicidad/,301:/publicidad/,/publicidad/,
5111,Publi2.0 remediación,ok,/proveedores/agencias/agencias-de-promocion/954-agencia-de-promocion-mercalogic,/publicidad/,301:/publicidad/,/publicidad/,
5110,Publi2.0 remediación,ok,/proveedores/agencias/agencias-de-promocion/953-agencia-de-promocion-menta-producciones,/publicidad/,301:/publicidad/,/publicidad/,
5109,Publi2.0 remediación,ok,/proveedores/agencias/agencias-de-promocion/952-agencia-de-promocion-market-pro-lideres-de-mercado,/publicidad/,301:/publicidad/,/publicidad/,
5108,Publi2.0 remediación,ok,/proveedores/agencias/agencias-de-promocion/951-agencia-de-promocion-grupo-interlinks,/publicidad/,301:/publicidad/,/publicidad/,
5107,Publi2.0 remediación,ok,/proveedores/agencias/agencias-de-promocion/950-agencia-de-promocion-inteligencia-avanzada/contactar,/publicidad/,301:/publicidad/,/publicidad/,
5106,Publi2.0 remediación,ok,/proveedores/agencias/agencias-de-promocion/950-agencia-de-promocion-inteligencia-avanzada,/publicidad/,301:/publicidad/,/publicidad/,
5105,Publi2.0 remediación,ok,/proveedores/agencias/agencias-de-promocion/947-agencia-de-promocion-grupo-sur-promociones,/publicidad/,301:/publicidad/,/publicidad/,
5104,Publi2.0 remediación,ok,/proveedores/agencias/agencias-de-promocion/944-agencia-de-promocion-grupo-cepron,/publicidad/,301:/publicidad/,/publicidad/,
5103,Publi2.0 remediación,ok,/proveedores/agencias/agencias-de-promocion/943-agencia-de-promocion-glow-y-grow,/publicidad/,301:/publicidad/,/publicidad/,
5102,Publi2.0 remediación,ok,/proveedores/agencias/agencias-de-promocion/936-agencia-de-promocion-dinamerc,/publicidad/,301:/publicidad/,/publicidad/,
5101,Publi2.0 remediación,ok,/proveedores/agencias/agencias-de-promocion/935-agencia-de-promocion-dinamica-en-mercadotecnia,/publicidad/,301:/publicidad/,/publicidad/,
5100,Publi2.0 remediación,ok,/proveedores/agencias/agencias-de-promocion/934-agencia-de-promocion-grupo-ctp,/publicidad/,301:/publicidad/,/publicidad/,
5099,Publi2.0 remediación,ok,/proveedores/agencias/agencias-de-promocion/933-agencia-de-promocion-grupo-creatica,/publicidad/,301:/publicidad/,/publicidad/,
5098,Publi2.0 remediación,ok,/proveedores/agencias/agencias-de-promocion/932-agencia-de-promocion-corporativo-pedrote/contactar,/publicidad/,301:/publicidad/,/publicidad/,
5097,Publi2.0 remediación,ok,/proveedores/agencias/agencias-de-promocion/932-agencia-de-promocion-corporativo-pedrote,/publicidad/,301:/publicidad/,/publicidad/,
5096,Publi2.0 remediación,ok,/proveedores/agencias/agencias-de-promocion/931-agencia-de-promocion-circus-marketing/contactar,/publicidad/,301:/publicidad/,/publicidad/,
5095,Publi2.0 remediación,ok,/proveedores/agencias/agencias-de-promocion/931-agencia-de-promocion-circus-marketing,/publicidad/,301:/publicidad/,/publicidad/,
5094,Publi2.0 remediación,ok,/proveedores/agencias/agencias-de-promocion/928-agencia-de-promocion-biruzz,/publicidad/,301:/publicidad/,/publicidad/,
5093,Publi2.0 remediación,ok,/proveedores/agencias/agencias-de-promocion/925-agencia-de-promocion-grupo-bahlcasa,/publicidad/,301:/publicidad/,/publicidad/,
5092,Publi2.0 remediación,ok,/proveedores/agencias/agencias-de-promocion/922-agencia-de-promocion-advertising-and-promotion,/publicidad/,301:/publicidad/,/publicidad/,
5091,Publi2.0 remediación,ok,/proveedores/agencias/agencias-de-promocion,/publicidad/,301:/publicidad/,/publicidad/,
5090,Publi2.0 remediación,ok,/proveedores/agencias/agencias-de-modelos/todo,/publicidad/,301:/publicidad/,/publicidad/,
5089,Publi2.0 remediación,ok,/proveedores/agencias/agencias-de-modelos/921-agencia-de-modelos-voala-models,/publicidad/,301:/publicidad/,/publicidad/,
5088,Publi2.0 remediación,ok,/proveedores/agencias/agencias-de-modelos/918-agencia-de-modelos-look-models-mexico,/publicidad/,301:/publicidad/,/publicidad/,
5087,Publi2.0 remediación,ok,/proveedores/agencias/agencias-de-modelos/917-agencia-de-modelos-lmnts-promotions,/publicidad/,301:/publicidad/,/publicidad/,
5086,Publi2.0 remediación,ok,/proveedores/agencias/agencias-de-modelos/915-agencia-de-modelos-gli-attori-casting,/publicidad/,301:/publicidad/,/publicidad/,
5085,Publi2.0 remediación,ok,/proveedores/agencias/agencias-de-modelos/910-agencia-de-modelos-captura-models,/publicidad/,301:/publicidad/,/publicidad/,
5084,Publi2.0 remediación,ok,/proveedores/agencias/agencias-de-modelos/909-agencia-de-modelos-bravo-model,/publicidad/,301:/publicidad/,/publicidad/,
5083,Publi2.0 remediación,ok,/proveedores/agencias/agencias-de-modelos/907-agencia-de-modelos-agencia-de-modelos-mexico,/publicidad/,301:/publicidad/,/publicidad/,
5082,Publi2.0 remediación,ok,/proveedores/agencias/agencias-de-modelos/9-boga-models-df,/publicidad/,301:/publicidad/,/publicidad/,
5081,Publi2.0 remediación,ok,/proveedores/agencias/agencias-de-modelos,/publicidad/,301:/publicidad/,/publicidad/,
5080,Publi2.0 remediación,ok,/proveedores/agencias/agencias-de-mercadotecnia/todo/pagina3,/mercadotecnia/,301:/mercadotecnia/,/mercadotecnia/,
5079,Publi2.0 remediación,ok,/proveedores/agencias/agencias-de-mercadotecnia/775-agencia-de-comunicacion-y-marketing-vinter-marketing-vibrations,/mercadotecnia/,301:/mercadotecnia/,/mercadotecnia/,
5078,Publi2.0 remediación,ok,/proveedores/agencias/agencias-de-mercadotecnia/774-agencia-de-comunicacion-y-marketing-the-jeffrey-group,/mercadotecnia/,301:/mercadotecnia/,/mercadotecnia/,
5077,Publi2.0 remediación,ok,/proveedores/agencias/agencias-de-mercadotecnia/773-agencia-de-comunicacion-y-marketing-teorus,/mercadotecnia/,301:/mercadotecnia/,/mercadotecnia/,
5076,Publi2.0 remediación,ok,/proveedores/agencias/agencias-de-mercadotecnia/772-agencia-de-comunicacion-y-marketing-tengo-una-idea,/mercadotecnia/,301:/mercadotecnia/,/mercadotecnia/,
5075,Publi2.0 remediación,ok,/proveedores/agencias/agencias-de-mercadotecnia/771-agencia-de-comunicacion-y-marketing-tangerine-soul-pr,/mercadotecnia/,301:/mercadotecnia/,/mercadotecnia/,
5074,Publi2.0 remediación,ok,/proveedores/agencias/agencias-de-mercadotecnia/769-agencia-de-comunicacion-y-marketing-spalancati,/mercadotecnia/,301:/mercadotecnia/,/mercadotecnia/,
5073,Publi2.0 remediación,ok,/proveedores/agencias/agencias-de-mercadotecnia/766-agencia-de-comunicacion-y-marketing-pixel-siete,/mercadotecnia/,301:/mercadotecnia/,/mercadotecnia/,
5072,Publi2.0 remediación,ok,/proveedores/agencias/agencias-de-mercadotecnia/765-agencia-de-comunicacion-y-marketing-llorente-y-cuenca,/mercadotecnia/,301:/mercadotecnia/,/mercadotecnia/,
5071,Publi2.0 remediación,ok,/proveedores/agencias/agencias-de-mercadotecnia/759-agencia-de-comunicacion-y-marketing-grupo-axius,/mercadotecnia/,301:/mercadotecnia/,/mercadotecnia/,
5070,Publi2.0 remediación,ok,/proveedores/agencias/agencias-de-mercadotecnia/758-agencia-de-comunicacion-y-marketing-godisruptive,/mercadotecnia/,301:/mercadotecnia/,/mercadotecnia/,
5069,Publi2.0 remediación,ok,/proveedores/agencias/agencias-de-mercadotecnia/754-agencia-de-comunicacion-y-marketing-concepto-total,/mercadotecnia/,301:/mercadotecnia/,/mercadotecnia/,
5068,Publi2.0 remediación,ok,/proveedores/agencias/agencias-de-mercadotecnia/752-agencia-de-comunicacion-y-marketing-central-media,/mercadotecnia/,301:/mercadotecnia/,/mercadotecnia/,
5067,Publi2.0 remediación,ok,/proveedores/agencias/agencias-de-mercadotecnia/749-agencia-de-comunicacion-y-marketing-agencia-i,/mercadotecnia/,301:/mercadotecnia/,/mercadotecnia/,
5066,Publi2.0 remediación,ok,/proveedores/agencias/agencias-de-mercadotecnia/748-agencia-de-comunicacion-y-marketing-abc-digital,/mercadotecnia/,301:/mercadotecnia/,/mercadotecnia/,
5065,Publi2.0 remediación,ok,/proveedores/agencias/agencias-de-mercadotecnia/652-servicios-de-asesoria-y-marketing-de-tamaulipas-sa-de-cv,/mercadotecnia/,301:/mercadotecnia/,/mercadotecnia/,
5064,Publi2.0 remediación,ok,/proveedores/agencias/agencias-de-mercadotecnia/38-emkt-mx,/mercadotecnia/,301:/mercadotecnia/,/mercadotecnia/,
5063,Publi2.0 remediación,ok,/proveedores/agencias/agencias-de-mercadotecnia/371-global-producciones-and-marketing-sa-de-cv,/mercadotecnia/,301:/mercadotecnia/,/mercadotecnia/,
5062,Publi2.0 remediación,ok,/proveedores/agencias/agencias-de-mercadotecnia/358-ncyg-marketing-publicidad-y-producciones-sa-de-c-v,/mercadotecnia/,301:/mercadotecnia/,/mercadotecnia/,
5061,Publi2.0 remediación,ok,/proveedores/agencias/agencias-de-mercadotecnia/1347-agencias-de-marketing-servipromer,/mercadotecnia/,301:/mercadotecnia/,/mercadotecnia/,
5060,Publi2.0 remediación,ok,/proveedores/agencias/agencias-de-mercadotecnia/1346-agencias-de-marketing-sensorik-mkt,/mercadotecnia/,301:/mercadotecnia/,/mercadotecnia/,
5059,Publi2.0 remediación,ok,/proveedores/agencias/agencias-de-mercadotecnia/1345-agencias-de-marketing-ideas-ruizmed,/mercadotecnia/,301:/mercadotecnia/,/mercadotecnia/,
5058,Publi2.0 remediación,ok,/proveedores/agencias/agencias-de-mercadotecnia/1344-agencias-de-marketing-rt-marketing,/mercadotecnia/,301:/mercadotecnia/,/mercadotecnia/,
5057,Publi2.0 remediación,ok,/proveedores/agencias/agencias-de-mercadotecnia/1343-agencias-de-marketing-revolver-radical,/mercadotecnia/,301:/mercadotecnia/,/mercadotecnia/,
5056,Publi2.0 remediación,ok,/proveedores/agencias/agencias-de-mercadotecnia/1341-agencias-de-marketing-quarks-consultoria-creativa,/mercadotecnia/,301:/mercadotecnia/,/mercadotecnia/,
5055,Publi2.0 remediación,ok,/proveedores/agencias/agencias-de-mercadotecnia/1340-agencias-de-marketing-punto-tres,/mercadotecnia/,301:/mercadotecnia/,/mercadotecnia/,
5054,Publi2.0 remediación,ok,/proveedores/agencias/agencias-de-mercadotecnia/1339-agencias-de-marketing-publiza-marketing,/mercadotecnia/,301:/mercadotecnia/,/mercadotecnia/,
5053,Publi2.0 remediación,ok,/proveedores/agencias/agencias-de-mercadotecnia/1338-agencias-de-marketing-publisenal,/mercadotecnia/,301:/mercadotecnia/,/mercadotecnia/,
5052,Publi2.0 remediación,ok,/proveedores/agencias/agencias-de-mercadotecnia/1335-agencias-de-marketing-pcc-brand-group-mexico,/mercadotecnia/,301:/mercadotecnia/,/mercadotecnia/,
5051,Publi2.0 remediación,ok,/proveedores/agencias/agencias-de-mercadotecnia/1326-agencias-de-marketing-matrix-marketing-oob,/mercadotecnia/,301:/mercadotecnia/,/mercadotecnia/,
5050,Publi2.0 remediación,ok,/proveedores/agencias/agencias-de-mercadotecnia/1325-agencias-de-marketing-materia-gris,/mercadotecnia/,301:/mercadotecnia/,/mercadotecnia/,
5049,Publi2.0 remediación,ok,/proveedores/agencias/agencias-de-mercadotecnia/1318-agencias-de-marketing-keep-in-touch-marketing-mexico,/mercadotecnia/,301:/mercadotecnia/,/mercadotecnia/,
5048,Publi2.0 remediación,ok,/proveedores/agencias/agencias-de-mercadotecnia/1309-agencias-de-marketing-gideas,/mercadotecnia/,301:/mercadotecnia/,/mercadotecnia/,
5047,Publi2.0 remediación,ok,/proveedores/agencias/agencias-de-mercadotecnia/1306-agencias-de-marketing-genera-studio,/mercadotecnia/,301:/mercadotecnia/,/mercadotecnia/,
5046,Publi2.0 remediación,ok,/proveedores/agencias/agencias-de-mercadotecnia/1305-agencias-de-marketing-future-group,/mercadotecnia/,301:/mercadotecnia/,/mercadotecnia/,
5045,Publi2.0 remediación,ok,/proveedores/agencias/agencias-de-mercadotecnia/1302-agencias-de-marketing-fidelity-marketing,/mercadotecnia/,301:/mercadotecnia/,/mercadotecnia/,
5044,Publi2.0 remediación,ok,/proveedores/agencias/agencias-de-mercadotecnia/1301-agencias-de-marketing-exotic-marketing-group,/mercadotecnia/,301:/mercadotecnia/,/mercadotecnia/,
5043,Publi2.0 remediación,ok,/proveedores/agencias/agencias-de-mercadotecnia/1296-agencias-de-marketing-el-orfanato-ideas-sin-madre,/mercadotecnia/,301:/mercadotecnia/,/mercadotecnia/,
5042,Publi2.0 remediación,ok,/proveedores/agencias/agencias-de-mercadotecnia/1294-agencias-de-marketing-dlb-group-mexico,/mercadotecnia/,301:/mercadotecnia/,/mercadotecnia/,
5041,Publi2.0 remediación,ok,/proveedores/agencias/agencias-de-mercadotecnia/1293-agencias-de-marketing-dialogo-boutique-creativa,/mercadotecnia/,301:/mercadotecnia/,/mercadotecnia/,
5040,Publi2.0 remediación,ok,/proveedores/agencias/agencias-de-mercadotecnia/1291-agencias-de-marketing-dharma-publicidad,/mercadotecnia/,301:/mercadotecnia/,/mercadotecnia/,
5039,Publi2.0 remediación,ok,/proveedores/agencias/agencias-de-mercadotecnia/1288-agencias-de-marketing-conceptmkt,/mercadotecnia/,301:/mercadotecnia/,/mercadotecnia/,
5038,Publi2.0 remediación,ok,/proveedores/agencias/agencias-de-mercadotecnia/1286-agencias-de-marketing-circulo-de-ideas-btl/contactar,/mercadotecnia/,301:/mercadotecnia/,/mercadotecnia/,
5037,Publi2.0 remediación,ok,/proveedores/agencias/agencias-de-mercadotecnia/1286-agencias-de-marketing-circulo-de-ideas-btl,/mercadotecnia/,301:/mercadotecnia/,/mercadotecnia/,
5036,Publi2.0 remediación,ok,/proveedores/agencias/agencias-de-mercadotecnia/1284-agencias-de-marketing-campus-marketing,/mercadotecnia/,301:/mercadotecnia/,/mercadotecnia/,
5035,Publi2.0 remediación,ok,/proveedores/agencias/agencias-de-mercadotecnia/1283-agencias-de-marketing-camaleon-marketing,/mercadotecnia/,301:/mercadotecnia/,/mercadotecnia/,
5034,Publi2.0 remediación,ok,/proveedores/agencias/agencias-de-mercadotecnia/1280-agencias-de-marketing-branch-branding,/mercadotecnia/,301:/mercadotecnia/,/mercadotecnia/,
5033,Publi2.0 remediación,ok,/proveedores/agencias/agencias-de-mercadotecnia/1278-agencias-de-marketing-asylum-mexico,/mercadotecnia/,301:/mercadotecnia/,/mercadotecnia/,
5032,Publi2.0 remediación,ok,/proveedores/agencias/agencias-de-mercadotecnia/1275-agencias-de-marketing-alternativa-mdi,/mercadotecnia/,301:/mercadotecnia/,/mercadotecnia/,
5031,Publi2.0 remediación,ok,/proveedores/agencias/agencias-de-mercadotecnia,/mercadotecnia/,301:/mercadotecnia/,/mercadotecnia/,
5030,Publi2.0 remediación,ok,/proveedores/agencias/agencias-de-medios/todo,/publicidad/,301:/publicidad/,/publicidad/,
5029,Publi2.0 remediación,ok,/proveedores/agencias/agencias-de-medios/pagina1,/publicidad/,301:/publicidad/,/publicidad/,
5028,Publi2.0 remediación,ok,/proveedores/agencias/agencias-de-medios/906-agencia-de-medios-zenithoptimedia,/publicidad/,301:/publicidad/,/publicidad/,
5027,Publi2.0 remediación,ok,/proveedores/agencias/agencias-de-medios/905-agencia-de-medios-quiroga-agencia-de-medios,/publicidad/,301:/publicidad/,/publicidad/,
5026,Publi2.0 remediación,ok,/proveedores/agencias/agencias-de-medios/904-agencia-de-medios-promosat,/publicidad/,301:/publicidad/,/publicidad/,
5025,Publi2.0 remediación,ok,/proveedores/agencias/agencias-de-medios/903-agencia-de-medios-omd-mexico,/publicidad/,301:/publicidad/,/publicidad/,
5024,Publi2.0 remediación,ok,/proveedores/agencias/agencias-de-medios/902-agencia-de-medios-nuklear,/publicidad/,301:/publicidad/,/publicidad/,
5023,Publi2.0 remediación,ok,/proveedores/agencias/agencias-de-medios/899-agencia-de-medios-mediacorp,/publicidad/,301:/publicidad/,/publicidad/,
5022,Publi2.0 remediación,ok,/proveedores/agencias/agencias-de-medios/898-agencia-de-medios-initiative,/publicidad/,301:/publicidad/,/publicidad/,
5021,Publi2.0 remediación,ok,/proveedores/agencias/agencias-de-medios/73-logica-en-medios-sa-de-cv,/publicidad/,301:/publicidad/,/publicidad/,
5020,Publi2.0 remediación,ok,/proveedores/agencias/agencias-de-medios/647-alroja-medios-sa-de-cv,/publicidad/,301:/publicidad/,/publicidad/,
5019,Publi2.0 remediación,ok,/proveedores/agencias/agencias-de-medios/626-corporativo-medios-en-movimiento-s-a-de-c-v,/publicidad/,301:/publicidad/,/publicidad/,
5018,Publi2.0 remediación,ok,/proveedores/agencias/agencias-de-medios/595-top-medios-s-a-de-c-v,/publicidad/,301:/publicidad/,/publicidad/,
5017,Publi2.0 remediación,ok,/proveedores/agencias/agencias-de-medios/594-impactos-frecuencia-y-cobertura-en-medios-sa-de-cv/contactar,/publicidad/,301:/publicidad/,/publicidad/,
5016,Publi2.0 remediación,ok,/proveedores/agencias/agencias-de-medios/594-impactos-frecuencia-y-cobertura-en-medios-sa-de-cv,/publicidad/,301:/publicidad/,/publicidad/,
5015,Publi2.0 remediación,ok,/proveedores/agencias/agencias-de-medios/591-optimizacion-en-medios-s-a-de-c-v,/publicidad/,301:/publicidad/,/publicidad/,
5014,Publi2.0 remediación,ok,/proveedores/agencias/agencias-de-medios/563-estrategia-inteligente-de-medios-s-a-de-c-v,/publicidad/,301:/publicidad/,/publicidad/,
5013,Publi2.0 remediación,ok,/proveedores/agencias/agencias-de-medios/397-digital-multimedios,/publicidad/,301:/publicidad/,/publicidad/,
5012,Publi2.0 remediación,ok,/proveedores/agencias/agencias-de-medios/279-ingenieria-creativa-en-medios-s-c,/publicidad/,301:/publicidad/,/publicidad/,
5011,Publi2.0 remediación,ok,/proveedores/agencias/agencias-de-medios/231-impactos-frecuencia-y-cobertura-en-medios-sa-de-cv,/publicidad/,301:/publicidad/,/publicidad/,
5010,Publi2.0 remediación,ok,/proveedores/agencias/agencias-de-medios/209-business-y-medios-s-a-de-c-v,/publicidad/,301:/publicidad/,/publicidad/,
5009,Publi2.0 remediación,ok,/proveedores/agencias/agencias-de-medios,/publicidad/,301:/publicidad/,/publicidad/,
5008,Publi2.0 remediación,ok,/proveedores/agencias/agencias-de-diseno/777-agencia-de-diseno-industrial-traktor-lab,/publicidad/,301:/publicidad/,/publicidad/,
5007,Publi2.0 remediación,ok,/proveedores/agencias/502-directo-agencia-s-a-de-c-v,/publicidad/,301:/publicidad/,/publicidad/,
5006,Publi2.0 remediación,ok,/proveedores/agencias,/publicidad/,301:/publicidad/,/publicidad/,
5005,Publi2.0 remediación,ok,/proveedores/activaciones/256-5w-mexico-sa-cv,/publicidad/,301:/publicidad/,/publicidad/,
5004,Publi2.0 remediación,ok,/proveedores/activaciones,/publicidad/,301:/publicidad/,/publicidad/,
5003,Publi2.0 remediación,ok,/proveedores/99-angelus-producciones-s-a-de-c-v,/publicidad/,301:/publicidad/,/publicidad/,
5002,Publi2.0 remediación,ok,/proveedores/97-editorial-magesa-s-a-de-c-v,/publicidad/,301:/publicidad/,/publicidad/,
5001,Publi2.0 remediación,ok,/proveedores/95-quiero-media-s-a-de-c-v,/publicidad/,301:/publicidad/,/publicidad/,
5000,Publi2.0 remediación,ok,/proveedores/92-global-media-asesores-s-a-de-c-v,/publicidad/,301:/publicidad/,/publicidad/,
4999,Publi2.0 remediación,ok,/proveedores/90-publi-shine-s-a-de-c-v,/publicidad/,301:/publicidad/,/publicidad/,
4998,Publi2.0 remediación,ok,/proveedores/89-grupo-ojeda,/publicidad/,301:/publicidad/,/publicidad/,
4997,Publi2.0 remediación,ok,/proveedores/87-licon-y-asociados-s-a-de-c-v/contactar,/publicidad/,301:/publicidad/,/publicidad/,
4996,Publi2.0 remediación,ok,/proveedores/87-licon-y-asociados-s-a-de-c-v,/publicidad/,301:/publicidad/,/publicidad/,
4995,Publi2.0 remediación,ok,/proveedores/74-grupo-chong-signs,/publicidad/,301:/publicidad/,/publicidad/,
4994,Publi2.0 remediación,ok,/proveedores/732-publiplaya,/publicidad/,301:/publicidad/,/publicidad/,
4993,Publi2.0 remediación,ok,/proveedores/730-publi-1000/contactar,/publicidad/,301:/publicidad/,/publicidad/,
4992,Publi2.0 remediación,ok,/proveedores/730-publi-1000,/publicidad/,301:/publicidad/,/publicidad/,
4991,Publi2.0 remediación,ok,/proveedores/716-gmb-comunicaciones-sa-de-cv,/publicidad/,301:/publicidad/,/publicidad/,
4990,Publi2.0 remediación,ok,/proveedores/70-publycom-s-a-de-c-v,/publicidad/,301:/publicidad/,/publicidad/,
4989,Publi2.0 remediación,ok,/proveedores/692-profesionales-de-playa-mujeres-sa-de-cv,/publicidad/,301:/publicidad/,/publicidad/,
4988,Publi2.0 remediación,ok,/proveedores/69-veloga-sa-de-cv,/publicidad/,301:/publicidad/,/publicidad/,
4987,Publi2.0 remediación,ok,/proveedores/68-cortina-tagle-isoard-y-cia-sc,/publicidad/,301:/publicidad/,/publicidad/,
4986,Publi2.0 remediación,ok,/proveedores/673-capaco-sa-de-cv,/publicidad/,301:/publicidad/,/publicidad/,
4985,Publi2.0 remediación,ok,/proveedores/67-enfiestate-com,/publicidad/,301:/publicidad/,/publicidad/,
4984,Publi2.0 remediación,ok,/proveedores/649-empresa-de-tecnologia-virtual-sa-de-cv,/publicidad/,301:/publicidad/,/publicidad/,
4983,Publi2.0 remediación,ok,/proveedores/645-saga-del-cupatitzio-s-a-de-c-v,/publicidad/,301:/publicidad/,/publicidad/,
4982,Publi2.0 remediación,ok,/proveedores/64-vea-de-occidente-s-a-de-c-v,/publicidad/,301:/publicidad/,/publicidad/,
4981,Publi2.0 remediación,ok,/proveedores/608-anuncios-luminosos-neon-america,/publicidad/,301:/publicidad/,/publicidad/,
4980,Publi2.0 remediación,ok,/proveedores/603-comercabos-sa-de-cv/contactar,/publicidad/,301:/publicidad/,/publicidad/,
4979,Publi2.0 remediación,ok,/proveedores/603-comercabos-sa-de-cv,/publicidad/,301:/publicidad/,/publicidad/,
4978,Publi2.0 remediación,ok,/proveedores/602-comercializadora-gps-2000-sa-de-cv,/publicidad/,301:/publicidad/,/publicidad/,
4977,Publi2.0 remediación,ok,/proveedores/601-g4-de-mexico-s-a-de-c-v,/publicidad/,301:/publicidad/,/publicidad/,
4976,Publi2.0 remediación,ok,/proveedores/600-snell-ventures-s-de-rl-de-cv,/publicidad/,301:/publicidad/,/publicidad/,
4975,Publi2.0 remediación,ok,/proveedores/60-liselot-s-a-de-c-v,/publicidad/,301:/publicidad/,/publicidad/,
4974,Publi2.0 remediación,ok,/proveedores/588-aseco-sa-de-cv,/publicidad/,301:/publicidad/,/publicidad/,
4973,Publi2.0 remediación,ok,/proveedores/580-bunker-y-taylor-s-a-de-c-v,/publicidad/,301:/publicidad/,/publicidad/,
4972,Publi2.0 remediación,ok,/proveedores/561-comercializadora-megaprint-s-de-r-l-de-c-v,/publicidad/,301:/publicidad/,/publicidad/,
4971,Publi2.0 remediación,ok,/proveedores/560-ponme-imagen-s-a-de-c-v,/publicidad/,301:/publicidad/,/publicidad/,
4970,Publi2.0 remediación,ok,/proveedores/56-grupo-creativos,/publicidad/,301:/publicidad/,/publicidad/,
4969,Publi2.0 remediación,ok,/proveedores/557-producciones-signaleticas-mexicanas-s-a-de-c-v/contactar,/publicidad/,301:/publicidad/,/publicidad/,
4968,Publi2.0 remediación,ok,/proveedores/557-producciones-signaleticas-mexicanas-s-a-de-c-v,/publicidad/,301:/publicidad/,/publicidad/,
4967,Publi2.0 remediación,ok,/proveedores/556-north-american-mailing-services-s-de-r-l-de-c-v/contactar,/publicidad/,301:/publicidad/,/publicidad/,
4966,Publi2.0 remediación,ok,/proveedores/556-north-american-mailing-services-s-de-r-l-de-c-v,/publicidad/,301:/publicidad/,/publicidad/,
4965,Publi2.0 remediación,ok,/proveedores/551-publicaciones-del-chuviscar-s-a-de-c-v,/publicidad/,301:/publicidad/,/publicidad/,
4964,Publi2.0 remediación,ok,/proveedores/543-comercializadora-chester-s-a-de-c-v,/publicidad/,301:/publicidad/,/publicidad/,
4963,Publi2.0 remediación,ok,/proveedores/542-sign-fussion-s-a-de-c-v,/publicidad/,301:/publicidad/,/publicidad/,
4962,Publi2.0 remediación,ok,/proveedores/533-publitotal-sa-de-cv/contactar,/publicidad/,301:/publicidad/,/publicidad/,
4961,Publi2.0 remediación,ok,/proveedores/533-publitotal-sa-de-cv,/publicidad/,301:/publicidad/,/publicidad/,
4960,Publi2.0 remediación,ok,/proveedores/53-telepersonal-s-a-d-e-c-v,/publicidad/,301:/publicidad/,/publicidad/,
4959,Publi2.0 remediación,ok,/proveedores/524-calendarios-len,/publicidad/,301:/publicidad/,/publicidad/,
4958,Publi2.0 remediación,ok,/proveedores/510-calendarios-len,/publicidad/,301:/publicidad/,/publicidad/,
4957,Publi2.0 remediación,ok,/proveedores/495-fazt-proveedor-de-publiservicios-sa-de-cv/recomendar,/publicidad/,301:/publicidad/,/publicidad/,
4956,Publi2.0 remediación,ok,/proveedores/495-fazt-proveedor-de-publiservicios-sa-de-cv,/publicidad/,301:/publicidad/,/publicidad/,
4955,Publi2.0 remediación,ok,/proveedores/494-publi-imagen,/publicidad/,301:/publicidad/,/publicidad/,
4954,Publi2.0 remediación,ok,/proveedores/492-ramirez,/publicidad/,301:/publicidad/,/publicidad/,
4953,Publi2.0 remediación,ok,/proveedores/491-publimaya,/publicidad/,301:/publicidad/,/publicidad/,
4952,Publi2.0 remediación,ok,/proveedores/49-monsadria-s-a/contactar,/publicidad/,301:/publicidad/,/publicidad/,
4951,Publi2.0 remediación,ok,/proveedores/486-jugo-de-tomate-s-a-de-c-v,/publicidad/,301:/publicidad/,/publicidad/,
4950,Publi2.0 remediación,ok,/proveedores/485-rapicolor,/publicidad/,301:/publicidad/,/publicidad/,
4949,Publi2.0 remediación,ok,/proveedores/476-numeros-creativos-s-c,/publicidad/,301:/publicidad/,/publicidad/,
4948,Publi2.0 remediación,ok,/proveedores/473-spectradyne-international-inc,/publicidad/,301:/publicidad/,/publicidad/,
4947,Publi2.0 remediación,ok,/proveedores/46-cap-servicios-empresariales-sa-de-cv,/publicidad/,301:/publicidad/,/publicidad/,
4946,Publi2.0 remediación,ok,/proveedores/449-beltran-y-bernal-stoopen-sc/recomendar,/publicidad/,301:/publicidad/,/publicidad/,
4945,Publi2.0 remediación,ok,/proveedores/449-beltran-y-bernal-stoopen-sc,/publicidad/,301:/publicidad/,/publicidad/,
4944,Publi2.0 remediación,ok,/proveedores/444-grupo-hiperformas-del-bajio-s-a-de-c-v/recomendar,/publicidad/,301:/publicidad/,/publicidad/,
4943,Publi2.0 remediación,ok,/proveedores/444-grupo-hiperformas-del-bajio-s-a-de-c-v/contactar,/publicidad/,301:/publicidad/,/publicidad/,
4942,Publi2.0 remediación,ok,/proveedores/444-grupo-hiperformas-del-bajio-s-a-de-c-v,/publicidad/,301:/publicidad/,/publicidad/,
4941,Publi2.0 remediación,ok,/proveedores/442-daisa-proyectos,/publicidad/,301:/publicidad/,/publicidad/,
4940,Publi2.0 remediación,ok,/proveedores/431-grupo-signos-s-a-de-c-v,/publicidad/,301:/publicidad/,/publicidad/,
4939,Publi2.0 remediación,ok,/proveedores/429-empresas-isal-s-de-rl-de-cv/contactar,/publicidad/,301:/publicidad/,/publicidad/,
4938,Publi2.0 remediación,ok,/proveedores/429-empresas-isal-s-de-rl-de-cv,/publicidad/,301:/publicidad/,/publicidad/,
4937,Publi2.0 remediación,ok,/proveedores/422-arclad-de-mexico-sa-de-cv-oficinas,/publicidad/,301:/publicidad/,/publicidad/,
4936,Publi2.0 remediación,ok,/proveedores/419-screencast-s-a-p-i-de-cv,/publicidad/,301:/publicidad/,/publicidad/,
4935,Publi2.0 remediación,ok,/proveedores/418-grupo-mistica-sa-de-cv,/publicidad/,301:/publicidad/,/publicidad/,
4934,Publi2.0 remediación,ok,/proveedores/415-publitec,/publicidad/,301:/publicidad/,/publicidad/,
4933,Publi2.0 remediación,ok,/proveedores/413-mentor-s-a-de-c-v,/publicidad/,301:/publicidad/,/publicidad/,
4932,Publi2.0 remediación,ok,/proveedores/411-informacion-del-noreste-s-a-de-c-v,/publicidad/,301:/publicidad/,/publicidad/,
4931,Publi2.0 remediación,ok,/proveedores/407-publiport-sa-de-cv,/publicidad/,301:/publicidad/,/publicidad/,
4930,Publi2.0 remediación,ok,/proveedores/406-publimedia-los-cabos-sa-de-cv,/publicidad/,301:/publicidad/,/publicidad/,
4929,Publi2.0 remediación,ok,/proveedores/403-publiservicios-vanguardia-s-a-de-c-v,/publicidad/,301:/publicidad/,/publicidad/,
4928,Publi2.0 remediación,ok,/proveedores/388-guia-conurbada,/publicidad/,301:/publicidad/,/publicidad/,
4927,Publi2.0 remediación,ok,/proveedores/377-publicaciones-metropolitanas-s-a-de-c-v,/publicidad/,301:/publicidad/,/publicidad/,
4926,Publi2.0 remediación,ok,/proveedores/369-descar-s-a-de-c-v,/publicidad/,301:/publicidad/,/publicidad/,
4925,Publi2.0 remediación,ok,/proveedores/364-televisora-peninsular-s-a-de-c-v,/publicidad/,301:/publicidad/,/publicidad/,
4924,Publi2.0 remediación,ok,/proveedores/363-multimedia-del-sureste-s-a-de-c-v,/publicidad/,301:/publicidad/,/publicidad/,
4923,Publi2.0 remediación,ok,/proveedores/356-hildetex-s-a-de-c-v,/publicidad/,301:/publicidad/,/publicidad/,
4922,Publi2.0 remediación,ok,/proveedores/354-sacale-jugo-a-tu-marca-is-de-r-l-de-c-v/contactar,/publicidad/,301:/publicidad/,/publicidad/,
4921,Publi2.0 remediación,ok,/proveedores/354-sacale-jugo-a-tu-marca-is-de-r-l-de-c-v,/publicidad/,301:/publicidad/,/publicidad/,
4920,Publi2.0 remediación,ok,/proveedores/323-publi-maya,/publicidad/,301:/publicidad/,/publicidad/,
4919,Publi2.0 remediación,ok,/proveedores/322-grupo-estratega-de-publicidad-sa-de-cv,/publicidad/,301:/publicidad/,/publicidad/,
4918,Publi2.0 remediación,ok,/proveedores/321-otero-27,/publicidad/,301:/publicidad/,/publicidad/,
4917,Publi2.0 remediación,ok,/proveedores/310-servicios-de-administracion-e-informatica-sa-de-cv,/publicidad/,301:/publicidad/,/publicidad/,
4916,Publi2.0 remediación,ok,/proveedores/303-creasunn-s-a-de-cv,/publicidad/,301:/publicidad/,/publicidad/,
4915,Publi2.0 remediación,ok,/proveedores/301-publi-anuncios,/publicidad/,301:/publicidad/,/publicidad/,
4914,Publi2.0 remediación,ok,/proveedores/298-habitat-creativo-sa-de-cv,/publicidad/,301:/publicidad/,/publicidad/,
4913,Publi2.0 remediación,ok,/proveedores/294-lira,/publicidad/,301:/publicidad/,/publicidad/,
4912,Publi2.0 remediación,ok,/proveedores/293-aram-y-asociados-s-a-de-c-v,/publicidad/,301:/publicidad/,/publicidad/,
4911,Publi2.0 remediación,ok,/proveedores/291-multi-signos-s-a-de-c-v,/publicidad/,301:/publicidad/,/publicidad/,
4910,Publi2.0 remediación,ok,/proveedores/287-rumbo-publicaciones-s-c,/publicidad/,301:/publicidad/,/publicidad/,
4909,Publi2.0 remediación,ok,/proveedores/280-doble-l-comunicacion-e-informacion,/publicidad/,301:/publicidad/,/publicidad/,
4908,Publi2.0 remediación,ok,/proveedores/278-grupo-integra,/publicidad/,301:/publicidad/,/publicidad/,
4907,Publi2.0 remediación,ok,/proveedores/273-servicios-andes,/publicidad/,301:/publicidad/,/publicidad/,
4906,Publi2.0 remediación,ok,/proveedores/269-hyc-trade-business-s-a-de-c-v,/publicidad/,301:/publicidad/,/publicidad/,
4905,Publi2.0 remediación,ok,/proveedores/268-publi-pac,/publicidad/,301:/publicidad/,/publicidad/,
4904,Publi2.0 remediación,ok,/proveedores/266-west-mex-s-a-de-c-v,/publicidad/,301:/publicidad/,/publicidad/,
4903,Publi2.0 remediación,ok,/proveedores/262-comercializadora-publishuttle-sa-de-cv/contactar,/publicidad/,301:/publicidad/,/publicidad/,
4902,Publi2.0 remediación,ok,/proveedores/262-comercializadora-publishuttle-sa-de-cv,/publicidad/,301:/publicidad/,/publicidad/,
4901,Publi2.0 remediación,ok,/proveedores/249-publimerc,/publicidad/,301:/publicidad/,/publicidad/,
4900,Publi2.0 remediación,ok,/proveedores/240-megapantallas-de-mexico-s-a-de-c-v,/publicidad/,301:/publicidad/,/publicidad/,
4899,Publi2.0 remediación,ok,/proveedores/239-isa-corporativo-s-a-de-c-v,/publicidad/,301:/publicidad/,/publicidad/,
4898,Publi2.0 remediación,ok,/proveedores/238-d-mentes-creativas-s-de-rl,/publicidad/,301:/publicidad/,/publicidad/,
4897,Publi2.0 remediación,ok,/proveedores/230-yahoo-de-mexico-s-a-de-c-v,/publicidad/,301:/publicidad/,/publicidad/,
4896,Publi2.0 remediación,ok,/proveedores/227-publi-express,/publicidad/,301:/publicidad/,/publicidad/,
4895,Publi2.0 remediación,ok,/proveedores/223-sign-solutions-s-a-de-c-v/contactar,/publicidad/,301:/publicidad/,/publicidad/,
4894,Publi2.0 remediación,ok,/proveedores/223-sign-solutions-s-a-de-c-v,/publicidad/,301:/publicidad/,/publicidad/,
4893,Publi2.0 remediación,ok,/proveedores/221-eficolor/contactar,/publicidad/,301:/publicidad/,/publicidad/,
4892,Publi2.0 remediación,ok,/proveedores/221-eficolor,/publicidad/,301:/publicidad/,/publicidad/,
4891,Publi2.0 remediación,ok,/proveedores/220-calcom-de-mexico,/publicidad/,301:/publicidad/,/publicidad/,
4890,Publi2.0 remediación,ok,/proveedores/200-questa-de-mexico-s-a-de-c-v,/publicidad/,301:/publicidad/,/publicidad/,
4889,Publi2.0 remediación,ok,/proveedores/197-guias-exclusivas-s-a-de-c-v,/publicidad/,301:/publicidad/,/publicidad/,
4888,Publi2.0 remediación,ok,/proveedores/194-cyflex-s-a-de-c-v,/publicidad/,301:/publicidad/,/publicidad/,
4887,Publi2.0 remediación,ok,/proveedores/187-playeras-joshua,/publicidad/,301:/publicidad/,/publicidad/,
4886,Publi2.0 remediación,ok,/proveedores/178-gsi-fabril-sa-de-cv,/publicidad/,301:/publicidad/,/publicidad/,
4885,Publi2.0 remediación,ok,/proveedores/170-publicom,/publicidad/,301:/publicidad/,/publicidad/,
4884,Publi2.0 remediación,ok,/proveedores/169-sak,/publicidad/,301:/publicidad/,/publicidad/,
4883,Publi2.0 remediación,ok,/proveedores/165-publicolor,/publicidad/,301:/publicidad/,/publicidad/,
4882,Publi2.0 remediación,ok,/proveedores/161-xpres-xpresate-sa-de-cv,/publicidad/,301:/publicidad/,/publicidad/,
4881,Publi2.0 remediación,ok,/proveedores/159-fusion-media-s-a-de-c-v,/publicidad/,301:/publicidad/,/publicidad/,
4880,Publi2.0 remediación,ok,/proveedores/152-camaleon-films-sa-de-cv,/publicidad/,301:/publicidad/,/publicidad/,
4879,Publi2.0 remediación,ok,/proveedores/150-corporacion-interpublic-mexicana-sa-de-cv/recomendar,/publicidad/,301:/publicidad/,/publicidad/,
4878,Publi2.0 remediación,ok,/proveedores/150-corporacion-interpublic-mexicana-sa-de-cv/contactar,/publicidad/,301:/publicidad/,/publicidad/,
4877,Publi2.0 remediación,ok,/proveedores/150-corporacion-interpublic-mexicana-sa-de-cv,/publicidad/,301:/publicidad/,/publicidad/,
4876,Publi2.0 remediación,ok,/proveedores/145-grupo-stiletto-s-a-de-c-v,/publicidad/,301:/publicidad/,/publicidad/,
4875,Publi2.0 remediación,ok,/proveedores/133-cmyk-modelo-de-color,/publicidad/,301:/publicidad/,/publicidad/,
4874,Publi2.0 remediación,ok,/proveedores/132-zega-exhibit-design-s-a-de-c-v/contactar,/publicidad/,301:/publicidad/,/publicidad/,
4873,Publi2.0 remediación,ok,/proveedores/132-zega-exhibit-design-s-a-de-c-v,/publicidad/,301:/publicidad/,/publicidad/,
4872,Publi2.0 remediación,ok,/proveedores/125-intersexion-queretaro-s-c/contactar,/publicidad/,301:/publicidad/,/publicidad/,
4871,Publi2.0 remediación,ok,/proveedores/125-intersexion-queretaro-s-c,/publicidad/,301:/publicidad/,/publicidad/,
4870,Publi2.0 remediación,ok,/proveedores/123-comercializadora-vocafys-s-a-de-c-v,/publicidad/,301:/publicidad/,/publicidad/,
4869,Publi2.0 remediación,ok,/proveedores/122-la-voz-de-michoacan-s-a-de-c-v,/publicidad/,301:/publicidad/,/publicidad/,
4868,Publi2.0 remediación,ok,/proveedores/120-grupo-alparied-s-a-de-c-v,/publicidad/,301:/publicidad/,/publicidad/,
4867,Publi2.0 remediación,ok,/proveedores/119-kubica,/publicidad/,301:/publicidad/,/publicidad/,
4866,Publi2.0 remediación,ok,/proveedores/117-protarget-estrategia-profesional-s-a-de-c-v,/publicidad/,301:/publicidad/,/publicidad/,
4865,Publi2.0 remediación,ok,/proveedores/116-grupo-ublicitario-del-golfo-s-a-de-c-v,/publicidad/,301:/publicidad/,/publicidad/,
4864,Publi2.0 remediación,ok,/proveedores/114-amfar-sa-de-cv/contactar,/publicidad/,301:/publicidad/,/publicidad/,
4863,Publi2.0 remediación,ok,/proveedores/114-amfar-sa-de-cv,/publicidad/,301:/publicidad/,/publicidad/,
4862,Publi2.0 remediación,ok,/proveedores/112-publicum-consultores-s-a-de-c-v,/publicidad/,301:/publicidad/,/publicidad/,
4861,Publi2.0 remediación,ok,/proveedores/108-zale-graphic-s-a-de-c-v,/publicidad/,301:/publicidad/,/publicidad/,
4860,Publi2.0 remediación,ok,/proveedores/106-intersexion-monterrey-s-c,/publicidad/,301:/publicidad/,/publicidad/,
4859,Publi2.0 remediación,ok,/proveedores/102-xm-comunicacion-sc,/publicidad/,301:/publicidad/,/publicidad/,
4858,Publi2.0 remediación,ok,/proveedores,/publicidad/,301:/publicidad/,/publicidad/,
4857,Publi2.0 remediación,ok,/premian-a-daniel-chavez-moran-fundador-de-grupo-vidanta-como-empresario-del-ano/,/noticias/premian-a-daniel-chavez-moran-fundador-de-grupo-vidanta-como-empresario-del-ano/,301:/noticias/premian-a-daniel-chavez-moran-fundador-de-grupo-vidanta-como-empresario-del-ano/,/noticias/premian-a-daniel-chavez-moran-fundador-de-grupo-vidanta-como-empresario-del-ano/,
4856,Publi2.0 remediación,ok,/precision-aviation-group-pag-empresa-matriz-de-precision-heliparts-php-anuncia-la-inauguracion-de-nuevo-centro-en-sao-paulo-brasil/,/noticias/precision-aviation-group-pag-empresa-matriz-de-precision-heliparts-php-anuncia-la-inauguracion-de-nuevo-centro-en-sao-paulo-brasil/,301:/noticias/precision-aviation-group-pag-empresa-matriz-de-precision-heliparts-php-anuncia-la-inauguracion-de-nuevo-centro-en-sao-paulo-brasil/,/noticias/precision-aviation-group-pag-empresa-matriz-de-precision-heliparts-php-anuncia-la-inauguracion-de-nuevo-centro-en-sao-paulo-brasil/,
4855,Publi2.0 remediación,ok,/portadalat-anuncia-un-importante-listado-de-conferencistas-que-incluye-a-avon-meliahoteles-best-western-brown-forman-y-nestle/,/noticias/portadalat-anuncia-un-importante-listado-de-conferencistas-que-incluye-a-avon-meliahoteles-best-western-brown-forman-y-nestle/,301:/noticias/portadalat-anuncia-un-importante-listado-de-conferencistas-que-incluye-a-avon-meliahoteles-best-western-brown-forman-y-nestle/,/noticias/portadalat-anuncia-un-importante-listado-de-conferencistas-que-incluye-a-avon-meliahoteles-best-western-brown-forman-y-nestle/,
4854,Publi2.0 remediación,ok,/por-que-snapchat-se-ha-convertido-en-una-interesante-herramienta-para-el-marketing-digital/,/mercadotecnia/marketing-digital/por-que-snapchat-se-ha-convertido-en-una-interesante-herramienta-para-el-marketing-digital/,301:/mercadotecnia/marketing-digital/por-que-snapchat-se-ha-convertido-en-una-interesante-herramienta-para-el-marketing-digital/,/mercadotecnia/marketing-digital/por-que-snapchat-se-ha-convertido-en-una-interesante-herramienta-para-el-marketing-digital/,
4853,Publi2.0 remediación,ok,/polyeco-international-y-lamor-fusionan-sus-operaciones-de-servicios-internacionales-y-forman-polyeco-group-empresa-de-servicios-ambientales-totalmente-integrados/,/noticias/polyeco-international-y-lamor-fusionan-sus-operaciones-de-servicios-internacionales-y-forman-polyeco-group-empresa-de-servicios-ambientales-totalmente-integrados/,301:/noticias/polyeco-international-y-lamor-fusionan-sus-operaciones-de-servicios-internacionales-y-forman-polyeco-group-empresa-de-servicios-ambientales-totalmente-integrados/,/noticias/polyeco-international-y-lamor-fusionan-sus-operaciones-de-servicios-internacionales-y-forman-polyeco-group-empresa-de-servicios-ambientales-totalmente-integrados/,
4852,Publi2.0 remediación,ok,/phoenix-tower-international-cierra-la-compra-de-145-torres-de-telecomunicacion-inalambricas-y-derechos-de-mercadeo-sobre-400-sitios-de-viva-en-la-republica-dominicana/,/noticias/phoenix-tower-international-cierra-la-compra-de-145-torres-de-telecomunicacion-inalambricas-y-derechos-de-mercadeo-sobre-400-sitios-de-viva-en-la-republica-dominicana/,301:/noticias/phoenix-tower-international-cierra-la-compra-de-145-torres-de-telecomunicacion-inalambricas-y-derechos-de-mercadeo-sobre-400-sitios-de-viva-en-la-republica-dominicana/,/noticias/phoenix-tower-international-cierra-la-compra-de-145-torres-de-telecomunicacion-inalambricas-y-derechos-de-mercadeo-sobre-400-sitios-de-viva-en-la-republica-dominicana/,
4851,Publi2.0 remediación,ok,/phenomenome-discoveries-anuncia-la-exitosa-validacion-de-ovaware-un-simple-analisis-de-sangre-para-la-deteccion-precoz-de-cancer-de-ovario/,/noticias/phenomenome-discoveries-anuncia-la-exitosa-validacion-de-ovaware-un-simple-analisis-de-sangre-para-la-deteccion-precoz-de-cancer-de-ovario/,301:/noticias/phenomenome-discoveries-anuncia-la-exitosa-validacion-de-ovaware-un-simple-analisis-de-sangre-para-la-deteccion-precoz-de-cancer-de-ovario/,/noticias/phenomenome-discoveries-anuncia-la-exitosa-validacion-de-ovaware-un-simple-analisis-de-sangre-para-la-deteccion-precoz-de-cancer-de-ovario/,
4850,Publi2.0 remediación,ok,/pew-se-congratula-del-amplio-apoyo-mundial-a-las-propuestas-de-proteccion-de-tiburones-y-rayas/,/noticias/pew-se-congratula-del-amplio-apoyo-mundial-a-las-propuestas-de-proteccion-de-tiburones-y-rayas/,301:/noticias/pew-se-congratula-del-amplio-apoyo-mundial-a-las-propuestas-de-proteccion-de-tiburones-y-rayas/,/noticias/pew-se-congratula-del-amplio-apoyo-mundial-a-las-propuestas-de-proteccion-de-tiburones-y-rayas/,
4849,Publi2.0 remediación,ok,/pew-nombra-a-10-cientificos-latinoamericanos-como-becarios/,/noticias/pew-nombra-a-10-cientificos-latinoamericanos-como-becarios/,301:/noticias/pew-nombra-a-10-cientificos-latinoamericanos-como-becarios/,/noticias/pew-nombra-a-10-cientificos-latinoamericanos-como-becarios/,
4848,Publi2.0 remediación,ok,/pedido-canadiense-a-las-agencias-internacionales-para-que-investiguen-el-asesinato-de-berta-caceres/,/noticias/pedido-canadiense-a-las-agencias-internacionales-para-que-investiguen-el-asesinato-de-berta-caceres/,301:/noticias/pedido-canadiense-a-las-agencias-internacionales-para-que-investiguen-el-asesinato-de-berta-caceres/,/noticias/pedido-canadiense-a-las-agencias-internacionales-para-que-investiguen-el-asesinato-de-berta-caceres/,
4847,Publi2.0 remediación,ok,/para-mejorar-la-vida-de-casi-2-millones-de-trabajadores-el-grupo-hm-alentara-a-los-proveedores-a-pagarles-a-los-trabajadores-de-manera-digital/,/noticias/para-mejorar-la-vida-de-casi-2-millones-de-trabajadores-el-grupo-hm-alentara-a-los-proveedores-a-pagarles-a-los-trabajadores-de-manera-digital/,301:/noticias/para-mejorar-la-vida-de-casi-2-millones-de-trabajadores-el-grupo-hm-alentara-a-los-proveedores-a-pagarles-a-los-trabajadores-de-manera-digital/,/noticias/para-mejorar-la-vida-de-casi-2-millones-de-trabajadores-el-grupo-hm-alentara-a-los-proveedores-a-pagarles-a-los-trabajadores-de-manera-digital/,
4846,Publi2.0 remediación,ok,/papa-merece-tecnologia-best-buy/,/noticias/papa-merece-tecnologia-best-buy/,301:/noticias/papa-merece-tecnologia-best-buy/,/noticias/papa-merece-tecnologia-best-buy/,
4845,Publi2.0 remediación,ok,/pancho-guru-el-origen-by-yellowlink/,/noticias/pancho-guru-el-origen-by-yellowlink/,301:/noticias/pancho-guru-el-origen-by-yellowlink/,/noticias/pancho-guru-el-origen-by-yellowlink/,
4844,Publi2.0 remediación,ok,/packers-plus-y-schlumberger-ingresan-a-una-alianza-global/,/noticias/packers-plus-y-schlumberger-ingresan-a-una-alianza-global/,301:/noticias/packers-plus-y-schlumberger-ingresan-a-una-alianza-global/,/noticias/packers-plus-y-schlumberger-ingresan-a-una-alianza-global/,
4843,Publi2.0 remediación,ok,/pacific-prorroga-hasta-el-29-de-abril-de-2016-los-acuerdos-de-indulgencia-con-bancos-y-un-importante-grupo-de-tenedores-de-notas/,/noticias/pacific-prorroga-hasta-el-29-de-abril-de-2016-los-acuerdos-de-indulgencia-con-bancos-y-un-importante-grupo-de-tenedores-de-notas/,301:/noticias/pacific-prorroga-hasta-el-29-de-abril-de-2016-los-acuerdos-de-indulgencia-con-bancos-y-un-importante-grupo-de-tenedores-de-notas/,/noticias/pacific-prorroga-hasta-el-29-de-abril-de-2016-los-acuerdos-de-indulgencia-con-bancos-y-un-importante-grupo-de-tenedores-de-notas/,
4842,Publi2.0 remediación,ok,/pacific-da-a-conocer-actualizacion-acerca-de-la-reestructuracion/,/noticias/pacific-da-a-conocer-actualizacion-acerca-de-la-reestructuracion/,301:/noticias/pacific-da-a-conocer-actualizacion-acerca-de-la-reestructuracion/,/noticias/pacific-da-a-conocer-actualizacion-acerca-de-la-reestructuracion/,
4841,Publi2.0 remediación,ok,/pacific-confirma-conversaciones-con-los-accionistas-en-relacion-con-el-proceso-de-reestructuracion-de-deuda/,/noticias/pacific-confirma-conversaciones-con-los-accionistas-en-relacion-con-el-proceso-de-reestructuracion-de-deuda/,301:/noticias/pacific-confirma-conversaciones-con-los-accionistas-en-relacion-con-el-proceso-de-reestructuracion-de-deuda/,/noticias/pacific-confirma-conversaciones-con-los-accionistas-en-relacion-con-el-proceso-de-reestructuracion-de-deuda/,
4840,Publi2.0 remediación,ok,/pacific-brinda-actualizacion-con-respecto-al-bloque-quifa/,/noticias/pacific-brinda-actualizacion-con-respecto-al-bloque-quifa/,301:/noticias/pacific-brinda-actualizacion-con-respecto-al-bloque-quifa/,/noticias/pacific-brinda-actualizacion-con-respecto-al-bloque-quifa/,
4839,Publi2.0 remediación,ok,/pacific-anuncia-revision-de-su-elegibilidad-para-cotizar-en-la-bolsa-de-valores-de-toronto/,/noticias/pacific-anuncia-revision-de-su-elegibilidad-para-cotizar-en-la-bolsa-de-valores-de-toronto/,301:/noticias/pacific-anuncia-revision-de-su-elegibilidad-para-cotizar-en-la-bolsa-de-valores-de-toronto/,/noticias/pacific-anuncia-revision-de-su-elegibilidad-para-cotizar-en-la-bolsa-de-valores-de-toronto/,
4838,Publi2.0 remediación,ok,/pacific-anuncia-dictamen-de-reconocimiento-del-tribunal-de-bancarrotas-de-estados-unidos-segun-lo-dispuesto-en-el-capitulo-15/,/noticias/pacific-anuncia-dictamen-de-reconocimiento-del-tribunal-de-bancarrotas-de-estados-unidos-segun-lo-dispuesto-en-el-capitulo-15/,301:/noticias/pacific-anuncia-dictamen-de-reconocimiento-del-tribunal-de-bancarrotas-de-estados-unidos-segun-lo-dispuesto-en-el-capitulo-15/,/noticias/pacific-anuncia-dictamen-de-reconocimiento-del-tribunal-de-bancarrotas-de-estados-unidos-segun-lo-dispuesto-en-el-capitulo-15/,
4837,Publi2.0 remediación,ok,/otorga-grupo-gentera-apoyos-por-82-mdp-a-organizaciones-civiles-by-juan-carlos-machorro/,/noticias/otorga-grupo-gentera-apoyos-por-82-mdp-a-organizaciones-civiles-by-juan-carlos-machorro/,301:/noticias/otorga-grupo-gentera-apoyos-por-82-mdp-a-organizaciones-civiles-by-juan-carlos-machorro/,/noticias/otorga-grupo-gentera-apoyos-por-82-mdp-a-organizaciones-civiles-by-juan-carlos-machorro/,
4836,Publi2.0 remediación,ok,/osteoartritis-de-rodilla-suero-autologo-condicionado-acs-combinado-con-fisioterapia-produjo-una-significativa-mejora-en-el-dolor-y-la-funcion/,/noticias/osteoartritis-de-rodilla-suero-autologo-condicionado-acs-combinado-con-fisioterapia-produjo-una-significativa-mejora-en-el-dolor-y-la-funcion/,301:/noticias/osteoartritis-de-rodilla-suero-autologo-condicionado-acs-combinado-con-fisioterapia-produjo-una-significativa-mejora-en-el-dolor-y-la-funcion/,/noticias/osteoartritis-de-rodilla-suero-autologo-condicionado-acs-combinado-con-fisioterapia-produjo-una-significativa-mejora-en-el-dolor-y-la-funcion/,
4835,Publi2.0 remediación,ok,/omnicom-media-group-revela-detalles-sobre-su-tercera-red/,/noticias/omnicom-media-group-revela-detalles-sobre-su-tercera-red/,301:/noticias/omnicom-media-group-revela-detalles-sobre-su-tercera-red/,/noticias/omnicom-media-group-revela-detalles-sobre-su-tercera-red/,
4834,Publi2.0 remediación,ok,/oh-la-la-deals-de-air-france-las-mejores-ofertas-de-temporada/,/noticias/oh-la-la-deals-de-air-france-las-mejores-ofertas-de-temporada/,301:/noticias/oh-la-la-deals-de-air-france-las-mejores-ofertas-de-temporada/,/noticias/oh-la-la-deals-de-air-france-las-mejores-ofertas-de-temporada/,
4833,Publi2.0 remediación,ok,/ofertas-365-inc-anuncia-el-lanzamiento-de-su-juego-lucky-6-en-colombia-mercado-de-gaming-en-pleno-desarrollo-en-alianza-con-el-operador-local-eds-inversiones/,/noticias/ofertas-365-inc-anuncia-el-lanzamiento-de-su-juego-lucky-6-en-colombia-mercado-de-gaming-en-pleno-desarrollo-en-alianza-con-el-operador-local-eds-inversiones/,301:/noticias/ofertas-365-inc-anuncia-el-lanzamiento-de-su-juego-lucky-6-en-colombia-mercado-de-gaming-en-pleno-desarrollo-en-alianza-con-el-operador-local-eds-inversiones/,/noticias/ofertas-365-inc-anuncia-el-lanzamiento-de-su-juego-lucky-6-en-colombia-mercado-de-gaming-en-pleno-desarrollo-en-alianza-con-el-operador-local-eds-inversiones/,
4832,Publi2.0 remediación,ok,/octopus-dentro-del-top-100-de-mejores-agencias-marketing-digital-en-mexico/,/noticias/octopus-dentro-del-top-100-de-mejores-agencias-marketing-digital-en-mexico/,301:/noticias/octopus-dentro-del-top-100-de-mejores-agencias-marketing-digital-en-mexico/,/noticias/octopus-dentro-del-top-100-de-mejores-agencias-marketing-digital-en-mexico/,
4831,Publi2.0 remediación,ok,/nuevo-webinar-de-impartner-presenta-a-analista-prm-de-gartner-y-ofrece-terapia-de-relaciones-para-profesionales-de-ti-y-sus-contrapartes-de-ventasmarketing/,/noticias/nuevo-webinar-de-impartner-presenta-a-analista-prm-de-gartner-y-ofrece-terapia-de-relaciones-para-profesionales-de-ti-y-sus-contrapartes-de-ventasmarketing/,301:/noticias/nuevo-webinar-de-impartner-presenta-a-analista-prm-de-gartner-y-ofrece-terapia-de-relaciones-para-profesionales-de-ti-y-sus-contrapartes-de-ventasmarketing/,/noticias/nuevo-webinar-de-impartner-presenta-a-analista-prm-de-gartner-y-ofrece-terapia-de-relaciones-para-profesionales-de-ti-y-sus-contrapartes-de-ventasmarketing/,
4830,Publi2.0 remediación,ok,/nuevo-curso-online-de-ismael-cala-quienes-rompen-paradigmas-convierten-los-problemas-en-oportunidades/,/noticias/nuevo-curso-online-de-ismael-cala-quienes-rompen-paradigmas-convierten-los-problemas-en-oportunidades/,301:/noticias/nuevo-curso-online-de-ismael-cala-quienes-rompen-paradigmas-convierten-los-problemas-en-oportunidades/,/noticias/nuevo-curso-online-de-ismael-cala-quienes-rompen-paradigmas-convierten-los-problemas-en-oportunidades/,
4829,Publi2.0 remediación,ok,/nucor-y-jfe-steel-forman-empresa-conjunta-para-abastecer-al-mercado-automotriz-de-mexico/,/noticias/nucor-y-jfe-steel-forman-empresa-conjunta-para-abastecer-al-mercado-automotriz-de-mexico/,301:/noticias/nucor-y-jfe-steel-forman-empresa-conjunta-para-abastecer-al-mercado-automotriz-de-mexico/,/noticias/nucor-y-jfe-steel-forman-empresa-conjunta-para-abastecer-al-mercado-automotriz-de-mexico/,
4828,Publi2.0 remediación,ok,/noticias/el-mayors-challenge-2016-de-bloomberg-philanthropies-da-la-bienvenida-a-363-ciudades-de-america-latina-y-el-caribe-con-cinco-ciudades-de-la-republica-dominicana-representadas/,/noticias/el-mayors-challenge-2016-de-bloomberg-philanthropies-da-la-bienvenida-a-363-ciudades-de-america-latina-y-el-caribe-con-68-ciudades-de-mejico-representadas/,301:/noticias/el-mayors-challenge-2016-de-bloomberg-philanthropies-da-la-bienvenida-a-363-ciudades-de-america-latina-y-el-caribe-con-68-ciudades-de-mejico-representadas/,/noticias/el-mayors-challenge-2016-de-bloomberg-philanthropies-da-la-bienvenida-a-363-ciudades-de-america-latina-y-el-caribe-con-68-ciudades-de-mejico-representadas/,
4827,Publi2.0 remediación,ok,/noticias/el-mayors-challenge-2016-de-bloomberg-philanthropies-da-la-bienvenida-a-363-ciudades-de-america-latina-y-el-caribe-con-55-ciudades-de-colombia-representadas/,/noticias/el-mayors-challenge-2016-de-bloomberg-philanthropies-da-la-bienvenida-a-363-ciudades-de-america-latina-y-el-caribe-con-68-ciudades-de-mejico-representadas/,301:/noticias/el-mayors-challenge-2016-de-bloomberg-philanthropies-da-la-bienvenida-a-363-ciudades-de-america-latina-y-el-caribe-con-68-ciudades-de-mejico-representadas/,/noticias/el-mayors-challenge-2016-de-bloomberg-philanthropies-da-la-bienvenida-a-363-ciudades-de-america-latina-y-el-caribe-con-68-ciudades-de-mejico-representadas/,
4826,Publi2.0 remediación,ok,/noticias/el-mayors-challenge-2016-de-bloomberg-philanthropies-da-la-bienvenida-a-363-ciudades-de-america-latina-y-el-caribe-con-34-ciudades-de-chile-representadas/,/noticias/el-mayors-challenge-2016-de-bloomberg-philanthropies-da-la-bienvenida-a-363-ciudades-de-america-latina-y-el-caribe-con-68-ciudades-de-mejico-representadas/,301:/noticias/el-mayors-challenge-2016-de-bloomberg-philanthropies-da-la-bienvenida-a-363-ciudades-de-america-latina-y-el-caribe-con-68-ciudades-de-mejico-representadas/,/noticias/el-mayors-challenge-2016-de-bloomberg-philanthropies-da-la-bienvenida-a-363-ciudades-de-america-latina-y-el-caribe-con-68-ciudades-de-mejico-representadas/,
4825,Publi2.0 remediación,ok,/noticias/el-mayors-challenge-2016-de-bloomberg-philanthropies-da-la-bienvenida-a-363-ciudades-de-america-latina-y-el-caribe-con-30-ciudades-de-argentina-representadas/,/noticias/el-mayors-challenge-2016-de-bloomberg-philanthropies-da-la-bienvenida-a-363-ciudades-de-america-latina-y-el-caribe-con-68-ciudades-de-mejico-representadas/,301:/noticias/el-mayors-challenge-2016-de-bloomberg-philanthropies-da-la-bienvenida-a-363-ciudades-de-america-latina-y-el-caribe-con-68-ciudades-de-mejico-representadas/,/noticias/el-mayors-challenge-2016-de-bloomberg-philanthropies-da-la-bienvenida-a-363-ciudades-de-america-latina-y-el-caribe-con-68-ciudades-de-mejico-representadas/,
4824,Publi2.0 remediación,ok,/noticias/el-mayors-challenge-2016-de-bloomberg-philanthropies-da-la-bienvenida-a-363-ciudades-de-america-latina-y-el-caribe-con-12-ciudades-de-peru-representadas/,/noticias/el-mayors-challenge-2016-de-bloomberg-philanthropies-da-la-bienvenida-a-363-ciudades-de-america-latina-y-el-caribe-con-68-ciudades-de-mejico-representadas/,301:/noticias/el-mayors-challenge-2016-de-bloomberg-philanthropies-da-la-bienvenida-a-363-ciudades-de-america-latina-y-el-caribe-con-68-ciudades-de-mejico-representadas/,/noticias/el-mayors-challenge-2016-de-bloomberg-philanthropies-da-la-bienvenida-a-363-ciudades-de-america-latina-y-el-caribe-con-68-ciudades-de-mejico-representadas/,
4823,Publi2.0 remediación,ok,/noticias/el-mayors-challenge-2016-de-bloomberg-philanthropies-da-la-bienvenida-a-363-ciudades-de-america-latina-y-el-caribe-con-12-ciudades-de-ecuador-representadas/,/noticias/el-mayors-challenge-2016-de-bloomberg-philanthropies-da-la-bienvenida-a-363-ciudades-de-america-latina-y-el-caribe-con-68-ciudades-de-mejico-representadas/,301:/noticias/el-mayors-challenge-2016-de-bloomberg-philanthropies-da-la-bienvenida-a-363-ciudades-de-america-latina-y-el-caribe-con-68-ciudades-de-mejico-representadas/,/noticias/el-mayors-challenge-2016-de-bloomberg-philanthropies-da-la-bienvenida-a-363-ciudades-de-america-latina-y-el-caribe-con-68-ciudades-de-mejico-representadas/,
4822,Publi2.0 remediación,ok,/noticias/a-57-ciudades-en-argentina-les-quedan-10-dias-para-ingresar-al-mayors-challenge-2016-de-bloomberg-philanthropies-y-competir-por-9-millones-de-dolares-estadounidenses-para-fondos-de-innovacion/,/noticias/a-156-ciudades-en-mexico-les-quedan-10-dias-para-ingresar-al-mayors-challenge-2016-de-bloomberg-philanthropies-y-competir-por-9-millones-de-dolares-estadounidenses-para-fondos-de-innovacion/,301:/noticias/a-156-ciudades-en-mexico-les-quedan-10-dias-para-ingresar-al-mayors-challenge-2016-de-bloomberg-philanthropies-y-competir-por-9-millones-de-dolares-estadounidenses-para-fondos-de-innovacion/,/noticias/a-156-ciudades-en-mexico-les-quedan-10-dias-para-ingresar-al-mayors-challenge-2016-de-bloomberg-philanthropies-y-competir-por-9-millones-de-dolares-estadounidenses-para-fondos-de-innovacion/,
4821,Publi2.0 remediación,ok,/noticias/a-48-ciudades-en-colombia-les-quedan-10-dias-para-ingresar-al-mayors-challenge-2016-de-bloomberg-philanthropies-y-competir-por-9-millones-de-dolares-estadounidenses-para-fondos-de-innovacion/,/noticias/a-156-ciudades-en-mexico-les-quedan-10-dias-para-ingresar-al-mayors-challenge-2016-de-bloomberg-philanthropies-y-competir-por-9-millones-de-dolares-estadounidenses-para-fondos-de-innovacion/,301:/noticias/a-156-ciudades-en-mexico-les-quedan-10-dias-para-ingresar-al-mayors-challenge-2016-de-bloomberg-philanthropies-y-competir-por-9-millones-de-dolares-estadounidenses-para-fondos-de-innovacion/,/noticias/a-156-ciudades-en-mexico-les-quedan-10-dias-para-ingresar-al-mayors-challenge-2016-de-bloomberg-philanthropies-y-competir-por-9-millones-de-dolares-estadounidenses-para-fondos-de-innovacion/,
4820,Publi2.0 remediación,ok,/noticias/5413-converse-x-brain-dead,/publicidad/creatividad/converse-x-brain-dead/,301:/publicidad/creatividad/converse-x-brain-dead/,/publicidad/creatividad/converse-x-brain-dead/,
4819,Publi2.0 remediación,ok,/noticias/5410-canela-tv-plataforma-de-streaming-gratuito-llega-a-mexico,/publicidad/medios/canela-tv-plataforma-de-streaming-gratuito-llega-a-mexico/,301:/publicidad/medios/canela-tv-plataforma-de-streaming-gratuito-llega-a-mexico/,/publicidad/medios/canela-tv-plataforma-de-streaming-gratuito-llega-a-mexico/,
4818,Publi2.0 remediación,ok,/noticias/5407-qs-world-university-rankings-by-subject-2017,/noticias/qs-world-university-rankings-by-subject-2017/,301:/noticias/qs-world-university-rankings-by-subject-2017/,/noticias/qs-world-university-rankings-by-subject-2017/,
4817,Publi2.0 remediación,ok,/noticias/5323-la-compania-de-busqueda-de-ejecutivos-kincannon-reed-expande-su-presencia-en-latinoamerica,/noticias/la-compania-de-busqueda-de-ejecutivos-kincannon-reed-expande-su-presencia-en-latinoamerica/,301:/noticias/la-compania-de-busqueda-de-ejecutivos-kincannon-reed-expande-su-presencia-en-latinoamerica/,/noticias/la-compania-de-busqueda-de-ejecutivos-kincannon-reed-expande-su-presencia-en-latinoamerica/,
4816,Publi2.0 remediación,ok,/noticias/5270-el-parque-eolico-dominica-de-enel-en-mexico-gana-el-premio-de-sostenibilidad-del-bid,/noticias/el-parque-eolico-dominica-de-enel-en-mexico-gana-el-premio-de-sostenibilidad-del-bid/,301:/noticias/el-parque-eolico-dominica-de-enel-en-mexico-gana-el-premio-de-sostenibilidad-del-bid/,/noticias/el-parque-eolico-dominica-de-enel-en-mexico-gana-el-premio-de-sostenibilidad-del-bid/,
4815,Publi2.0 remediación,ok,/noticias/5262-destino-extraordinario-el-nuevo-reto-de-meditacion-de-deepak-chopra-e-ismael-cala,/noticias/destino-extraordinario-el-nuevo-reto-de-meditacion-de-deepak-chopra-e-ismael-cala/,301:/noticias/destino-extraordinario-el-nuevo-reto-de-meditacion-de-deepak-chopra-e-ismael-cala/,/noticias/destino-extraordinario-el-nuevo-reto-de-meditacion-de-deepak-chopra-e-ismael-cala/,
4814,Publi2.0 remediación,ok,/noticias/5243-nerium-international-ofrece-innovacion-para-la-vitalidad-cerebral-con-el-lanzamiento-en-mexico-del-suplemento-alimenticio-eht,/noticias/nerium-international-ofrece-innovacion-para-la-vitalidad-cerebral-con-el-lanzamiento-en-mexico-del-suplemento-alimenticio-eht/,301:/noticias/nerium-international-ofrece-innovacion-para-la-vitalidad-cerebral-con-el-lanzamiento-en-mexico-del-suplemento-alimenticio-eht/,/noticias/nerium-international-ofrece-innovacion-para-la-vitalidad-cerebral-con-el-lanzamiento-en-mexico-del-suplemento-alimenticio-eht/,
4813,Publi2.0 remediación,ok,/noticias/5221-enel-green-power-confirma-su-liderazgo-en-energias-renovables-en-mexico-tras-resultados-de-subasta,/noticias/enel-green-power-confirma-su-liderazgo-en-energias-renovables-en-mexico-tras-resultados-de-subasta/,301:/noticias/enel-green-power-confirma-su-liderazgo-en-energias-renovables-en-mexico-tras-resultados-de-subasta/,/noticias/enel-green-power-confirma-su-liderazgo-en-energias-renovables-en-mexico-tras-resultados-de-subasta/,
4812,Publi2.0 remediación,ok,/noticias/5044-que-compran-en-internet-las-mujeres-de-latinoamerica,/noticias/que-compran-en-internet-las-mujeres-de-latinoamerica/,301:/noticias/que-compran-en-internet-las-mujeres-de-latinoamerica/,/noticias/que-compran-en-internet-las-mujeres-de-latinoamerica/,
4811,Publi2.0 remediación,ok,/noticias/4988-ecwid-la-solucion-1-de-comercio-electronico-lanza-un-sitio-web-enfocado-en-mexico,/noticias/ecwid-la-solucion-1-de-comercio-electronico-lanza-un-sitio-web-enfocado-en-mexico/,301:/noticias/ecwid-la-solucion-1-de-comercio-electronico-lanza-un-sitio-web-enfocado-en-mexico/,/noticias/ecwid-la-solucion-1-de-comercio-electronico-lanza-un-sitio-web-enfocado-en-mexico/,
4810,Publi2.0 remediación,ok,/noche-de-estrellas-en-la-clausura-del-xviii-festival-del-habano/,/noticias/noche-de-estrellas-en-la-clausura-del-xviii-festival-del-habano/,301:/noticias/noche-de-estrellas-en-la-clausura-del-xviii-festival-del-habano/,/noticias/noche-de-estrellas-en-la-clausura-del-xviii-festival-del-habano/,
4809,Publi2.0 remediación,ok,/nira-dynamics-ab-lanza-una-nueva-solucion-de-seguridad-para-una-mayor-conciencia-del-conductor/,/noticias/nira-dynamics-ab-lanza-una-nueva-solucion-de-seguridad-para-una-mayor-conciencia-del-conductor/,301:/noticias/nira-dynamics-ab-lanza-una-nueva-solucion-de-seguridad-para-una-mayor-conciencia-del-conductor/,/noticias/nira-dynamics-ab-lanza-una-nueva-solucion-de-seguridad-para-una-mayor-conciencia-del-conductor/,
4808,Publi2.0 remediación,ok,/ningxia-ansia-recibir-mas-visitantes-americanos-y-celebra-un-evento-en-los-angeles/,/noticias/ningxia-ansia-recibir-mas-visitantes-americanos-y-celebra-un-evento-en-los-angeles/,301:/noticias/ningxia-ansia-recibir-mas-visitantes-americanos-y-celebra-un-evento-en-los-angeles/,/noticias/ningxia-ansia-recibir-mas-visitantes-americanos-y-celebra-un-evento-en-los-angeles/,
4807,Publi2.0 remediación,ok,/new-diamond-technology-ndt-dara-a-conocer-la-piedra-azul-fabricada-en-laboratorio-mas-grande-y-mas-rara-del-mundo-en-baselworld-a-las-1200-del-mediodia-cet/,/noticias/new-diamond-technology-ndt-dara-a-conocer-la-piedra-azul-fabricada-en-laboratorio-mas-grande-y-mas-rara-del-mundo-en-baselworld-a-las-1200-del-mediodia-cet/,301:/noticias/new-diamond-technology-ndt-dara-a-conocer-la-piedra-azul-fabricada-en-laboratorio-mas-grande-y-mas-rara-del-mundo-en-baselworld-a-las-1200-del-mediodia-cet/,/noticias/new-diamond-technology-ndt-dara-a-conocer-la-piedra-azul-fabricada-en-laboratorio-mas-grande-y-mas-rara-del-mundo-en-baselworld-a-las-1200-del-mediodia-cet/,
4806,Publi2.0 remediación,ok,/netflix-y-los-maratones-un-nuevo-indice-revela-que-series-devoramos-y-cuales-saboreamos/,/noticias/netflix-y-los-maratones-un-nuevo-indice-revela-que-series-devoramos-y-cuales-saboreamos/,301:/noticias/netflix-y-los-maratones-un-nuevo-indice-revela-que-series-devoramos-y-cuales-saboreamos/,/noticias/netflix-y-los-maratones-un-nuevo-indice-revela-que-series-devoramos-y-cuales-saboreamos/,
4805,Publi2.0 remediación,ok,/netflix-confirma-nueva-serie-original-basada-en-la-actual-investigacion-de-corrupcion-brasilena/,/noticias/netflix-confirma-nueva-serie-original-basada-en-la-actual-investigacion-de-corrupcion-brasilena/,301:/noticias/netflix-confirma-nueva-serie-original-basada-en-la-actual-investigacion-de-corrupcion-brasilena/,/noticias/netflix-confirma-nueva-serie-original-basada-en-la-actual-investigacion-de-corrupcion-brasilena/,
4804,Publi2.0 remediación,ok,/nerium-international-presenta-el-suero-anti-edad-para-ojos/,/noticias/nerium-international-presenta-el-suero-anti-edad-para-ojos/,301:/noticias/nerium-international-presenta-el-suero-anti-edad-para-ojos/,/noticias/nerium-international-presenta-el-suero-anti-edad-para-ojos/,
4803,Publi2.0 remediación,ok,/nerium-international-ofrece-innovacion-para-la-vitalidad-cerebral-con-el-lanzamiento-en-mexico-del-suplemento-alimenticio-eht/,/noticias/nerium-international-ofrece-innovacion-para-la-vitalidad-cerebral-con-el-lanzamiento-en-mexico-del-suplemento-alimenticio-eht/,301:/noticias/nerium-international-ofrece-innovacion-para-la-vitalidad-cerebral-con-el-lanzamiento-en-mexico-del-suplemento-alimenticio-eht/,/noticias/nerium-international-ofrece-innovacion-para-la-vitalidad-cerebral-con-el-lanzamiento-en-mexico-del-suplemento-alimenticio-eht/,
4802,Publi2.0 remediación,ok,/music-world-cup-anuncia-el-prelanzamiento-de-su-plataforma/,/noticias/music-world-cup-anuncia-el-prelanzamiento-de-su-plataforma/,301:/noticias/music-world-cup-anuncia-el-prelanzamiento-de-su-plataforma/,/noticias/music-world-cup-anuncia-el-prelanzamiento-de-su-plataforma/,
4801,Publi2.0 remediación,ok,/mts-3060-smartcan-de-marvin-test-solutions-elegida-como-la-solucion-para-pruebas-de-armamento-de-lineas-de-vuelo-para-aviones-f-16-tafa-50-y-hawk/,/noticias/mts-3060-smartcan-de-marvin-test-solutions-elegida-como-la-solucion-para-pruebas-de-armamento-de-lineas-de-vuelo-para-aviones-f-16-tafa-50-y-hawk/,301:/noticias/mts-3060-smartcan-de-marvin-test-solutions-elegida-como-la-solucion-para-pruebas-de-armamento-de-lineas-de-vuelo-para-aviones-f-16-tafa-50-y-hawk/,/noticias/mts-3060-smartcan-de-marvin-test-solutions-elegida-como-la-solucion-para-pruebas-de-armamento-de-lineas-de-vuelo-para-aviones-f-16-tafa-50-y-hawk/,
4800,Publi2.0 remediación,ok,/movado-se-asocia-con-google-para-lanzar-una-nueva-coleccion-de-relojes-inteligentes/,/noticias/movado-se-asocia-con-google-para-lanzar-una-nueva-coleccion-de-relojes-inteligentes/,301:/noticias/movado-se-asocia-con-google-para-lanzar-una-nueva-coleccion-de-relojes-inteligentes/,/noticias/movado-se-asocia-con-google-para-lanzar-una-nueva-coleccion-de-relojes-inteligentes/,
4799,Publi2.0 remediación,ok,/mot-hennessy-y-solar-impulse-continuan-celebrando-la-sustentabilidad-en-2016/,/noticias/mot-hennessy-y-solar-impulse-continuan-celebrando-la-sustentabilidad-en-2016/,301:/noticias/mot-hennessy-y-solar-impulse-continuan-celebrando-la-sustentabilidad-en-2016/,/noticias/mot-hennessy-y-solar-impulse-continuan-celebrando-la-sustentabilidad-en-2016/,
4798,Publi2.0 remediación,ok,/moneta-technologies-lanza-solucion-biometrica-facial-que-impide-el-robo-de-identidad/,/noticias/moneta-technologies-lanza-solucion-biometrica-facial-que-impide-el-robo-de-identidad/,301:/noticias/moneta-technologies-lanza-solucion-biometrica-facial-que-impide-el-robo-de-identidad/,/noticias/moneta-technologies-lanza-solucion-biometrica-facial-que-impide-el-robo-de-identidad/,
4797,Publi2.0 remediación,ok,/mohawk-industries-inc-invita-a-sumarse-a-la-teleconferencia-del-primer-trimestre-de-2016-en-internet/,/noticias/mohawk-industries-inc-invita-a-sumarse-a-la-teleconferencia-del-primer-trimestre-de-2016-en-internet/,301:/noticias/mohawk-industries-inc-invita-a-sumarse-a-la-teleconferencia-del-primer-trimestre-de-2016-en-internet/,/noticias/mohawk-industries-inc-invita-a-sumarse-a-la-teleconferencia-del-primer-trimestre-de-2016-en-internet/,
4796,Publi2.0 remediación,ok,/mohawk-industries-con-record-de-utilidades-en-el-cuarto-trimestre/,/noticias/mohawk-industries-con-record-de-utilidades-en-el-cuarto-trimestre/,301:/noticias/mohawk-industries-con-record-de-utilidades-en-el-cuarto-trimestre/,/noticias/mohawk-industries-con-record-de-utilidades-en-el-cuarto-trimestre/,
4795,Publi2.0 remediación,ok,/modulo-digitalizador-de-viewsonic-mejora-las-soluciones-de-cajeros-automaticos-vtm-de-avanzada-para-el-sector-bancario/,/noticias/modulo-digitalizador-de-viewsonic-mejora-las-soluciones-de-cajeros-automaticos-vtm-de-avanzada-para-el-sector-bancario/,301:/noticias/modulo-digitalizador-de-viewsonic-mejora-las-soluciones-de-cajeros-automaticos-vtm-de-avanzada-para-el-sector-bancario/,/noticias/modulo-digitalizador-de-viewsonic-mejora-las-soluciones-de-cajeros-automaticos-vtm-de-avanzada-para-el-sector-bancario/,
4794,Publi2.0 remediación,ok,/miranda-xmod-el-primer-conjunto-de-biela-y-plato-para-bicicletas-totalmente-modular-del-mundo/,/noticias/miranda-xmod-el-primer-conjunto-de-biela-y-plato-para-bicicletas-totalmente-modular-del-mundo/,301:/noticias/miranda-xmod-el-primer-conjunto-de-biela-y-plato-para-bicicletas-totalmente-modular-del-mundo/,/noticias/miranda-xmod-el-primer-conjunto-de-biela-y-plato-para-bicicletas-totalmente-modular-del-mundo/,
4793,Publi2.0 remediación,ok,/michelin-presenta-el-nuevo-neumatico-defender-el-neumatico-mas-largo-entre-los-principales-competidores/,/noticias/michelin-presenta-el-nuevo-neumatico-defender-el-neumatico-mas-largo-entre-los-principales-competidores/,301:/noticias/michelin-presenta-el-nuevo-neumatico-defender-el-neumatico-mas-largo-entre-los-principales-competidores/,/noticias/michelin-presenta-el-nuevo-neumatico-defender-el-neumatico-mas-largo-entre-los-principales-competidores/,
4792,Publi2.0 remediación,ok,/menor-crecimiento-economico-para-el-salvador-en-2016-by-contrapunto-diario-digital/,/noticias/menor-crecimiento-economico-para-el-salvador-en-2016-by-contrapunto-diario-digital/,301:/noticias/menor-crecimiento-economico-para-el-salvador-en-2016-by-contrapunto-diario-digital/,/noticias/menor-crecimiento-economico-para-el-salvador-en-2016-by-contrapunto-diario-digital/,
4791,Publi2.0 remediación,ok,/medico-internista-el-guardian-de-la-salud-en-adultos/,/noticias/medico-internista-el-guardian-de-la-salud-en-adultos/,301:/noticias/medico-internista-el-guardian-de-la-salud-en-adultos/,/noticias/medico-internista-el-guardian-de-la-salud-en-adultos/,
4790,Publi2.0 remediación,ok,/mec-prime-banner-chemicals-uk-se-enorgullece-de-presentar-la-nueva-gama-de-productos-de-cloruro-de-metileno-prime/,/noticias/mec-prime-banner-chemicals-uk-se-enorgullece-de-presentar-la-nueva-gama-de-productos-de-cloruro-de-metileno-prime/,301:/noticias/mec-prime-banner-chemicals-uk-se-enorgullece-de-presentar-la-nueva-gama-de-productos-de-cloruro-de-metileno-prime/,/noticias/mec-prime-banner-chemicals-uk-se-enorgullece-de-presentar-la-nueva-gama-de-productos-de-cloruro-de-metileno-prime/,
4789,Publi2.0 remediación,ok,/mead-johnson-nutrition-llevo-a-cabo-encuentros-medicos-sobre-nuevas-tendencias-en-nutricion-pediatrica-y-desarrollo-mental/,/noticias/mead-johnson-nutrition-llevo-a-cabo-encuentros-medicos-sobre-nuevas-tendencias-en-nutricion-pediatrica-y-desarrollo-mental/,301:/noticias/mead-johnson-nutrition-llevo-a-cabo-encuentros-medicos-sobre-nuevas-tendencias-en-nutricion-pediatrica-y-desarrollo-mental/,/noticias/mead-johnson-nutrition-llevo-a-cabo-encuentros-medicos-sobre-nuevas-tendencias-en-nutricion-pediatrica-y-desarrollo-mental/,
4788,Publi2.0 remediación,ok,/mas-seguidores-menos-oportunidades-de-encontrar-el-amor/,/noticias/mas-seguidores-menos-oportunidades-de-encontrar-el-amor/,301:/noticias/mas-seguidores-menos-oportunidades-de-encontrar-el-amor/,/noticias/mas-seguidores-menos-oportunidades-de-encontrar-el-amor/,
4787,Publi2.0 remediación,ok,/mas-del-50-de-las-empresas-tienen-dispositivos-moviles-que-no-cumplen-con-las-normativas/,/noticias/mas-del-50-de-las-empresas-tienen-dispositivos-moviles-que-no-cumplen-con-las-normativas/,301:/noticias/mas-del-50-de-las-empresas-tienen-dispositivos-moviles-que-no-cumplen-con-las-normativas/,/noticias/mas-del-50-de-las-empresas-tienen-dispositivos-moviles-que-no-cumplen-con-las-normativas/,
4786,Publi2.0 remediación,ok,/martini-da-inicio-a-la-temporada-2016-de-la-formula-uno-con-felipe-massa-y-valtteri-bottas/,/noticias/martini-da-inicio-a-la-temporada-2016-de-la-formula-uno-con-felipe-massa-y-valtteri-bottas/,301:/noticias/martini-da-inicio-a-la-temporada-2016-de-la-formula-uno-con-felipe-massa-y-valtteri-bottas/,/noticias/martini-da-inicio-a-la-temporada-2016-de-la-formula-uno-con-felipe-massa-y-valtteri-bottas/,
4785,Publi2.0 remediación,ok,/markets-group-mas-de-400-socios-limitados-se-reunen-con-lideres-en-materia-de-capital-de-riesgo-en-nueva-york-para-abordar-las-principales-asignaciones-del-2016/,/noticias/markets-group-mas-de-400-socios-limitados-se-reunen-con-lideres-en-materia-de-capital-de-riesgo-en-nueva-york-para-abordar-las-principales-asignaciones-del-2016/,301:/noticias/markets-group-mas-de-400-socios-limitados-se-reunen-con-lideres-en-materia-de-capital-de-riesgo-en-nueva-york-para-abordar-las-principales-asignaciones-del-2016/,/noticias/markets-group-mas-de-400-socios-limitados-se-reunen-con-lideres-en-materia-de-capital-de-riesgo-en-nueva-york-para-abordar-las-principales-asignaciones-del-2016/,
4784,Publi2.0 remediación,ok,/markets-group-los-principales-bancos-centrales-de-ee-uu-america-latina-y-el-caribe-se-reuniran-en-ciudad-de-panama-con-el-proposito-de-discutir-estrategias-de-inversion/,/noticias/markets-group-los-principales-bancos-centrales-de-ee-uu-america-latina-y-el-caribe-se-reuniran-en-ciudad-de-panama-con-el-proposito-de-discutir-estrategias-de-inversion/,301:/noticias/markets-group-los-principales-bancos-centrales-de-ee-uu-america-latina-y-el-caribe-se-reuniran-en-ciudad-de-panama-con-el-proposito-de-discutir-estrategias-de-inversion/,/noticias/markets-group-los-principales-bancos-centrales-de-ee-uu-america-latina-y-el-caribe-se-reuniran-en-ciudad-de-panama-con-el-proposito-de-discutir-estrategias-de-inversion/,
4783,Publi2.0 remediación,ok,/maria-laria-presentadora-de-arrebatados-en-america-teve-celebra-su-decimo-aniversario/,/noticias/maria-laria-presentadora-de-arrebatados-en-america-teve-celebra-su-decimo-aniversario/,301:/noticias/maria-laria-presentadora-de-arrebatados-en-america-teve-celebra-su-decimo-aniversario/,/noticias/maria-laria-presentadora-de-arrebatados-en-america-teve-celebra-su-decimo-aniversario/,
4782,Publi2.0 remediación,ok,/marcatel-selecciona-la-solucion-de-genband-y-netnumber-para-modernizar-su-vital-infraestructura/,/noticias/marcatel-selecciona-la-solucion-de-genband-y-netnumber-para-modernizar-su-vital-infraestructura/,301:/noticias/marcatel-selecciona-la-solucion-de-genband-y-netnumber-para-modernizar-su-vital-infraestructura/,/noticias/marcatel-selecciona-la-solucion-de-genband-y-netnumber-para-modernizar-su-vital-infraestructura/,
4781,Publi2.0 remediación,ok,/mapa-de-sitio,/,301:/,/,
4780,Publi2.0 remediación,ok,/make-up-for-ever-se-asocia-con-charli-xcx-para-su-nueva-campana-aqua-xl/,/noticias/make-up-for-ever-se-asocia-con-charli-xcx-para-su-nueva-campana-aqua-xl/,301:/noticias/make-up-for-ever-se-asocia-con-charli-xcx-para-su-nueva-campana-aqua-xl/,/noticias/make-up-for-ever-se-asocia-con-charli-xcx-para-su-nueva-campana-aqua-xl/,
4779,Publi2.0 remediación,ok,/m-holland-finaliza-adquisiciones-en-puerto-rico/,/noticias/m-holland-finaliza-adquisiciones-en-puerto-rico/,301:/noticias/m-holland-finaliza-adquisiciones-en-puerto-rico/,/noticias/m-holland-finaliza-adquisiciones-en-puerto-rico/,
4778,Publi2.0 remediación,ok,/lutron-presenta-ultimas-innovaciones-en-ela-2016/,/noticias/lutron-presenta-ultimas-innovaciones-en-ela-2016/,301:/noticias/lutron-presenta-ultimas-innovaciones-en-ela-2016/,/noticias/lutron-presenta-ultimas-innovaciones-en-ela-2016/,
4777,Publi2.0 remediación,ok,/los-pilotos-de-ups-respetaran-los-piquetes-alemanes-en-el-aeropuerto-de-colonia-bonn/,/noticias/los-pilotos-de-ups-respetaran-los-piquetes-alemanes-en-el-aeropuerto-de-colonia-bonn/,301:/noticias/los-pilotos-de-ups-respetaran-los-piquetes-alemanes-en-el-aeropuerto-de-colonia-bonn/,/noticias/los-pilotos-de-ups-respetaran-los-piquetes-alemanes-en-el-aeropuerto-de-colonia-bonn/,
4776,Publi2.0 remediación,ok,/los-operadores-de-telefonia-movil-aprovechan-los-us12-billones-del-ecosistema-de-los-viajes/,/noticias/los-operadores-de-telefonia-movil-aprovechan-los-us12-billones-del-ecosistema-de-los-viajes/,301:/noticias/los-operadores-de-telefonia-movil-aprovechan-los-us12-billones-del-ecosistema-de-los-viajes/,/noticias/los-operadores-de-telefonia-movil-aprovechan-los-us12-billones-del-ecosistema-de-los-viajes/,
4775,Publi2.0 remediación,ok,/los-numeros-no-importan-la-influencia-si/,/mercadotecnia/marketing-digital/los-numeros-no-importan-la-influencia-si/,301:/mercadotecnia/marketing-digital/los-numeros-no-importan-la-influencia-si/,/mercadotecnia/marketing-digital/los-numeros-no-importan-la-influencia-si/,
4774,Publi2.0 remediación,ok,/los-megaataques-alcanzan-un-nuevo-record-se-dispara-el-numero-de-ataques-repetidos-los-sitios-de-stresserbooter-lanzan-vectores-de-ataque-multiples-de-forma-simultanea/,/noticias/los-megaataques-alcanzan-un-nuevo-record-se-dispara-el-numero-de-ataques-repetidos-los-sitios-de-stresserbooter-lanzan-vectores-de-ataque-multiples-de-forma-simultanea/,301:/noticias/los-megaataques-alcanzan-un-nuevo-record-se-dispara-el-numero-de-ataques-repetidos-los-sitios-de-stresserbooter-lanzan-vectores-de-ataque-multiples-de-forma-simultanea/,/noticias/los-megaataques-alcanzan-un-nuevo-record-se-dispara-el-numero-de-ataques-repetidos-los-sitios-de-stresserbooter-lanzan-vectores-de-ataque-multiples-de-forma-simultanea/,
4773,Publi2.0 remediación,ok,/los-clientes-de-impartner-reciben-una-cantidad-record-de-premios-destacados-de-crn-magazine/,/noticias/los-clientes-de-impartner-reciben-una-cantidad-record-de-premios-destacados-de-crn-magazine/,301:/noticias/los-clientes-de-impartner-reciben-una-cantidad-record-de-premios-destacados-de-crn-magazine/,/noticias/los-clientes-de-impartner-reciben-una-cantidad-record-de-premios-destacados-de-crn-magazine/,
4772,Publi2.0 remediación,ok,/lo-que-todo-anunciante-debe-saber-la-mitad-de-la-publicidad-sirve-la-otra-mitad-no/,/publicidad/guias/lo-que-todo-anunciante-debe-saber-la-mitad-de-la-publicidad-sirve-la-otra-mitad-no/,301:/publicidad/guias/lo-que-todo-anunciante-debe-saber-la-mitad-de-la-publicidad-sirve-la-otra-mitad-no/,/publicidad/guias/lo-que-todo-anunciante-debe-saber-la-mitad-de-la-publicidad-sirve-la-otra-mitad-no/,
4771,Publi2.0 remediación,ok,/linedata-anuncia-el-lanzamiento-de-linedata-mobilekip/,/noticias/linedata-anuncia-el-lanzamiento-de-linedata-mobilekip/,301:/noticias/linedata-anuncia-el-lanzamiento-de-linedata-mobilekip/,/noticias/linedata-anuncia-el-lanzamiento-de-linedata-mobilekip/,
4770,Publi2.0 remediación,ok,/lexington-partners-inaugura-oficina-en-santiago/,/noticias/lexington-partners-inaugura-oficina-en-santiago/,301:/noticias/lexington-partners-inaugura-oficina-en-santiago/,/noticias/lexington-partners-inaugura-oficina-en-santiago/,
4769,Publi2.0 remediación,ok,/level-3-incorpora-microsoft-office-365-a-su-ecosistema-de-soluciones-cloud-connect/,/noticias/level-3-incorpora-microsoft-office-365-a-su-ecosistema-de-soluciones-cloud-connect/,301:/noticias/level-3-incorpora-microsoft-office-365-a-su-ecosistema-de-soluciones-cloud-connect/,/noticias/level-3-incorpora-microsoft-office-365-a-su-ecosistema-de-soluciones-cloud-connect/,
4768,Publi2.0 remediación,ok,/level-3-designada-como-miembro-avanzado-de-aws-partner-network/,/noticias/level-3-designada-como-miembro-avanzado-de-aws-partner-network/,301:/noticias/level-3-designada-como-miembro-avanzado-de-aws-partner-network/,/noticias/level-3-designada-como-miembro-avanzado-de-aws-partner-network/,
4767,Publi2.0 remediación,ok,/lenovo-revela-el-zuk-z2-pro-el-dispositivo-que-cambiara-las-reglas/,/noticias/lenovo-revela-el-zuk-z2-pro-el-dispositivo-que-cambiara-las-reglas/,301:/noticias/lenovo-revela-el-zuk-z2-pro-el-dispositivo-que-cambiara-las-reglas/,/noticias/lenovo-revela-el-zuk-z2-pro-el-dispositivo-que-cambiara-las-reglas/,
4766,Publi2.0 remediación,ok,/lcm-partners-gana-en-los-premios-private-debt-investor-2015/,/noticias/lcm-partners-gana-en-los-premios-private-debt-investor-2015/,301:/noticias/lcm-partners-gana-en-los-premios-private-debt-investor-2015/,/noticias/lcm-partners-gana-en-los-premios-private-debt-investor-2015/,
4765,Publi2.0 remediación,ok,/latin-trade-presenta-el-ranking-de-multimillonarios-de-america-latina/,/noticias/latin-trade-presenta-el-ranking-de-multimillonarios-de-america-latina/,301:/noticias/latin-trade-presenta-el-ranking-de-multimillonarios-de-america-latina/,/noticias/latin-trade-presenta-el-ranking-de-multimillonarios-de-america-latina/,
4764,Publi2.0 remediación,ok,/latin-trade-presenta-a-los-25-mejores-jovenes-empresarios-de-america-latina/,/noticias/latin-trade-presenta-a-los-25-mejores-jovenes-empresarios-de-america-latina/,301:/noticias/latin-trade-presenta-a-los-25-mejores-jovenes-empresarios-de-america-latina/,/noticias/latin-trade-presenta-a-los-25-mejores-jovenes-empresarios-de-america-latina/,
4763,Publi2.0 remediación,ok,/las-ventas-netas-consolidadas-de-grupo-famsa-crecieron-120-durante-el-1t16/,/noticias/las-ventas-netas-consolidadas-de-grupo-famsa-crecieron-120-durante-el-1t16/,301:/noticias/las-ventas-netas-consolidadas-de-grupo-famsa-crecieron-120-durante-el-1t16/,/noticias/las-ventas-netas-consolidadas-de-grupo-famsa-crecieron-120-durante-el-1t16/,
4762,Publi2.0 remediación,ok,/las-tres-responsabilidades-corporativas-mas-importantes-segun-los-consumidores/,/noticias/las-tres-responsabilidades-corporativas-mas-importantes-segun-los-consumidores/,301:/noticias/las-tres-responsabilidades-corporativas-mas-importantes-segun-los-consumidores/,/noticias/las-tres-responsabilidades-corporativas-mas-importantes-segun-los-consumidores/,
4761,Publi2.0 remediación,ok,/las-redes-sociales-como-canal-de-atencion-a-clientes/,/mercadotecnia/marketing-digital/las-redes-sociales-como-canal-de-atencion-a-clientes/,301:/mercadotecnia/marketing-digital/las-redes-sociales-como-canal-de-atencion-a-clientes/,/mercadotecnia/marketing-digital/las-redes-sociales-como-canal-de-atencion-a-clientes/,
4760,Publi2.0 remediación,ok,/las-pruebas-con-5g-de-verizon-impulsan-al-ecosistema-hacia-una-rapida-comercializacion/,/noticias/las-pruebas-con-5g-de-verizon-impulsan-al-ecosistema-hacia-una-rapida-comercializacion/,301:/noticias/las-pruebas-con-5g-de-verizon-impulsan-al-ecosistema-hacia-una-rapida-comercializacion/,/noticias/las-pruebas-con-5g-de-verizon-impulsan-al-ecosistema-hacia-una-rapida-comercializacion/,
4759,Publi2.0 remediación,ok,/las-perspectivas-de-la-cooperacion-entre-rusia-y-los-paises-de-america-latina-fueron-discutidas-en-la-ronda-mediatica-y-el-foro-de-negocios-en-uruguay/,/noticias/las-perspectivas-de-la-cooperacion-entre-rusia-y-los-paises-de-america-latina-fueron-discutidas-en-la-ronda-mediatica-y-el-foro-de-negocios-en-uruguay/,301:/noticias/las-perspectivas-de-la-cooperacion-entre-rusia-y-los-paises-de-america-latina-fueron-discutidas-en-la-ronda-mediatica-y-el-foro-de-negocios-en-uruguay/,/noticias/las-perspectivas-de-la-cooperacion-entre-rusia-y-los-paises-de-america-latina-fueron-discutidas-en-la-ronda-mediatica-y-el-foro-de-negocios-en-uruguay/,
4758,Publi2.0 remediación,ok,/las-ciudades-europeas-continuaron-atrayendo-a-cada-vez-mas-cantidad-de-turistas-a-pesar-de-un-ano-problematico-en-europa-el-numero-de-noches-aumento-42-en-2015/,/noticias/las-ciudades-europeas-continuaron-atrayendo-a-cada-vez-mas-cantidad-de-turistas-a-pesar-de-un-ano-problematico-en-europa-el-numero-de-noches-aumento-42-en-2015/,301:/noticias/las-ciudades-europeas-continuaron-atrayendo-a-cada-vez-mas-cantidad-de-turistas-a-pesar-de-un-ano-problematico-en-europa-el-numero-de-noches-aumento-42-en-2015/,/noticias/las-ciudades-europeas-continuaron-atrayendo-a-cada-vez-mas-cantidad-de-turistas-a-pesar-de-un-ano-problematico-en-europa-el-numero-de-noches-aumento-42-en-2015/,
4757,Publi2.0 remediación,ok,/lanzamiento-mundial-de-la-honourable-order-of-international-hotel-general-managers/,/noticias/lanzamiento-mundial-de-la-honourable-order-of-international-hotel-general-managers/,301:/noticias/lanzamiento-mundial-de-la-honourable-order-of-international-hotel-general-managers/,/noticias/lanzamiento-mundial-de-la-honourable-order-of-international-hotel-general-managers/,
4756,Publi2.0 remediación,ok,/landsteiner-scientific-la-farmaceutica-mexicana-mejor-posicionada-en-el-ranking-great-place-to-work/,/noticias/landsteiner-scientific-la-farmaceutica-mexicana-mejor-posicionada-en-el-ranking-great-place-to-work/,301:/noticias/landsteiner-scientific-la-farmaceutica-mexicana-mejor-posicionada-en-el-ranking-great-place-to-work/,/noticias/landsteiner-scientific-la-farmaceutica-mexicana-mejor-posicionada-en-el-ranking-great-place-to-work/,
4755,Publi2.0 remediación,ok,/la-version-mas-reciente-de-finscan-simplifica-y-acelera-la-exploracion-de-cumplimiento-antilavado-de-dinero/,/noticias/la-version-mas-reciente-de-finscan-simplifica-y-acelera-la-exploracion-de-cumplimiento-antilavado-de-dinero/,301:/noticias/la-version-mas-reciente-de-finscan-simplifica-y-acelera-la-exploracion-de-cumplimiento-antilavado-de-dinero/,/noticias/la-version-mas-reciente-de-finscan-simplifica-y-acelera-la-exploracion-de-cumplimiento-antilavado-de-dinero/,
4754,Publi2.0 remediación,ok,/la-universidad-laval-recupera-el-titulo-en-la-shell-eco-marathon-de-las-americas-que-ostentaba-la-universidad-de-toronto/,/noticias/la-universidad-laval-recupera-el-titulo-en-la-shell-eco-marathon-de-las-americas-que-ostentaba-la-universidad-de-toronto/,301:/noticias/la-universidad-laval-recupera-el-titulo-en-la-shell-eco-marathon-de-las-americas-que-ostentaba-la-universidad-de-toronto/,/noticias/la-universidad-laval-recupera-el-titulo-en-la-shell-eco-marathon-de-las-americas-que-ostentaba-la-universidad-de-toronto/,
4753,Publi2.0 remediación,ok,/la-ultra-hd-4k-smart-ir-ptz-de-hikvision-gano-el-premio-new-product-showcase-en-isc-west/,/noticias/la-ultra-hd-4k-smart-ir-ptz-de-hikvision-gano-el-premio-new-product-showcase-en-isc-west/,301:/noticias/la-ultra-hd-4k-smart-ir-ptz-de-hikvision-gano-el-premio-new-product-showcase-en-isc-west/,/noticias/la-ultra-hd-4k-smart-ir-ptz-de-hikvision-gano-el-premio-new-product-showcase-en-isc-west/,
4752,Publi2.0 remediación,ok,/la-provincia-de-neuquen-anuncia-la-modificacion-del-coeficiente-de-cambio-de-su-oferta-de-cambio/,/noticias/la-provincia-de-neuquen-anuncia-la-modificacion-del-coeficiente-de-cambio-de-su-oferta-de-cambio/,301:/noticias/la-provincia-de-neuquen-anuncia-la-modificacion-del-coeficiente-de-cambio-de-su-oferta-de-cambio/,/noticias/la-provincia-de-neuquen-anuncia-la-modificacion-del-coeficiente-de-cambio-de-su-oferta-de-cambio/,
4751,Publi2.0 remediación,ok,/la-oficina-mas-sostenible-del-mundo-se-encuentra-en-los-paises-bajos/,/noticias/la-oficina-mas-sostenible-del-mundo-se-encuentra-en-los-paises-bajos/,301:/noticias/la-oficina-mas-sostenible-del-mundo-se-encuentra-en-los-paises-bajos/,/noticias/la-oficina-mas-sostenible-del-mundo-se-encuentra-en-los-paises-bajos/,
4750,Publi2.0 remediación,ok,/la-nueva-arcserve-unified-data-protection-udp-elimina-el-tiempo-de-recuperacion-mediante-disponibilidad-continua-recuperacion-instantanea-y-replicacion-en-entornos-en-la-nube-virtuales-y-fisicos/,/noticias/la-nueva-arcserve-unified-data-protection-udp-elimina-el-tiempo-de-recuperacion-mediante-disponibilidad-continua-recuperacion-instantanea-y-replicacion-en-entornos-en-la-nube-virtuales-y-fisicos/,301:/noticias/la-nueva-arcserve-unified-data-protection-udp-elimina-el-tiempo-de-recuperacion-mediante-disponibilidad-continua-recuperacion-instantanea-y-replicacion-en-entornos-en-la-nube-virtuales-y-fisicos/,/noticias/la-nueva-arcserve-unified-data-protection-udp-elimina-el-tiempo-de-recuperacion-mediante-disponibilidad-continua-recuperacion-instantanea-y-replicacion-en-entornos-en-la-nube-virtuales-y-fisicos/,
4749,Publi2.0 remediación,ok,/la-nomina-del-futbol-de-pepsi-2016-introduce-la-tarjeta-azul-en-el-juego-global/,/noticias/la-nomina-del-futbol-de-pepsi-2016-introduce-la-tarjeta-azul-en-el-juego-global/,301:/noticias/la-nomina-del-futbol-de-pepsi-2016-introduce-la-tarjeta-azul-en-el-juego-global/,/noticias/la-nomina-del-futbol-de-pepsi-2016-introduce-la-tarjeta-azul-en-el-juego-global/,
4748,Publi2.0 remediación,ok,/la-marca-sothebys-international-realty-se-extiende-a-nicaragua/,/noticias/la-marca-sothebys-international-realty-se-extiende-a-nicaragua/,301:/noticias/la-marca-sothebys-international-realty-se-extiende-a-nicaragua/,/noticias/la-marca-sothebys-international-realty-se-extiende-a-nicaragua/,
4747,Publi2.0 remediación,ok,/la-fundacion-tory-burch-lanza-una-campana-alentando-a-las-mujeres-a-ser-mas-ambiciosas-con-el-hashtag-embraceambition/,/noticias/la-fundacion-tory-burch-lanza-una-campana-alentando-a-las-mujeres-a-ser-mas-ambiciosas-con-el-hashtag-embraceambition/,301:/noticias/la-fundacion-tory-burch-lanza-una-campana-alentando-a-las-mujeres-a-ser-mas-ambiciosas-con-el-hashtag-embraceambition/,/noticias/la-fundacion-tory-burch-lanza-una-campana-alentando-a-las-mujeres-a-ser-mas-ambiciosas-con-el-hashtag-embraceambition/,
4746,Publi2.0 remediación,ok,/la-fundacion-loreal-junto-a-la-unesco-lanzan-un-manifiesto-para-defender-el-rol-de-las-mujeres-en-las-ciencias/,/noticias/la-fundacion-loreal-junto-a-la-unesco-lanzan-un-manifiesto-para-defender-el-rol-de-las-mujeres-en-las-ciencias/,301:/noticias/la-fundacion-loreal-junto-a-la-unesco-lanzan-un-manifiesto-para-defender-el-rol-de-las-mujeres-en-las-ciencias/,/noticias/la-fundacion-loreal-junto-a-la-unesco-lanzan-un-manifiesto-para-defender-el-rol-de-las-mujeres-en-las-ciencias/,
4745,Publi2.0 remediación,ok,/la-feria-de-canton-establece-un-nuevo-modelo-para-presentar-su-negocio-a-traves-de-una-videoconferencia-remota/,/noticias/la-feria-de-canton-establece-un-nuevo-modelo-para-presentar-su-negocio-a-traves-de-una-videoconferencia-remota/,301:/noticias/la-feria-de-canton-establece-un-nuevo-modelo-para-presentar-su-negocio-a-traves-de-una-videoconferencia-remota/,/noticias/la-feria-de-canton-establece-un-nuevo-modelo-para-presentar-su-negocio-a-traves-de-una-videoconferencia-remota/,
4744,Publi2.0 remediación,ok,/la-experiencia-de-viajes-blast-off-to-houston-ofrece-grandes-ahorros-en-el-hyatt-regency-houston-y-las-principales-atracciones-de-la-ciudad/,/noticias/la-experiencia-de-viajes-blast-off-to-houston-ofrece-grandes-ahorros-en-el-hyatt-regency-houston-y-las-principales-atracciones-de-la-ciudad/,301:/noticias/la-experiencia-de-viajes-blast-off-to-houston-ofrece-grandes-ahorros-en-el-hyatt-regency-houston-y-las-principales-atracciones-de-la-ciudad/,/noticias/la-experiencia-de-viajes-blast-off-to-houston-ofrece-grandes-ahorros-en-el-hyatt-regency-houston-y-las-principales-atracciones-de-la-ciudad/,
4743,Publi2.0 remediación,ok,/la-division-consumer-healthdesempenara-un-papel-fundamental-en-la-estrategia-de-crecimiento-de-merck-para-africa/,/noticias/la-division-consumer-healthdesempenara-un-papel-fundamental-en-la-estrategia-de-crecimiento-de-merck-para-africa/,301:/noticias/la-division-consumer-healthdesempenara-un-papel-fundamental-en-la-estrategia-de-crecimiento-de-merck-para-africa/,/noticias/la-division-consumer-healthdesempenara-un-papel-fundamental-en-la-estrategia-de-crecimiento-de-merck-para-africa/,
4742,Publi2.0 remediación,ok,/la-digitalizacion-creara-350-millones-de-nuevos-exportadores-segun-el-informe-del-dmcc-el-futuro-del-comercio/,/noticias/la-digitalizacion-creara-350-millones-de-nuevos-exportadores-segun-el-informe-del-dmcc-el-futuro-del-comercio/,301:/noticias/la-digitalizacion-creara-350-millones-de-nuevos-exportadores-segun-el-informe-del-dmcc-el-futuro-del-comercio/,/noticias/la-digitalizacion-creara-350-millones-de-nuevos-exportadores-segun-el-informe-del-dmcc-el-futuro-del-comercio/,
4741,Publi2.0 remediación,ok,/la-desigualdad-global-en-materia-de-paz-se-ha-ampliado-el-ano-pasado-al-aumentar-la-violencia-en-los-paises-menos-pacificos/,/noticias/la-desigualdad-global-en-materia-de-paz-se-ha-ampliado-el-ano-pasado-al-aumentar-la-violencia-en-los-paises-menos-pacificos/,301:/noticias/la-desigualdad-global-en-materia-de-paz-se-ha-ampliado-el-ano-pasado-al-aumentar-la-violencia-en-los-paises-menos-pacificos/,/noticias/la-desigualdad-global-en-materia-de-paz-se-ha-ampliado-el-ano-pasado-al-aumentar-la-violencia-en-los-paises-menos-pacificos/,
4740,Publi2.0 remediación,ok,/la-curacao-lanza-una-nueva-aplicacion-movil-para-sus-usuarios/,/noticias/la-curacao-lanza-una-nueva-aplicacion-movil-para-sus-usuarios/,301:/noticias/la-curacao-lanza-una-nueva-aplicacion-movil-para-sus-usuarios/,/noticias/la-curacao-lanza-una-nueva-aplicacion-movil-para-sus-usuarios/,
4739,Publi2.0 remediación,ok,/la-competencia-de-diseno-innovador-medioambiental-xcmg-cup-se-enfoca-en-las-tecnologias-medioambientales-limpias/,/noticias/la-competencia-de-diseno-innovador-medioambiental-xcmg-cup-se-enfoca-en-las-tecnologias-medioambientales-limpias/,301:/noticias/la-competencia-de-diseno-innovador-medioambiental-xcmg-cup-se-enfoca-en-las-tecnologias-medioambientales-limpias/,/noticias/la-competencia-de-diseno-innovador-medioambiental-xcmg-cup-se-enfoca-en-las-tecnologias-medioambientales-limpias/,
4738,Publi2.0 remediación,ok,/la-compania-de-busqueda-de-ejecutivos-kincannon-reed-expande-su-presencia-en-latinoamerica/,/noticias/la-compania-de-busqueda-de-ejecutivos-kincannon-reed-expande-su-presencia-en-latinoamerica/,301:/noticias/la-compania-de-busqueda-de-ejecutivos-kincannon-reed-expande-su-presencia-en-latinoamerica/,/noticias/la-compania-de-busqueda-de-ejecutivos-kincannon-reed-expande-su-presencia-en-latinoamerica/,
4737,Publi2.0 remediación,ok,/la-carrera-de-chicharito-en-canciones-de-rock-by-rock-sonico/,/noticias/la-carrera-de-chicharito-en-canciones-de-rock-by-rock-sonico/,301:/noticias/la-carrera-de-chicharito-en-canciones-de-rock-by-rock-sonico/,/noticias/la-carrera-de-chicharito-en-canciones-de-rock-by-rock-sonico/,
4736,Publi2.0 remediación,ok,/la-capacidad-financiera-mas-que-los-conocimientos-basicos-o-la-educacion-es-la-clave-para-la-inclusion-financiera/,/noticias/la-capacidad-financiera-mas-que-los-conocimientos-basicos-o-la-educacion-es-la-clave-para-la-inclusion-financiera/,301:/noticias/la-capacidad-financiera-mas-que-los-conocimientos-basicos-o-la-educacion-es-la-clave-para-la-inclusion-financiera/,/noticias/la-capacidad-financiera-mas-que-los-conocimientos-basicos-o-la-educacion-es-la-clave-para-la-inclusion-financiera/,
4735,Publi2.0 remediación,ok,/la-biometria-de-dermalog-contribuye-a-la-prevencion-de-fraudes-en-nigeria/,/noticias/la-biometria-de-dermalog-contribuye-a-la-prevencion-de-fraudes-en-nigeria/,301:/noticias/la-biometria-de-dermalog-contribuye-a-la-prevencion-de-fraudes-en-nigeria/,/noticias/la-biometria-de-dermalog-contribuye-a-la-prevencion-de-fraudes-en-nigeria/,
4734,Publi2.0 remediación,ok,/la-alianza-con-rainforest-alliance-anade-una-capa-mas-de-placer-al-comer-una-paleta-magnum/,/noticias/la-alianza-con-rainforest-alliance-anade-una-capa-mas-de-placer-al-comer-una-paleta-magnum/,301:/noticias/la-alianza-con-rainforest-alliance-anade-una-capa-mas-de-placer-al-comer-una-paleta-magnum/,/noticias/la-alianza-con-rainforest-alliance-anade-una-capa-mas-de-placer-al-comer-una-paleta-magnum/,
4733,Publi2.0 remediación,ok,/la-119a-feria-de-canton-finaliza-con-acuerdos-comerciales-por-un-total-de-us28000-millones/,/noticias/la-119a-feria-de-canton-finaliza-con-acuerdos-comerciales-por-un-total-de-us28000-millones/,301:/noticias/la-119a-feria-de-canton-finaliza-con-acuerdos-comerciales-por-un-total-de-us28000-millones/,/noticias/la-119a-feria-de-canton-finaliza-con-acuerdos-comerciales-por-un-total-de-us28000-millones/,
4732,Publi2.0 remediación,ok,/konica-minolta-sensing-anuncia-su-participacion-en-plastimagen-mexico-2016/,/noticias/konica-minolta-sensing-anuncia-su-participacion-en-plastimagen-mexico-2016/,301:/noticias/konica-minolta-sensing-anuncia-su-participacion-en-plastimagen-mexico-2016/,/noticias/konica-minolta-sensing-anuncia-su-participacion-en-plastimagen-mexico-2016/,
4731,Publi2.0 remediación,ok,/kenneth-cole-presenta-su-coleccion-otono-invierno-2016-de-relojes-automaticos/,/noticias/kenneth-cole-presenta-su-coleccion-otono-invierno-2016-de-relojes-automaticos/,301:/noticias/kenneth-cole-presenta-su-coleccion-otono-invierno-2016-de-relojes-automaticos/,/noticias/kenneth-cole-presenta-su-coleccion-otono-invierno-2016-de-relojes-automaticos/,
4730,Publi2.0 remediación,ok,/juegos-de-casino-de-primera-de-playstudios-amplian-la-asociacion-con-resorts-world-con-el-lanzamiento-de-premios-en-nueva-york-y-bimini/,/noticias/juegos-de-casino-de-primera-de-playstudios-amplian-la-asociacion-con-resorts-world-con-el-lanzamiento-de-premios-en-nueva-york-y-bimini/,301:/noticias/juegos-de-casino-de-primera-de-playstudios-amplian-la-asociacion-con-resorts-world-con-el-lanzamiento-de-premios-en-nueva-york-y-bimini/,/noticias/juegos-de-casino-de-primera-de-playstudios-amplian-la-asociacion-con-resorts-world-con-el-lanzamiento-de-premios-en-nueva-york-y-bimini/,
4729,Publi2.0 remediación,ok,/joven-emprendedor-forestal-premia-el-talento-de-jovenes-de-mexico-centro-y-sudamerica-en-su-tercer-certamen/,/noticias/joven-emprendedor-forestal-premia-el-talento-de-jovenes-de-mexico-centro-y-sudamerica-en-su-tercer-certamen/,301:/noticias/joven-emprendedor-forestal-premia-el-talento-de-jovenes-de-mexico-centro-y-sudamerica-en-su-tercer-certamen/,/noticias/joven-emprendedor-forestal-premia-el-talento-de-jovenes-de-mexico-centro-y-sudamerica-en-su-tercer-certamen/,
4728,Publi2.0 remediación,ok,/jared-leto-en-exlusiva-para-la-edicion-de-mayo-by-gq-mexico/,/noticias/jared-leto-en-exlusiva-para-la-edicion-de-mayo-by-gq-mexico/,301:/noticias/jared-leto-en-exlusiva-para-la-edicion-de-mayo-by-gq-mexico/,/noticias/jared-leto-en-exlusiva-para-la-edicion-de-mayo-by-gq-mexico/,
4727,Publi2.0 remediación,ok,/ixblue-presenta-su-novedoso-sistema-de-navegacion-inercial-rovins-nano-y-revoluciona-la-navegacion-de-rov/,/noticias/ixblue-presenta-su-novedoso-sistema-de-navegacion-inercial-rovins-nano-y-revoluciona-la-navegacion-de-rov/,301:/noticias/ixblue-presenta-su-novedoso-sistema-de-navegacion-inercial-rovins-nano-y-revoluciona-la-navegacion-de-rov/,/noticias/ixblue-presenta-su-novedoso-sistema-de-navegacion-inercial-rovins-nano-y-revoluciona-la-navegacion-de-rov/,
4726,Publi2.0 remediación,ok,/italtel-lanza-una-nueva-aplicacion-basada-en-sdn-para-la-harmonizacion-de-la-red-de-servicios/,/noticias/italtel-lanza-una-nueva-aplicacion-basada-en-sdn-para-la-harmonizacion-de-la-red-de-servicios/,301:/noticias/italtel-lanza-una-nueva-aplicacion-basada-en-sdn-para-la-harmonizacion-de-la-red-de-servicios/,/noticias/italtel-lanza-una-nueva-aplicacion-basada-en-sdn-para-la-harmonizacion-de-la-red-de-servicios/,
4725,Publi2.0 remediación,ok,/isuzu-presenta-el-autobus-para-pasajeros-elf-600-bus/,/noticias/isuzu-presenta-el-autobus-para-pasajeros-elf-600-bus/,301:/noticias/isuzu-presenta-el-autobus-para-pasajeros-elf-600-bus/,/noticias/isuzu-presenta-el-autobus-para-pasajeros-elf-600-bus/,
4724,Publi2.0 remediación,ok,/isuzu-motors-de-mexico-anuncia-cambios-en-sus-puestos-directivos/,/noticias/isuzu-motors-de-mexico-anuncia-cambios-en-sus-puestos-directivos/,301:/noticias/isuzu-motors-de-mexico-anuncia-cambios-en-sus-puestos-directivos/,/noticias/isuzu-motors-de-mexico-anuncia-cambios-en-sus-puestos-directivos/,
4723,Publi2.0 remediación,ok,/isagenix-alcanza-los-us4000-millones-en-ventas-globales-acumuladas/,/noticias/isagenix-alcanza-los-us4000-millones-en-ventas-globales-acumuladas/,301:/noticias/isagenix-alcanza-los-us4000-millones-en-ventas-globales-acumuladas/,/noticias/isagenix-alcanza-los-us4000-millones-en-ventas-globales-acumuladas/,
4722,Publi2.0 remediación,ok,/ipoint-presenta-borrador-de-leyes-sobre-trafico-de-personas-y-esclavitud-para-el-sector-privado/,/noticias/ipoint-presenta-borrador-de-leyes-sobre-trafico-de-personas-y-esclavitud-para-el-sector-privado/,301:/noticias/ipoint-presenta-borrador-de-leyes-sobre-trafico-de-personas-y-esclavitud-para-el-sector-privado/,/noticias/ipoint-presenta-borrador-de-leyes-sobre-trafico-de-personas-y-esclavitud-para-el-sector-privado/,
4721,Publi2.0 remediación,ok,/institucion-del-grupo-ser-educacional-se-asocia-con-colgate-de-ee-uu/,/noticias/institucion-del-grupo-ser-educacional-se-asocia-con-colgate-de-ee-uu/,301:/noticias/institucion-del-grupo-ser-educacional-se-asocia-con-colgate-de-ee-uu/,/noticias/institucion-del-grupo-ser-educacional-se-asocia-con-colgate-de-ee-uu/,
4720,Publi2.0 remediación,ok,/informe-de-la-rueda-de-prensa-en-vivo-de-baselworld-2016/,/noticias/informe-de-la-rueda-de-prensa-en-vivo-de-baselworld-2016/,301:/noticias/informe-de-la-rueda-de-prensa-en-vivo-de-baselworld-2016/,/noticias/informe-de-la-rueda-de-prensa-en-vivo-de-baselworld-2016/,
4719,Publi2.0 remediación,ok,/infografia-claves-para-edificar-tu-marca-personal/,/emprendimiento/liderazgo/infografia-claves-para-edificar-tu-marca-personal/,301:/emprendimiento/liderazgo/infografia-claves-para-edificar-tu-marca-personal/,/emprendimiento/liderazgo/infografia-claves-para-edificar-tu-marca-personal/,
4718,Publi2.0 remediación,ok,/inauguracion-oficial-de-la-119na-feria-de-canton/,/noticias/inauguracion-oficial-de-la-119na-feria-de-canton/,301:/noticias/inauguracion-oficial-de-la-119na-feria-de-canton/,/noticias/inauguracion-oficial-de-la-119na-feria-de-canton/,
4717,Publi2.0 remediación,ok,/impulso-a-emprendedurismo-ambiental-premios-verde-by-juan-carlos-machorro/,/noticias/impulso-a-emprendedurismo-ambiental-premios-verde-by-juan-carlos-machorro/,301:/noticias/impulso-a-emprendedurismo-ambiental-premios-verde-by-juan-carlos-machorro/,/noticias/impulso-a-emprendedurismo-ambiental-premios-verde-by-juan-carlos-machorro/,
4716,Publi2.0 remediación,ok,/impulsando-el-crecimiento-de-un-nuevo-movimiento-de-lujo-bsi-capital-group-invierte-5m-de-francos-suizos-chf-en-swiss-cosmeceuticals-ag/,/noticias/impulsando-el-crecimiento-de-un-nuevo-movimiento-de-lujo-bsi-capital-group-invierte-5m-de-francos-suizos-chf-en-swiss-cosmeceuticals-ag/,301:/noticias/impulsando-el-crecimiento-de-un-nuevo-movimiento-de-lujo-bsi-capital-group-invierte-5m-de-francos-suizos-chf-en-swiss-cosmeceuticals-ag/,/noticias/impulsando-el-crecimiento-de-un-nuevo-movimiento-de-lujo-bsi-capital-group-invierte-5m-de-francos-suizos-chf-en-swiss-cosmeceuticals-ag/,
4715,Publi2.0 remediación,ok,/impartner-se-asocia-con-expertos-del-sector-de-canales-de-venta-indirecta-para-abordar-los-principales-desafios-que-desvelan-a-los-directores-de-canal/,/noticias/impartner-se-asocia-con-expertos-del-sector-de-canales-de-venta-indirecta-para-abordar-los-principales-desafios-que-desvelan-a-los-directores-de-canal/,301:/noticias/impartner-se-asocia-con-expertos-del-sector-de-canales-de-venta-indirecta-para-abordar-los-principales-desafios-que-desvelan-a-los-directores-de-canal/,/noticias/impartner-se-asocia-con-expertos-del-sector-de-canales-de-venta-indirecta-para-abordar-los-principales-desafios-que-desvelan-a-los-directores-de-canal/,
4714,Publi2.0 remediación,ok,/ifly-res-de-ibs-recibe-estatus-ndc-capable-nivel-3-de-iata/,/noticias/ifly-res-de-ibs-recibe-estatus-ndc-capable-nivel-3-de-iata/,301:/noticias/ifly-res-de-ibs-recibe-estatus-ndc-capable-nivel-3-de-iata/,/noticias/ifly-res-de-ibs-recibe-estatus-ndc-capable-nivel-3-de-iata/,
4713,Publi2.0 remediación,ok,/i2c-y-tis-forman-una-asociacion-estrategica-para-llevar-innovadoras-soluciones-de-pago-a-japon-y-otros-mercados-asiaticos-cruciales/,/noticias/i2c-y-tis-forman-una-asociacion-estrategica-para-llevar-innovadoras-soluciones-de-pago-a-japon-y-otros-mercados-asiaticos-cruciales/,301:/noticias/i2c-y-tis-forman-una-asociacion-estrategica-para-llevar-innovadoras-soluciones-de-pago-a-japon-y-otros-mercados-asiaticos-cruciales/,/noticias/i2c-y-tis-forman-una-asociacion-estrategica-para-llevar-innovadoras-soluciones-de-pago-a-japon-y-otros-mercados-asiaticos-cruciales/,
4712,Publi2.0 remediación,ok,/i-protect-el-gran-avance-de-kiekert-en-sistemas-de-proteccion-de-puertas/,/noticias/i-protect-el-gran-avance-de-kiekert-en-sistemas-de-proteccion-de-puertas/,301:/noticias/i-protect-el-gran-avance-de-kiekert-en-sistemas-de-proteccion-de-puertas/,/noticias/i-protect-el-gran-avance-de-kiekert-en-sistemas-de-proteccion-de-puertas/,
4711,Publi2.0 remediación,ok,/husqvarna-lanza-la-primera-aplicacion-apple-watch-para-cortadoras-de-cesped-roboticas/,/noticias/husqvarna-lanza-la-primera-aplicacion-apple-watch-para-cortadoras-de-cesped-roboticas/,301:/noticias/husqvarna-lanza-la-primera-aplicacion-apple-watch-para-cortadoras-de-cesped-roboticas/,/noticias/husqvarna-lanza-la-primera-aplicacion-apple-watch-para-cortadoras-de-cesped-roboticas/,
4710,Publi2.0 remediación,ok,/huawei-y-leica-camera-anuncian-alianza-tecnologica-a-largo-plazo-para-la-reinvencion-de-la-fotografia-en-los-telefonos-inteligentes/,/noticias/huawei-y-leica-camera-anuncian-alianza-tecnologica-a-largo-plazo-para-la-reinvencion-de-la-fotografia-en-los-telefonos-inteligentes/,301:/noticias/huawei-y-leica-camera-anuncian-alianza-tecnologica-a-largo-plazo-para-la-reinvencion-de-la-fotografia-en-los-telefonos-inteligentes/,/noticias/huawei-y-leica-camera-anuncian-alianza-tecnologica-a-largo-plazo-para-la-reinvencion-de-la-fotografia-en-los-telefonos-inteligentes/,
4709,Publi2.0 remediación,ok,/huawei-y-deutsche-telekom-presentan-la-tecnologia-de-seccionado-de-red-5g-e2e/,/noticias/huawei-y-deutsche-telekom-presentan-la-tecnologia-de-seccionado-de-red-5g-e2e/,301:/noticias/huawei-y-deutsche-telekom-presentan-la-tecnologia-de-seccionado-de-red-5g-e2e/,/noticias/huawei-y-deutsche-telekom-presentan-la-tecnologia-de-seccionado-de-red-5g-e2e/,
4708,Publi2.0 remediación,ok,/huawei-permite-a-las-portadoras-hacer-realidad-un-futuro-digital-mediante-la-transformacion-de-las-operaciones-y-un-ecosistema-abierto/,/noticias/huawei-permite-a-las-portadoras-hacer-realidad-un-futuro-digital-mediante-la-transformacion-de-las-operaciones-y-un-ecosistema-abierto/,301:/noticias/huawei-permite-a-las-portadoras-hacer-realidad-un-futuro-digital-mediante-la-transformacion-de-las-operaciones-y-un-ecosistema-abierto/,/noticias/huawei-permite-a-las-portadoras-hacer-realidad-un-futuro-digital-mediante-la-transformacion-de-las-operaciones-y-un-ecosistema-abierto/,
4707,Publi2.0 remediación,ok,/huawei-impulsa-apertura-colaboracion-y-exito-compartido-para-habilitar-la-transformacion-digital-y-construir-un-mundo-mejor-conectado/,/noticias/huawei-impulsa-apertura-colaboracion-y-exito-compartido-para-habilitar-la-transformacion-digital-y-construir-un-mundo-mejor-conectado/,301:/noticias/huawei-impulsa-apertura-colaboracion-y-exito-compartido-para-habilitar-la-transformacion-digital-y-construir-un-mundo-mejor-conectado/,/noticias/huawei-impulsa-apertura-colaboracion-y-exito-compartido-para-habilitar-la-transformacion-digital-y-construir-un-mundo-mejor-conectado/,
4706,Publi2.0 remediación,ok,/huawei-habilita-la-aplicacion-de-la-nb-iot-en-industrias-verticales-a-traves-de-la-innovacion-y-la-colaboracion/,/noticias/huawei-habilita-la-aplicacion-de-la-nb-iot-en-industrias-verticales-a-traves-de-la-innovacion-y-la-colaboracion/,301:/noticias/huawei-habilita-la-aplicacion-de-la-nb-iot-en-industrias-verticales-a-traves-de-la-innovacion-y-la-colaboracion/,/noticias/huawei-habilita-la-aplicacion-de-la-nb-iot-en-industrias-verticales-a-traves-de-la-innovacion-y-la-colaboracion/,
4705,Publi2.0 remediación,ok,/huawei-anuncia-nueva-tecnologia-de-informacion-y-comunicaciones-lider-para-crear-un-mundo-mejor-conectado/,/noticias/huawei-anuncia-nueva-tecnologia-de-informacion-y-comunicaciones-lider-para-crear-un-mundo-mejor-conectado/,301:/noticias/huawei-anuncia-nueva-tecnologia-de-informacion-y-comunicaciones-lider-para-crear-un-mundo-mejor-conectado/,/noticias/huawei-anuncia-nueva-tecnologia-de-informacion-y-comunicaciones-lider-para-crear-un-mundo-mejor-conectado/,
4704,Publi2.0 remediación,ok,/hola-tv-celebra-a-la-mujer-en-marzo-con-estrenos-y-programacion-especial-de-mujeres-que-inspiran/,/noticias/hola-tv-celebra-a-la-mujer-en-marzo-con-estrenos-y-programacion-especial-de-mujeres-que-inspiran/,301:/noticias/hola-tv-celebra-a-la-mujer-en-marzo-con-estrenos-y-programacion-especial-de-mujeres-que-inspiran/,/noticias/hola-tv-celebra-a-la-mujer-en-marzo-con-estrenos-y-programacion-especial-de-mujeres-que-inspiran/,
4703,Publi2.0 remediación,ok,/hna-tourism-group-sella-un-acuerdo-con-carlson-hospitality-group-para-la-adquisicion-de-carlson-hotels-inc/,/noticias/hna-tourism-group-sella-un-acuerdo-con-carlson-hospitality-group-para-la-adquisicion-de-carlson-hotels-inc/,301:/noticias/hna-tourism-group-sella-un-acuerdo-con-carlson-hospitality-group-para-la-adquisicion-de-carlson-hotels-inc/,/noticias/hna-tourism-group-sella-un-acuerdo-con-carlson-hospitality-group-para-la-adquisicion-de-carlson-hotels-inc/,
4702,Publi2.0 remediación,ok,/hikvision-comunica-los-resultados-preliminares-de-sus-ganancias-en-2015-con-un-4697-de-crecimiento/,/noticias/hikvision-comunica-los-resultados-preliminares-de-sus-ganancias-en-2015-con-un-4697-de-crecimiento/,301:/noticias/hikvision-comunica-los-resultados-preliminares-de-sus-ganancias-en-2015-con-un-4697-de-crecimiento/,/noticias/hikvision-comunica-los-resultados-preliminares-de-sus-ganancias-en-2015-con-un-4697-de-crecimiento/,
4701,Publi2.0 remediación,ok,/hikvision-anuncia-su-exito-en-el-isc-brasil/,/noticias/hikvision-anuncia-su-exito-en-el-isc-brasil/,301:/noticias/hikvision-anuncia-su-exito-en-el-isc-brasil/,/noticias/hikvision-anuncia-su-exito-en-el-isc-brasil/,
4700,Publi2.0 remediación,ok,/hennessy-xo-invita-al-director-de-cine-nicolas-winding-refn-a-crear-un-viaje-sensorial-para-su-nueva-campana-odyssey/,/noticias/hennessy-xo-invita-al-director-de-cine-nicolas-winding-refn-a-crear-un-viaje-sensorial-para-su-nueva-campana-odyssey/,301:/noticias/hennessy-xo-invita-al-director-de-cine-nicolas-winding-refn-a-crear-un-viaje-sensorial-para-su-nueva-campana-odyssey/,/noticias/hennessy-xo-invita-al-director-de-cine-nicolas-winding-refn-a-crear-un-viaje-sensorial-para-su-nueva-campana-odyssey/,
4699,Publi2.0 remediación,ok,/hennessy-celebra-la-llegada-de-la-octava-generacion-de-maestros-mezcladores-con-el-legado-cognac-hennessy-8/,/noticias/hennessy-celebra-la-llegada-de-la-octava-generacion-de-maestros-mezcladores-con-el-legado-cognac-hennessy-8/,301:/noticias/hennessy-celebra-la-llegada-de-la-octava-generacion-de-maestros-mezcladores-con-el-legado-cognac-hennessy-8/,/noticias/hennessy-celebra-la-llegada-de-la-octava-generacion-de-maestros-mezcladores-con-el-legado-cognac-hennessy-8/,
4698,Publi2.0 remediación,ok,/heidrick-struggles-ayuda-al-foro-economico-mundial-a-encontrar-a-los-young-global-leaders-de-2016/,/noticias/heidrick-struggles-ayuda-al-foro-economico-mundial-a-encontrar-a-los-young-global-leaders-de-2016/,301:/noticias/heidrick-struggles-ayuda-al-foro-economico-mundial-a-encontrar-a-los-young-global-leaders-de-2016/,/noticias/heidrick-struggles-ayuda-al-foro-economico-mundial-a-encontrar-a-los-young-global-leaders-de-2016/,
4697,Publi2.0 remediación,ok,/havas-edge-nombra-a-nicole-cordero-como-vicepresidenta-de-medios-hispanos-de-ee-uu/,/noticias/havas-edge-nombra-a-nicole-cordero-como-vicepresidenta-de-medios-hispanos-de-ee-uu/,301:/noticias/havas-edge-nombra-a-nicole-cordero-como-vicepresidenta-de-medios-hispanos-de-ee-uu/,/noticias/havas-edge-nombra-a-nicole-cordero-como-vicepresidenta-de-medios-hispanos-de-ee-uu/,
4696,Publi2.0 remediación,ok,/haciendo-que-cada-dolar-cuente-jereh-en-la-cippe-2016/,/noticias/haciendo-que-cada-dolar-cuente-jereh-en-la-cippe-2016/,301:/noticias/haciendo-que-cada-dolar-cuente-jereh-en-la-cippe-2016/,/noticias/haciendo-que-cada-dolar-cuente-jereh-en-la-cippe-2016/,
4695,Publi2.0 remediación,ok,/hacienda-altagracia-an-auberge-resort-es-destacado-como-uno-de-los-mejores-nuevos-hoteles-del-mundo-en-la-lista-de-lo-mejor-del-2016-de-conde-nast-traveler/,/noticias/hacienda-altagracia-an-auberge-resort-es-destacado-como-uno-de-los-mejores-nuevos-hoteles-del-mundo-en-la-lista-de-lo-mejor-del-2016-de-conde-nast-traveler/,301:/noticias/hacienda-altagracia-an-auberge-resort-es-destacado-como-uno-de-los-mejores-nuevos-hoteles-del-mundo-en-la-lista-de-lo-mejor-del-2016-de-conde-nast-traveler/,/noticias/hacienda-altagracia-an-auberge-resort-es-destacado-como-uno-de-los-mejores-nuevos-hoteles-del-mundo-en-la-lista-de-lo-mejor-del-2016-de-conde-nast-traveler/,
4694,Publi2.0 remediación,ok,/h2opendoors-llega-a-cuba/,/noticias/h2opendoors-llega-a-cuba/,301:/noticias/h2opendoors-llega-a-cuba/,/noticias/h2opendoors-llega-a-cuba/,
4693,Publi2.0 remediación,ok,/grundig-presenta-su-coleccion-premium-de-electrodomesticos-integrados-en-eurocucina/,/noticias/grundig-presenta-su-coleccion-premium-de-electrodomesticos-integrados-en-eurocucina/,301:/noticias/grundig-presenta-su-coleccion-premium-de-electrodomesticos-integrados-en-eurocucina/,/noticias/grundig-presenta-su-coleccion-premium-de-electrodomesticos-integrados-en-eurocucina/,
4692,Publi2.0 remediación,ok,/gobierno-cubano-toma-represalia-contra-reportera-de-america-teve/,/noticias/gobierno-cubano-toma-represalia-contra-reportera-de-america-teve/,301:/noticias/gobierno-cubano-toma-represalia-contra-reportera-de-america-teve/,/noticias/gobierno-cubano-toma-represalia-contra-reportera-de-america-teve/,
4691,Publi2.0 remediación,ok,/gillette-revela-la-campana-lo-perfecto-no-es-bonito-rumbo-a-los-juegos-olimpicos-de-rio-de-janeiro-2016/,/noticias/gillette-revela-la-campana-lo-perfecto-no-es-bonito-rumbo-a-los-juegos-olimpicos-de-rio-de-janeiro-2016/,301:/noticias/gillette-revela-la-campana-lo-perfecto-no-es-bonito-rumbo-a-los-juegos-olimpicos-de-rio-de-janeiro-2016/,/noticias/gillette-revela-la-campana-lo-perfecto-no-es-bonito-rumbo-a-los-juegos-olimpicos-de-rio-de-janeiro-2016/,
4690,Publi2.0 remediación,ok,/gerilimzumab-de-bird-rock-bio-anticuerpo-anti-il-6-demuestra-potencial-acceso-global-asequible-a-biofarmaco-novedoso-para-tratar-la-artritis-reumatoide/,/noticias/gerilimzumab-de-bird-rock-bio-anticuerpo-anti-il-6-demuestra-potencial-acceso-global-asequible-a-biofarmaco-novedoso-para-tratar-la-artritis-reumatoide/,301:/noticias/gerilimzumab-de-bird-rock-bio-anticuerpo-anti-il-6-demuestra-potencial-acceso-global-asequible-a-biofarmaco-novedoso-para-tratar-la-artritis-reumatoide/,/noticias/gerilimzumab-de-bird-rock-bio-anticuerpo-anti-il-6-demuestra-potencial-acceso-global-asequible-a-biofarmaco-novedoso-para-tratar-la-artritis-reumatoide/,
4689,Publi2.0 remediación,ok,/genius-plaza-lanza-sammie-seal-un-juego-de-lenguaje-educativo-bilinge-y-gratuito/,/noticias/genius-plaza-lanza-sammie-seal-un-juego-de-lenguaje-educativo-bilinge-y-gratuito/,301:/noticias/genius-plaza-lanza-sammie-seal-un-juego-de-lenguaje-educativo-bilinge-y-gratuito/,/noticias/genius-plaza-lanza-sammie-seal-un-juego-de-lenguaje-educativo-bilinge-y-gratuito/,
4688,Publi2.0 remediación,ok,/gamechange-solar-recibe-orden-de-genius-tracker-de-28-mw-para-el-sudeste/,/noticias/gamechange-solar-recibe-orden-de-genius-tracker-de-28-mw-para-el-sudeste/,301:/noticias/gamechange-solar-recibe-orden-de-genius-tracker-de-28-mw-para-el-sudeste/,/noticias/gamechange-solar-recibe-orden-de-genius-tracker-de-28-mw-para-el-sudeste/,
4687,Publi2.0 remediación,ok,/g2a-junto-con-gaming-for-good-y-save-the-children-activan-a-los-vengadores-de-la-comunidad-de-los-juegos-para-el-humanitarian-emergency-all-out-response-team-heart-en-etiopia/,/noticias/g2a-junto-con-gaming-for-good-y-save-the-children-activan-a-los-vengadores-de-la-comunidad-de-los-juegos-para-el-humanitarian-emergency-all-out-response-team-heart-en-etiopia/,301:/noticias/g2a-junto-con-gaming-for-good-y-save-the-children-activan-a-los-vengadores-de-la-comunidad-de-los-juegos-para-el-humanitarian-emergency-all-out-response-team-heart-en-etiopia/,/noticias/g2a-junto-con-gaming-for-good-y-save-the-children-activan-a-los-vengadores-de-la-comunidad-de-los-juegos-para-el-humanitarian-emergency-all-out-response-team-heart-en-etiopia/,
4686,Publi2.0 remediación,ok,/fossil-presenta-nuevos-smartwatches-android-wear-mas-finos-en-baselworld/,/noticias/fossil-presenta-nuevos-smartwatches-android-wear-mas-finos-en-baselworld/,301:/noticias/fossil-presenta-nuevos-smartwatches-android-wear-mas-finos-en-baselworld/,/noticias/fossil-presenta-nuevos-smartwatches-android-wear-mas-finos-en-baselworld/,
4685,Publi2.0 remediación,ok,/fossil-group-lanzara-wearables-para-ocho-marcas-y-en-40-paises-el-2016/,/noticias/fossil-group-lanzara-wearables-para-ocho-marcas-y-en-40-paises-el-2016/,301:/noticias/fossil-group-lanzara-wearables-para-ocho-marcas-y-en-40-paises-el-2016/,/noticias/fossil-group-lanzara-wearables-para-ocho-marcas-y-en-40-paises-el-2016/,
4684,Publi2.0 remediación,ok,/fortinet-elige-la-tecnologia-prm-de-impartner-para-ayudar-a-transformar-su-plataforma-global-de-relaciones-con-los-socios/,/noticias/fortinet-elige-la-tecnologia-prm-de-impartner-para-ayudar-a-transformar-su-plataforma-global-de-relaciones-con-los-socios/,301:/noticias/fortinet-elige-la-tecnologia-prm-de-impartner-para-ayudar-a-transformar-su-plataforma-global-de-relaciones-con-los-socios/,/noticias/fortinet-elige-la-tecnologia-prm-de-impartner-para-ayudar-a-transformar-su-plataforma-global-de-relaciones-con-los-socios/,
4683,Publi2.0 remediación,ok,/focusvision-presenta-a-jamin-brazil-como-ceo/,/noticias/focusvision-presenta-a-jamin-brazil-como-ceo/,301:/noticias/focusvision-presenta-a-jamin-brazil-como-ceo/,/noticias/focusvision-presenta-a-jamin-brazil-como-ceo/,
4682,Publi2.0 remediación,ok,/fibra-prologis-asistira-a-la-conferencia-denominada-citi-2016-global-property-ceo-conference/,/noticias/fibra-prologis-asistira-a-la-conferencia-denominada-citi-2016-global-property-ceo-conference/,301:/noticias/fibra-prologis-asistira-a-la-conferencia-denominada-citi-2016-global-property-ceo-conference/,/noticias/fibra-prologis-asistira-a-la-conferencia-denominada-citi-2016-global-property-ceo-conference/,
4681,Publi2.0 remediación,ok,/fibra-prologis-anuncia-que-el-22-de-abril-llevara-a-cabo-la-conferencia-telefonica-donde-presentara-los-resultados-financieros-del-primer-trimestre-de-2016/,/noticias/fibra-prologis-anuncia-que-el-22-de-abril-llevara-a-cabo-la-conferencia-telefonica-donde-presentara-los-resultados-financieros-del-primer-trimestre-de-2016/,301:/noticias/fibra-prologis-anuncia-que-el-22-de-abril-llevara-a-cabo-la-conferencia-telefonica-donde-presentara-los-resultados-financieros-del-primer-trimestre-de-2016/,/noticias/fibra-prologis-anuncia-que-el-22-de-abril-llevara-a-cabo-la-conferencia-telefonica-donde-presentara-los-resultados-financieros-del-primer-trimestre-de-2016/,
4680,Publi2.0 remediación,ok,/fibra-prologis-anuncia-los-resultados-de-la-asamblea-anual-ordinaria-de-tenedores/,/noticias/fibra-prologis-anuncia-los-resultados-de-la-asamblea-anual-ordinaria-de-tenedores/,301:/noticias/fibra-prologis-anuncia-los-resultados-de-la-asamblea-anual-ordinaria-de-tenedores/,/noticias/fibra-prologis-anuncia-los-resultados-de-la-asamblea-anual-ordinaria-de-tenedores/,
4679,Publi2.0 remediación,ok,/fibra-prologis-anuncia-canje-de-titulo-de-cbfis/,/noticias/fibra-prologis-anuncia-canje-de-titulo-de-cbfis/,301:/noticias/fibra-prologis-anuncia-canje-de-titulo-de-cbfis/,/noticias/fibra-prologis-anuncia-canje-de-titulo-de-cbfis/,
4678,Publi2.0 remediación,ok,/fibra-prologis-anuncia-asamblea-extraordinaria-de-tenedores/,/noticias/fibra-prologis-anuncia-asamblea-extraordinaria-de-tenedores/,301:/noticias/fibra-prologis-anuncia-asamblea-extraordinaria-de-tenedores/,/noticias/fibra-prologis-anuncia-asamblea-extraordinaria-de-tenedores/,
4677,Publi2.0 remediación,ok,/fibra-prologis-anuncia-asamblea-anual-y-extraordinaria-de-tenedores/,/noticias/fibra-prologis-anuncia-asamblea-anual-y-extraordinaria-de-tenedores/,301:/noticias/fibra-prologis-anuncia-asamblea-anual-y-extraordinaria-de-tenedores/,/noticias/fibra-prologis-anuncia-asamblea-anual-y-extraordinaria-de-tenedores/,
4676,Publi2.0 remediación,ok,/fast-evolving-watersport-company-flydive-anuncia-la-adquisicion-de-aquafly/,/noticias/fast-evolving-watersport-company-flydive-anuncia-la-adquisicion-de-aquafly/,301:/noticias/fast-evolving-watersport-company-flydive-anuncia-la-adquisicion-de-aquafly/,/noticias/fast-evolving-watersport-company-flydive-anuncia-la-adquisicion-de-aquafly/,
4675,Publi2.0 remediación,ok,/experiencias-fuera-de-lo-ordinario-para-descubrir-la-ciudad-de-mexico-en-semana-santa/,/noticias/experiencias-fuera-de-lo-ordinario-para-descubrir-la-ciudad-de-mexico-en-semana-santa/,301:/noticias/experiencias-fuera-de-lo-ordinario-para-descubrir-la-ciudad-de-mexico-en-semana-santa/,/noticias/experiencias-fuera-de-lo-ordinario-para-descubrir-la-ciudad-de-mexico-en-semana-santa/,
4674,Publi2.0 remediación,ok,/eurasia-media-forum-coincidira-el-ano-que-viene-con-astana-expo-2017/,/noticias/eurasia-media-forum-coincidira-el-ano-que-viene-con-astana-expo-2017/,301:/noticias/eurasia-media-forum-coincidira-el-ano-que-viene-con-astana-expo-2017/,/noticias/eurasia-media-forum-coincidira-el-ano-que-viene-con-astana-expo-2017/,
4673,Publi2.0 remediación,ok,/etiquetas/marcas,/publicidad/,301:/publicidad/,/publicidad/,
4672,Publi2.0 remediación,ok,/etihad-airways-comienza-la-venta-de-pasajes-en-la-argentina/,/noticias/etihad-airways-comienza-la-venta-de-pasajes-en-la-argentina/,301:/noticias/etihad-airways-comienza-la-venta-de-pasajes-en-la-argentina/,/noticias/etihad-airways-comienza-la-venta-de-pasajes-en-la-argentina/,
4671,Publi2.0 remediación,ok,/etica-en-las-agencias-de-publicidad-y-anarquia-en-los-negocios/,/publicidad/etica-en-las-agencias-de-publicidad-y-anarquia-en-los-negocios/,301:/publicidad/etica-en-las-agencias-de-publicidad-y-anarquia-en-los-negocios/,/publicidad/etica-en-las-agencias-de-publicidad-y-anarquia-en-los-negocios/,
4670,Publi2.0 remediación,ok,/estudio-comisionado-por-visa-estima-que-la-migracion-a-los-pagos-electronicos-aporto-cerca-de-us300-mil-millones-al-pib-de-70-paises/,/noticias/estudio-comisionado-por-visa-estima-que-la-migracion-a-los-pagos-electronicos-aporto-cerca-de-us300-mil-millones-al-pib-de-70-paises/,301:/noticias/estudio-comisionado-por-visa-estima-que-la-migracion-a-los-pagos-electronicos-aporto-cerca-de-us300-mil-millones-al-pib-de-70-paises/,/noticias/estudio-comisionado-por-visa-estima-que-la-migracion-a-los-pagos-electronicos-aporto-cerca-de-us300-mil-millones-al-pib-de-70-paises/,
4669,Publi2.0 remediación,ok,/equisoft-gana-un-premio-de-excelencia-de-la-industria/,/noticias/equisoft-gana-un-premio-de-excelencia-de-la-industria/,301:/noticias/equisoft-gana-un-premio-de-excelencia-de-la-industria/,/noticias/equisoft-gana-un-premio-de-excelencia-de-la-industria/,
4668,Publi2.0 remediación,ok,/equipo-interno-de-marketing-digital-o-agencia-externa-la-experiencia-del-sector-automotriz/,/negocios/automotriz/equipo-interno-de-marketing-digital-o-agencia-externa-la-experiencia-del-sector-automotriz/,301:/negocios/automotriz/equipo-interno-de-marketing-digital-o-agencia-externa-la-experiencia-del-sector-automotriz/,/negocios/automotriz/equipo-interno-de-marketing-digital-o-agencia-externa-la-experiencia-del-sector-automotriz/,
4667,Publi2.0 remediación,ok,/equipment-spare-parts-de-miami-es-nombrado-vendedor-autorizado-para-el-caribe-por-uno-de-los-principales-suministradores-de-piezas-de-motores-y-maquinaria-del-mundo/,/noticias/equipment-spare-parts-de-miami-es-nombrado-vendedor-autorizado-para-el-caribe-por-uno-de-los-principales-suministradores-de-piezas-de-motores-y-maquinaria-del-mundo/,301:/noticias/equipment-spare-parts-de-miami-es-nombrado-vendedor-autorizado-para-el-caribe-por-uno-de-los-principales-suministradores-de-piezas-de-motores-y-maquinaria-del-mundo/,/noticias/equipment-spare-parts-de-miami-es-nombrado-vendedor-autorizado-para-el-caribe-por-uno-de-los-principales-suministradores-de-piezas-de-motores-y-maquinaria-del-mundo/,
4666,Publi2.0 remediación,ok,/enel-green-power-confirma-su-liderazgo-en-energias-renovables-en-mexico-tras-resultados-de-subasta/,/noticias/enel-green-power-confirma-su-liderazgo-en-energias-renovables-en-mexico-tras-resultados-de-subasta/,301:/noticias/enel-green-power-confirma-su-liderazgo-en-energias-renovables-en-mexico-tras-resultados-de-subasta/,/noticias/enel-green-power-confirma-su-liderazgo-en-energias-renovables-en-mexico-tras-resultados-de-subasta/,
4665,Publi2.0 remediación,ok,/en-un-mundo-perfecto-la-marca-es-irrelevante/,/mercadotecnia/en-un-mundo-perfecto-la-marca-es-irrelevante/,301:/mercadotecnia/en-un-mundo-perfecto-la-marca-es-irrelevante/,/mercadotecnia/en-un-mundo-perfecto-la-marca-es-irrelevante/,
4664,Publi2.0 remediación,ok,/en-la-vida-y-los-negocios/,/emprendimiento/liderazgo/en-la-vida-y-los-negocios/,301:/emprendimiento/liderazgo/en-la-vida-y-los-negocios/,/emprendimiento/liderazgo/en-la-vida-y-los-negocios/,
4663,Publi2.0 remediación,ok,/emprendedores-de-silicon-valley-y-america-latina-comienzan-un-equipo-de-futbol-profesional-en-san-francisco/,/noticias/emprendedores-de-silicon-valley-y-america-latina-comienzan-un-equipo-de-futbol-profesional-en-san-francisco/,301:/noticias/emprendedores-de-silicon-valley-y-america-latina-comienzan-un-equipo-de-futbol-profesional-en-san-francisco/,/noticias/emprendedores-de-silicon-valley-y-america-latina-comienzan-un-equipo-de-futbol-profesional-en-san-francisco/,
4662,Publi2.0 remediación,ok,/emerge-americas-anuncia-los-finalistas-del-startup-showcase-2016-que-incluyen-representantes-de-15-paises/,/noticias/emerge-americas-anuncia-los-finalistas-del-startup-showcase-2016-que-incluyen-representantes-de-15-paises/,301:/noticias/emerge-americas-anuncia-los-finalistas-del-startup-showcase-2016-que-incluyen-representantes-de-15-paises/,/noticias/emerge-americas-anuncia-los-finalistas-del-startup-showcase-2016-que-incluyen-representantes-de-15-paises/,
4661,Publi2.0 remediación,ok,/emblematica-publicacion-de-lancet-neurology-exige-compromiso-a-largo-plazo-para-luchar-contra-la-demencia/,/noticias/emblematica-publicacion-de-lancet-neurology-exige-compromiso-a-largo-plazo-para-luchar-contra-la-demencia/,301:/noticias/emblematica-publicacion-de-lancet-neurology-exige-compromiso-a-largo-plazo-para-luchar-contra-la-demencia/,/noticias/emblematica-publicacion-de-lancet-neurology-exige-compromiso-a-largo-plazo-para-luchar-contra-la-demencia/,
4660,Publi2.0 remediación,ok,/emaar-da-forma-al-fastuoso-perfil-nuevo-de-dubai-con-una-impactante-torre-en-el-puerto-dubai-creek/,/noticias/emaar-da-forma-al-fastuoso-perfil-nuevo-de-dubai-con-una-impactante-torre-en-el-puerto-dubai-creek/,301:/noticias/emaar-da-forma-al-fastuoso-perfil-nuevo-de-dubai-con-una-impactante-torre-en-el-puerto-dubai-creek/,/noticias/emaar-da-forma-al-fastuoso-perfil-nuevo-de-dubai-con-una-impactante-torre-en-el-puerto-dubai-creek/,
4659,Publi2.0 remediación,ok,/el-servicio-de-paqueteria-de-ups-worldwide-express-se-expande-a-nuevos-paises-de-latinoamerica-y-el-caribe/,/noticias/el-servicio-de-paqueteria-de-ups-worldwide-express-se-expande-a-nuevos-paises-de-latinoamerica-y-el-caribe/,301:/noticias/el-servicio-de-paqueteria-de-ups-worldwide-express-se-expande-a-nuevos-paises-de-latinoamerica-y-el-caribe/,/noticias/el-servicio-de-paqueteria-de-ups-worldwide-express-se-expande-a-nuevos-paises-de-latinoamerica-y-el-caribe/,
4658,Publi2.0 remediación,ok,/el-salvador-presenta-logros-de-foro-de-inversiones-realizado-en-chile-by-contra-punto-diario-digital/,/noticias/el-salvador-presenta-logros-de-foro-de-inversiones-realizado-en-chile-by-contra-punto-diario-digital/,301:/noticias/el-salvador-presenta-logros-de-foro-de-inversiones-realizado-en-chile-by-contra-punto-diario-digital/,/noticias/el-salvador-presenta-logros-de-foro-de-inversiones-realizado-en-chile-by-contra-punto-diario-digital/,
4657,Publi2.0 remediación,ok,/el-salvador-apuesta-convertir-turismo-en-sector-estrategico-by-contrapunto-diario-digital/,/noticias/el-salvador-apuesta-convertir-turismo-en-sector-estrategico-by-contrapunto-diario-digital/,301:/noticias/el-salvador-apuesta-convertir-turismo-en-sector-estrategico-by-contrapunto-diario-digital/,/noticias/el-salvador-apuesta-convertir-turismo-en-sector-estrategico-by-contrapunto-diario-digital/,
4656,Publi2.0 remediación,ok,/el-programa-futbol-por-la-amistad-de-gazprom-international-gana-los-premios-gold-quill-2016/,/noticias/el-programa-futbol-por-la-amistad-de-gazprom-international-gana-los-premios-gold-quill-2016/,301:/noticias/el-programa-futbol-por-la-amistad-de-gazprom-international-gana-los-premios-gold-quill-2016/,/noticias/el-programa-futbol-por-la-amistad-de-gazprom-international-gana-los-premios-gold-quill-2016/,
4655,Publi2.0 remediación,ok,/el-primer-destino-en-linea-global-para-la-moda-recatada-de-lujo-se-lanza-el-dia-internacional-de-la-mujer-el-8-de-marzo-de-2017/,/noticias/el-primer-destino-en-linea-global-para-la-moda-recatada-de-lujo-se-lanza-el-dia-internacional-de-la-mujer-el-8-de-marzo-de-2017/,301:/noticias/el-primer-destino-en-linea-global-para-la-moda-recatada-de-lujo-se-lanza-el-dia-internacional-de-la-mujer-el-8-de-marzo-de-2017/,/noticias/el-primer-destino-en-linea-global-para-la-moda-recatada-de-lujo-se-lanza-el-dia-internacional-de-la-mujer-el-8-de-marzo-de-2017/,
4654,Publi2.0 remediación,ok,/el-parque-eolico-dominica-de-enel-en-mexico-gana-el-premio-de-sostenibilidad-del-bid/,/noticias/el-parque-eolico-dominica-de-enel-en-mexico-gana-el-premio-de-sostenibilidad-del-bid/,301:/noticias/el-parque-eolico-dominica-de-enel-en-mexico-gana-el-premio-de-sostenibilidad-del-bid/,/noticias/el-parque-eolico-dominica-de-enel-en-mexico-gana-el-premio-de-sostenibilidad-del-bid/,
4653,Publi2.0 remediación,ok,/el-mercado-europeo-responde-de-manera-favorable-a-los-productos-exclusivos-de-xcmg-en-bauma-2016/,/noticias/el-mercado-europeo-responde-de-manera-favorable-a-los-productos-exclusivos-de-xcmg-en-bauma-2016/,301:/noticias/el-mercado-europeo-responde-de-manera-favorable-a-los-productos-exclusivos-de-xcmg-en-bauma-2016/,/noticias/el-mercado-europeo-responde-de-manera-favorable-a-los-productos-exclusivos-de-xcmg-en-bauma-2016/,
4652,Publi2.0 remediación,ok,/el-mayors-challenge-2016-de-bloomberg-philanthropies-da-la-bienvenida-a-363-ciudades-de-america-latina-y-el-caribe-con-cinco-ciudades-de-la-republica-dominicana-representadas/,/noticias/el-mayors-challenge-2016-de-bloomberg-philanthropies-da-la-bienvenida-a-363-ciudades-de-america-latina-y-el-caribe-con-68-ciudades-de-mejico-representadas/,301:/noticias/el-mayors-challenge-2016-de-bloomberg-philanthropies-da-la-bienvenida-a-363-ciudades-de-america-latina-y-el-caribe-con-68-ciudades-de-mejico-representadas/,/noticias/el-mayors-challenge-2016-de-bloomberg-philanthropies-da-la-bienvenida-a-363-ciudades-de-america-latina-y-el-caribe-con-68-ciudades-de-mejico-representadas/,
4651,Publi2.0 remediación,ok,/el-mayors-challenge-2016-de-bloomberg-philanthropies-da-la-bienvenida-a-363-ciudades-de-america-latina-y-el-caribe-con-68-ciudades-de-mejico-representadas/,/noticias/el-mayors-challenge-2016-de-bloomberg-philanthropies-da-la-bienvenida-a-363-ciudades-de-america-latina-y-el-caribe-con-68-ciudades-de-mejico-representadas/,301:/noticias/el-mayors-challenge-2016-de-bloomberg-philanthropies-da-la-bienvenida-a-363-ciudades-de-america-latina-y-el-caribe-con-68-ciudades-de-mejico-representadas/,/noticias/el-mayors-challenge-2016-de-bloomberg-philanthropies-da-la-bienvenida-a-363-ciudades-de-america-latina-y-el-caribe-con-68-ciudades-de-mejico-representadas/,
4650,Publi2.0 remediación,ok,/el-mayors-challenge-2016-de-bloomberg-philanthropies-da-la-bienvenida-a-363-ciudades-de-america-latina-y-el-caribe-con-55-ciudades-de-colombia-representadas/,/noticias/el-mayors-challenge-2016-de-bloomberg-philanthropies-da-la-bienvenida-a-363-ciudades-de-america-latina-y-el-caribe-con-68-ciudades-de-mejico-representadas/,301:/noticias/el-mayors-challenge-2016-de-bloomberg-philanthropies-da-la-bienvenida-a-363-ciudades-de-america-latina-y-el-caribe-con-68-ciudades-de-mejico-representadas/,/noticias/el-mayors-challenge-2016-de-bloomberg-philanthropies-da-la-bienvenida-a-363-ciudades-de-america-latina-y-el-caribe-con-68-ciudades-de-mejico-representadas/,
4649,Publi2.0 remediación,ok,/el-mayors-challenge-2016-de-bloomberg-philanthropies-da-la-bienvenida-a-363-ciudades-de-america-latina-y-el-caribe-con-34-ciudades-de-chile-representadas/,/noticias/el-mayors-challenge-2016-de-bloomberg-philanthropies-da-la-bienvenida-a-363-ciudades-de-america-latina-y-el-caribe-con-68-ciudades-de-mejico-representadas/,301:/noticias/el-mayors-challenge-2016-de-bloomberg-philanthropies-da-la-bienvenida-a-363-ciudades-de-america-latina-y-el-caribe-con-68-ciudades-de-mejico-representadas/,/noticias/el-mayors-challenge-2016-de-bloomberg-philanthropies-da-la-bienvenida-a-363-ciudades-de-america-latina-y-el-caribe-con-68-ciudades-de-mejico-representadas/,
4648,Publi2.0 remediación,ok,/el-mayors-challenge-2016-de-bloomberg-philanthropies-da-la-bienvenida-a-363-ciudades-de-america-latina-y-el-caribe-con-30-ciudades-de-argentina-representadas/,/noticias/el-mayors-challenge-2016-de-bloomberg-philanthropies-da-la-bienvenida-a-363-ciudades-de-america-latina-y-el-caribe-con-68-ciudades-de-mejico-representadas/,301:/noticias/el-mayors-challenge-2016-de-bloomberg-philanthropies-da-la-bienvenida-a-363-ciudades-de-america-latina-y-el-caribe-con-68-ciudades-de-mejico-representadas/,/noticias/el-mayors-challenge-2016-de-bloomberg-philanthropies-da-la-bienvenida-a-363-ciudades-de-america-latina-y-el-caribe-con-68-ciudades-de-mejico-representadas/,
4647,Publi2.0 remediación,ok,/el-mayors-challenge-2016-de-bloomberg-philanthropies-da-la-bienvenida-a-363-ciudades-de-america-latina-y-el-caribe-con-12-ciudades-de-peru-representadas/,/noticias/el-mayors-challenge-2016-de-bloomberg-philanthropies-da-la-bienvenida-a-363-ciudades-de-america-latina-y-el-caribe-con-68-ciudades-de-mejico-representadas/,301:/noticias/el-mayors-challenge-2016-de-bloomberg-philanthropies-da-la-bienvenida-a-363-ciudades-de-america-latina-y-el-caribe-con-68-ciudades-de-mejico-representadas/,/noticias/el-mayors-challenge-2016-de-bloomberg-philanthropies-da-la-bienvenida-a-363-ciudades-de-america-latina-y-el-caribe-con-68-ciudades-de-mejico-representadas/,
4646,Publi2.0 remediación,ok,/el-mayors-challenge-2016-de-bloomberg-philanthropies-da-la-bienvenida-a-363-ciudades-de-america-latina-y-el-caribe-con-12-ciudades-de-ecuador-representadas/,/noticias/el-mayors-challenge-2016-de-bloomberg-philanthropies-da-la-bienvenida-a-363-ciudades-de-america-latina-y-el-caribe-con-68-ciudades-de-mejico-representadas/,301:/noticias/el-mayors-challenge-2016-de-bloomberg-philanthropies-da-la-bienvenida-a-363-ciudades-de-america-latina-y-el-caribe-con-68-ciudades-de-mejico-representadas/,/noticias/el-mayors-challenge-2016-de-bloomberg-philanthropies-da-la-bienvenida-a-363-ciudades-de-america-latina-y-el-caribe-con-68-ciudades-de-mejico-representadas/,
4645,Publi2.0 remediación,ok,/el-mayor-talento-musical-en-el-xviii-festival-del-habano/,/noticias/el-mayor-talento-musical-en-el-xviii-festival-del-habano/,301:/noticias/el-mayor-talento-musical-en-el-xviii-festival-del-habano/,/noticias/el-mayor-talento-musical-en-el-xviii-festival-del-habano/,
4644,Publi2.0 remediación,ok,/el-lider-global-en-gestion-de-relaciones-con-socios-impartner-gana-en-los-stevie-awards-2016-por-ventas-y-servicio-al-cliente/,/noticias/el-lider-global-en-gestion-de-relaciones-con-socios-impartner-gana-en-los-stevie-awards-2016-por-ventas-y-servicio-al-cliente/,301:/noticias/el-lider-global-en-gestion-de-relaciones-con-socios-impartner-gana-en-los-stevie-awards-2016-por-ventas-y-servicio-al-cliente/,/noticias/el-lider-global-en-gestion-de-relaciones-con-socios-impartner-gana-en-los-stevie-awards-2016-por-ventas-y-servicio-al-cliente/,
4643,Publi2.0 remediación,ok,/el-grupo-lombard-odier-informa-los-resultados-del-ano-2015/,/noticias/el-grupo-lombard-odier-informa-los-resultados-del-ano-2015/,301:/noticias/el-grupo-lombard-odier-informa-los-resultados-del-ano-2015/,/noticias/el-grupo-lombard-odier-informa-los-resultados-del-ano-2015/,
4642,Publi2.0 remediación,ok,/el-grupo-expansion-firma-contrato-con-navegg/,/noticias/el-grupo-expansion-firma-contrato-con-navegg/,301:/noticias/el-grupo-expansion-firma-contrato-con-navegg/,/noticias/el-grupo-expansion-firma-contrato-con-navegg/,
4641,Publi2.0 remediación,ok,/el-ganador-de-1-idea-para-cambiar-la-historia-reconocido-por-barack-obama/,/noticias/el-ganador-de-1-idea-para-cambiar-la-historia-reconocido-por-barack-obama/,301:/noticias/el-ganador-de-1-idea-para-cambiar-la-historia-reconocido-por-barack-obama/,/noticias/el-ganador-de-1-idea-para-cambiar-la-historia-reconocido-por-barack-obama/,
4640,Publi2.0 remediación,ok,/el-futuro-de-los-viajes-internacionales-y-el-papel-del-seguro/,/noticias/el-futuro-de-los-viajes-internacionales-y-el-papel-del-seguro/,301:/noticias/el-futuro-de-los-viajes-internacionales-y-el-papel-del-seguro/,/noticias/el-futuro-de-los-viajes-internacionales-y-el-papel-del-seguro/,
4639,Publi2.0 remediación,ok,/el-festival-internacional-de-cine-de-morelia-presentara-una-funcion-especial-en-el-festival-de-cannes/,/noticias/el-festival-internacional-de-cine-de-morelia-presentara-una-funcion-especial-en-el-festival-de-cannes/,301:/noticias/el-festival-internacional-de-cine-de-morelia-presentara-una-funcion-especial-en-el-festival-de-cannes/,/noticias/el-festival-internacional-de-cine-de-morelia-presentara-una-funcion-especial-en-el-festival-de-cannes/,
4638,Publi2.0 remediación,ok,/el-fabricante-chino-de-ropa-deportiva-peak-celebra-una-nueva-presentacion-de-productos-olimpicos-en-eslovenia/,/noticias/el-fabricante-chino-de-ropa-deportiva-peak-celebra-una-nueva-presentacion-de-productos-olimpicos-en-eslovenia/,301:/noticias/el-fabricante-chino-de-ropa-deportiva-peak-celebra-una-nueva-presentacion-de-productos-olimpicos-en-eslovenia/,/noticias/el-fabricante-chino-de-ropa-deportiva-peak-celebra-una-nueva-presentacion-de-productos-olimpicos-en-eslovenia/,
4637,Publi2.0 remediación,ok,/el-empire-state-deja-a-sus-fans-decidir-como-lucira-iluminado-para-celebrar-su-cumpleanos-numero-85/,/noticias/el-empire-state-deja-a-sus-fans-decidir-como-lucira-iluminado-para-celebrar-su-cumpleanos-numero-85/,301:/noticias/el-empire-state-deja-a-sus-fans-decidir-como-lucira-iluminado-para-celebrar-su-cumpleanos-numero-85/,/noticias/el-empire-state-deja-a-sus-fans-decidir-como-lucira-iluminado-para-celebrar-su-cumpleanos-numero-85/,
4636,Publi2.0 remediación,ok,/el-consumidor-no-quiere-mas-opciones/,/mercadotecnia/el-consumidor-no-quiere-mas-opciones/,301:/mercadotecnia/el-consumidor-no-quiere-mas-opciones/,/mercadotecnia/el-consumidor-no-quiere-mas-opciones/,
4635,Publi2.0 remediación,ok,/el-atleta-conocido-como-el-picasso-olimpico-promueve-un-esfuerzo-para-hacer-crecer-al-grupo-de-atletas-olimpicos-artistas/,/noticias/el-atleta-conocido-como-el-picasso-olimpico-promueve-un-esfuerzo-para-hacer-crecer-al-grupo-de-atletas-olimpicos-artistas/,301:/noticias/el-atleta-conocido-como-el-picasso-olimpico-promueve-un-esfuerzo-para-hacer-crecer-al-grupo-de-atletas-olimpicos-artistas/,/noticias/el-atleta-conocido-como-el-picasso-olimpico-promueve-un-esfuerzo-para-hacer-crecer-al-grupo-de-atletas-olimpicos-artistas/,
4634,Publi2.0 remediación,ok,/el-aeropuerto-internacional-numero-uno-del-mundo-ahora-mas-grande-y-mejor/,/noticias/el-aeropuerto-internacional-numero-uno-del-mundo-ahora-mas-grande-y-mejor/,301:/noticias/el-aeropuerto-internacional-numero-uno-del-mundo-ahora-mas-grande-y-mejor/,/noticias/el-aeropuerto-internacional-numero-uno-del-mundo-ahora-mas-grande-y-mejor/,
4633,Publi2.0 remediación,ok,/ecwid-la-solucion-1-de-comercio-electronico-lanza-un-sitio-web-enfocado-en-mexico/,/noticias/ecwid-la-solucion-1-de-comercio-electronico-lanza-un-sitio-web-enfocado-en-mexico/,301:/noticias/ecwid-la-solucion-1-de-comercio-electronico-lanza-un-sitio-web-enfocado-en-mexico/,/noticias/ecwid-la-solucion-1-de-comercio-electronico-lanza-un-sitio-web-enfocado-en-mexico/,
4632,Publi2.0 remediación,ok,/dunkin-brands-dona-us10000-para-ayudar-a-los-damnificados-del-reciente-terremoto-en-ecuador/,/noticias/dunkin-brands-dona-us10000-para-ayudar-a-los-damnificados-del-reciente-terremoto-en-ecuador/,301:/noticias/dunkin-brands-dona-us10000-para-ayudar-a-los-damnificados-del-reciente-terremoto-en-ecuador/,/noticias/dunkin-brands-dona-us10000-para-ayudar-a-los-damnificados-del-reciente-terremoto-en-ecuador/,
4631,Publi2.0 remediación,ok,/dugout-la-maxima-expresion-de-plataforma-futbolistica-para-los-aficionados-lanza-su-primera-aplicacion/,/noticias/dugout-la-maxima-expresion-de-plataforma-futbolistica-para-los-aficionados-lanza-su-primera-aplicacion/,301:/noticias/dugout-la-maxima-expresion-de-plataforma-futbolistica-para-los-aficionados-lanza-su-primera-aplicacion/,/noticias/dugout-la-maxima-expresion-de-plataforma-futbolistica-para-los-aficionados-lanza-su-primera-aplicacion/,
4630,Publi2.0 remediación,ok,/dubai-lleva-la-innovacion-al-area-deportiva-con-los-juegos-world-future-sports-en-diciembre-de-2017/,/noticias/dubai-lleva-la-innovacion-al-area-deportiva-con-los-juegos-world-future-sports-en-diciembre-de-2017/,301:/noticias/dubai-lleva-la-innovacion-al-area-deportiva-con-los-juegos-world-future-sports-en-diciembre-de-2017/,/noticias/dubai-lleva-la-innovacion-al-area-deportiva-con-los-juegos-world-future-sports-en-diciembre-de-2017/,
4629,Publi2.0 remediación,ok,/donde-vamos-a-cenar-hoy-taco-guru-by-yellowlink/,/noticias/donde-vamos-a-cenar-hoy-taco-guru-by-yellowlink/,301:/noticias/donde-vamos-a-cenar-hoy-taco-guru-by-yellowlink/,/noticias/donde-vamos-a-cenar-hoy-taco-guru-by-yellowlink/,
4628,Publi2.0 remediación,ok,/donde-el-retorno-a-la-vida-silvestre-produce-maravillas-se-inaugura-en-shanghai-leden-by-perrier-jout/,/noticias/donde-el-retorno-a-la-vida-silvestre-produce-maravillas-se-inaugura-en-shanghai-leden-by-perrier-jout/,301:/noticias/donde-el-retorno-a-la-vida-silvestre-produce-maravillas-se-inaugura-en-shanghai-leden-by-perrier-jout/,/noticias/donde-el-retorno-a-la-vida-silvestre-produce-maravillas-se-inaugura-en-shanghai-leden-by-perrier-jout/,
4627,Publi2.0 remediación,ok,/disene-instalaciones-hidraulicas-de-manera-facil-by-iway-magazine/,/noticias/disene-instalaciones-hidraulicas-de-manera-facil-by-iway-magazine/,301:/noticias/disene-instalaciones-hidraulicas-de-manera-facil-by-iway-magazine/,/noticias/disene-instalaciones-hidraulicas-de-manera-facil-by-iway-magazine/,
4626,Publi2.0 remediación,ok,/digital-marine-solutions-adquirira-la-division-marina-de-jeppesen/,/noticias/digital-marine-solutions-adquirira-la-division-marina-de-jeppesen/,301:/noticias/digital-marine-solutions-adquirira-la-division-marina-de-jeppesen/,/noticias/digital-marine-solutions-adquirira-la-division-marina-de-jeppesen/,
4625,Publi2.0 remediación,ok,/diebold-cumple-con-exito-con-las-condiciones-de-oferta-para-las-acciones-de-wincor-nixdorf/,/noticias/diebold-cumple-con-exito-con-las-condiciones-de-oferta-para-las-acciones-de-wincor-nixdorf/,301:/noticias/diebold-cumple-con-exito-con-las-condiciones-de-oferta-para-las-acciones-de-wincor-nixdorf/,/noticias/diebold-cumple-con-exito-con-las-condiciones-de-oferta-para-las-acciones-de-wincor-nixdorf/,
4624,Publi2.0 remediación,ok,/diebold-confirma-los-resultados-de-la-oferta-de-compra-de-acciones-de-wincor-nixdorf/,/noticias/diebold-confirma-los-resultados-de-la-oferta-de-compra-de-acciones-de-wincor-nixdorf/,301:/noticias/diebold-confirma-los-resultados-de-la-oferta-de-compra-de-acciones-de-wincor-nixdorf/,/noticias/diebold-confirma-los-resultados-de-la-oferta-de-compra-de-acciones-de-wincor-nixdorf/,
4623,Publi2.0 remediación,ok,/diario-bae-negocios-internacional-reconoce-a-las-mujeres-argentinas-extraordinarias-2016/,/noticias/diario-bae-negocios-internacional-reconoce-a-las-mujeres-argentinas-extraordinarias-2016/,301:/noticias/diario-bae-negocios-internacional-reconoce-a-las-mujeres-argentinas-extraordinarias-2016/,/noticias/diario-bae-negocios-internacional-reconoce-a-las-mujeres-argentinas-extraordinarias-2016/,
4622,Publi2.0 remediación,ok,/destino-extraordinario-el-nuevo-reto-de-meditacion-de-deepak-chopra-e-ismael-cala/,/noticias/destino-extraordinario-el-nuevo-reto-de-meditacion-de-deepak-chopra-e-ismael-cala/,301:/noticias/destino-extraordinario-el-nuevo-reto-de-meditacion-de-deepak-chopra-e-ismael-cala/,/noticias/destino-extraordinario-el-nuevo-reto-de-meditacion-de-deepak-chopra-e-ismael-cala/,
4621,Publi2.0 remediación,ok,/despega-el-deporte-del-futuro-mountain-dew-se-asocia-con-dr1-racing/,/noticias/despega-el-deporte-del-futuro-mountain-dew-se-asocia-con-dr1-racing/,301:/noticias/despega-el-deporte-del-futuro-mountain-dew-se-asocia-con-dr1-racing/,/noticias/despega-el-deporte-del-futuro-mountain-dew-se-asocia-con-dr1-racing/,
4620,Publi2.0 remediación,ok,/desde-la-costa-a-costa-southwest-airlines-conecta-a-los-pasajeros-de-los-angeles-con-las-playas-doradas-de-costa-rica/,/noticias/desde-la-costa-a-costa-southwest-airlines-conecta-a-los-pasajeros-de-los-angeles-con-las-playas-doradas-de-costa-rica/,301:/noticias/desde-la-costa-a-costa-southwest-airlines-conecta-a-los-pasajeros-de-los-angeles-con-las-playas-doradas-de-costa-rica/,/noticias/desde-la-costa-a-costa-southwest-airlines-conecta-a-los-pasajeros-de-los-angeles-con-las-playas-doradas-de-costa-rica/,
4619,Publi2.0 remediación,ok,/dermalog-suministra-lectores-de-huellas-digitales-para-el-registro-de-refugiados-en-alemania/,/noticias/dermalog-suministra-lectores-de-huellas-digitales-para-el-registro-de-refugiados-en-alemania/,301:/noticias/dermalog-suministra-lectores-de-huellas-digitales-para-el-registro-de-refugiados-en-alemania/,/noticias/dermalog-suministra-lectores-de-huellas-digitales-para-el-registro-de-refugiados-en-alemania/,
4618,Publi2.0 remediación,ok,/dentsply-sirona-la-fusion-crea-the-dental-solutions-company/,/noticias/dentsply-sirona-la-fusion-crea-the-dental-solutions-company/,301:/noticias/dentsply-sirona-la-fusion-crea-the-dental-solutions-company/,/noticias/dentsply-sirona-la-fusion-crea-the-dental-solutions-company/,
4617,Publi2.0 remediación,ok,/del-director-y-los-productores-de-velvet-y-gran-hotel-llega-la-primera-serie-original-de-netflix-filmada-y-producida-en-espana/,/noticias/del-director-y-los-productores-de-velvet-y-gran-hotel-llega-la-primera-serie-original-de-netflix-filmada-y-producida-en-espana/,301:/noticias/del-director-y-los-productores-de-velvet-y-gran-hotel-llega-la-primera-serie-original-de-netflix-filmada-y-producida-en-espana/,/noticias/del-director-y-los-productores-de-velvet-y-gran-hotel-llega-la-primera-serie-original-de-netflix-filmada-y-producida-en-espana/,
4616,Publi2.0 remediación,ok,/ddb-worldwide-conmemora-el-dia-internacional-de-la-mujer-2016-con-una-iniciativa-para-eliminar-el-genero/,/noticias/ddb-worldwide-conmemora-el-dia-internacional-de-la-mujer-2016-con-una-iniciativa-para-eliminar-el-genero/,301:/noticias/ddb-worldwide-conmemora-el-dia-internacional-de-la-mujer-2016-con-una-iniciativa-para-eliminar-el-genero/,/noticias/ddb-worldwide-conmemora-el-dia-internacional-de-la-mujer-2016-con-una-iniciativa-para-eliminar-el-genero/,
4615,Publi2.0 remediación,ok,/datos-y-sesiones-relevantes-en-la-reunion-de-la-sages-2016-prueban-la-seguridad-y-la-eficacia-de-la-terapia-stretta-para-la-erge/,/noticias/datos-y-sesiones-relevantes-en-la-reunion-de-la-sages-2016-prueban-la-seguridad-y-la-eficacia-de-la-terapia-stretta-para-la-erge/,301:/noticias/datos-y-sesiones-relevantes-en-la-reunion-de-la-sages-2016-prueban-la-seguridad-y-la-eficacia-de-la-terapia-stretta-para-la-erge/,/noticias/datos-y-sesiones-relevantes-en-la-reunion-de-la-sages-2016-prueban-la-seguridad-y-la-eficacia-de-la-terapia-stretta-para-la-erge/,
4614,Publi2.0 remediación,ok,/cuatro-increibles-activistas-humanitarios-finalistas-del-aurora-prize-for-awakening-humanity-por-us1-millon/,/noticias/cuatro-increibles-activistas-humanitarios-finalistas-del-aurora-prize-for-awakening-humanity-por-us1-millon/,301:/noticias/cuatro-increibles-activistas-humanitarios-finalistas-del-aurora-prize-for-awakening-humanity-por-us1-millon/,/noticias/cuatro-increibles-activistas-humanitarios-finalistas-del-aurora-prize-for-awakening-humanity-por-us1-millon/,
4613,Publi2.0 remediación,ok,/cru-ofrece-la-conferencia-mundial-del-cobre-mas-completa-hasta-la-fecha/,/noticias/cru-ofrece-la-conferencia-mundial-del-cobre-mas-completa-hasta-la-fecha/,301:/noticias/cru-ofrece-la-conferencia-mundial-del-cobre-mas-completa-hasta-la-fecha/,/noticias/cru-ofrece-la-conferencia-mundial-del-cobre-mas-completa-hasta-la-fecha/,
4612,Publi2.0 remediación,ok,/cornershop-recibe-inversion-por-usd-67-millones/,/noticias/cornershop-recibe-inversion-por-usd-67-millones/,301:/noticias/cornershop-recibe-inversion-por-usd-67-millones/,/noticias/cornershop-recibe-inversion-por-usd-67-millones/,
4611,Publi2.0 remediación,ok,/cooper-gay-argentina-le-da-la-bienvenida-a-los-nuevos-miembros-del-equipo-de-contratos-para-fortalecer-y-desarrollar-su-posicion-en-el-mercado/,/noticias/cooper-gay-argentina-le-da-la-bienvenida-a-los-nuevos-miembros-del-equipo-de-contratos-para-fortalecer-y-desarrollar-su-posicion-en-el-mercado/,301:/noticias/cooper-gay-argentina-le-da-la-bienvenida-a-los-nuevos-miembros-del-equipo-de-contratos-para-fortalecer-y-desarrollar-su-posicion-en-el-mercado/,/noticias/cooper-gay-argentina-le-da-la-bienvenida-a-los-nuevos-miembros-del-equipo-de-contratos-para-fortalecer-y-desarrollar-su-posicion-en-el-mercado/,
4610,Publi2.0 remediación,ok,/converse-x-brain-dead/,/publicidad/creatividad/converse-x-brain-dead/,301:/publicidad/creatividad/converse-x-brain-dead/,/publicidad/creatividad/converse-x-brain-dead/,
4609,Publi2.0 remediación,ok,/continua-llegando-ayuda-tras-el-terremoto-en-ecuador-mas-de-un-millon-de-dolares-recolectados-en-gofundme/,/noticias/continua-llegando-ayuda-tras-el-terremoto-en-ecuador-mas-de-un-millon-de-dolares-recolectados-en-gofundme/,301:/noticias/continua-llegando-ayuda-tras-el-terremoto-en-ecuador-mas-de-un-millon-de-dolares-recolectados-en-gofundme/,/noticias/continua-llegando-ayuda-tras-el-terremoto-en-ecuador-mas-de-un-millon-de-dolares-recolectados-en-gofundme/,
4608,Publi2.0 remediación,ok,/consultas-gratis-para-detectar-cancer-de-piel-en-la-republica-mexicana/,/noticias/consultas-gratis-para-detectar-cancer-de-piel-en-la-republica-mexicana/,301:/noticias/consultas-gratis-para-detectar-cancer-de-piel-en-la-republica-mexicana/,/noticias/consultas-gratis-para-detectar-cancer-de-piel-en-la-republica-mexicana/,
4607,Publi2.0 remediación,ok,/conozca-una-de-las-7-maravillas-de-la-ingenieria-moderna-la-torre-cn-de-toronto-by-iway-magazine/,/noticias/conozca-una-de-las-7-maravillas-de-la-ingenieria-moderna-la-torre-cn-de-toronto-by-iway-magazine/,301:/noticias/conozca-una-de-las-7-maravillas-de-la-ingenieria-moderna-la-torre-cn-de-toronto-by-iway-magazine/,/noticias/conozca-una-de-las-7-maravillas-de-la-ingenieria-moderna-la-torre-cn-de-toronto-by-iway-magazine/,
4606,Publi2.0 remediación,ok,/conoce-las-novedades-four-seasons-para-este-2016/,/noticias/conoce-las-novedades-four-seasons-para-este-2016/,301:/noticias/conoce-las-novedades-four-seasons-para-este-2016/,/noticias/conoce-las-novedades-four-seasons-para-este-2016/,
4605,Publi2.0 remediación,ok,/conectividad-vial-para-favorece-desarrollo-economico-en-el-salvador-by-contrapunto-diario-digital/,/noticias/conectividad-vial-para-favorece-desarrollo-economico-en-el-salvador-by-contrapunto-diario-digital/,301:/noticias/conectividad-vial-para-favorece-desarrollo-economico-en-el-salvador-by-contrapunto-diario-digital/,/noticias/conectividad-vial-para-favorece-desarrollo-economico-en-el-salvador-by-contrapunto-diario-digital/,
4604,Publi2.0 remediación,ok,/conceden-el-be-open-young-talent-award-a-jovenes-de-chile/,/noticias/conceden-el-be-open-young-talent-award-a-jovenes-de-chile/,301:/noticias/conceden-el-be-open-young-talent-award-a-jovenes-de-chile/,/noticias/conceden-el-be-open-young-talent-award-a-jovenes-de-chile/,
4603,Publi2.0 remediación,ok,/comunicado-al-mercado-itau-unibanco-holding-archiva-formulario-20-f-de-2015-en-sec-y-cvm/,/noticias/comunicado-al-mercado-itau-unibanco-holding-archiva-formulario-20-f-de-2015-en-sec-y-cvm/,301:/noticias/comunicado-al-mercado-itau-unibanco-holding-archiva-formulario-20-f-de-2015-en-sec-y-cvm/,/noticias/comunicado-al-mercado-itau-unibanco-holding-archiva-formulario-20-f-de-2015-en-sec-y-cvm/,
4602,Publi2.0 remediación,ok,/component/mtree/television/estudios-de-grabacion,/publicidad/,301:/publicidad/,/publicidad/,
4601,Publi2.0 remediación,ok,/component/mtree/television/casas-productoras/pagina6,/publicidad/,301:/publicidad/,/publicidad/,
4600,Publi2.0 remediación,ok,/component/mtree/television/casas-productoras/pagina2,/publicidad/,301:/publicidad/,/publicidad/,
4599,Publi2.0 remediación,ok,/component/mtree/television/casas-productoras/pagina1,/publicidad/,301:/publicidad/,/publicidad/,
4598,Publi2.0 remediación,ok,/component/mtree/stands-y-display,/publicidad/,301:/publicidad/,/publicidad/,
4597,Publi2.0 remediación,ok,/component/mtree/radio/todo,/publicidad/,301:/publicidad/,/publicidad/,
4596,Publi2.0 remediación,ok,/component/mtree/radio/doblaje-y-locucion,/publicidad/,301:/publicidad/,/publicidad/,
4595,Publi2.0 remediación,ok,/component/mtree/publicidad-exterior/todo/pagina2,/publicidad/,301:/publicidad/,/publicidad/,
4594,Publi2.0 remediación,ok,/component/mtree/publicidad-exterior/todo,/publicidad/,301:/publicidad/,/publicidad/,
4593,Publi2.0 remediación,ok,/component/mtree/publicidad-exterior/pagina2,/publicidad/,301:/publicidad/,/publicidad/,
4592,Publi2.0 remediación,ok,/component/mtree/publicidad-exterior/espectaculares-mexico/todo,/publicidad/,301:/publicidad/,/publicidad/,
4591,Publi2.0 remediación,ok,/component/mtree/publicidad-exterior/espectaculares-mexico,/publicidad/,301:/publicidad/,/publicidad/,
4590,Publi2.0 remediación,ok,/component/mtree/publicidad-exterior,/publicidad/,301:/publicidad/,/publicidad/,
4589,Publi2.0 remediación,ok,/component/mtree/promocionales/articulos-promocionales,/publicidad/,301:/publicidad/,/publicidad/,
4588,Publi2.0 remediación,ok,/component/mtree/promocionales,/publicidad/,301:/publicidad/,/publicidad/,
4587,Publi2.0 remediación,ok,/component/mtree/impresion-y-artes-graficas/todo/pagina5,/publicidad/,301:/publicidad/,/publicidad/,
4586,Publi2.0 remediación,ok,/component/mtree/impresion-y-artes-graficas/todo/pagina2,/publicidad/,301:/publicidad/,/publicidad/,
4585,Publi2.0 remediación,ok,/component/mtree/impresion-y-artes-graficas/todo,/publicidad/,301:/publicidad/,/publicidad/,
4584,Publi2.0 remediación,ok,/component/mtree/impresion-y-artes-graficas/pagina4,/publicidad/,301:/publicidad/,/publicidad/,
4583,Publi2.0 remediación,ok,/component/mtree/estaciones-de-radio/musica/23-mix-106.5-df,/publicidad/,301:/publicidad/,/publicidad/,
4582,Publi2.0 remediación,ok,/component/mtree/diseno/pagina3,/publicidad/,301:/publicidad/,/publicidad/,
4581,Publi2.0 remediación,ok,/component/mtree/diseno/fotografia,/publicidad/,301:/publicidad/,/publicidad/,
4580,Publi2.0 remediación,ok,/component/mtree/buscar-por/state/54,/publicidad/,301:/publicidad/,/publicidad/,
4579,Publi2.0 remediación,ok,/component/mtree/buscar-por/state,/publicidad/,301:/publicidad/,/publicidad/,
4578,Publi2.0 remediación,ok,/component/mtree/buscar-por/country/69,/publicidad/,301:/publicidad/,/publicidad/,
4577,Publi2.0 remediación,ok,/component/mtree/buscar-por/country/59,/publicidad/,301:/publicidad/,/publicidad/,
4576,Publi2.0 remediación,ok,/component/mtree/buscar-por/country/48,/publicidad/,301:/publicidad/,/publicidad/,
4575,Publi2.0 remediación,ok,/component/mtree/buscar-por/country/4,/publicidad/,301:/publicidad/,/publicidad/,
4574,Publi2.0 remediación,ok,/component/mtree/buscar-por/country/2,/publicidad/,301:/publicidad/,/publicidad/,
4573,Publi2.0 remediación,ok,/component/mtree/buscar-por/city/40,/publicidad/,301:/publicidad/,/publicidad/,
4572,Publi2.0 remediación,ok,/component/mtree/buscar-por/city/17,/publicidad/,301:/publicidad/,/publicidad/,
4571,Publi2.0 remediación,ok,/component/mtree/buscar-por/city/15,/publicidad/,301:/publicidad/,/publicidad/,
4570,Publi2.0 remediación,ok,/component/mtree/buscar-por/city,/publicidad/,301:/publicidad/,/publicidad/,
4569,Publi2.0 remediación,ok,/component/mtree/agencias/agencias-de-recursos-humanos,/mercadotecnia/,301:/mercadotecnia/,/mercadotecnia/,
4568,Publi2.0 remediación,ok,/component/mtree/agencias/agencias-de-publicidad/pagina7,/publicidad/,301:/publicidad/,/publicidad/,
4567,Publi2.0 remediación,ok,/component/mtree/agencias/agencias-de-publicidad/pagina2,/publicidad/,301:/publicidad/,/publicidad/,
4566,Publi2.0 remediación,ok,/component/mtree/agencias/agencias-de-publicidad/pagina10,/publicidad/,301:/publicidad/,/publicidad/,
4565,Publi2.0 remediación,ok,/component/mtree/agencias/agencias-de-publicidad,/publicidad/,301:/publicidad/,/publicidad/,
4564,Publi2.0 remediación,ok,/component/mtree/agencias/agencias-de-promocion/todo/pagina3,/publicidad/,301:/publicidad/,/publicidad/,
4563,Publi2.0 remediación,ok,/component/mtree/agencias/agencias-de-promocion/todo/pagina2,/publicidad/,301:/publicidad/,/publicidad/,
4562,Publi2.0 remediación,ok,/component/mtree/agencias/agencias-de-promocion/pagina2,/publicidad/,301:/publicidad/,/publicidad/,
4561,Publi2.0 remediación,ok,/component/mtree/agencias/agencias-de-promocion/pagina1,/publicidad/,301:/publicidad/,/publicidad/,
4560,Publi2.0 remediación,ok,/component/mtree/agencias/agencias-de-promocion/925-agencia-de-promocion-grupo-bahlcasa,/publicidad/,301:/publicidad/,/publicidad/,
4559,Publi2.0 remediación,ok,/component/mtree/agencias/agencias-de-mercadotecnia/todo,/mercadotecnia/,301:/mercadotecnia/,/mercadotecnia/,
4558,Publi2.0 remediación,ok,/component/mtree/,/publicidad/,301:/publicidad/,/publicidad/,
4557,Publi2.0 remediación,ok,/complejo-grand-lucayan-resort-en-venta-en-subasta-a-sobre-cerrado/,/noticias/complejo-grand-lucayan-resort-en-venta-en-subasta-a-sobre-cerrado/,301:/noticias/complejo-grand-lucayan-resort-en-venta-en-subasta-a-sobre-cerrado/,/noticias/complejo-grand-lucayan-resort-en-venta-en-subasta-a-sobre-cerrado/,
4556,Publi2.0 remediación,ok,/como-la-ves-verdad-que-todo-depende/,/publicidad/creatividad/como-la-ves-verdad-que-todo-depende/,301:/publicidad/creatividad/como-la-ves-verdad-que-todo-depende/,/publicidad/creatividad/como-la-ves-verdad-que-todo-depende/,
4555,Publi2.0 remediación,ok,/comba-telecom-ofrece-conectividad-inalambrica-para-los-108-millones-de-pasajeros-de-un-aeropuerto-regional/,/noticias/comba-telecom-ofrece-conectividad-inalambrica-para-los-108-millones-de-pasajeros-de-un-aeropuerto-regional/,301:/noticias/comba-telecom-ofrece-conectividad-inalambrica-para-los-108-millones-de-pasajeros-de-un-aeropuerto-regional/,/noticias/comba-telecom-ofrece-conectividad-inalambrica-para-los-108-millones-de-pasajeros-de-un-aeropuerto-regional/,
4554,Publi2.0 remediación,ok,/colombia-y-mexico-con-una-actitud-positiva-hacia-el-emprendimiento-resultados-ager-2015-encuesta-aplicada-por-amway/,/noticias/colombia-y-mexico-con-una-actitud-positiva-hacia-el-emprendimiento-resultados-ager-2015-encuesta-aplicada-por-amway/,301:/noticias/colombia-y-mexico-con-una-actitud-positiva-hacia-el-emprendimiento-resultados-ager-2015-encuesta-aplicada-por-amway/,/noticias/colombia-y-mexico-con-una-actitud-positiva-hacia-el-emprendimiento-resultados-ager-2015-encuesta-aplicada-por-amway/,
4553,Publi2.0 remediación,ok,/colaboracion-hemisferica-para-resolver-problemas-relevantes-a-traves-de-la-investigacion/,/noticias/colaboracion-hemisferica-para-resolver-problemas-relevantes-a-traves-de-la-investigacion/,301:/noticias/colaboracion-hemisferica-para-resolver-problemas-relevantes-a-traves-de-la-investigacion/,/noticias/colaboracion-hemisferica-para-resolver-problemas-relevantes-a-traves-de-la-investigacion/,
4552,Publi2.0 remediación,ok,/cobertura-especial-del-viaje-del-presidente-obama-a-cuba-domingo-20-de-marzo-por-america-teve/,/noticias/cobertura-especial-del-viaje-del-presidente-obama-a-cuba-domingo-20-de-marzo-por-america-teve/,301:/noticias/cobertura-especial-del-viaje-del-presidente-obama-a-cuba-domingo-20-de-marzo-por-america-teve/,/noticias/cobertura-especial-del-viaje-del-presidente-obama-a-cuba-domingo-20-de-marzo-por-america-teve/,
4551,Publi2.0 remediación,ok,/circum-designa-a-morgan-stanley-para-llevar-a-cabo-una-revision-estrategica-y-optimiza-el-estudio-de-factibilidad/,/noticias/circum-designa-a-morgan-stanley-para-llevar-a-cabo-una-revision-estrategica-y-optimiza-el-estudio-de-factibilidad/,301:/noticias/circum-designa-a-morgan-stanley-para-llevar-a-cabo-una-revision-estrategica-y-optimiza-el-estudio-de-factibilidad/,/noticias/circum-designa-a-morgan-stanley-para-llevar-a-cabo-una-revision-estrategica-y-optimiza-el-estudio-de-factibilidad/,
4550,Publi2.0 remediación,ok,/ceremonia-inaugural-de-baselworld-2016/,/noticias/ceremonia-inaugural-de-baselworld-2016/,301:/noticias/ceremonia-inaugural-de-baselworld-2016/,/noticias/ceremonia-inaugural-de-baselworld-2016/,
4549,Publi2.0 remediación,ok,/cendyn-es-ahora-el-mayor-integrante-de-crm-en-la-industria-hospitalaria/,/noticias/cendyn-es-ahora-el-mayor-integrante-de-crm-en-la-industria-hospitalaria/,301:/noticias/cendyn-es-ahora-el-mayor-integrante-de-crm-en-la-industria-hospitalaria/,/noticias/cendyn-es-ahora-el-mayor-integrante-de-crm-en-la-industria-hospitalaria/,
4548,Publi2.0 remediación,ok,/celigo-concreta-us8-millones-en-financiacion-de-capital-para-el-crecimiento/,/noticias/celigo-concreta-us8-millones-en-financiacion-de-capital-para-el-crecimiento/,301:/noticias/celigo-concreta-us8-millones-en-financiacion-de-capital-para-el-crecimiento/,/noticias/celigo-concreta-us8-millones-en-financiacion-de-capital-para-el-crecimiento/,
4547,Publi2.0 remediación,ok,/carrier-ethernet-20-llega-a-brasil-tim-se-asocia-con-accedian-para-obtener-certificacion-mef/,/noticias/carrier-ethernet-20-llega-a-brasil-tim-se-asocia-con-accedian-para-obtener-certificacion-mef/,301:/noticias/carrier-ethernet-20-llega-a-brasil-tim-se-asocia-con-accedian-para-obtener-certificacion-mef/,/noticias/carrier-ethernet-20-llega-a-brasil-tim-se-asocia-con-accedian-para-obtener-certificacion-mef/,
4546,Publi2.0 remediación,ok,/care-energy-ofrece-representacion-a-accionistas-de-eon-y-rwe-los-modelos-de-negocios-de-las-sa-deben-ser-controlados-de-manera-mas-cercana-con-una-experiencia-especializada/,/noticias/care-energy-ofrece-representacion-a-accionistas-de-eon-y-rwe-los-modelos-de-negocios-de-las-sa-deben-ser-controlados-de-manera-mas-cercana-con-una-experiencia-especializada/,301:/noticias/care-energy-ofrece-representacion-a-accionistas-de-eon-y-rwe-los-modelos-de-negocios-de-las-sa-deben-ser-controlados-de-manera-mas-cercana-con-una-experiencia-especializada/,/noticias/care-energy-ofrece-representacion-a-accionistas-de-eon-y-rwe-los-modelos-de-negocios-de-las-sa-deben-ser-controlados-de-manera-mas-cercana-con-una-experiencia-especializada/,
4545,Publi2.0 remediación,ok,/canticos-presenta-los-pollitos-little-chickies-el-primer-titulo-de-la-coleccion-inspirada-en-las-adorables-canciones-de-cuna/,/noticias/canticos-presenta-los-pollitos-little-chickies-el-primer-titulo-de-la-coleccion-inspirada-en-las-adorables-canciones-de-cuna/,301:/noticias/canticos-presenta-los-pollitos-little-chickies-el-primer-titulo-de-la-coleccion-inspirada-en-las-adorables-canciones-de-cuna/,/noticias/canticos-presenta-los-pollitos-little-chickies-el-primer-titulo-de-la-coleccion-inspirada-en-las-adorables-canciones-de-cuna/,
4544,Publi2.0 remediación,ok,/canela-tv-plataforma-de-streaming-gratuito-llega-a-mexico/,/publicidad/medios/canela-tv-plataforma-de-streaming-gratuito-llega-a-mexico/,301:/publicidad/medios/canela-tv-plataforma-de-streaming-gratuito-llega-a-mexico/,/publicidad/medios/canela-tv-plataforma-de-streaming-gratuito-llega-a-mexico/,
4543,Publi2.0 remediación,ok,/cancun-y-riviera-maya-los-destinos-favoritos-para-viajar-este-verano-by-cancun-foros/,/noticias/cancun-y-riviera-maya-los-destinos-favoritos-para-viajar-este-verano-by-cancun-foros/,301:/noticias/cancun-y-riviera-maya-los-destinos-favoritos-para-viajar-este-verano-by-cancun-foros/,/noticias/cancun-y-riviera-maya-los-destinos-favoritos-para-viajar-este-verano-by-cancun-foros/,
4542,Publi2.0 remediación,ok,/cana-de-azucar-fuente-de-energia-sostenible-en-el-salvador-by-contra-punto-diario-digital/,/noticias/cana-de-azucar-fuente-de-energia-sostenible-en-el-salvador-by-contra-punto-diario-digital/,301:/noticias/cana-de-azucar-fuente-de-energia-sostenible-en-el-salvador-by-contra-punto-diario-digital/,/noticias/cana-de-azucar-fuente-de-energia-sostenible-en-el-salvador-by-contra-punto-diario-digital/,
4541,Publi2.0 remediación,ok,/burnham-sterling-cierra-colocacion-privada-de-ocho-aeronaves-con-avianca-holdings/,/noticias/burnham-sterling-cierra-colocacion-privada-de-ocho-aeronaves-con-avianca-holdings/,301:/noticias/burnham-sterling-cierra-colocacion-privada-de-ocho-aeronaves-con-avianca-holdings/,/noticias/burnham-sterling-cierra-colocacion-privada-de-ocho-aeronaves-con-avianca-holdings/,
4540,Publi2.0 remediación,ok,/bulldog-gin-crea-division-region-america/,/noticias/bulldog-gin-crea-division-region-america/,301:/noticias/bulldog-gin-crea-division-region-america/,/noticias/bulldog-gin-crea-division-region-america/,
4539,Publi2.0 remediación,ok,/bridgestone-extiende-alianza-premium-con-grupo-bmw/,/noticias/bridgestone-extiende-alianza-premium-con-grupo-bmw/,301:/noticias/bridgestone-extiende-alianza-premium-con-grupo-bmw/,/noticias/bridgestone-extiende-alianza-premium-con-grupo-bmw/,
4538,Publi2.0 remediación,ok,/bladex-registra-reporte-anual-formulario-20-f/,/noticias/bladex-registra-reporte-anual-formulario-20-f/,301:/noticias/bladex-registra-reporte-anual-formulario-20-f/,/noticias/bladex-registra-reporte-anual-formulario-20-f/,
4537,Publi2.0 remediación,ok,/best-buy-apoya-a-los-emprendedores-en-mexico/,/noticias/best-buy-apoya-a-los-emprendedores-en-mexico/,301:/noticias/best-buy-apoya-a-los-emprendedores-en-mexico/,/noticias/best-buy-apoya-a-los-emprendedores-en-mexico/,
4536,Publi2.0 remediación,ok,/basf-y-avantium-pretenden-establecer-una-joint-venture/,/noticias/basf-y-avantium-pretenden-establecer-una-joint-venture/,301:/noticias/basf-y-avantium-pretenden-establecer-una-joint-venture/,/noticias/basf-y-avantium-pretenden-establecer-una-joint-venture/,
4535,Publi2.0 remediación,ok,/barbados-asevera-los-beneficios-economicos-de-sus-estructuras-offshore/,/noticias/barbados-asevera-los-beneficios-economicos-de-sus-estructuras-offshore/,301:/noticias/barbados-asevera-los-beneficios-economicos-de-sus-estructuras-offshore/,/noticias/barbados-asevera-los-beneficios-economicos-de-sus-estructuras-offshore/,
4534,Publi2.0 remediación,ok,/barbados-adopta-legislacion-sobre-companias-de-celulas-incorporadas/,/noticias/barbados-adopta-legislacion-sobre-companias-de-celulas-incorporadas/,301:/noticias/barbados-adopta-legislacion-sobre-companias-de-celulas-incorporadas/,/noticias/barbados-adopta-legislacion-sobre-companias-de-celulas-incorporadas/,
4533,Publi2.0 remediación,ok,/autofintech-mexico/,/negocios/automotriz/autofintech-mexico/,301:/negocios/automotriz/autofintech-mexico/,/negocios/automotriz/autofintech-mexico/,
4532,Publi2.0 remediación,ok,/attain-anuncia-licencia-de-paternidad-pagada/,/noticias/attain-anuncia-licencia-de-paternidad-pagada/,301:/noticias/attain-anuncia-licencia-de-paternidad-pagada/,/noticias/attain-anuncia-licencia-de-paternidad-pagada/,
4531,Publi2.0 remediación,ok,/arisglobal-firma-acuerdo-con-el-primer-cliente-de-arisg-en-china/,/noticias/arisglobal-firma-acuerdo-con-el-primer-cliente-de-arisg-en-china/,301:/noticias/arisglobal-firma-acuerdo-con-el-primer-cliente-de-arisg-en-china/,/noticias/arisglobal-firma-acuerdo-con-el-primer-cliente-de-arisg-en-china/,
4530,Publi2.0 remediación,ok,/aprendiendo-autocad-2016-en-3d-para-diseno-arquitectonico-by-iway-magazine/,/noticias/aprendiendo-autocad-2016-en-3d-para-diseno-arquitectonico-by-iway-magazine/,301:/noticias/aprendiendo-autocad-2016-en-3d-para-diseno-arquitectonico-by-iway-magazine/,/noticias/aprendiendo-autocad-2016-en-3d-para-diseno-arquitectonico-by-iway-magazine/,
4529,Publi2.0 remediación,ok,/apr-energy-pone-en-marcha-planta-de-turbina-a-gas-para-cliente-industrial-en-egipto/,/noticias/apr-energy-pone-en-marcha-planta-de-turbina-a-gas-para-cliente-industrial-en-egipto/,301:/noticias/apr-energy-pone-en-marcha-planta-de-turbina-a-gas-para-cliente-industrial-en-egipto/,/noticias/apr-energy-pone-en-marcha-planta-de-turbina-a-gas-para-cliente-industrial-en-egipto/,
4528,Publi2.0 remediación,ok,/aplican-ciencia-en-elaboracion-de-tacos-by-juan-carlos-machorro/,/noticias/aplican-ciencia-en-elaboracion-de-tacos-by-juan-carlos-machorro/,301:/noticias/aplican-ciencia-en-elaboracion-de-tacos-by-juan-carlos-machorro/,/noticias/aplican-ciencia-en-elaboracion-de-tacos-by-juan-carlos-machorro/,
4527,Publi2.0 remediación,ok,/anunciantes,/,301:/,/,
4526,Publi2.0 remediación,ok,/anuncian-a-los-ganadores-del-premio-harold-w-mcgraw-jr-en-educacion/,/noticias/anuncian-a-los-ganadores-del-premio-harold-w-mcgraw-jr-en-educacion/,301:/noticias/anuncian-a-los-ganadores-del-premio-harold-w-mcgraw-jr-en-educacion/,/noticias/anuncian-a-los-ganadores-del-premio-harold-w-mcgraw-jr-en-educacion/,
4525,Publi2.0 remediación,ok,/antes-y-despues-connie-talbot-la-estrella-de-britains-got-talent-emerge-como-una-increible-compositora-y-cantante-con-su-nuevo-album-matters-to-me-en-venta-a-traves-de-evolution-music-group/,/noticias/antes-y-despues-connie-talbot-la-estrella-de-britains-got-talent-emerge-como-una-increible-compositora-y-cantante-con-su-nuevo-album-matters-to-me-en-venta-a-traves-de-evolution-music-group/,301:/noticias/antes-y-despues-connie-talbot-la-estrella-de-britains-got-talent-emerge-como-una-increible-compositora-y-cantante-con-su-nuevo-album-matters-to-me-en-venta-a-traves-de-evolution-music-group/,/noticias/antes-y-despues-connie-talbot-la-estrella-de-britains-got-talent-emerge-como-una-increible-compositora-y-cantante-con-su-nuevo-album-matters-to-me-en-venta-a-traves-de-evolution-music-group/,
4524,Publi2.0 remediación,ok,/andes-wines-invita-a-cosechar-malbec-de-san-rosendo-de-mas-de-140-anos/,/noticias/andes-wines-invita-a-cosechar-malbec-de-san-rosendo-de-mas-de-140-anos/,301:/noticias/andes-wines-invita-a-cosechar-malbec-de-san-rosendo-de-mas-de-140-anos/,/noticias/andes-wines-invita-a-cosechar-malbec-de-san-rosendo-de-mas-de-140-anos/,
4523,Publi2.0 remediación,ok,/andes-wines-destaca-que-la-vendimia-argentina-se-atrasara-entre-10-a-30-dias-segun-cepaje/,/noticias/andes-wines-destaca-que-la-vendimia-argentina-se-atrasara-entre-10-a-30-dias-segun-cepaje/,301:/noticias/andes-wines-destaca-que-la-vendimia-argentina-se-atrasara-entre-10-a-30-dias-segun-cepaje/,/noticias/andes-wines-destaca-que-la-vendimia-argentina-se-atrasara-entre-10-a-30-dias-segun-cepaje/,
4522,Publi2.0 remediación,ok,/american-bookkeeping-institute-ahora-ensena-a-los-estudiantes-a-trabajar-en-linea-como-contadores-independientes/,/noticias/american-bookkeeping-institute-ahora-ensena-a-los-estudiantes-a-trabajar-en-linea-como-contadores-independientes/,301:/noticias/american-bookkeeping-institute-ahora-ensena-a-los-estudiantes-a-trabajar-en-linea-como-contadores-independientes/,/noticias/american-bookkeeping-institute-ahora-ensena-a-los-estudiantes-a-trabajar-en-linea-como-contadores-independientes/,
4521,Publi2.0 remediación,ok,/amda-retail-digital-y-la-innovacion-en-el-mercado-de-autos-seminuevos-en-mexico/,/negocios/automotriz/amda-retail-digital-y-la-innovacion-en-el-mercado-de-autos-seminuevos-en-mexico/,301:/negocios/automotriz/amda-retail-digital-y-la-innovacion-en-el-mercado-de-autos-seminuevos-en-mexico/,/negocios/automotriz/amda-retail-digital-y-la-innovacion-en-el-mercado-de-autos-seminuevos-en-mexico/,
4520,Publi2.0 remediación,ok,/amazoncrossing-en-espanol-lanza-estados-unidos-de-banana-libro-latinoamericano-vislumbra-la-desintegracion-del-imperio-americano/,/noticias/amazoncrossing-en-espanol-lanza-estados-unidos-de-banana-libro-latinoamericano-vislumbra-la-desintegracion-del-imperio-americano/,301:/noticias/amazoncrossing-en-espanol-lanza-estados-unidos-de-banana-libro-latinoamericano-vislumbra-la-desintegracion-del-imperio-americano/,/noticias/amazoncrossing-en-espanol-lanza-estados-unidos-de-banana-libro-latinoamericano-vislumbra-la-desintegracion-del-imperio-americano/,
4519,Publi2.0 remediación,ok,/alimentaria-espera-mas-de-5500-visitantes-latinoamericanos/,/noticias/alimentaria-espera-mas-de-5500-visitantes-latinoamericanos/,301:/noticias/alimentaria-espera-mas-de-5500-visitantes-latinoamericanos/,/noticias/alimentaria-espera-mas-de-5500-visitantes-latinoamericanos/,
4518,Publi2.0 remediación,ok,/aliados-o-charlatanes-donde-te-ves/,/publicidad/aliados-o-charlatanes-donde-te-ves/,301:/publicidad/aliados-o-charlatanes-donde-te-ves/,/publicidad/aliados-o-charlatanes-donde-te-ves/,
4517,Publi2.0 remediación,ok,/alberto-moreno-nuevo-director-de-vanity-fair-de-espana-y-mexico/,/noticias/alberto-moreno-nuevo-director-de-vanity-fair-de-espana-y-mexico/,301:/noticias/alberto-moreno-nuevo-director-de-vanity-fair-de-espana-y-mexico/,/noticias/alberto-moreno-nuevo-director-de-vanity-fair-de-espana-y-mexico/,
4516,Publi2.0 remediación,ok,/aireuropa-integra-a-safetypay-como-medio-de-pago/,/noticias/aireuropa-integra-a-safetypay-como-medio-de-pago/,301:/noticias/aireuropa-integra-a-safetypay-como-medio-de-pago/,/noticias/aireuropa-integra-a-safetypay-como-medio-de-pago/,
4515,Publi2.0 remediación,ok,/agile-alliance-anuncia-el-programa-del-agile2016/,/noticias/agile-alliance-anuncia-el-programa-del-agile2016/,301:/noticias/agile-alliance-anuncia-el-programa-del-agile2016/,/noticias/agile-alliance-anuncia-el-programa-del-agile2016/,
4514,Publi2.0 remediación,ok,/afluenta-la-red-lider-de-financiamiento-entre-personas-de-america-latina-recibe-us-8-millones-de-dolares-de-ifc-y-elevar-equity-para-expandirse-en-la-region/,/noticias/afluenta-la-red-lider-de-financiamiento-entre-personas-de-america-latina-recibe-us-8-millones-de-dolares-de-ifc-y-elevar-equity-para-expandirse-en-la-region/,301:/noticias/afluenta-la-red-lider-de-financiamiento-entre-personas-de-america-latina-recibe-us-8-millones-de-dolares-de-ifc-y-elevar-equity-para-expandirse-en-la-region/,/noticias/afluenta-la-red-lider-de-financiamiento-entre-personas-de-america-latina-recibe-us-8-millones-de-dolares-de-ifc-y-elevar-equity-para-expandirse-en-la-region/,
4513,Publi2.0 remediación,ok,/aeropuerto-salvadoreno-a-la-vanguardia-en-la-region-by-contrapunto-diario-digital/,/noticias/aeropuerto-salvadoreno-a-la-vanguardia-en-la-region-by-contrapunto-diario-digital/,301:/noticias/aeropuerto-salvadoreno-a-la-vanguardia-en-la-region-by-contrapunto-diario-digital/,/noticias/aeropuerto-salvadoreno-a-la-vanguardia-en-la-region-by-contrapunto-diario-digital/,
4512,Publi2.0 remediación,ok,/activacion-de-la-nueva-ruta-submarina-del-pacifico-de-level-3-mejora-la-conexion-de-colombia-con-las-principales-ciudades-de-las-americas-europa-y-asia/,/noticias/activacion-de-la-nueva-ruta-submarina-del-pacifico-de-level-3-mejora-la-conexion-de-colombia-con-las-principales-ciudades-de-las-americas-europa-y-asia/,301:/noticias/activacion-de-la-nueva-ruta-submarina-del-pacifico-de-level-3-mejora-la-conexion-de-colombia-con-las-principales-ciudades-de-las-americas-europa-y-asia/,/noticias/activacion-de-la-nueva-ruta-submarina-del-pacifico-de-level-3-mejora-la-conexion-de-colombia-con-las-principales-ciudades-de-las-americas-europa-y-asia/,
4511,Publi2.0 remediación,ok,/a-57-ciudades-en-argentina-les-quedan-10-dias-para-ingresar-al-mayors-challenge-2016-de-bloomberg-philanthropies-y-competir-por-9-millones-de-dolares-estadounidenses-para-fondos-de-innovacion/,/noticias/a-156-ciudades-en-mexico-les-quedan-10-dias-para-ingresar-al-mayors-challenge-2016-de-bloomberg-philanthropies-y-competir-por-9-millones-de-dolares-estadounidenses-para-fondos-de-innovacion/,301:/noticias/a-156-ciudades-en-mexico-les-quedan-10-dias-para-ingresar-al-mayors-challenge-2016-de-bloomberg-philanthropies-y-competir-por-9-millones-de-dolares-estadounidenses-para-fondos-de-innovacion/,/noticias/a-156-ciudades-en-mexico-les-quedan-10-dias-para-ingresar-al-mayors-challenge-2016-de-bloomberg-philanthropies-y-competir-por-9-millones-de-dolares-estadounidenses-para-fondos-de-innovacion/,
4510,Publi2.0 remediación,ok,/a-48-ciudades-en-colombia-les-quedan-10-dias-para-ingresar-al-mayors-challenge-2016-de-bloomberg-philanthropies-y-competir-por-9-millones-de-dolares-estadounidenses-para-fondos-de-innovacion/,/noticias/a-156-ciudades-en-mexico-les-quedan-10-dias-para-ingresar-al-mayors-challenge-2016-de-bloomberg-philanthropies-y-competir-por-9-millones-de-dolares-estadounidenses-para-fondos-de-innovacion/,301:/noticias/a-156-ciudades-en-mexico-les-quedan-10-dias-para-ingresar-al-mayors-challenge-2016-de-bloomberg-philanthropies-y-competir-por-9-millones-de-dolares-estadounidenses-para-fondos-de-innovacion/,/noticias/a-156-ciudades-en-mexico-les-quedan-10-dias-para-ingresar-al-mayors-challenge-2016-de-bloomberg-philanthropies-y-competir-por-9-millones-de-dolares-estadounidenses-para-fondos-de-innovacion/,
4509,Publi2.0 remediación,ok,/a-156-ciudades-en-mexico-les-quedan-10-dias-para-ingresar-al-mayors-challenge-2016-de-bloomberg-philanthropies-y-competir-por-9-millones-de-dolares-estadounidenses-para-fondos-de-innovacion/,/noticias/a-156-ciudades-en-mexico-les-quedan-10-dias-para-ingresar-al-mayors-challenge-2016-de-bloomberg-philanthropies-y-competir-por-9-millones-de-dolares-estadounidenses-para-fondos-de-innovacion/,301:/noticias/a-156-ciudades-en-mexico-les-quedan-10-dias-para-ingresar-al-mayors-challenge-2016-de-bloomberg-philanthropies-y-competir-por-9-millones-de-dolares-estadounidenses-para-fondos-de-innovacion/,/noticias/a-156-ciudades-en-mexico-les-quedan-10-dias-para-ingresar-al-mayors-challenge-2016-de-bloomberg-philanthropies-y-competir-por-9-millones-de-dolares-estadounidenses-para-fondos-de-innovacion/,
4508,Publi2.0 remediación,ok,/5412-amda-retail-digital-y-la-innovacion-en-el-mercado-de-autos-seminuevos-en-mexico,/negocios/automotriz/amda-retail-digital-y-la-innovacion-en-el-mercado-de-autos-seminuevos-en-mexico/,301:/negocios/automotriz/amda-retail-digital-y-la-innovacion-en-el-mercado-de-autos-seminuevos-en-mexico/,/negocios/automotriz/amda-retail-digital-y-la-innovacion-en-el-mercado-de-autos-seminuevos-en-mexico/,
4507,Publi2.0 remediación,ok,/5409-que-significa-la-llegada-de-facebook-marketplace-para-las-agencias-de-autos,/negocios/automotriz/que-significa-la-llegada-de-facebook-marketplace-para-las-agencias-de-autos/,301:/negocios/automotriz/que-significa-la-llegada-de-facebook-marketplace-para-las-agencias-de-autos/,/negocios/automotriz/que-significa-la-llegada-de-facebook-marketplace-para-las-agencias-de-autos/,
4506,Publi2.0 remediación,ok,/5408-equipo-interno-de-marketing-digital-o-agencia-externa-la-experiencia-del-sector-automotriz,/negocios/automotriz/equipo-interno-de-marketing-digital-o-agencia-externa-la-experiencia-del-sector-automotriz/,301:/negocios/automotriz/equipo-interno-de-marketing-digital-o-agencia-externa-la-experiencia-del-sector-automotriz/,/negocios/automotriz/equipo-interno-de-marketing-digital-o-agencia-externa-la-experiencia-del-sector-automotriz/,
4505,Publi2.0 remediación,ok,/5387-infografia-claves-para-edificar-tu-marca-personal,/emprendimiento/liderazgo/infografia-claves-para-edificar-tu-marca-personal/,301:/emprendimiento/liderazgo/infografia-claves-para-edificar-tu-marca-personal/,/emprendimiento/liderazgo/infografia-claves-para-edificar-tu-marca-personal/,
4504,Publi2.0 remediación,ok,/5386-si-tu-puedes-despedir-a-un-cliente,/emprendimiento/liderazgo/si-tu-puedes-despedir-a-un-cliente/,301:/emprendimiento/liderazgo/si-tu-puedes-despedir-a-un-cliente/,/emprendimiento/liderazgo/si-tu-puedes-despedir-a-un-cliente/,
4503,Publi2.0 remediación,ok,/5343-los-numeros-no-importan-la-influencia-si,/mercadotecnia/marketing-digital/los-numeros-no-importan-la-influencia-si/,301:/mercadotecnia/marketing-digital/los-numeros-no-importan-la-influencia-si/,/mercadotecnia/marketing-digital/los-numeros-no-importan-la-influencia-si/,
4502,Publi2.0 remediación,ok,/5342-etica-en-las-agencias-de-publicidad-y-anarquia-en-los-negocios,/publicidad/etica-en-las-agencias-de-publicidad-y-anarquia-en-los-negocios/,301:/publicidad/etica-en-las-agencias-de-publicidad-y-anarquia-en-los-negocios/,/publicidad/etica-en-las-agencias-de-publicidad-y-anarquia-en-los-negocios/,
4501,Publi2.0 remediación,ok,/5301-como-la-ves-verdad-que-todo-depende,/publicidad/creatividad/como-la-ves-verdad-que-todo-depende/,301:/publicidad/creatividad/como-la-ves-verdad-que-todo-depende/,/publicidad/creatividad/como-la-ves-verdad-que-todo-depende/,
4500,Publi2.0 remediación,ok,/5016-lo-que-todo-anunciante-debe-saber-la-mitad-de-la-publicidad-sirve-la-otra-mitad-no,/publicidad/guias/lo-que-todo-anunciante-debe-saber-la-mitad-de-la-publicidad-sirve-la-otra-mitad-no/,301:/publicidad/guias/lo-que-todo-anunciante-debe-saber-la-mitad-de-la-publicidad-sirve-la-otra-mitad-no/,/publicidad/guias/lo-que-todo-anunciante-debe-saber-la-mitad-de-la-publicidad-sirve-la-otra-mitad-no/,
4499,Publi2.0 remediación,ok,/4715-de-merolicos-y-charlatanes,/publicidad/aliados-o-charlatanes-donde-te-ves/,301:/publicidad/aliados-o-charlatanes-donde-te-ves/,/publicidad/aliados-o-charlatanes-donde-te-ves/,
4498,Publi2.0 remediación,ok,/4383-caro-es-lo-que-no-puedes-pagar,/emprendimiento/,301:/emprendimiento/,/emprendimiento/,
4497,Publi2.0 remediación,ok,/2455-un-truco-de-5-segundos-para-tu-proxima-reunion-via-remota,/emprendimiento/,301:/emprendimiento/,/emprendimiento/,
4496,Publi2.0 remediación,ok,/1841-herramientas-online-offline-mejorar-productividad,/emprendimiento/,301:/emprendimiento/,/emprendimiento/,
4495,Publi2.0 remediación,ok,/1711-una-gran-vision-sin-gente-sobresaliente-es-irrelevante,/emprendimiento/,301:/emprendimiento/,/emprendimiento/,
4494,Publi2.0 remediación,ok,/1670-como-se-deben-empezar-las-cosas-por-el-principio,/emprendimiento/,301:/emprendimiento/,/emprendimiento/,
4493,Publi2.0 remediación,ok,/1584-5-comerciales-censurados-que-causaron-controversia,/publicidad/creatividad/comerciales-prohibidos-censurados/,301:/publicidad/creatividad/comerciales-prohibidos-censurados/,/publicidad/creatividad/comerciales-prohibidos-censurados/,
4491,Redirecciones,ok,/publicidad-negocios-mexico/amda-retail-digital-y-la-innovacion-en-el-mercado-de-autos-seminuevos-en-mexico,https://www.publi20.com/amda-retail-digital-y-la-innovacion-en-el-mercado-de-autos-seminuevos-en-mexico/,301:/negocios/automotriz/amda-retail-digital-y-la-innovacion-en-el-mercado-de-autos-seminuevos-en-mexico/,/negocios/automotriz/amda-retail-digital-y-la-innovacion-en-el-mercado-de-autos-seminuevos-en-mexico/,
4490,Redirecciones,ok,/publicidad-negocios-mexico/autofintech-mexico,https://www.publi20.com/autofintech-mexico/,301:/negocios/automotriz/autofintech-mexico/,/negocios/automotriz/autofintech-mexico/,
4488,Redirecciones,ok,/publicidad-negocios-mexico/que-significa-la-llegada-de-facebook-marketplace-para-las-agencias-de-autos,https://www.publi20.com/que-significa-la-llegada-de-facebook-marketplace-para-las-agencias-de-autos/,301:/negocios/automotriz/que-significa-la-llegada-de-facebook-marketplace-para-las-agencias-de-autos/,/negocios/automotriz/que-significa-la-llegada-de-facebook-marketplace-para-las-agencias-de-autos/,
4487,Redirecciones,ok,/publicidad-negocios-mexico/equipo-interno-de-marketing-digital-o-agencia-externa-la-experiencia-del-sector-automotriz,https://www.publi20.com/equipo-interno-de-marketing-digital-o-agencia-externa-la-experiencia-del-sector-automotriz/,301:/negocios/automotriz/equipo-interno-de-marketing-digital-o-agencia-externa-la-experiencia-del-sector-automotriz/,/negocios/automotriz/equipo-interno-de-marketing-digital-o-agencia-externa-la-experiencia-del-sector-automotriz/,
4466,Redirecciones,ok,/publicidad-negocios-mexico/infografia-claves-para-edificar-tu-marca-personal,https://www.publi20.com/infografia-claves-para-edificar-tu-marca-personal/,301:/emprendimiento/liderazgo/infografia-claves-para-edificar-tu-marca-personal/,/emprendimiento/liderazgo/infografia-claves-para-edificar-tu-marca-personal/,
4465,Redirecciones,ok,/publicidad-negocios-mexico/si-tu-puedes-despedir-a-un-cliente,https://www.publi20.com/si-tu-puedes-despedir-a-un-cliente/,301:/emprendimiento/liderazgo/si-tu-puedes-despedir-a-un-cliente/,/emprendimiento/liderazgo/si-tu-puedes-despedir-a-un-cliente/,
4464,Redirecciones,ok,/publicidad-negocios-mexico/ya-vienen-los-effies,https://www.publi20.com/ya-vienen-los-effies/,301:/publicidad/creatividad/ya-vienen-los-effies/,/publicidad/creatividad/ya-vienen-los-effies/,
4442,Redirecciones,ok,/publicidad-negocios-mexico/los-numeros-no-importan-la-influencia-si,https://www.publi20.com/los-numeros-no-importan-la-influencia-si/,301:/mercadotecnia/marketing-digital/los-numeros-no-importan-la-influencia-si/,/mercadotecnia/marketing-digital/los-numeros-no-importan-la-influencia-si/,
4441,Redirecciones,ok,/publicidad-negocios-mexico/etica-en-las-agencias-de-publicidad-y-anarquia-en-los-negocios,https://www.publi20.com/etica-en-las-agencias-de-publicidad-y-anarquia-en-los-negocios/,301:/publicidad/etica-en-las-agencias-de-publicidad-y-anarquia-en-los-negocios/,/publicidad/etica-en-las-agencias-de-publicidad-y-anarquia-en-los-negocios/,
4400,Redirecciones,ok,/publicidad-negocios-mexico/como-la-ves-verdad-que-todo-depende,https://www.publi20.com/como-la-ves-verdad-que-todo-depende/,301:/publicidad/creatividad/como-la-ves-verdad-que-todo-depende/,/publicidad/creatividad/como-la-ves-verdad-que-todo-depende/,
4399,Redirecciones,ok,/publicidad-negocios-mexico/las-redes-sociales-como-canal-de-atencion-a-clientes,https://www.publi20.com/las-redes-sociales-como-canal-de-atencion-a-clientes/,301:/mercadotecnia/marketing-digital/las-redes-sociales-como-canal-de-atencion-a-clientes/,/mercadotecnia/marketing-digital/las-redes-sociales-como-canal-de-atencion-a-clientes/,
4398,Redirecciones,ok,/publicidad-negocios-mexico/regla-de-oro-para-tu-marca-personal-contra-la-homogeneidad-se-tu-mismo,https://www.publi20.com/regla-de-oro-para-tu-marca-personal-contra-la-homogeneidad-se-tu-mismo/,301:/emprendimiento/liderazgo/regla-de-oro-para-tu-marca-personal-contra-la-homogeneidad-se-tu-mismo/,/emprendimiento/liderazgo/regla-de-oro-para-tu-marca-personal-contra-la-homogeneidad-se-tu-mismo/,
4377,Redirecciones,ok,/publicidad-negocios-mexico/en-la-vida-y-los-negocios,https://www.publi20.com/en-la-vida-y-los-negocios/,301:/emprendimiento/liderazgo/en-la-vida-y-los-negocios/,/emprendimiento/liderazgo/en-la-vida-y-los-negocios/,
4356,Redirecciones,ok,/publicidad-negocios-mexico/el-consumidor-no-quiere-mas-opciones,https://www.publi20.com/el-consumidor-no-quiere-mas-opciones/,301:/mercadotecnia/el-consumidor-no-quiere-mas-opciones/,/mercadotecnia/el-consumidor-no-quiere-mas-opciones/,
4229,Redirecciones,ok,/publicidad-negocios-mexico/aliados-o-charlatanes-donde-te-ves,https://www.publi20.com/aliados-o-charlatanes-donde-te-ves/,301:/publicidad/aliados-o-charlatanes-donde-te-ves/,/publicidad/aliados-o-charlatanes-donde-te-ves/,
4228,Redirecciones,ok,/publicidad-negocios-mexico/en-un-mundo-perfecto-la-marca-es-irrelevante,https://www.publi20.com/en-un-mundo-perfecto-la-marca-es-irrelevante/,301:/mercadotecnia/en-un-mundo-perfecto-la-marca-es-irrelevante/,/mercadotecnia/en-un-mundo-perfecto-la-marca-es-irrelevante/,
4188,Redirecciones,ok,/publicidad-negocios-mexico/lo-que-todo-anunciante-debe-saber-la-mitad-de-la-publicidad-sirve-la-otra-mitad-no,https://www.publi20.com/lo-que-todo-anunciante-debe-saber-la-mitad-de-la-publicidad-sirve-la-otra-mitad-no/,301:/publicidad/guias/lo-que-todo-anunciante-debe-saber-la-mitad-de-la-publicidad-sirve-la-otra-mitad-no/,/publicidad/guias/lo-que-todo-anunciante-debe-saber-la-mitad-de-la-publicidad-sirve-la-otra-mitad-no/,
4171,Redirecciones,ok,/publicidad-negocios-mexico/puedes-haber-sido-victima-de-un-fraude-informate,https://www.publi20.com/puedes-haber-sido-victima-de-un-fraude-informate/,301:/publicidad/creatividad/puedes-haber-sido-victima-de-un-fraude-informate/,/publicidad/creatividad/puedes-haber-sido-victima-de-un-fraude-informate/,
3913,Redirecciones,destino_mal,/publicidad-negocios-mexico/de-merolicos-y-charlatanes,https://www.publi20.com/de-merolicos-y-charlatanes/,,404 /de-merolicos-y-charlatanes/,reapuntar a /emprendimiento/
3870,Redirecciones,destino_mal,/publicidad-negocios-mexico/la-publicidad-que-no-sirve,https://www.publi20.com/la-publicidad-que-no-sirve/,,404 /la-publicidad-que-no-sirve/,reapuntar a /emprendimiento/
3869,Redirecciones,destino_mal,/publicidad-negocios-mexico/cuando-se-alcanza-el-exito-en-redes-sociales,https://www.publi20.com/cuando-se-alcanza-el-exito-en-redes-sociales/,,404 /cuando-se-alcanza-el-exito-en-redes-sociales/,reapuntar a /emprendimiento/
3868,Redirecciones,destino_mal,/publicidad-negocios-mexico/olvidate-de-los-millennials-la-edad-no-importa,https://www.publi20.com/olvidate-de-los-millennials-la-edad-no-importa/,,404 /olvidate-de-los-millennials-la-edad-no-importa/,reapuntar a /emprendimiento/
3867,Redirecciones,destino_mal,/publicidad-negocios-mexico/o-nos-seguimos-devorando-entre-nosotros-o-nos-comemos-al-mundo-juntos,https://www.publi20.com/o-nos-seguimos-devorando-entre-nosotros-o-nos-comemos-al-mundo-juntos/,,404 /o-nos-seguimos-devorando-entre-nosotros-o-nos-comemos-al-mundo-juntos/,reapuntar a /emprendimiento/
3866,Redirecciones,destino_mal,/uncategorised/politica-de-privacidad,https://www.publi20.com/politica-de-privacidad/,,404 /politica-de-privacidad/,reapuntar a /
3865,Redirecciones,destino_mal,/publicidad-negocios-mexico/caro-es-lo-que-no-puedes-pagar,https://www.publi20.com/caro-es-lo-que-no-puedes-pagar/,,404 /caro-es-lo-que-no-puedes-pagar/,reapuntar a /emprendimiento/
3864,Redirecciones,destino_mal,/publicidad-negocios-mexico/el-contenido-como-metrica-incorrecta-de-marketing,https://www.publi20.com/el-contenido-como-metrica-incorrecta-de-marketing/,,404 /el-contenido-como-metrica-incorrecta-de-marketing/,reapuntar a /emprendimiento/
3863,Redirecciones,destino_mal,/publicidad-negocios-mexico/juntas-de-trabajo-una-ilusion-perfecta,https://www.publi20.com/juntas-de-trabajo-una-ilusion-perfecta/,,404 /juntas-de-trabajo-una-ilusion-perfecta/,reapuntar a /emprendimiento/
3862,Redirecciones,destino_mal,/publicidad-negocios-mexico/los-anunciantes-quieren-resultados-no-promesas,https://www.publi20.com/los-anunciantes-quieren-resultados-no-promesas/,,404 /los-anunciantes-quieren-resultados-no-promesas/,reapuntar a /emprendimiento/
3861,Redirecciones,destino_mal,/publicidad-negocios-mexico/3-prestaciones-poco-comunes-para-tener-empleados-felices,https://www.publi20.com/3-prestaciones-poco-comunes-para-tener-empleados-felices/,,404 /3-prestaciones-poco-comunes-para-tener-empleados-felices/,reapuntar a /emprendimiento/
3860,Redirecciones,destino_mal,/publicidad-negocios-mexico/que-hacer-cuando-un-empleado-se-va,https://www.publi20.com/que-hacer-cuando-un-empleado-se-va/,,404 /que-hacer-cuando-un-empleado-se-va/,reapuntar a /emprendimiento/
3859,Redirecciones,destino_mal,/publicidad-negocios-mexico/un-truco-de-5-segundos-para-tu-proxima-reunion-via-remota,https://www.publi20.com/un-truco-de-5-segundos-para-tu-proxima-reunion-via-remota/,,404 /un-truco-de-5-segundos-para-tu-proxima-reunion-via-remota/,reapuntar a /emprendimiento/
3858,Redirecciones,destino_mal,/publicidad-negocios-mexico/estas-aprovechando-al-maximo-las-ideas-tus-empleados-introvertidos,https://www.publi20.com/estas-aprovechando-al-maximo-las-ideas-tus-empleados-introvertidos/,,404 /estas-aprovechando-al-maximo-las-ideas-tus-empleados-introvertidos/,reapuntar a /emprendimiento/
3857,Redirecciones,destino_mal,/publicidad-negocios-mexico/sitios-web-para-encontrar-al-freelancer-perfecto,https://www.publi20.com/sitios-web-para-encontrar-al-freelancer-perfecto/,,404 /sitios-web-para-encontrar-al-freelancer-perfecto/,reapuntar a /emprendimiento/
3856,Redirecciones,destino_mal,/publicidad-negocios-mexico/que-extension-de-dominio-debo-contratar-para-mi-empresa,https://www.publi20.com/que-extension-de-dominio-debo-contratar-para-mi-empresa/,,404 /que-extension-de-dominio-debo-contratar-para-mi-empresa/,reapuntar a /emprendimiento/
3855,Redirecciones,destino_mal,/campanas/anunciarse-reforma-com,https://www.publi20.com/anunciarse-reforma-com/,,404 /anunciarse-reforma-com/,reapuntar a /publicidad/
3854,Redirecciones,destino_mal,/publicidad-negocios-mexico/habilidades-para-ser-exitoso,https://www.publi20.com/habilidades-para-ser-exitoso/,,404 /habilidades-para-ser-exitoso/,reapuntar a /emprendimiento/
3853,Redirecciones,destino_mal,/publicidad-negocios-mexico/4-preguntas-que-debes-hacer-antes-de-contratar-un-vendedor,https://www.publi20.com/4-preguntas-que-debes-hacer-antes-de-contratar-un-vendedor/,,404 /4-preguntas-que-debes-hacer-antes-de-contratar-un-vendedor/,reapuntar a /emprendimiento/
3852,Redirecciones,destino_mal,/publicidad-negocios-mexico/consejos-administrar-equipo-trabajo-remoto,https://www.publi20.com/consejos-administrar-equipo-trabajo-remoto/,,404 /consejos-administrar-equipo-trabajo-remoto/,reapuntar a /emprendimiento/
3851,Redirecciones,destino_mal,/publicidad-negocios-mexico/renuncio-por-favor-quedate-ahora-que,https://www.publi20.com/renuncio-por-favor-quedate-ahora-que/,,404 /renuncio-por-favor-quedate-ahora-que/,reapuntar a /emprendimiento/
3850,Redirecciones,destino_mal,/publicidad-negocios-mexico/por-que-soy-un-pirata,https://www.publi20.com/por-que-soy-un-pirata/,,404 /por-que-soy-un-pirata/,reapuntar a /emprendimiento/
3849,Redirecciones,destino_mal,/publicidad-negocios-mexico/averigua-nivel-inteligencia-emocional,https://www.publi20.com/averigua-nivel-inteligencia-emocional/,,404 /averigua-nivel-inteligencia-emocional/,reapuntar a /emprendimiento/
3848,Redirecciones,destino_mal,/publicidad-negocios-mexico/retener-talento-empresa,https://www.publi20.com/retener-talento-empresa/,,404 /retener-talento-empresa/,reapuntar a /emprendimiento/
3847,Redirecciones,destino_mal,/publicidad-negocios-mexico/herramientas-online-offline-mejorar-productividad,https://www.publi20.com/herramientas-online-offline-mejorar-productividad/,,404 /herramientas-online-offline-mejorar-productividad/,reapuntar a /emprendimiento/
3846,Redirecciones,destino_mal,/uncategorised/gracias,https://www.publi20.com/gracias/,,404 /gracias/,reapuntar a /
3845,Redirecciones,destino_mal,/publicidad-negocios-mexico/una-gran-vision-sin-gente-sobresaliente-es-irrelevante,https://www.publi20.com/una-gran-vision-sin-gente-sobresaliente-es-irrelevante/,,404 /una-gran-vision-sin-gente-sobresaliente-es-irrelevante/,reapuntar a /emprendimiento/
3844,Redirecciones,destino_mal,/publicidad-negocios-mexico/el-sueldo-por-si-solo-ya-no-es-suficiente,https://www.publi20.com/el-sueldo-por-si-solo-ya-no-es-suficiente/,,404 /el-sueldo-por-si-solo-ya-no-es-suficiente/,reapuntar a /emprendimiento/
3843,Redirecciones,destino_mal,/publicidad-negocios-mexico/como-se-deben-empezar-las-cosas-por-el-principio,https://www.publi20.com/como-se-deben-empezar-las-cosas-por-el-principio/,,404 /como-se-deben-empezar-las-cosas-por-el-principio/,reapuntar a /emprendimiento/
3842,Redirecciones,destino_mal,/publicidad-negocios-mexico/una-simple-frase-que-esta-destruyendo-tu-carrera,https://www.publi20.com/una-simple-frase-que-esta-destruyendo-tu-carrera/,,404 /una-simple-frase-que-esta-destruyendo-tu-carrera/,reapuntar a /emprendimiento/
3841,Redirecciones,destino_mal,/publicidad-negocios-mexico/10-consejos-de-vida-que-debes-leer-antes-de-comenzar-cualquier-negocio,https://www.publi20.com/10-consejos-de-vida-que-debes-leer-antes-de-comenzar-cualquier-negocio/,,404 /10-consejos-de-vida-que-debes-leer-antes-de-comenzar-cualquier-negocio/,reapuntar a /emprendimiento/
3840,Redirecciones,destino_mal,/publicidad-negocios-mexico/5-comerciales-censurados-que-causaron-controversia,https://www.publi20.com/5-comerciales-censurados-que-causaron-controversia/,,404 /5-comerciales-censurados-que-causaron-controversia/,reapuntar a /emprendimiento/
3839,Redirecciones,destino_mal,/publicidad-negocios-mexico/la-reconciliacion-de-los-consumidores-y-el-marketing-de-la-mano-del-inbound-marketing,https://www.publi20.com/la-reconciliacion-de-los-consumidores-y-el-marketing-de-la-mano-del-inbound-marketing/,,404 /la-reconciliacion-de-los-consumidores-y-el-marketing-de-la-mano-del-inbound-marketing/,reapuntar a /emprendimiento/
3838,Redirecciones,destino_mal,/publicidad-negocios-mexico/mi-empresa-tiene-riesgos-que-estoy-haciendo-mal,https://www.publi20.com/mi-empresa-tiene-riesgos-que-estoy-haciendo-mal/,,404 /mi-empresa-tiene-riesgos-que-estoy-haciendo-mal/,reapuntar a /emprendimiento/
3837,Redirecciones,destino_mal,/publicidad-negocios-mexico/los-pasos-para-convertirte-en-un-lider-de-opinion-a-traves-de-tu-marca-personal,https://www.publi20.com/los-pasos-para-convertirte-en-un-lider-de-opinion-a-traves-de-tu-marca-personal/,,404 /los-pasos-para-convertirte-en-un-lider-de-opinion-a-traves-de-tu-marca-personal/,reapuntar a /emprendimiento/
3836,Redirecciones,destino_mal,/uncategorised/publi2-0-home,https://www.publi20.com/publi2-0-home/,,404 /publi2-0-home/,reapuntar a /
3835,Redirecciones,basura,/404,,,,desactivar
3834,Redirecciones,ok_query,/directorio/proveedores/go-virtual-1728,https://www.publi20.com/listing/go-virtual/,,/listing/go-virtual/,ignorar parámetros de la URL
3833,Redirecciones,ok_query,/directorio/proveedores/stands-y-displays-stand-123-1727,https://www.publi20.com/listing/stands-y-displays-stand-123/,,/listing/stands-y-displays-stand-123/,ignorar parámetros de la URL
3832,Redirecciones,ok_query,/directorio/proveedores/stands-y-displays-qualton-1726,https://www.publi20.com/listing/stands-y-displays-qualton/,,/listing/stands-y-displays-qualton/,ignorar parámetros de la URL
3831,Redirecciones,destino_mal,/directorio/proveedores/stands-y-displays-instintos-creativos-1725,https://www.publi20.com/listing/stands-y-displays-instintos-creativos/,,404 /listing/stands-y-displays-instintos-creativos/,reapuntar a /publicidad/
3830,Redirecciones,ok_query,/directorio/proveedores/stands-y-displays-holders-1724,https://www.publi20.com/listing/stands-y-displays-holders/,,/listing/stands-y-displays-holders/,ignorar parámetros de la URL
3829,Redirecciones,ok_query,/directorio/proveedores/stands-y-displays-grupo-tochijara-1723,https://www.publi20.com/listing/stands-y-displays-grupo-tochijara/,,/listing/stands-y-displays-grupo-tochijara/,ignorar parámetros de la URL
3828,Redirecciones,ok_query,/directorio/proveedores/stands-y-displays-grupo-om-1722,https://www.publi20.com/listing/stands-y-displays-grupo-om/,,/listing/stands-y-displays-grupo-om/,ignorar parámetros de la URL
3827,Redirecciones,ok_query,/directorio/proveedores/stands-y-displays-expoquarzo-1721,https://www.publi20.com/listing/stands-y-displays-expoquarzo/,,/listing/stands-y-displays-expoquarzo/,ignorar parámetros de la URL
3826,Redirecciones,ok_query,/directorio/proveedores/stands-y-displays-expoexpress-1720,https://www.publi20.com/listing/stands-y-displays-expoexpress/,,/listing/stands-y-displays-expoexpress/,ignorar parámetros de la URL
3825,Redirecciones,ok_query,/directorio/proveedores/stands-y-displays-eliptic-1719,https://www.publi20.com/listing/stands-y-displays-eliptic/,,/listing/stands-y-displays-eliptic/,ignorar parámetros de la URL
3824,Redirecciones,ok_query,/directorio/proveedores/stands-y-displays-dm-display-1718,https://www.publi20.com/listing/stands-y-displays-dm-display/,,/listing/stands-y-displays-dm-display/,ignorar parámetros de la URL
3823,Redirecciones,ok_query,/directorio/proveedores/stands-y-displays-cr-rpo-display-1717,https://www.publi20.com/listing/stands-y-displays-cr-rpo-display/,,/listing/stands-y-displays-cr-rpo-display/,ignorar parámetros de la URL
3822,Redirecciones,ok_query,/directorio/proveedores/soporte-tecnico-it-sistemas-tecnocen-1716,https://www.publi20.com/listing/soporte-tecnico-it-sistemas-tecnocen/,,/listing/soporte-tecnico-it-sistemas-tecnocen/,ignorar parámetros de la URL
3821,Redirecciones,ok_query,/directorio/proveedores/soporte-tecnico-it-sistemas-sitmexico-1715,https://www.publi20.com/listing/soporte-tecnico-it-sistemas-sitmexico/,,/listing/soporte-tecnico-it-sistemas-sitmexico/,ignorar parámetros de la URL
3820,Redirecciones,ok_query,/directorio/proveedores/soporte-tecnico-it-sistemas-savesa-sistemas-1714,https://www.publi20.com/listing/soporte-tecnico-it-sistemas-savesa-sistemas/,,/listing/soporte-tecnico-it-sistemas-savesa-sistemas/,ignorar parámetros de la URL
3819,Redirecciones,ok_query,/directorio/proveedores/soporte-tecnico-it-sistemas-asisteo-it-1713,https://www.publi20.com/listing/soporte-tecnico-it-sistemas-asisteo-it/,,/listing/soporte-tecnico-it-sistemas-asisteo-it/,ignorar parámetros de la URL
3818,Redirecciones,ok_query,/directorio/proveedores/productoras-zombie-tv-1712,https://www.publi20.com/listing/productoras-zombie-tv/,,/listing/productoras-zombie-tv/,ignorar parámetros de la URL
3817,Redirecciones,ok_query,/directorio/proveedores/productoras-yellow-films-1711,https://www.publi20.com/listing/productoras-yellow-films/,,/listing/productoras-yellow-films/,ignorar parámetros de la URL
3816,Redirecciones,ok_query,/directorio/proveedores/productoras-producciones-por-marca-1710,https://www.publi20.com/listing/productoras-producciones-por-marca/,,/listing/productoras-producciones-por-marca/,ignorar parámetros de la URL
3815,Redirecciones,ok_query,/directorio/proveedores/productoras-whiskey-films-1709,https://www.publi20.com/listing/productoras-whiskey-films/,,/listing/productoras-whiskey-films/,ignorar parámetros de la URL
3814,Redirecciones,ok_query,/directorio/proveedores/productoras-vietnam-films-1708,https://www.publi20.com/listing/productoras-vietnam-films/,,/listing/productoras-vietnam-films/,ignorar parámetros de la URL
3813,Redirecciones,ok_query,/directorio/proveedores/productoras-videotalento-1707,https://www.publi20.com/listing/productoras-videotalento/,,/listing/productoras-videotalento/,ignorar parámetros de la URL
3812,Redirecciones,ok_query,/directorio/proveedores/productoras-vdm-casa-productora-1706,https://www.publi20.com/listing/productoras-vdm-casa-productora/,,/listing/productoras-vdm-casa-productora/,ignorar parámetros de la URL
3811,Redirecciones,ok_query,/directorio/proveedores/productoras-tribu-films-producciones-1705,https://www.publi20.com/listing/productoras-tribu-films-producciones/,,/listing/productoras-tribu-films-producciones/,ignorar parámetros de la URL
3810,Redirecciones,ok_query,/directorio/proveedores/productoras-grupo-traziende-1704,https://www.publi20.com/listing/productoras-grupo-traziende/,,/listing/productoras-grupo-traziende/,ignorar parámetros de la URL
3809,Redirecciones,ok_query,/directorio/proveedores/productoras-tiempo-y-tono-films-1703,https://www.publi20.com/listing/productoras-tiempo-y-tono-films/,,/listing/productoras-tiempo-y-tono-films/,ignorar parámetros de la URL
3808,Redirecciones,ok_query,/directorio/proveedores/productoras-the-maestros-1702,https://www.publi20.com/listing/productoras-the-maestros/,,/listing/productoras-the-maestros/,ignorar parámetros de la URL
3807,Redirecciones,ok_query,/directorio/proveedores/productoras-terciopelo-films-1701,https://www.publi20.com/listing/productoras-terciopelo-films/,,/listing/productoras-terciopelo-films/,ignorar parámetros de la URL
3806,Redirecciones,ok_query,/directorio/proveedores/productoras-surreal-factory-1700,https://www.publi20.com/listing/productoras-surreal-factory/,,/listing/productoras-surreal-factory/,ignorar parámetros de la URL
3805,Redirecciones,ok_query,/directorio/proveedores/productoras-suitechocolate-1699,https://www.publi20.com/listing/productoras-suitechocolate/,,/listing/productoras-suitechocolate/,ignorar parámetros de la URL
3804,Redirecciones,ok_query,/directorio/proveedores/productoras-suave-films-1698,https://www.publi20.com/listing/productoras-suave-films/,,/listing/productoras-suave-films/,ignorar parámetros de la URL
3803,Redirecciones,ok_query,/directorio/proveedores/productoras-ssl-1697,https://www.publi20.com/listing/productoras-ssl/,,/listing/productoras-ssl/,ignorar parámetros de la URL
3802,Redirecciones,ok_query,/directorio/proveedores/productoras-digital-sprockets-1696,https://www.publi20.com/listing/productoras-digital-sprockets/,,/listing/productoras-digital-sprockets/,ignorar parámetros de la URL
3801,Redirecciones,ok_query,/directorio/proveedores/productoras-sprocket-films-1695,https://www.publi20.com/listing/productoras-sprocket-films/,,/listing/productoras-sprocket-films/,ignorar parámetros de la URL
3800,Redirecciones,ok_query,/directorio/proveedores/productoras-sinergis-1694,https://www.publi20.com/listing/productoras-sinergis/,,/listing/productoras-sinergis/,ignorar parámetros de la URL
3799,Redirecciones,ok_query,/directorio/proveedores/productoras-silver-media-studio-1693,https://www.publi20.com/listing/productoras-silver-media-studio/,,/listing/productoras-silver-media-studio/,ignorar parámetros de la URL
3798,Redirecciones,ok_query,/directorio/proveedores/productoras-ryp-producciones-1692,https://www.publi20.com/listing/productoras-ryp-producciones/,,/listing/productoras-ryp-producciones/,ignorar parámetros de la URL
3797,Redirecciones,ok_query,/directorio/proveedores/productoras-rojo-films-1691,https://www.publi20.com/listing/productoras-rojo-films/,,/listing/productoras-rojo-films/,ignorar parámetros de la URL
3796,Redirecciones,destino_mal,/directorio/proveedores/productoras-retro-studio-1690,https://www.publi20.com/listing/productoras-retro-studio/,,404 /listing/productoras-retro-studio/,reapuntar a /publicidad/
3795,Redirecciones,ok_query,/directorio/proveedores/productoras-retina-1689,https://www.publi20.com/listing/productoras-retina/,,/listing/productoras-retina/,ignorar parámetros de la URL
3794,Redirecciones,ok_query,/directorio/proveedores/productoras-quantica-studio-1688,https://www.publi20.com/listing/productoras-quantica-studio/,,/listing/productoras-quantica-studio/,ignorar parámetros de la URL
3793,Redirecciones,ok_query,/directorio/proveedores/productoras-qiafilms-1687,https://www.publi20.com/listing/productoras-qiafilms/,,/listing/productoras-qiafilms/,ignorar parámetros de la URL
3792,Redirecciones,ok_query,/directorio/proveedores/productoras-planeta-films-1686,https://www.publi20.com/listing/productoras-planeta-films/,,/listing/productoras-planeta-films/,ignorar parámetros de la URL
3791,Redirecciones,ok_query,/directorio/proveedores/productoras-pirana-1685,https://www.publi20.com/listing/productoras-pirana/,,/listing/productoras-pirana/,ignorar parámetros de la URL
3790,Redirecciones,ok_query,/directorio/proveedores/productoras-pimienta-films-1684,https://www.publi20.com/listing/productoras-pimienta-films/,,/listing/productoras-pimienta-films/,ignorar parámetros de la URL
3789,Redirecciones,ok_query,/directorio/proveedores/productoras-peliculas-imaginarias-1683,https://www.publi20.com/listing/productoras-peliculas-imaginarias/,,/listing/productoras-peliculas-imaginarias/,ignorar parámetros de la URL
3788,Redirecciones,ok_query,/directorio/proveedores/productoras-producciones-carbajo-1682,https://www.publi20.com/listing/productoras-producciones-carbajo/,,/listing/productoras-producciones-carbajo/,ignorar parámetros de la URL
3787,Redirecciones,ok_query,/directorio/proveedores/productoras-orange-producers-1681,https://www.publi20.com/listing/productoras-orange-producers/,,/listing/productoras-orange-producers/,ignorar parámetros de la URL
3786,Redirecciones,ok_query,/directorio/proveedores/productoras-n-producciones-1680,https://www.publi20.com/listing/productoras-n-producciones/,,/listing/productoras-n-producciones/,ignorar parámetros de la URL
3785,Redirecciones,ok_query,/directorio/proveedores/productoras-my-goodness-1679,https://www.publi20.com/listing/productoras-my-goodness/,,/listing/productoras-my-goodness/,ignorar parámetros de la URL
3784,Redirecciones,ok_query,/directorio/proveedores/productoras-muela-producciones-1678,https://www.publi20.com/listing/productoras-muela-producciones/,,/listing/productoras-muela-producciones/,ignorar parámetros de la URL
3783,Redirecciones,ok_query,/directorio/proveedores/productoras-metro-producciones-1677,https://www.publi20.com/listing/productoras-metro-producciones/,,/listing/productoras-metro-producciones/,ignorar parámetros de la URL
3782,Redirecciones,ok_query,/directorio/proveedores/productoras-medianaranja-1676,https://www.publi20.com/listing/productoras-medianaranja/,,/listing/productoras-medianaranja/,ignorar parámetros de la URL
3781,Redirecciones,ok_query,/directorio/proveedores/productoras-marango-networks-1675,https://www.publi20.com/listing/productoras-marango-networks/,,/listing/productoras-marango-networks/,ignorar parámetros de la URL
3780,Redirecciones,ok_query,/directorio/proveedores/productoras-araudio-1674,https://www.publi20.com/listing/productoras-araudio/,,/listing/productoras-araudio/,ignorar parámetros de la URL
3779,Redirecciones,ok_query,/directorio/proveedores/productoras-los-ojos-de-mi-abuela-1673,https://www.publi20.com/listing/productoras-los-ojos-de-mi-abuela/,,/listing/productoras-los-ojos-de-mi-abuela/,ignorar parámetros de la URL
3778,Redirecciones,ok_query,/directorio/proveedores/productoras-the-lift-1672,https://www.publi20.com/listing/productoras-the-lift/,,/listing/productoras-the-lift/,ignorar parámetros de la URL
3777,Redirecciones,ok_query,/directorio/proveedores/productoras-leonis-films-1671,https://www.publi20.com/listing/productoras-leonis-films/,,/listing/productoras-leonis-films/,ignorar parámetros de la URL
3776,Redirecciones,ok_query,/directorio/proveedores/productoras-la-ventana-producciones-1670,https://www.publi20.com/listing/productoras-la-ventana-producciones/,,/listing/productoras-la-ventana-producciones/,ignorar parámetros de la URL
3775,Redirecciones,ok_query,/directorio/proveedores/productoras-la-nave-centro-de-produccion-1669,https://www.publi20.com/listing/productoras-la-nave-centro-de-produccion/,,/listing/productoras-la-nave-centro-de-produccion/,ignorar parámetros de la URL
3774,Redirecciones,ok_query,/directorio/proveedores/productoras-la-maripepa-films-1668,https://www.publi20.com/listing/productoras-la-maripepa-films/,,/listing/productoras-la-maripepa-films/,ignorar parámetros de la URL
3773,Redirecciones,ok_query,/directorio/proveedores/productoras-la-fabrica-films-1667,https://www.publi20.com/listing/productoras-la-fabrica-films/,,/listing/productoras-la-fabrica-films/,ignorar parámetros de la URL
3772,Redirecciones,ok_query,/directorio/proveedores/productoras-kuter-creativos-exactos-1666,https://www.publi20.com/listing/productoras-kuter-creativos-exactos/,,/listing/productoras-kuter-creativos-exactos/,ignorar parámetros de la URL
3771,Redirecciones,ok_query,/directorio/proveedores/productoras-kreatta-producciones-1665,https://www.publi20.com/listing/productoras-kreatta-producciones/,,/listing/productoras-kreatta-producciones/,ignorar parámetros de la URL
3770,Redirecciones,destino_mal,/directorio/proveedores/productoras-käfer-producciones-1664,https://www.publi20.com/listing/productoras-käfer-producciones/,,404 /listing/productoras-käfer-producciones/,reapuntar a /publicidad/
3769,Redirecciones,ok_query,/directorio/proveedores/productoras-imax-producciones-1663,https://www.publi20.com/listing/productoras-imax-producciones/,,/listing/productoras-imax-producciones/,ignorar parámetros de la URL
3768,Redirecciones,ok_query,/directorio/proveedores/productoras-ikarus-1662,https://www.publi20.com/listing/productoras-ikarus/,,/listing/productoras-ikarus/,ignorar parámetros de la URL
3767,Redirecciones,ok_query,/directorio/proveedores/productoras-industria-3-studios-1661,https://www.publi20.com/listing/productoras-industria-3-studios/,,/listing/productoras-industria-3-studios/,ignorar parámetros de la URL
3766,Redirecciones,ok_query,/directorio/proveedores/productoras-hormiga-films-1660,https://www.publi20.com/listing/productoras-hormiga-films/,,/listing/productoras-hormiga-films/,ignorar parámetros de la URL
3765,Redirecciones,ok_query,/directorio/proveedores/productoras-home-1659,https://www.publi20.com/listing/productoras-home/,,/listing/productoras-home/,ignorar parámetros de la URL
3764,Redirecciones,ok_query,/directorio/proveedores/productoras-grupo-de-leon-1658,https://www.publi20.com/listing/productoras-grupo-de-leon/,,/listing/productoras-grupo-de-leon/,ignorar parámetros de la URL
3763,Redirecciones,ok_query,/directorio/proveedores/productoras-gelatina-films-1657,https://www.publi20.com/listing/productoras-gelatina-films/,,/listing/productoras-gelatina-films/,ignorar parámetros de la URL
3762,Redirecciones,ok_query,/directorio/proveedores/productoras-garcia-bross-y-asociados-1656,https://www.publi20.com/listing/productoras-garcia-bross-y-asociados/,,/listing/productoras-garcia-bross-y-asociados/,ignorar parámetros de la URL
3761,Redirecciones,ok_query,/directorio/proveedores/productoras-filmmen-1655,https://www.publi20.com/listing/productoras-filmmen/,,/listing/productoras-filmmen/,ignorar parámetros de la URL
3760,Redirecciones,ok_query,/directorio/proveedores/productoras-filmmaking-1654,https://www.publi20.com/listing/productoras-filmmaking/,,/listing/productoras-filmmaking/,ignorar parámetros de la URL
3759,Redirecciones,ok_query,/directorio/proveedores/productoras-filma-1653,https://www.publi20.com/listing/productoras-filma/,,/listing/productoras-filma/,ignorar parámetros de la URL
3758,Redirecciones,ok_query,/directorio/proveedores/productoras-fc-films-1652,https://www.publi20.com/listing/productoras-fc-films/,,/listing/productoras-fc-films/,ignorar parámetros de la URL
3757,Redirecciones,ok_query,/directorio/proveedores/productoras-factory-1651,https://www.publi20.com/listing/productoras-factory/,,/listing/productoras-factory/,ignorar parámetros de la URL
3756,Redirecciones,ok_query,/directorio/proveedores/productoras-espejo-y-asociados-1650,https://www.publi20.com/listing/productoras-espejo-y-asociados/,,/listing/productoras-espejo-y-asociados/,ignorar parámetros de la URL
3755,Redirecciones,ok_query,/directorio/proveedores/productoras-elote-films-1649,https://www.publi20.com/listing/productoras-elote-films/,,/listing/productoras-elote-films/,ignorar parámetros de la URL
3754,Redirecciones,ok_query,/directorio/proveedores/productoras-el-mall-1648,https://www.publi20.com/listing/productoras-el-mall/,,/listing/productoras-el-mall/,ignorar parámetros de la URL
3753,Redirecciones,ok_query,/directorio/proveedores/productoras-elite-studios-1647,https://www.publi20.com/listing/productoras-elite-studios/,,/listing/productoras-elite-studios/,ignorar parámetros de la URL
3752,Redirecciones,ok_query,/directorio/proveedores/productoras-elemento-producciones-1646,https://www.publi20.com/listing/productoras-elemento-producciones/,,/listing/productoras-elemento-producciones/,ignorar parámetros de la URL
3751,Redirecciones,ok_query,/directorio/proveedores/productoras-distrito-films-1645,https://www.publi20.com/listing/productoras-distrito-films/,,/listing/productoras-distrito-films/,ignorar parámetros de la URL
3750,Redirecciones,ok_query,/directorio/proveedores/productoras-dr-comunicacion-1644,https://www.publi20.com/listing/productoras-dr-comunicacion/,,/listing/productoras-dr-comunicacion/,ignorar parámetros de la URL
3749,Redirecciones,ok_query,/directorio/proveedores/productoras-dead-astronauts-1643,https://www.publi20.com/listing/productoras-dead-astronauts/,,/listing/productoras-dead-astronauts/,ignorar parámetros de la URL
3748,Redirecciones,ok_query,/directorio/proveedores/productoras-corte-y-queda-1642,https://www.publi20.com/listing/productoras-corte-y-queda/,,/listing/productoras-corte-y-queda/,ignorar parámetros de la URL
3747,Redirecciones,ok_query,/directorio/proveedores/productoras-cineconcepto-1641,https://www.publi20.com/listing/productoras-cineconcepto/,,/listing/productoras-cineconcepto/,ignorar parámetros de la URL
3746,Redirecciones,ok_query,/directorio/proveedores/productoras-ciberfilms-1640,https://www.publi20.com/listing/productoras-ciberfilms/,,/listing/productoras-ciberfilms/,ignorar parámetros de la URL
3745,Redirecciones,ok_query,/directorio/proveedores/productoras-chilaktazo-films-1639,https://www.publi20.com/listing/productoras-chilaktazo-films/,,/listing/productoras-chilaktazo-films/,ignorar parámetros de la URL
3744,Redirecciones,ok_query,/directorio/proveedores/productoras-chapulte-pictures-1638,https://www.publi20.com/listing/productoras-chapulte-pictures/,,/listing/productoras-chapulte-pictures/,ignorar parámetros de la URL
3743,Redirecciones,ok_query,/directorio/proveedores/productoras-central-films-1637,https://www.publi20.com/listing/productoras-central-films/,,/listing/productoras-central-films/,ignorar parámetros de la URL
3742,Redirecciones,ok_query,/directorio/proveedores/productoras-contenido-neto-1636,https://www.publi20.com/listing/productoras-contenido-neto/,,/listing/productoras-contenido-neto/,ignorar parámetros de la URL
3741,Redirecciones,ok_query,/directorio/proveedores/productoras-catatonia-films-1635,https://www.publi20.com/listing/productoras-catatonia-films/,,/listing/productoras-catatonia-films/,ignorar parámetros de la URL
3740,Redirecciones,ok_query,/directorio/proveedores/productoras-la-casa-productora-1634,https://www.publi20.com/listing/productoras-la-casa-productora/,,/listing/productoras-la-casa-productora/,ignorar parámetros de la URL
3739,Redirecciones,ok_query,/directorio/proveedores/productoras-casa-12-producciones-1633,https://www.publi20.com/listing/productoras-casa-12-producciones/,,/listing/productoras-casa-12-producciones/,ignorar parámetros de la URL
3738,Redirecciones,ok_query,/directorio/proveedores/productoras-cartucho-films-1632,https://www.publi20.com/listing/productoras-cartucho-films/,,/listing/productoras-cartucho-films/,ignorar parámetros de la URL
3737,Redirecciones,ok_query,/directorio/proveedores/productoras-cantarranas-films-1631,https://www.publi20.com/listing/productoras-cantarranas-films/,,/listing/productoras-cantarranas-films/,ignorar parámetros de la URL
3736,Redirecciones,ok_query,/directorio/proveedores/productoras-candiani-producciones-1630,https://www.publi20.com/listing/productoras-candiani-producciones/,,/listing/productoras-candiani-producciones/,ignorar parámetros de la URL
3735,Redirecciones,ok_query,/directorio/proveedores/productoras-canal-izquierdo-1629,https://www.publi20.com/listing/productoras-canal-izquierdo/,,/listing/productoras-canal-izquierdo/,ignorar parámetros de la URL
3734,Redirecciones,ok_query,/directorio/proveedores/productoras-camaleon-films-1628,https://www.publi20.com/listing/productoras-camaleon-films/,,/listing/productoras-camaleon-films/,ignorar parámetros de la URL
3733,Redirecciones,ok_query,/directorio/proveedores/productoras-cafepost-1627,https://www.publi20.com/listing/productoras-cafepost/,,/listing/productoras-cafepost/,ignorar parámetros de la URL
3732,Redirecciones,ok_query,/directorio/proveedores/productoras-byg-studio-1626,https://www.publi20.com/listing/productoras-byg-studio/,,/listing/productoras-byg-studio/,ignorar parámetros de la URL
3731,Redirecciones,ok_query,/directorio/proveedores/productoras-bulldog-films-1625,https://www.publi20.com/listing/productoras-bulldog-films/,,/listing/productoras-bulldog-films/,ignorar parámetros de la URL
3730,Redirecciones,ok_query,/directorio/proveedores/productoras-brixton-films-1624,https://www.publi20.com/listing/productoras-brixton-films/,,/listing/productoras-brixton-films/,ignorar parámetros de la URL
3729,Redirecciones,ok_query,/directorio/proveedores/productoras-bit-produccion-de-medios-digitales-1623,https://www.publi20.com/listing/productoras-bit-produccion-de-medios-digitales/,,/listing/productoras-bit-produccion-de-medios-digitales/,ignorar parámetros de la URL
3728,Redirecciones,ok_query,/directorio/proveedores/productoras-bitbang-studio-1622,https://www.publi20.com/listing/productoras-bitbang-studio/,,/listing/productoras-bitbang-studio/,ignorar parámetros de la URL
3727,Redirecciones,ok_query,/directorio/proveedores/productoras-betelfilms-1621,https://www.publi20.com/listing/productoras-betelfilms/,,/listing/productoras-betelfilms/,ignorar parámetros de la URL
3726,Redirecciones,ok_query,/directorio/proveedores/productoras-avanti-pictures-1620,https://www.publi20.com/listing/productoras-avanti-pictures/,,/listing/productoras-avanti-pictures/,ignorar parámetros de la URL
3725,Redirecciones,ok_query,/directorio/proveedores/productoras-audioimagen-1619,https://www.publi20.com/listing/productoras-audioimagen/,,/listing/productoras-audioimagen/,ignorar parámetros de la URL
3724,Redirecciones,ok_query,/directorio/proveedores/productoras-atomik-cine-y-video-1618,https://www.publi20.com/listing/productoras-atomik-cine-y-video/,,/listing/productoras-atomik-cine-y-video/,ignorar parámetros de la URL
3723,Redirecciones,ok_query,/directorio/proveedores/productoras-arts-studios-1617,https://www.publi20.com/listing/productoras-arts-studios/,,/listing/productoras-arts-studios/,ignorar parámetros de la URL
3722,Redirecciones,ok_query,/directorio/proveedores/productoras-armar-producciones-1616,https://www.publi20.com/listing/productoras-armar-producciones/,,/listing/productoras-armar-producciones/,ignorar parámetros de la URL
3721,Redirecciones,ok_query,/directorio/proveedores/productoras-producciones-arje-1615,https://www.publi20.com/listing/productoras-producciones-arje/,,/listing/productoras-producciones-arje/,ignorar parámetros de la URL
3720,Redirecciones,ok_query,/directorio/proveedores/productoras-ares-producciones-1614,https://www.publi20.com/listing/productoras-ares-producciones/,,/listing/productoras-ares-producciones/,ignorar parámetros de la URL
3719,Redirecciones,ok_query,/directorio/proveedores/productoras-arbol-cine-1613,https://www.publi20.com/listing/productoras-arbol-cine/,,/listing/productoras-arbol-cine/,ignorar parámetros de la URL
3718,Redirecciones,ok_query,/directorio/proveedores/productoras-arado-films-1612,https://www.publi20.com/listing/productoras-arado-films/,,/listing/productoras-arado-films/,ignorar parámetros de la URL
3717,Redirecciones,ok_query,/directorio/proveedores/productoras-caponeto-1611,https://www.publi20.com/listing/productoras-caponeto/,,/listing/productoras-caponeto/,ignorar parámetros de la URL
3716,Redirecciones,ok_query,/directorio/proveedores/productoras-anima-estudios-1610,https://www.publi20.com/listing/productoras-anima-estudios/,,/listing/productoras-anima-estudios/,ignorar parámetros de la URL
3715,Redirecciones,ok_query,/directorio/proveedores/productoras-altavision-producciones-sc-1609,https://www.publi20.com/listing/productoras-altavision-producciones-sc/,,/listing/productoras-altavision-producciones-sc/,ignorar parámetros de la URL
3714,Redirecciones,ok_query,/directorio/proveedores/productoras-alameda-films-1608,https://www.publi20.com/listing/productoras-alameda-films/,,/listing/productoras-alameda-films/,ignorar parámetros de la URL
3713,Redirecciones,ok_query,/directorio/proveedores/productoras-advideosmm-1607,https://www.publi20.com/listing/productoras-advideosmm/,,/listing/productoras-advideosmm/,ignorar parámetros de la URL
3712,Redirecciones,ok_query,/directorio/proveedores/productoras-adicta-films-1606,https://www.publi20.com/listing/productoras-adicta-films/,,/listing/productoras-adicta-films/,ignorar parámetros de la URL
3711,Redirecciones,ok_query,/directorio/proveedores/productoras-6cero7studios-1605,https://www.publi20.com/listing/productoras-6cero7studios/,,/listing/productoras-6cero7studios/,ignorar parámetros de la URL
3710,Redirecciones,ok_query,/directorio/proveedores/productoras-23imedio-films-1604,https://www.publi20.com/listing/productoras-23imedio-films/,,/listing/productoras-23imedio-films/,ignorar parámetros de la URL
3709,Redirecciones,ok_query,/directorio/proveedores/productoras-1910-films-1603,https://www.publi20.com/listing/productoras-1910-films/,,/listing/productoras-1910-films/,ignorar parámetros de la URL
3708,Redirecciones,ok_query,/directorio/proveedores/icarus-1602,https://www.publi20.com/listing/icarus/,,/listing/icarus/,ignorar parámetros de la URL
3707,Redirecciones,ok_query,/directorio/proveedores/investigacion-de-mercados-wilbert-sierra-y-asociados-1601,https://www.publi20.com/listing/investigacion-de-mercados-wilbert-sierra-y-asociados/,,/listing/investigacion-de-mercados-wilbert-sierra-y-asociados/,ignorar parámetros de la URL
3706,Redirecciones,ok_query,/directorio/proveedores/investigacion-de-mercados-tns-mexico-1600,https://www.publi20.com/listing/investigacion-de-mercados-tns-mexico/,,/listing/investigacion-de-mercados-tns-mexico/,ignorar parámetros de la URL
3705,Redirecciones,ok_query,/directorio/proveedores/investigacion-de-mercados-sigmate-research-1599,https://www.publi20.com/listing/investigacion-de-mercados-sigmate-research/,,/listing/investigacion-de-mercados-sigmate-research/,ignorar parámetros de la URL
3704,Redirecciones,ok_query,/directorio/proveedores/investigacion-de-mercados-questudies-1598,https://www.publi20.com/listing/investigacion-de-mercados-questudies/,,/listing/investigacion-de-mercados-questudies/,ignorar parámetros de la URL
3703,Redirecciones,ok_query,/directorio/proveedores/investigacion-de-mercados-qualimerc-1597,https://www.publi20.com/listing/investigacion-de-mercados-qualimerc/,,/listing/investigacion-de-mercados-qualimerc/,ignorar parámetros de la URL
3702,Redirecciones,ok_query,/directorio/proveedores/investigacion-de-mercados-q-solutions-1596,https://www.publi20.com/listing/investigacion-de-mercados-q-solutions/,,/listing/investigacion-de-mercados-q-solutions/,ignorar parámetros de la URL
3701,Redirecciones,ok_query,/directorio/proveedores/investigacion-de-mercados-pulso-mercadologico-1595,https://www.publi20.com/listing/investigacion-de-mercados-pulso-mercadologico/,,/listing/investigacion-de-mercados-pulso-mercadologico/,ignorar parámetros de la URL
3700,Redirecciones,ok_query,/directorio/proveedores/investigacion-de-mercados-psyma-latina-1594,https://www.publi20.com/listing/investigacion-de-mercados-psyma-latina/,,/listing/investigacion-de-mercados-psyma-latina/,ignorar parámetros de la URL
3699,Redirecciones,ok_query,/directorio/proveedores/investigacion-de-mercados-planning-antropologico-1593,https://www.publi20.com/listing/investigacion-de-mercados-planning-antropologico/,,/listing/investigacion-de-mercados-planning-antropologico/,ignorar parámetros de la URL
3698,Redirecciones,ok_query,/directorio/proveedores/investigacion-de-mercados-phenoma-1592,https://www.publi20.com/listing/investigacion-de-mercados-phenoma/,,/listing/investigacion-de-mercados-phenoma/,ignorar parámetros de la URL
3697,Redirecciones,ok_query,/directorio/proveedores/investigacion-de-mercados-parametria-1591,https://www.publi20.com/listing/investigacion-de-mercados-parametria/,,/listing/investigacion-de-mercados-parametria/,ignorar parámetros de la URL
3696,Redirecciones,ok_query,/directorio/proveedores/investigacion-de-mercados-nodo-investigacion+estrategia-1590,https://www.publi20.com/listing/investigacion-de-mercados-nodo-investigacion+estrategia/,,/listing/investigacion-de-mercados-nodo-investigacion+estrategia/,ignorar parámetros de la URL
3695,Redirecciones,ok_query,/directorio/proveedores/investigacion-de-mercados-nielsen-1589,https://www.publi20.com/listing/investigacion-de-mercados-nielsen/,,/listing/investigacion-de-mercados-nielsen/,ignorar parámetros de la URL
3694,Redirecciones,ok_query,/directorio/proveedores/investigacion-de-mercados-mkt-noroeste-1588,https://www.publi20.com/listing/investigacion-de-mercados-mkt-noroeste/,,/listing/investigacion-de-mercados-mkt-noroeste/,ignorar parámetros de la URL
3693,Redirecciones,ok_query,/directorio/proveedores/investigacion-de-mercados-mgr-marketing-global-research-1587,https://www.publi20.com/listing/investigacion-de-mercados-mgr-marketing-global-research/,,/listing/investigacion-de-mercados-mgr-marketing-global-research/,ignorar parámetros de la URL
3692,Redirecciones,ok_query,/directorio/proveedores/investigacion-de-mercados-merc-gfk-1586,https://www.publi20.com/listing/investigacion-de-mercados-merc-gfk/,,/listing/investigacion-de-mercados-merc-gfk/,ignorar parámetros de la URL
3691,Redirecciones,ok_query,/directorio/proveedores/investigacion-de-mercados-mercaei-1585,https://www.publi20.com/listing/investigacion-de-mercados-mercaei/,,/listing/investigacion-de-mercados-mercaei/,ignorar parámetros de la URL
3690,Redirecciones,ok_query,/directorio/proveedores/investigacion-de-mercados-master-research-1584,https://www.publi20.com/listing/investigacion-de-mercados-master-research/,,/listing/investigacion-de-mercados-master-research/,ignorar parámetros de la URL
3689,Redirecciones,ok_query,/directorio/proveedores/investigacion-de-mercados-marketing-group-1583,https://www.publi20.com/listing/investigacion-de-mercados-marketing-group/,,/listing/investigacion-de-mercados-marketing-group/,ignorar parámetros de la URL
3688,Redirecciones,ok_query,/directorio/proveedores/investigacion-de-mercados-mapor-1582,https://www.publi20.com/listing/investigacion-de-mercados-mapor/,,/listing/investigacion-de-mercados-mapor/,ignorar parámetros de la URL
3687,Redirecciones,ok_query,/directorio/proveedores/investigacion-de-mercados-lexia-insights-solutions-1581,https://www.publi20.com/listing/investigacion-de-mercados-lexia-insights-solutions/,,/listing/investigacion-de-mercados-lexia-insights-solutions/,ignorar parámetros de la URL
3686,Redirecciones,ok_query,/directorio/proveedores/investigacion-de-mercados-kandavarumarken-1580,https://www.publi20.com/listing/investigacion-de-mercados-kandavarumarken/,,/listing/investigacion-de-mercados-kandavarumarken/,ignorar parámetros de la URL
3685,Redirecciones,ok_query,/directorio/proveedores/investigacion-de-mercados-ipsos-bimsa-1579,https://www.publi20.com/listing/investigacion-de-mercados-ipsos-bimsa/,,/listing/investigacion-de-mercados-ipsos-bimsa/,ignorar parámetros de la URL
3684,Redirecciones,ok_query,/directorio/proveedores/investigacion-de-mercados-innovative-marketing-y-consultants-1578,https://www.publi20.com/listing/investigacion-de-mercados-innovative-marketing-y-consultants/,,/listing/investigacion-de-mercados-innovative-marketing-y-consultants/,ignorar parámetros de la URL
3683,Redirecciones,ok_query,/directorio/proveedores/investigacion-de-mercados-inmega-1577,https://www.publi20.com/listing/investigacion-de-mercados-inmega/,,/listing/investigacion-de-mercados-inmega/,ignorar parámetros de la URL
3682,Redirecciones,ok_query,/directorio/proveedores/investigacion-de-mercados-ibope-agb-1576,https://www.publi20.com/listing/investigacion-de-mercados-ibope-agb/,,/listing/investigacion-de-mercados-ibope-agb/,ignorar parámetros de la URL
3681,Redirecciones,ok_query,/directorio/proveedores/investigacion-de-mercados-gyd-investigacion-de-mercados-1575,https://www.publi20.com/listing/investigacion-de-mercados-gyd-investigacion-de-mercados/,,/listing/investigacion-de-mercados-gyd-investigacion-de-mercados/,ignorar parámetros de la URL
3680,Redirecciones,ok_query,/directorio/proveedores/investigacion-de-mercados-grupo-arkho-1574,https://www.publi20.com/listing/investigacion-de-mercados-grupo-arkho/,,/listing/investigacion-de-mercados-grupo-arkho/,ignorar parámetros de la URL
3679,Redirecciones,ok_query,/directorio/proveedores/investigacion-de-mercados-factum-1573,https://www.publi20.com/listing/investigacion-de-mercados-factum/,,/listing/investigacion-de-mercados-factum/,ignorar parámetros de la URL
3678,Redirecciones,ok_query,/directorio/proveedores/investigacion-de-mercados-evamerc-1572,https://www.publi20.com/listing/investigacion-de-mercados-evamerc/,,/listing/investigacion-de-mercados-evamerc/,ignorar parámetros de la URL
3677,Redirecciones,ok_query,/directorio/proveedores/investigacion-de-mercados-de-la-riva-group-1571,https://www.publi20.com/listing/investigacion-de-mercados-de-la-riva-group/,,/listing/investigacion-de-mercados-de-la-riva-group/,ignorar parámetros de la URL
3676,Redirecciones,ok_query,/directorio/proveedores/investigacion-de-mercados-consultoria-mkt-1570,https://www.publi20.com/listing/investigacion-de-mercados-consultoria-mkt/,,/listing/investigacion-de-mercados-consultoria-mkt/,ignorar parámetros de la URL
3675,Redirecciones,ok_query,/directorio/proveedores/investigacion-de-mercados-berumen-1569,https://www.publi20.com/listing/investigacion-de-mercados-berumen/,,/listing/investigacion-de-mercados-berumen/,ignorar parámetros de la URL
3674,Redirecciones,ok_query,/directorio/proveedores/investigacion-de-mercados-analitica-marketing-1568,https://www.publi20.com/listing/investigacion-de-mercados-analitica-marketing/,,/listing/investigacion-de-mercados-analitica-marketing/,ignorar parámetros de la URL
3673,Redirecciones,ok_query,/directorio/proveedores/investigacion-de-mercados-aljamia-1567,https://www.publi20.com/listing/investigacion-de-mercados-aljamia/,,/listing/investigacion-de-mercados-aljamia/,ignorar parámetros de la URL
3672,Redirecciones,ok_query,/directorio/proveedores/impresion-digital-grupo-venegraphic-1566,https://www.publi20.com/listing/impresion-digital-grupo-venegraphic/,,/listing/impresion-digital-grupo-venegraphic/,ignorar parámetros de la URL
3671,Redirecciones,ok_query,/directorio/proveedores/impresion-digital-litografica-selene-1565,https://www.publi20.com/listing/impresion-digital-litografica-selene/,,/listing/impresion-digital-litografica-selene/,ignorar parámetros de la URL
3670,Redirecciones,ok_query,/directorio/proveedores/impresion-digital-grupo-efsa-1564,https://www.publi20.com/listing/impresion-digital-grupo-efsa/,,/listing/impresion-digital-grupo-efsa/,ignorar parámetros de la URL
3669,Redirecciones,ok_query,/directorio/proveedores/impresion-digital-geformas-1563,https://www.publi20.com/listing/impresion-digital-geformas/,,/listing/impresion-digital-geformas/,ignorar parámetros de la URL
3668,Redirecciones,ok_query,/directorio/proveedores/impresion-digital-avance-publicidad-1562,https://www.publi20.com/listing/impresion-digital-avance-publicidad/,,/listing/impresion-digital-avance-publicidad/,ignorar parámetros de la URL
3667,Redirecciones,destino_mal,/directorio/proveedores/impresion-digital-artigraf-1561,https://www.publi20.com/listing/impresion-digital-artigraf/,,404 /listing/impresion-digital-artigraf/,reapuntar a /publicidad/
3666,Redirecciones,ok_query,/directorio/proveedores/impresion-digital-argoga-soluciones-avanzadas-en-sistemas-1560,https://www.publi20.com/listing/impresion-digital-argoga-soluciones-avanzadas-en-sistemas/,,/listing/impresion-digital-argoga-soluciones-avanzadas-en-sistemas/,ignorar parámetros de la URL
3665,Redirecciones,ok_query,/directorio/proveedores/ilustradores-lowbrowmx-alto-diseno-1559,https://www.publi20.com/listing/ilustradores-lowbrowmx-alto-diseno/,,/listing/ilustradores-lowbrowmx-alto-diseno/,ignorar parámetros de la URL
3664,Redirecciones,ok_query,/directorio/proveedores/ilustradores-raul-cruz-figueroa-1558,https://www.publi20.com/listing/ilustradores-raul-cruz-figueroa/,,/listing/ilustradores-raul-cruz-figueroa/,ignorar parámetros de la URL
3663,Redirecciones,ok_query,/directorio/proveedores/fotografia-tuekphoto-1557,https://www.publi20.com/listing/fotografia-tuekphoto/,,/listing/fotografia-tuekphoto/,ignorar parámetros de la URL
3662,Redirecciones,ok_query,/directorio/proveedores/fotografia-shaktiprod-1556,https://www.publi20.com/listing/fotografia-shaktiprod/,,/listing/fotografia-shaktiprod/,ignorar parámetros de la URL
3661,Redirecciones,ok_query,/directorio/proveedores/fotografia-segarra-estudio-1555,https://www.publi20.com/listing/fotografia-segarra-estudio/,,/listing/fotografia-segarra-estudio/,ignorar parámetros de la URL
3660,Redirecciones,destino_mal,/directorio/proveedores/fotografia-quinque-fotoydiseno-1554,https://www.publi20.com/listing/fotografia-quinque-fotoydiseno/,,404 /listing/fotografia-quinque-fotoydiseno/,reapuntar a /publicidad/
3659,Redirecciones,ok_query,/directorio/proveedores/fotografia-paul-brauns-photo-1553,https://www.publi20.com/listing/fotografia-paul-brauns-photo/,,/listing/fotografia-paul-brauns-photo/,ignorar parámetros de la URL
3658,Redirecciones,ok_query,/directorio/proveedores/fotografia-nasty-danny-studio-1552,https://www.publi20.com/listing/fotografia-nasty-danny-studio/,,/listing/fotografia-nasty-danny-studio/,ignorar parámetros de la URL
3657,Redirecciones,ok_query,/directorio/proveedores/fotografia-ktc-1551,https://www.publi20.com/listing/fotografia-ktc/,,/listing/fotografia-ktc/,ignorar parámetros de la URL
3656,Redirecciones,ok_query,/directorio/proveedores/fotografia-isaac-ramarti--fotogafia-y-diseno-1550,https://www.publi20.com/listing/fotografia-isaac-ramarti--fotogafia-y-diseno/,,/listing/fotografia-isaac-ramarti--fotogafia-y-diseno/,ignorar parámetros de la URL
3655,Redirecciones,ok_query,/directorio/proveedores/fotografia-horacio-vasquez-1549,https://www.publi20.com/listing/fotografia-horacio-vasquez/,,/listing/fotografia-horacio-vasquez/,ignorar parámetros de la URL
3654,Redirecciones,ok_query,/directorio/proveedores/fotografia-hector-paris-fotografia-1548,https://www.publi20.com/listing/fotografia-hector-paris-fotografia/,,/listing/fotografia-hector-paris-fotografia/,ignorar parámetros de la URL
3653,Redirecciones,ok_query,/directorio/proveedores/fotografia-fotofilms-1547,https://www.publi20.com/listing/fotografia-fotofilms/,,/listing/fotografia-fotofilms/,ignorar parámetros de la URL
3652,Redirecciones,ok_query,/directorio/proveedores/fotografia-calavera-studios-1546,https://www.publi20.com/listing/fotografia-calavera-studios/,,/listing/fotografia-calavera-studios/,ignorar parámetros de la URL
3651,Redirecciones,ok_query,/directorio/proveedores/estudios-y-foros-en-renta-talento-post-1545,https://www.publi20.com/listing/estudios-y-foros-en-renta-talento-post/,,/listing/estudios-y-foros-en-renta-talento-post/,ignorar parámetros de la URL
3650,Redirecciones,ok_query,/directorio/proveedores/estudios-y-foros-en-renta-squadra-1544,https://www.publi20.com/listing/estudios-y-foros-en-renta-squadra/,,/listing/estudios-y-foros-en-renta-squadra/,ignorar parámetros de la URL
3649,Redirecciones,ok_query,/directorio/proveedores/estudios-y-foros-en-renta-pixstudio-1543,https://www.publi20.com/listing/estudios-y-foros-en-renta-pixstudio/,,/listing/estudios-y-foros-en-renta-pixstudio/,ignorar parámetros de la URL
3648,Redirecciones,ok_query,/directorio/proveedores/estudios-y-foros-en-renta-palmera-films-1542,https://www.publi20.com/listing/estudios-y-foros-en-renta-palmera-films/,,/listing/estudios-y-foros-en-renta-palmera-films/,ignorar parámetros de la URL
3647,Redirecciones,ok_query,/directorio/proveedores/estudios-y-foros-en-renta-k-estudio-1541,https://www.publi20.com/listing/estudios-y-foros-en-renta-k-estudio/,,/listing/estudios-y-foros-en-renta-k-estudio/,ignorar parámetros de la URL
3646,Redirecciones,ok_query,/directorio/proveedores/estudios-y-foros-en-renta-56-cinco-punto-seis-1540,https://www.publi20.com/listing/estudios-y-foros-en-renta-56-cinco-punto-seis/,,/listing/estudios-y-foros-en-renta-56-cinco-punto-seis/,ignorar parámetros de la URL
3645,Redirecciones,ok_query,/directorio/proveedores/estudio-de-grabacion-septimo-sello-1539,https://www.publi20.com/listing/estudio-de-grabacion-septimo-sello/,,/listing/estudio-de-grabacion-septimo-sello/,ignorar parámetros de la URL
3644,Redirecciones,ok_query,/directorio/proveedores/estudio-de-grabacion-sala-de-audio-1538,https://www.publi20.com/listing/estudio-de-grabacion-sala-de-audio/,,/listing/estudio-de-grabacion-sala-de-audio/,ignorar parámetros de la URL
3643,Redirecciones,ok_query,/directorio/proveedores/estudio-de-grabacion-prado-sur-audio-1537,https://www.publi20.com/listing/estudio-de-grabacion-prado-sur-audio/,,/listing/estudio-de-grabacion-prado-sur-audio/,ignorar parámetros de la URL
3642,Redirecciones,ok_query,/directorio/proveedores/estudio-de-grabacion-pianica-1536,https://www.publi20.com/listing/estudio-de-grabacion-pianica/,,/listing/estudio-de-grabacion-pianica/,ignorar parámetros de la URL
3641,Redirecciones,ok_query,/directorio/proveedores/estudio-de-grabacion-mono-aural-1535,https://www.publi20.com/listing/estudio-de-grabacion-mono-aural/,,/listing/estudio-de-grabacion-mono-aural/,ignorar parámetros de la URL
3640,Redirecciones,ok_query,/directorio/proveedores/estudio-de-grabacion-mixtlan-producciones-1534,https://www.publi20.com/listing/estudio-de-grabacion-mixtlan-producciones/,,/listing/estudio-de-grabacion-mixtlan-producciones/,ignorar parámetros de la URL
3639,Redirecciones,ok_query,/directorio/proveedores/estudio-de-grabacion-lado-a-estudios-1533,https://www.publi20.com/listing/estudio-de-grabacion-lado-a-estudios/,,/listing/estudio-de-grabacion-lado-a-estudios/,ignorar parámetros de la URL
3638,Redirecciones,ok_query,/directorio/proveedores/estudio-de-grabacion-jarpa-studio-1532,https://www.publi20.com/listing/estudio-de-grabacion-jarpa-studio/,,/listing/estudio-de-grabacion-jarpa-studio/,ignorar parámetros de la URL
3637,Redirecciones,ok_query,/directorio/proveedores/estudio-de-grabacion-esound-1531,https://www.publi20.com/listing/estudio-de-grabacion-esound/,,/listing/estudio-de-grabacion-esound/,ignorar parámetros de la URL
3636,Redirecciones,ok_query,/directorio/proveedores/estudio-de-grabacion-el-estudio-1530,https://www.publi20.com/listing/estudio-de-grabacion-el-estudio/,,/listing/estudio-de-grabacion-el-estudio/,ignorar parámetros de la URL
3635,Redirecciones,ok_query,/directorio/proveedores/estudio-de-grabacion-estudio-cuarto-del-fondo-1529,https://www.publi20.com/listing/estudio-de-grabacion-estudio-cuarto-del-fondo/,,/listing/estudio-de-grabacion-estudio-cuarto-del-fondo/,ignorar parámetros de la URL
3634,Redirecciones,ok_query,/directorio/proveedores/estudio-de-grabacion-el-cuarto-de-atras-1528,https://www.publi20.com/listing/estudio-de-grabacion-el-cuarto-de-atras/,,/listing/estudio-de-grabacion-el-cuarto-de-atras/,ignorar parámetros de la URL
3633,Redirecciones,ok_query,/directorio/proveedores/estudio-de-grabacion-dna-1527,https://www.publi20.com/listing/estudio-de-grabacion-dna/,,/listing/estudio-de-grabacion-dna/,ignorar parámetros de la URL
3632,Redirecciones,ok_query,/directorio/proveedores/estudio-de-grabacion-catapulta-studios-1526,https://www.publi20.com/listing/estudio-de-grabacion-catapulta-studios/,,/listing/estudio-de-grabacion-catapulta-studios/,ignorar parámetros de la URL
3631,Redirecciones,ok_query,/directorio/proveedores/estudio-de-grabacion-carlos-ortega-1525,https://www.publi20.com/listing/estudio-de-grabacion-carlos-ortega/,,/listing/estudio-de-grabacion-carlos-ortega/,ignorar parámetros de la URL
3630,Redirecciones,ok_query,/directorio/proveedores/estudio-de-grabacion-bulevard-studio-1524,https://www.publi20.com/listing/estudio-de-grabacion-bulevard-studio/,,/listing/estudio-de-grabacion-bulevard-studio/,ignorar parámetros de la URL
3629,Redirecciones,ok_query,/directorio/proveedores/estudio-de-grabacion-bulbo-1523,https://www.publi20.com/listing/estudio-de-grabacion-bulbo/,,/listing/estudio-de-grabacion-bulbo/,ignorar parámetros de la URL
3628,Redirecciones,ok_query,/directorio/proveedores/estudio-de-grabacion-aquasound-studio-1522,https://www.publi20.com/listing/estudio-de-grabacion-aquasound-studio/,,/listing/estudio-de-grabacion-aquasound-studio/,ignorar parámetros de la URL
3627,Redirecciones,ok_query,/directorio/proveedores/estudio-de-grabacion-aio-estudio-1521,https://www.publi20.com/listing/estudio-de-grabacion-aio-estudio/,,/listing/estudio-de-grabacion-aio-estudio/,ignorar parámetros de la URL
3626,Redirecciones,ok_query,/directorio/proveedores/estudio-de-grabacion-equis-cosa-1520,https://www.publi20.com/listing/estudio-de-grabacion-equis-cosa/,,/listing/estudio-de-grabacion-equis-cosa/,ignorar parámetros de la URL
3625,Redirecciones,ok_query,/directorio/proveedores/estudio-de-grabacion-3cnuno-producciones-1519,https://www.publi20.com/listing/estudio-de-grabacion-3cnuno-producciones/,,/listing/estudio-de-grabacion-3cnuno-producciones/,ignorar parámetros de la URL
3624,Redirecciones,ok_query,/directorio/proveedores/estudio-de-animacion-phenomena-1518,https://www.publi20.com/listing/estudio-de-animacion-phenomena/,,/listing/estudio-de-animacion-phenomena/,ignorar parámetros de la URL
3623,Redirecciones,ok_query,/directorio/proveedores/estudio-de-animacion-organika-1517,https://www.publi20.com/listing/estudio-de-animacion-organika/,,/listing/estudio-de-animacion-organika/,ignorar parámetros de la URL
3622,Redirecciones,ok_query,/directorio/proveedores/estudio-de-animacion-cluster-studio-1516,https://www.publi20.com/listing/estudio-de-animacion-cluster-studio/,,/listing/estudio-de-animacion-cluster-studio/,ignorar parámetros de la URL
3621,Redirecciones,ok_query,/directorio/proveedores/estudio-de-animacion-cinema-fantasma-1515,https://www.publi20.com/listing/estudio-de-animacion-cinema-fantasma/,,/listing/estudio-de-animacion-cinema-fantasma/,ignorar parámetros de la URL
3620,Redirecciones,ok_query,/directorio/proveedores/doblaje-y-subtitulaje-subsub-quality-subtitles-1514,https://www.publi20.com/listing/doblaje-y-subtitulaje-subsub-quality-subtitles/,,/listing/doblaje-y-subtitulaje-subsub-quality-subtitles/,ignorar parámetros de la URL
3619,Redirecciones,ok_query,/directorio/proveedores/doblaje-y-subtitulaje-rgb-21-1513,https://www.publi20.com/listing/doblaje-y-subtitulaje-rgb-21/,,/listing/doblaje-y-subtitulaje-rgb-21/,ignorar parámetros de la URL
3618,Redirecciones,ok_query,/directorio/proveedores/doblaje-y-subtitulaje-prime-dubb-1512,https://www.publi20.com/listing/doblaje-y-subtitulaje-prime-dubb/,,/listing/doblaje-y-subtitulaje-prime-dubb/,ignorar parámetros de la URL
3617,Redirecciones,ok_query,/directorio/proveedores/doblaje-y-subtitulaje-new-art-dub-1511,https://www.publi20.com/listing/doblaje-y-subtitulaje-new-art-dub/,,/listing/doblaje-y-subtitulaje-new-art-dub/,ignorar parámetros de la URL
3616,Redirecciones,ok_query,/directorio/proveedores/doblaje-y-subtitulaje-lenguaje-visual-1510,https://www.publi20.com/listing/doblaje-y-subtitulaje-lenguaje-visual/,,/listing/doblaje-y-subtitulaje-lenguaje-visual/,ignorar parámetros de la URL
3615,Redirecciones,ok_query,/directorio/proveedores/doblaje-y-subtitulaje-ki-audio-1509,https://www.publi20.com/listing/doblaje-y-subtitulaje-ki-audio/,,/listing/doblaje-y-subtitulaje-ki-audio/,ignorar parámetros de la URL
3614,Redirecciones,ok_query,/directorio/proveedores/doblaje-y-subtitulaje-digifilm-1508,https://www.publi20.com/listing/doblaje-y-subtitulaje-digifilm/,,/listing/doblaje-y-subtitulaje-digifilm/,ignorar parámetros de la URL
3613,Redirecciones,ok_query,/directorio/proveedores/doblaje-y-subtitulaje-datdoblaje-1507,https://www.publi20.com/listing/doblaje-y-subtitulaje-datdoblaje/,,/listing/doblaje-y-subtitulaje-datdoblaje/,ignorar parámetros de la URL
3612,Redirecciones,ok_query,/directorio/proveedores/doblaje-y-subtitulaje-candiani-dubbing-studios-1506,https://www.publi20.com/listing/doblaje-y-subtitulaje-candiani-dubbing-studios/,,/listing/doblaje-y-subtitulaje-candiani-dubbing-studios/,ignorar parámetros de la URL
3611,Redirecciones,ok_query,/directorio/proveedores/doblaje-y-subtitulaje-audio-acustica-1505,https://www.publi20.com/listing/doblaje-y-subtitulaje-audio-acustica/,,/listing/doblaje-y-subtitulaje-audio-acustica/,ignorar parámetros de la URL
3610,Redirecciones,ok_query,/directorio/proveedores/diseno-y-desarrollo-web-zoomlanet-solutions-1504,https://www.publi20.com/listing/diseno-y-desarrollo-web-zoomlanet-solutions/,,/listing/diseno-y-desarrollo-web-zoomlanet-solutions/,ignorar parámetros de la URL
3609,Redirecciones,ok_query,/directorio/proveedores/diseno-y-desarrollo-web-ytion-1503,https://www.publi20.com/listing/diseno-y-desarrollo-web-ytion/,,/listing/diseno-y-desarrollo-web-ytion/,ignorar parámetros de la URL
3608,Redirecciones,ok_query,/directorio/proveedores/diseno-y-desarrollo-web-webmastercommx-1502,https://www.publi20.com/listing/diseno-y-desarrollo-web-webmastercommx/,,/listing/diseno-y-desarrollo-web-webmastercommx/,ignorar parámetros de la URL
3607,Redirecciones,ok_query,/directorio/proveedores/diseno-y-desarrollo-web-weblex-1501,https://www.publi20.com/listing/diseno-y-desarrollo-web-weblex/,,/listing/diseno-y-desarrollo-web-weblex/,ignorar parámetros de la URL
3606,Redirecciones,ok_query,/directorio/proveedores/diseno-y-desarrollo-web-tictoc-studio-1500,https://www.publi20.com/listing/diseno-y-desarrollo-web-tictoc-studio/,,/listing/diseno-y-desarrollo-web-tictoc-studio/,ignorar parámetros de la URL
3605,Redirecciones,ok_query,/directorio/proveedores/diseno-y-desarrollo-web-tdw-two-digit-world-1499,https://www.publi20.com/listing/diseno-y-desarrollo-web-tdw-two-digit-world/,,/listing/diseno-y-desarrollo-web-tdw-two-digit-world/,ignorar parámetros de la URL
3604,Redirecciones,ok_query,/directorio/proveedores/diseno-y-desarrollo-web-synergya-1498,https://www.publi20.com/listing/diseno-y-desarrollo-web-synergya/,,/listing/diseno-y-desarrollo-web-synergya/,ignorar parámetros de la URL
3603,Redirecciones,ok_query,/directorio/proveedores/diseno-y-desarrollo-web-sigmait-1497,https://www.publi20.com/listing/diseno-y-desarrollo-web-sigmait/,,/listing/diseno-y-desarrollo-web-sigmait/,ignorar parámetros de la URL
3602,Redirecciones,ok_query,/directorio/proveedores/diseno-y-desarrollo-web-riss-1496,https://www.publi20.com/listing/diseno-y-desarrollo-web-riss/,,/listing/diseno-y-desarrollo-web-riss/,ignorar parámetros de la URL
3601,Redirecciones,ok_query,/directorio/proveedores/diseno-y-desarrollo-web-red-light-web-studio-1495,https://www.publi20.com/listing/diseno-y-desarrollo-web-red-light-web-studio/,,/listing/diseno-y-desarrollo-web-red-light-web-studio/,ignorar parámetros de la URL
3600,Redirecciones,ok_query,/directorio/proveedores/diseno-y-desarrollo-web-quimera-urbana-1494,https://www.publi20.com/listing/diseno-y-desarrollo-web-quimera-urbana/,,/listing/diseno-y-desarrollo-web-quimera-urbana/,ignorar parámetros de la URL
3599,Redirecciones,ok_query,/directorio/proveedores/diseno-y-desarrollo-web-quantum-family-1493,https://www.publi20.com/listing/diseno-y-desarrollo-web-quantum-family/,,/listing/diseno-y-desarrollo-web-quantum-family/,ignorar parámetros de la URL
3598,Redirecciones,ok_query,/directorio/proveedores/diseno-y-desarrollo-web-publisearch-1492,https://www.publi20.com/listing/diseno-y-desarrollo-web-publisearch/,,/listing/diseno-y-desarrollo-web-publisearch/,ignorar parámetros de la URL
3597,Redirecciones,ok_query,/directorio/proveedores/diseno-y-desarrollo-web-pq-design-1491,https://www.publi20.com/listing/diseno-y-desarrollo-web-pq-design/,,/listing/diseno-y-desarrollo-web-pq-design/,ignorar parámetros de la URL
3596,Redirecciones,ok_query,/directorio/proveedores/diseno-y-desarrollo-web-podernet-1490,https://www.publi20.com/listing/diseno-y-desarrollo-web-podernet/,,/listing/diseno-y-desarrollo-web-podernet/,ignorar parámetros de la URL
3595,Redirecciones,ok_query,/directorio/proveedores/diseno-y-desarrollo-web-pixel--dot-1489,https://www.publi20.com/listing/diseno-y-desarrollo-web-pixel--dot/,,/listing/diseno-y-desarrollo-web-pixel--dot/,ignorar parámetros de la URL
3594,Redirecciones,ok_query,/directorio/proveedores/diseno-y-desarrollo-web-paginas-web-mexico-1488,https://www.publi20.com/listing/diseno-y-desarrollo-web-paginas-web-mexico/,,/listing/diseno-y-desarrollo-web-paginas-web-mexico/,ignorar parámetros de la URL
3593,Redirecciones,ok_query,/directorio/proveedores/diseno-y-desarrollo-web-orange-studio-1487,https://www.publi20.com/listing/diseno-y-desarrollo-web-orange-studio/,,/listing/diseno-y-desarrollo-web-orange-studio/,ignorar parámetros de la URL
3592,Redirecciones,ok_query,/directorio/proveedores/diseno-y-desarrollo-web-opalo-negro-1486,https://www.publi20.com/listing/diseno-y-desarrollo-web-opalo-negro/,,/listing/diseno-y-desarrollo-web-opalo-negro/,ignorar parámetros de la URL
3591,Redirecciones,ok_query,/directorio/proveedores/diseno-y-desarrollo-web-nuts-1485,https://www.publi20.com/listing/diseno-y-desarrollo-web-nuts/,,/listing/diseno-y-desarrollo-web-nuts/,ignorar parámetros de la URL
3590,Redirecciones,ok_query,/directorio/proveedores/diseno-y-desarrollo-web-naranya-1484,https://www.publi20.com/listing/diseno-y-desarrollo-web-naranya/,,/listing/diseno-y-desarrollo-web-naranya/,ignorar parámetros de la URL
3589,Redirecciones,ok_query,/directorio/proveedores/diseno-y-desarrollo-web-mxigen-1483,https://www.publi20.com/listing/diseno-y-desarrollo-web-mxigen/,,/listing/diseno-y-desarrollo-web-mxigen/,ignorar parámetros de la URL
3588,Redirecciones,ok_query,/directorio/proveedores/diseno-y-desarrollo-web-multi-dimension-studio-1482,https://www.publi20.com/listing/diseno-y-desarrollo-web-multi-dimension-studio/,,/listing/diseno-y-desarrollo-web-multi-dimension-studio/,ignorar parámetros de la URL
3587,Redirecciones,ok_query,/directorio/proveedores/diseno-y-desarrollo-web-meximex-1481,https://www.publi20.com/listing/diseno-y-desarrollo-web-meximex/,,/listing/diseno-y-desarrollo-web-meximex/,ignorar parámetros de la URL
3586,Redirecciones,ok_query,/directorio/proveedores/diseno-y-desarrollo-web-grupo-meridian-1480,https://www.publi20.com/listing/diseno-y-desarrollo-web-grupo-meridian/,,/listing/diseno-y-desarrollo-web-grupo-meridian/,ignorar parámetros de la URL
3585,Redirecciones,ok_query,/directorio/proveedores/diseno-y-desarrollo-web-mercatech-1479,https://www.publi20.com/listing/diseno-y-desarrollo-web-mercatech/,,/listing/diseno-y-desarrollo-web-mercatech/,ignorar parámetros de la URL
3584,Redirecciones,ok_query,/directorio/proveedores/diseno-y-desarrollo-web-mebecom-1478,https://www.publi20.com/listing/diseno-y-desarrollo-web-mebecom/,,/listing/diseno-y-desarrollo-web-mebecom/,ignorar parámetros de la URL
3583,Redirecciones,ok_query,/directorio/proveedores/diseno-y-desarrollo-web-masclicks-1477,https://www.publi20.com/listing/diseno-y-desarrollo-web-masclicks/,,/listing/diseno-y-desarrollo-web-masclicks/,ignorar parámetros de la URL
3582,Redirecciones,ok_query,/directorio/proveedores/diseno-y-desarrollo-web-macroidea-web-studio-1476,https://www.publi20.com/listing/diseno-y-desarrollo-web-macroidea-web-studio/,,/listing/diseno-y-desarrollo-web-macroidea-web-studio/,ignorar parámetros de la URL
3581,Redirecciones,ok_query,/directorio/proveedores/diseno-y-desarrollo-web-licorne-1475,https://www.publi20.com/listing/diseno-y-desarrollo-web-licorne/,,/listing/diseno-y-desarrollo-web-licorne/,ignorar parámetros de la URL
3580,Redirecciones,ok_query,/directorio/proveedores/diseno-y-desarrollo-web-jpsconceptos-1474,https://www.publi20.com/listing/diseno-y-desarrollo-web-jpsconceptos/,,/listing/diseno-y-desarrollo-web-jpsconceptos/,ignorar parámetros de la URL
3579,Redirecciones,ok_query,/directorio/proveedores/diseno-y-desarrollo-web-iss-1473,https://www.publi20.com/listing/diseno-y-desarrollo-web-iss/,,/listing/diseno-y-desarrollo-web-iss/,ignorar parámetros de la URL
3578,Redirecciones,ok_query,/directorio/proveedores/diseno-y-desarrollo-web-intermexico-1472,https://www.publi20.com/listing/diseno-y-desarrollo-web-intermexico/,,/listing/diseno-y-desarrollo-web-intermexico/,ignorar parámetros de la URL
3577,Redirecciones,ok_query,/directorio/proveedores/diseno-y-desarrollo-web-interactuar-digital-1471,https://www.publi20.com/listing/diseno-y-desarrollo-web-interactuar-digital/,,/listing/diseno-y-desarrollo-web-interactuar-digital/,ignorar parámetros de la URL
3576,Redirecciones,ok_query,/directorio/proveedores/diseno-y-desarrollo-web-grupo-bfx-1470,https://www.publi20.com/listing/diseno-y-desarrollo-web-grupo-bfx/,,/listing/diseno-y-desarrollo-web-grupo-bfx/,ignorar parámetros de la URL
3575,Redirecciones,ok_query,/directorio/proveedores/diseno-y-desarrollo-web-graffistika-1469,https://www.publi20.com/listing/diseno-y-desarrollo-web-graffistika/,,/listing/diseno-y-desarrollo-web-graffistika/,ignorar parámetros de la URL
3574,Redirecciones,ok_query,/directorio/proveedores/diseno-y-desarrollo-web-grafico-total--1468,https://www.publi20.com/listing/diseno-y-desarrollo-web-grafico-total-/,,/listing/diseno-y-desarrollo-web-grafico-total-/,ignorar parámetros de la URL
3573,Redirecciones,ok_query,/directorio/proveedores/diseno-y-desarrollo-web-gradocero-studio-1467,https://www.publi20.com/listing/diseno-y-desarrollo-web-gradocero-studio/,,/listing/diseno-y-desarrollo-web-gradocero-studio/,ignorar parámetros de la URL
3572,Redirecciones,ok_query,/directorio/proveedores/diseno-y-desarrollo-web-go-room-dl-1466,https://www.publi20.com/listing/diseno-y-desarrollo-web-go-room-dl/,,/listing/diseno-y-desarrollo-web-go-room-dl/,ignorar parámetros de la URL
3571,Redirecciones,ok_query,/directorio/proveedores/diseno-y-desarrollo-web-gamol-1465,https://www.publi20.com/listing/diseno-y-desarrollo-web-gamol/,,/listing/diseno-y-desarrollo-web-gamol/,ignorar parámetros de la URL
3570,Redirecciones,ok_query,/directorio/proveedores/diseno-y-desarrollo-web-fahrenheit-1464,https://www.publi20.com/listing/diseno-y-desarrollo-web-fahrenheit/,,/listing/diseno-y-desarrollo-web-fahrenheit/,ignorar parámetros de la URL
3569,Redirecciones,ok_query,/directorio/proveedores/diseno-y-desarrollo-web-ezra-1463,https://www.publi20.com/listing/diseno-y-desarrollo-web-ezra/,,/listing/diseno-y-desarrollo-web-ezra/,ignorar parámetros de la URL
3568,Redirecciones,ok_query,/directorio/proveedores/diseno-y-desarrollo-web-enfoque3w-1462,https://www.publi20.com/listing/diseno-y-desarrollo-web-enfoque3w/,,/listing/diseno-y-desarrollo-web-enfoque3w/,ignorar parámetros de la URL
3567,Redirecciones,ok_query,/directorio/proveedores/diseno-y-desarrollo-web-el-milagrito-1461,https://www.publi20.com/listing/diseno-y-desarrollo-web-el-milagrito/,,/listing/diseno-y-desarrollo-web-el-milagrito/,ignorar parámetros de la URL
3566,Redirecciones,ok_query,/directorio/proveedores/diseno-y-desarrollo-web-ekodeva-design-studio-1460,https://www.publi20.com/listing/diseno-y-desarrollo-web-ekodeva-design-studio/,,/listing/diseno-y-desarrollo-web-ekodeva-design-studio/,ignorar parámetros de la URL
3565,Redirecciones,ok_query,/directorio/proveedores/diseno-y-desarrollo-web-element-studios-1459,https://www.publi20.com/listing/diseno-y-desarrollo-web-element-studios/,,/listing/diseno-y-desarrollo-web-element-studios/,ignorar parámetros de la URL
3564,Redirecciones,ok_query,/directorio/proveedores/diseno-y-desarrollo-web-dinamico-group-1458,https://www.publi20.com/listing/diseno-y-desarrollo-web-dinamico-group/,,/listing/diseno-y-desarrollo-web-dinamico-group/,ignorar parámetros de la URL
3563,Redirecciones,ok_query,/directorio/proveedores/diseno-y-desarrollo-web-denumeris-interactive-1457,https://www.publi20.com/listing/diseno-y-desarrollo-web-denumeris-interactive/,,/listing/diseno-y-desarrollo-web-denumeris-interactive/,ignorar parámetros de la URL
3562,Redirecciones,ok_query,/directorio/proveedores/diseno-y-desarrollo-web-crmen-mexico-1456,https://www.publi20.com/listing/diseno-y-desarrollo-web-crmen-mexico/,,/listing/diseno-y-desarrollo-web-crmen-mexico/,ignorar parámetros de la URL
3561,Redirecciones,ok_query,/directorio/proveedores/diseno-y-desarrollo-web-creactivo-1455,https://www.publi20.com/listing/diseno-y-desarrollo-web-creactivo/,,/listing/diseno-y-desarrollo-web-creactivo/,ignorar parámetros de la URL
3560,Redirecciones,ok_query,/directorio/proveedores/diseno-y-desarrollo-web-copyleft-solutions-1454,https://www.publi20.com/listing/diseno-y-desarrollo-web-copyleft-solutions/,,/listing/diseno-y-desarrollo-web-copyleft-solutions/,ignorar parámetros de la URL
3559,Redirecciones,ok_query,/directorio/proveedores/diseno-y-desarrollo-web-codice-1453,https://www.publi20.com/listing/diseno-y-desarrollo-web-codice/,,/listing/diseno-y-desarrollo-web-codice/,ignorar parámetros de la URL
3558,Redirecciones,ok_query,/directorio/proveedores/diseno-y-desarrollo-web-cocktail-marketing-1452,https://www.publi20.com/listing/diseno-y-desarrollo-web-cocktail-marketing/,,/listing/diseno-y-desarrollo-web-cocktail-marketing/,ignorar parámetros de la URL
3557,Redirecciones,ok_query,/directorio/proveedores/diseno-y-desarrollo-web-clise-digital-1451,https://www.publi20.com/listing/diseno-y-desarrollo-web-clise-digital/,,/listing/diseno-y-desarrollo-web-clise-digital/,ignorar parámetros de la URL
3556,Redirecciones,ok_query,/directorio/proveedores/diseno-y-desarrollo-web-blu-concept-1450,https://www.publi20.com/listing/diseno-y-desarrollo-web-blu-concept/,,/listing/diseno-y-desarrollo-web-blu-concept/,ignorar parámetros de la URL
3555,Redirecciones,ok_query,/directorio/proveedores/diseno-y-desarrollo-web-bitlab-interactive-1449,https://www.publi20.com/listing/diseno-y-desarrollo-web-bitlab-interactive/,,/listing/diseno-y-desarrollo-web-bitlab-interactive/,ignorar parámetros de la URL
3554,Redirecciones,ok_query,/directorio/proveedores/diseno-y-desarrollo-web-azulgris-1448,https://www.publi20.com/listing/diseno-y-desarrollo-web-azulgris/,,/listing/diseno-y-desarrollo-web-azulgris/,ignorar parámetros de la URL
3553,Redirecciones,ok_query,/directorio/proveedores/diseno-y-desarrollo-web-azul-bambu-1447,https://www.publi20.com/listing/diseno-y-desarrollo-web-azul-bambu/,,/listing/diseno-y-desarrollo-web-azul-bambu/,ignorar parámetros de la URL
3552,Redirecciones,ok_query,/directorio/proveedores/diseno-y-desarrollo-web-aypinternet-1446,https://www.publi20.com/listing/diseno-y-desarrollo-web-aypinternet/,,/listing/diseno-y-desarrollo-web-aypinternet/,ignorar parámetros de la URL
3551,Redirecciones,ok_query,/directorio/proveedores/diseno-y-desarrollo-web-asi-diseno-web-1445,https://www.publi20.com/listing/diseno-y-desarrollo-web-asi-diseno-web/,,/listing/diseno-y-desarrollo-web-asi-diseno-web/,ignorar parámetros de la URL
3550,Redirecciones,ok_query,/directorio/proveedores/diseno-y-desarrollo-web-arroba-system-1444,https://www.publi20.com/listing/diseno-y-desarrollo-web-arroba-system/,,/listing/diseno-y-desarrollo-web-arroba-system/,ignorar parámetros de la URL
3549,Redirecciones,ok_query,/directorio/proveedores/diseno-y-desarrollo-web-area-1443,https://www.publi20.com/listing/diseno-y-desarrollo-web-area/,,/listing/diseno-y-desarrollo-web-area/,ignorar parámetros de la URL
3548,Redirecciones,ok_query,/directorio/proveedores/diseno-y-desarrollo-web-animala-web-1442,https://www.publi20.com/listing/diseno-y-desarrollo-web-animala-web/,,/listing/diseno-y-desarrollo-web-animala-web/,ignorar parámetros de la URL
3547,Redirecciones,ok_query,/directorio/proveedores/diseno-y-desarrollo-web-ambigrama-estudio-creativo-1441,https://www.publi20.com/listing/diseno-y-desarrollo-web-ambigrama-estudio-creativo/,,/listing/diseno-y-desarrollo-web-ambigrama-estudio-creativo/,ignorar parámetros de la URL
3546,Redirecciones,ok_query,/directorio/proveedores/diseno-y-desarrollo-web-albegrafic-1440,https://www.publi20.com/listing/diseno-y-desarrollo-web-albegrafic/,,/listing/diseno-y-desarrollo-web-albegrafic/,ignorar parámetros de la URL
3545,Redirecciones,ok_query,/directorio/proveedores/diseno-y-desarrollo-web-adivor-1439,https://www.publi20.com/listing/diseno-y-desarrollo-web-adivor/,,/listing/diseno-y-desarrollo-web-adivor/,ignorar parámetros de la URL
3544,Redirecciones,ok_query,/directorio/proveedores/diseno-y-desarrollo-web-activamente-1438,https://www.publi20.com/listing/diseno-y-desarrollo-web-activamente/,,/listing/diseno-y-desarrollo-web-activamente/,ignorar parámetros de la URL
3543,Redirecciones,ok_query,/directorio/proveedores/diseno-y-desarrollo-web-abargon-evalue-developers-1437,https://www.publi20.com/listing/diseno-y-desarrollo-web-abargon-evalue-developers/,,/listing/diseno-y-desarrollo-web-abargon-evalue-developers/,ignorar parámetros de la URL
3542,Redirecciones,ok_query,/directorio/proveedores/directorio-de-locutores-rona-fletcher-1436,https://www.publi20.com/listing/directorio-de-locutores-rona-fletcher/,,/listing/directorio-de-locutores-rona-fletcher/,ignorar parámetros de la URL
3541,Redirecciones,ok_query,/directorio/proveedores/directorio-de-locutores-ricardo-brust-1435,https://www.publi20.com/listing/directorio-de-locutores-ricardo-brust/,,/listing/directorio-de-locutores-ricardo-brust/,ignorar parámetros de la URL
3540,Redirecciones,ok_query,/directorio/proveedores/directorio-de-locutores-milton-wolch-1434,https://www.publi20.com/listing/directorio-de-locutores-milton-wolch/,,/listing/directorio-de-locutores-milton-wolch/,ignorar parámetros de la URL
3539,Redirecciones,ok_query,/directorio/proveedores/directorio-de-locutores-juan-alfonso-puente-arteaga-1433,https://www.publi20.com/listing/directorio-de-locutores-juan-alfonso-puente-arteaga/,,/listing/directorio-de-locutores-juan-alfonso-puente-arteaga/,ignorar parámetros de la URL
3538,Redirecciones,ok_query,/directorio/proveedores/directorio-de-locutores-geo-garcia-1432,https://www.publi20.com/listing/directorio-de-locutores-geo-garcia/,,/listing/directorio-de-locutores-geo-garcia/,ignorar parámetros de la URL
3537,Redirecciones,ok_query,/directorio/proveedores/directorio-de-locutores-gabriel-munoz-locutor-1431,https://www.publi20.com/listing/directorio-de-locutores-gabriel-munoz-locutor/,,/listing/directorio-de-locutores-gabriel-munoz-locutor/,ignorar parámetros de la URL
3536,Redirecciones,ok_query,/directorio/proveedores/directorio-de-locutores-daniel-cubillo-1430,https://www.publi20.com/listing/directorio-de-locutores-daniel-cubillo/,,/listing/directorio-de-locutores-daniel-cubillo/,ignorar parámetros de la URL
3535,Redirecciones,ok_query,/directorio/proveedores/directorio-de-locutores-carlos-reynoso-locutor-1429,https://www.publi20.com/listing/directorio-de-locutores-carlos-reynoso-locutor/,,/listing/directorio-de-locutores-carlos-reynoso-locutor/,ignorar parámetros de la URL
3534,Redirecciones,ok_query,/directorio/proveedores/directorio-de-locutores-locutor-antonio-x-sosa-1428,https://www.publi20.com/listing/directorio-de-locutores-locutor-antonio-x-sosa/,,/listing/directorio-de-locutores-locutor-antonio-x-sosa/,ignorar parámetros de la URL
3533,Redirecciones,ok_query,/directorio/proveedores/directorio-de-locutores-ada-sepulveda-1427,https://www.publi20.com/listing/directorio-de-locutores-ada-sepulveda/,,/listing/directorio-de-locutores-ada-sepulveda/,ignorar parámetros de la URL
3532,Redirecciones,ok_query,/directorio/proveedores/despacho-de-diseno-wish-socios-creativos-1426,https://www.publi20.com/listing/despacho-de-diseno-wish-socios-creativos/,,/listing/despacho-de-diseno-wish-socios-creativos/,ignorar parámetros de la URL
3531,Redirecciones,ok_query,/directorio/proveedores/despacho-de-diseno-vivencia-design-1425,https://www.publi20.com/listing/despacho-de-diseno-vivencia-design/,,/listing/despacho-de-diseno-vivencia-design/,ignorar parámetros de la URL
3530,Redirecciones,ok_query,/directorio/proveedores/despacho-de-diseno-torneo-de-ideas-1424,https://www.publi20.com/listing/despacho-de-diseno-torneo-de-ideas/,,/listing/despacho-de-diseno-torneo-de-ideas/,ignorar parámetros de la URL
3529,Redirecciones,ok_query,/directorio/proveedores/despacho-de-diseno-top-design-1423,https://www.publi20.com/listing/despacho-de-diseno-top-design/,,/listing/despacho-de-diseno-top-design/,ignorar parámetros de la URL
3528,Redirecciones,ok_query,/directorio/proveedores/despacho-de-diseno-the-toilettes-1422,https://www.publi20.com/listing/despacho-de-diseno-the-toilettes/,,/listing/despacho-de-diseno-the-toilettes/,ignorar parámetros de la URL
3527,Redirecciones,ok_query,/directorio/proveedores/despacho-de-diseno-spinozo-diseno-1421,https://www.publi20.com/listing/despacho-de-diseno-spinozo-diseno/,,/listing/despacho-de-diseno-spinozo-diseno/,ignorar parámetros de la URL
3526,Redirecciones,ok_query,/directorio/proveedores/despacho-de-diseno-sphein-design-studios-1420,https://www.publi20.com/listing/despacho-de-diseno-sphein-design-studios/,,/listing/despacho-de-diseno-sphein-design-studios/,ignorar parámetros de la URL
3525,Redirecciones,ok_query,/directorio/proveedores/despacho-de-diseno-solo-idea-1419,https://www.publi20.com/listing/despacho-de-diseno-solo-idea/,,/listing/despacho-de-diseno-solo-idea/,ignorar parámetros de la URL
3524,Redirecciones,ok_query,/directorio/proveedores/despacho-de-diseno-sol-consultores-1418,https://www.publi20.com/listing/despacho-de-diseno-sol-consultores/,,/listing/despacho-de-diseno-sol-consultores/,ignorar parámetros de la URL
3523,Redirecciones,ok_query,/directorio/proveedores/despacho-de-diseno-so-diseno-1417,https://www.publi20.com/listing/despacho-de-diseno-so-diseno/,,/listing/despacho-de-diseno-so-diseno/,ignorar parámetros de la URL
3522,Redirecciones,ok_query,/directorio/proveedores/despacho-de-diseno-signi-1416,https://www.publi20.com/listing/despacho-de-diseno-signi/,,/listing/despacho-de-diseno-signi/,ignorar parámetros de la URL
3521,Redirecciones,ok_query,/directorio/proveedores/despacho-de-diseno-serikat-diseno-1415,https://www.publi20.com/listing/despacho-de-diseno-serikat-diseno/,,/listing/despacho-de-diseno-serikat-diseno/,ignorar parámetros de la URL
3520,Redirecciones,ok_query,/directorio/proveedores/despacho-de-diseno-scientika-1414,https://www.publi20.com/listing/despacho-de-diseno-scientika/,,/listing/despacho-de-diseno-scientika/,ignorar parámetros de la URL
3519,Redirecciones,ok_query,/directorio/proveedores/despacho-de-diseno-sago-publicidad-1413,https://www.publi20.com/listing/despacho-de-diseno-sago-publicidad/,,/listing/despacho-de-diseno-sago-publicidad/,ignorar parámetros de la URL
3518,Redirecciones,ok_query,/directorio/proveedores/despacho-de-diseno-ruiz-rocha-1412,https://www.publi20.com/listing/despacho-de-diseno-ruiz-rocha/,,/listing/despacho-de-diseno-ruiz-rocha/,ignorar parámetros de la URL
3517,Redirecciones,ok_query,/directorio/proveedores/despacho-de-diseno-rigoletti-1411,https://www.publi20.com/listing/despacho-de-diseno-rigoletti/,,/listing/despacho-de-diseno-rigoletti/,ignorar parámetros de la URL
3516,Redirecciones,ok_query,/directorio/proveedores/despacho-de-diseno-retorno-tassier-1410,https://www.publi20.com/listing/despacho-de-diseno-retorno-tassier/,,/listing/despacho-de-diseno-retorno-tassier/,ignorar parámetros de la URL
3515,Redirecciones,ok_query,/directorio/proveedores/despacho-de-diseno-propositivos-1409,https://www.publi20.com/listing/despacho-de-diseno-propositivos/,,/listing/despacho-de-diseno-propositivos/,ignorar parámetros de la URL
3514,Redirecciones,ok_query,/directorio/proveedores/despacho-de-diseno-promomania-1408,https://www.publi20.com/listing/despacho-de-diseno-promomania/,,/listing/despacho-de-diseno-promomania/,ignorar parámetros de la URL
3513,Redirecciones,ok_query,/directorio/proveedores/despacho-de-diseno-pong-1407,https://www.publi20.com/listing/despacho-de-diseno-pong/,,/listing/despacho-de-diseno-pong/,ignorar parámetros de la URL
3512,Redirecciones,ok_query,/directorio/proveedores/despacho-de-diseno-pigmento-1406,https://www.publi20.com/listing/despacho-de-diseno-pigmento/,,/listing/despacho-de-diseno-pigmento/,ignorar parámetros de la URL
3511,Redirecciones,ok_query,/directorio/proveedores/despacho-de-diseno-pensatori-1405,https://www.publi20.com/listing/despacho-de-diseno-pensatori/,,/listing/despacho-de-diseno-pensatori/,ignorar parámetros de la URL
3510,Redirecciones,ok_query,/directorio/proveedores/despacho-de-diseno-momentum-media-design-1404,https://www.publi20.com/listing/despacho-de-diseno-momentum-media-design/,,/listing/despacho-de-diseno-momentum-media-design/,ignorar parámetros de la URL
3509,Redirecciones,ok_query,/directorio/proveedores/despacho-de-diseno-musicos-del-titanic-1403,https://www.publi20.com/listing/despacho-de-diseno-musicos-del-titanic/,,/listing/despacho-de-diseno-musicos-del-titanic/,ignorar parámetros de la URL
3508,Redirecciones,ok_query,/directorio/proveedores/despacho-de-diseno-mira-1402,https://www.publi20.com/listing/despacho-de-diseno-mira/,,/listing/despacho-de-diseno-mira/,ignorar parámetros de la URL
3507,Redirecciones,ok_query,/directorio/proveedores/despacho-de-diseno-metanoia-publicidad-1401,https://www.publi20.com/listing/despacho-de-diseno-metanoia-publicidad/,,/listing/despacho-de-diseno-metanoia-publicidad/,ignorar parámetros de la URL
3506,Redirecciones,ok_query,/directorio/proveedores/despacho-de-diseno-mba-estudio-de-diseno-1400,https://www.publi20.com/listing/despacho-de-diseno-mba-estudio-de-diseno/,,/listing/despacho-de-diseno-mba-estudio-de-diseno/,ignorar parámetros de la URL
3505,Redirecciones,ok_query,/directorio/proveedores/despacho-de-diseno-marte-creativos-1399,https://www.publi20.com/listing/despacho-de-diseno-marte-creativos/,,/listing/despacho-de-diseno-marte-creativos/,ignorar parámetros de la URL
3504,Redirecciones,ok_query,/directorio/proveedores/despacho-de-diseno-lerf-diseno-1398,https://www.publi20.com/listing/despacho-de-diseno-lerf-diseno/,,/listing/despacho-de-diseno-lerf-diseno/,ignorar parámetros de la URL
3503,Redirecciones,ok_query,/directorio/proveedores/despacho-de-diseno-litoimagen-1397,https://www.publi20.com/listing/despacho-de-diseno-litoimagen/,,/listing/despacho-de-diseno-litoimagen/,ignorar parámetros de la URL
3502,Redirecciones,ok_query,/directorio/proveedores/despacho-de-diseno-leonsteven-1396,https://www.publi20.com/listing/despacho-de-diseno-leonsteven/,,/listing/despacho-de-diseno-leonsteven/,ignorar parámetros de la URL
3501,Redirecciones,ok_query,/directorio/proveedores/despacho-de-diseno-kolazh-diseno-grafico-1395,https://www.publi20.com/listing/despacho-de-diseno-kolazh-diseno-grafico/,,/listing/despacho-de-diseno-kolazh-diseno-grafico/,ignorar parámetros de la URL
3500,Redirecciones,ok_query,/directorio/proveedores/despacho-de-diseno-ysunza-santiago-cv-1394,https://www.publi20.com/listing/despacho-de-diseno-ysunza-santiago-cv/,,/listing/despacho-de-diseno-ysunza-santiago-cv/,ignorar parámetros de la URL
3499,Redirecciones,ok_query,/directorio/proveedores/despacho-de-diseno-id-inteligencia-en-diseno-1393,https://www.publi20.com/listing/despacho-de-diseno-id-inteligencia-en-diseno/,,/listing/despacho-de-diseno-id-inteligencia-en-diseno/,ignorar parámetros de la URL
3498,Redirecciones,ok_query,/directorio/proveedores/despacho-de-diseno-hs-publicidad-1392,https://www.publi20.com/listing/despacho-de-diseno-hs-publicidad/,,/listing/despacho-de-diseno-hs-publicidad/,ignorar parámetros de la URL
3497,Redirecciones,ok_query,/directorio/proveedores/despacho-de-diseno-gvisual-1391,https://www.publi20.com/listing/despacho-de-diseno-gvisual/,,/listing/despacho-de-diseno-gvisual/,ignorar parámetros de la URL
3496,Redirecciones,ok_query,/directorio/proveedores/despacho-de-diseno-gallo-soluciones-graficas-1390,https://www.publi20.com/listing/despacho-de-diseno-gallo-soluciones-graficas/,,/listing/despacho-de-diseno-gallo-soluciones-graficas/,ignorar parámetros de la URL
3495,Redirecciones,ok_query,/directorio/proveedores/despacho-de-diseno-foic-lecanda-1389,https://www.publi20.com/listing/despacho-de-diseno-foic-lecanda/,,/listing/despacho-de-diseno-foic-lecanda/,ignorar parámetros de la URL
3494,Redirecciones,ok_query,/directorio/proveedores/despacho-de-diseno-figura-7-1388,https://www.publi20.com/listing/despacho-de-diseno-figura-7/,,/listing/despacho-de-diseno-figura-7/,ignorar parámetros de la URL
3493,Redirecciones,ok_query,/directorio/proveedores/despacho-de-diseno-factortres-1387,https://www.publi20.com/listing/despacho-de-diseno-factortres/,,/listing/despacho-de-diseno-factortres/,ignorar parámetros de la URL
3492,Redirecciones,ok_query,/directorio/proveedores/despacho-de-diseno-estop-diseno-1386,https://www.publi20.com/listing/despacho-de-diseno-estop-diseno/,,/listing/despacho-de-diseno-estop-diseno/,ignorar parámetros de la URL
3491,Redirecciones,ok_query,/directorio/proveedores/despacho-de-diseno-esferica-1385,https://www.publi20.com/listing/despacho-de-diseno-esferica/,,/listing/despacho-de-diseno-esferica/,ignorar parámetros de la URL
3490,Redirecciones,ok_query,/directorio/proveedores/despacho-de-diseno-elite-design-studio-1384,https://www.publi20.com/listing/despacho-de-diseno-elite-design-studio/,,/listing/despacho-de-diseno-elite-design-studio/,ignorar parámetros de la URL
3489,Redirecciones,ok_query,/directorio/proveedores/despacho-de-diseno-domino-estudio-1383,https://www.publi20.com/listing/despacho-de-diseno-domino-estudio/,,/listing/despacho-de-diseno-domino-estudio/,ignorar parámetros de la URL
3488,Redirecciones,ok_query,/directorio/proveedores/despacho-de-diseno-diseno-equis-1382,https://www.publi20.com/listing/despacho-de-diseno-diseno-equis/,,/listing/despacho-de-diseno-diseno-equis/,ignorar parámetros de la URL
3487,Redirecciones,ok_query,/directorio/proveedores/despacho-de-diseno-diseno-y-publicidad-mexicana-1381,https://www.publi20.com/listing/despacho-de-diseno-diseno-y-publicidad-mexicana/,,/listing/despacho-de-diseno-diseno-y-publicidad-mexicana/,ignorar parámetros de la URL
3486,Redirecciones,ok_query,/directorio/proveedores/despacho-de-diseno-dimension-1380,https://www.publi20.com/listing/despacho-de-diseno-dimension/,,/listing/despacho-de-diseno-dimension/,ignorar parámetros de la URL
3485,Redirecciones,ok_query,/directorio/proveedores/despacho-de-diseno-design-bureau-1379,https://www.publi20.com/listing/despacho-de-diseno-design-bureau/,,/listing/despacho-de-diseno-design-bureau/,ignorar parámetros de la URL
3484,Redirecciones,ok_query,/directorio/proveedores/despacho-de-diseno-design-bureau-1378,https://www.publi20.com/listing/despacho-de-diseno-design-bureau/,,/listing/despacho-de-diseno-design-bureau/,ignorar parámetros de la URL
3483,Redirecciones,ok_query,/directorio/proveedores/despacho-de-diseno-creatividad-inteligente-1377,https://www.publi20.com/listing/despacho-de-diseno-creatividad-inteligente/,,/listing/despacho-de-diseno-creatividad-inteligente/,ignorar parámetros de la URL
3482,Redirecciones,ok_query,/directorio/proveedores/despacho-de-diseno-corvin-1376,https://www.publi20.com/listing/despacho-de-diseno-corvin/,,/listing/despacho-de-diseno-corvin/,ignorar parámetros de la URL
3481,Redirecciones,ok_query,/directorio/proveedores/despacho-de-diseno-correvedile-1375,https://www.publi20.com/listing/despacho-de-diseno-correvedile/,,/listing/despacho-de-diseno-correvedile/,ignorar parámetros de la URL
3480,Redirecciones,ok_query,/directorio/proveedores/despacho-de-diseno-cdstudio-1374,https://www.publi20.com/listing/despacho-de-diseno-cdstudio/,,/listing/despacho-de-diseno-cdstudio/,ignorar parámetros de la URL
3479,Redirecciones,ok_query,/directorio/proveedores/despacho-de-diseno-burak-y-asociados-1373,https://www.publi20.com/listing/despacho-de-diseno-burak-y-asociados/,,/listing/despacho-de-diseno-burak-y-asociados/,ignorar parámetros de la URL
3478,Redirecciones,ok_query,/directorio/proveedores/despacho-de-diseno-bikreative-1372,https://www.publi20.com/listing/despacho-de-diseno-bikreative/,,/listing/despacho-de-diseno-bikreative/,ignorar parámetros de la URL
3477,Redirecciones,ok_query,/directorio/proveedores/despacho-de-diseno-beyondit-1371,https://www.publi20.com/listing/despacho-de-diseno-beyondit/,,/listing/despacho-de-diseno-beyondit/,ignorar parámetros de la URL
3476,Redirecciones,ok_query,/directorio/proveedores/despacho-de-diseno-arg-comunicacion-1370,https://www.publi20.com/listing/despacho-de-diseno-arg-comunicacion/,,/listing/despacho-de-diseno-arg-comunicacion/,ignorar parámetros de la URL
3475,Redirecciones,ok_query,/directorio/proveedores/despacho-de-diseno-al-cuadrado-1369,https://www.publi20.com/listing/despacho-de-diseno-al-cuadrado/,,/listing/despacho-de-diseno-al-cuadrado/,ignorar parámetros de la URL
3474,Redirecciones,ok_query,/directorio/proveedores/despacho-de-diseno-adc-global-creativity-1368,https://www.publi20.com/listing/despacho-de-diseno-adc-global-creativity/,,/listing/despacho-de-diseno-adc-global-creativity/,ignorar parámetros de la URL
3473,Redirecciones,ok_query,/directorio/proveedores/articulos-promocionales-promoline-1367,https://www.publi20.com/listing/articulos-promocionales-promoline/,,/listing/articulos-promocionales-promoline/,ignorar parámetros de la URL
3472,Redirecciones,ok_query,/directorio/proveedores/articulos-promocionales-linkar-publicidad-1366,https://www.publi20.com/listing/articulos-promocionales-linkar-publicidad/,,/listing/articulos-promocionales-linkar-publicidad/,ignorar parámetros de la URL
3471,Redirecciones,ok_query,/directorio/proveedores/articulos-promocionales-imagina-usb-1365,https://www.publi20.com/listing/articulos-promocionales-imagina-usb/,,/listing/articulos-promocionales-imagina-usb/,ignorar parámetros de la URL
3470,Redirecciones,ok_query,/directorio/proveedores/articulos-promocionales-gimmick-1364,https://www.publi20.com/listing/articulos-promocionales-gimmick/,,/listing/articulos-promocionales-gimmick/,ignorar parámetros de la URL
3469,Redirecciones,ok_query,/directorio/proveedores/agencias-de-publicidad-pop-grupo-rubrica-1363,https://www.publi20.com/listing/agencias-de-publicidad-pop-grupo-rubrica/,,/listing/agencias-de-publicidad-pop-grupo-rubrica/,ignorar parámetros de la URL
3468,Redirecciones,ok_query,/directorio/proveedores/agencias-de-publicidad-pop-pulso-tec-1362,https://www.publi20.com/listing/agencias-de-publicidad-pop-pulso-tec/,,/listing/agencias-de-publicidad-pop-pulso-tec/,ignorar parámetros de la URL
3467,Redirecciones,ok_query,/directorio/proveedores/agencias-de-publicidad-pop-popmart-1361,https://www.publi20.com/listing/agencias-de-publicidad-pop-popmart/,,/listing/agencias-de-publicidad-pop-popmart/,ignorar parámetros de la URL
3466,Redirecciones,ok_query,/directorio/proveedores/agencias-de-publicidad-pop-exhibipop-1360,https://www.publi20.com/listing/agencias-de-publicidad-pop-exhibipop/,,/listing/agencias-de-publicidad-pop-exhibipop/,ignorar parámetros de la URL
3465,Redirecciones,ok_query,/directorio/proveedores/agencias-de-publicidad-pop-solid-image-1359,https://www.publi20.com/listing/agencias-de-publicidad-pop-solid-image/,,/listing/agencias-de-publicidad-pop-solid-image/,ignorar parámetros de la URL
3464,Redirecciones,ok_query,/directorio/proveedores/agencias-de-publicidad-pop-colorimagen-1358,https://www.publi20.com/listing/agencias-de-publicidad-pop-colorimagen/,,/listing/agencias-de-publicidad-pop-colorimagen/,ignorar parámetros de la URL
3463,Redirecciones,ok_query,/directorio/proveedores/agencias-de-publicidad-pop-aerotec-publicidad-1357,https://www.publi20.com/listing/agencias-de-publicidad-pop-aerotec-publicidad/,,/listing/agencias-de-publicidad-pop-aerotec-publicidad/,ignorar parámetros de la URL
3462,Redirecciones,ok_query,/directorio/proveedores/agencias-de-marketing-zogno-1356,https://www.publi20.com/listing/agencias-de-marketing-zogno/,,/listing/agencias-de-marketing-zogno/,ignorar parámetros de la URL
3461,Redirecciones,ok_query,/directorio/proveedores/agencias-de-marketing-tematica-creativa-1355,https://www.publi20.com/listing/agencias-de-marketing-tematica-creativa/,,/listing/agencias-de-marketing-tematica-creativa/,ignorar parámetros de la URL
3460,Redirecciones,ok_query,/directorio/proveedores/agencias-de-marketing-wwbtl-1354,https://www.publi20.com/listing/agencias-de-marketing-wwbtl/,,/listing/agencias-de-marketing-wwbtl/,ignorar parámetros de la URL
3459,Redirecciones,ok_query,/directorio/proveedores/agencias-de-marketing-waimarketing-1353,https://www.publi20.com/listing/agencias-de-marketing-waimarketing/,,/listing/agencias-de-marketing-waimarketing/,ignorar parámetros de la URL
3458,Redirecciones,ok_query,/directorio/proveedores/agencias-de-marketing-victoria-1352,https://www.publi20.com/listing/agencias-de-marketing-victoria/,,/listing/agencias-de-marketing-victoria/,ignorar parámetros de la URL
3457,Redirecciones,ok_query,/directorio/proveedores/agencias-de-marketing-vandergeist-1351,https://www.publi20.com/listing/agencias-de-marketing-vandergeist/,,/listing/agencias-de-marketing-vandergeist/,ignorar parámetros de la URL
3456,Redirecciones,ok_query,/directorio/proveedores/agencias-de-marketing-upgrade-marketing-1350,https://www.publi20.com/listing/agencias-de-marketing-upgrade-marketing/,,/listing/agencias-de-marketing-upgrade-marketing/,ignorar parámetros de la URL
3455,Redirecciones,ok_query,/directorio/proveedores/agencias-de-marketing-the-legacy-1349,https://www.publi20.com/listing/agencias-de-marketing-the-legacy/,,/listing/agencias-de-marketing-the-legacy/,ignorar parámetros de la URL
3454,Redirecciones,ok_query,/directorio/proveedores/agencias-de-marketing-suma-mercadotecnia-1348,https://www.publi20.com/listing/agencias-de-marketing-suma-mercadotecnia/,,/listing/agencias-de-marketing-suma-mercadotecnia/,ignorar parámetros de la URL
3453,Redirecciones,ok_query,/directorio/proveedores/agencias-de-marketing-servipromer-1347,https://www.publi20.com/listing/agencias-de-marketing-servipromer/,,/listing/agencias-de-marketing-servipromer/,ignorar parámetros de la URL
3452,Redirecciones,ok_query,/directorio/proveedores/agencias-de-marketing-sensorik-mkt-1346,https://www.publi20.com/listing/agencias-de-marketing-sensorik-mkt/,,/listing/agencias-de-marketing-sensorik-mkt/,ignorar parámetros de la URL
3451,Redirecciones,ok_query,/directorio/proveedores/agencias-de-marketing-ideas-ruizmed-1345,https://www.publi20.com/listing/agencias-de-marketing-ideas-ruizmed/,,/listing/agencias-de-marketing-ideas-ruizmed/,ignorar parámetros de la URL
3450,Redirecciones,ok_query,/directorio/proveedores/agencias-de-marketing-rt-marketing-1344,https://www.publi20.com/listing/agencias-de-marketing-rt-marketing/,,/listing/agencias-de-marketing-rt-marketing/,ignorar parámetros de la URL
3449,Redirecciones,ok_query,/directorio/proveedores/agencias-de-marketing-revolver-radical-1343,https://www.publi20.com/listing/agencias-de-marketing-revolver-radical/,,/listing/agencias-de-marketing-revolver-radical/,ignorar parámetros de la URL
3448,Redirecciones,ok_query,/directorio/proveedores/agencias-de-marketing-rapp-1342,https://www.publi20.com/listing/agencias-de-marketing-rapp/,,/listing/agencias-de-marketing-rapp/,ignorar parámetros de la URL
3447,Redirecciones,ok_query,/directorio/proveedores/agencias-de-marketing-quarks-consultoria-creativa-1341,https://www.publi20.com/listing/agencias-de-marketing-quarks-consultoria-creativa/,,/listing/agencias-de-marketing-quarks-consultoria-creativa/,ignorar parámetros de la URL
3446,Redirecciones,ok_query,/directorio/proveedores/agencias-de-marketing-punto-tres-1340,https://www.publi20.com/listing/agencias-de-marketing-punto-tres/,,/listing/agencias-de-marketing-punto-tres/,ignorar parámetros de la URL
3445,Redirecciones,ok_query,/directorio/proveedores/agencias-de-marketing-publiza-marketing-1339,https://www.publi20.com/listing/agencias-de-marketing-publiza-marketing/,,/listing/agencias-de-marketing-publiza-marketing/,ignorar parámetros de la URL
3444,Redirecciones,ok_query,/directorio/proveedores/agencias-de-marketing-publisenal-1338,https://www.publi20.com/listing/agencias-de-marketing-publisenal/,,/listing/agencias-de-marketing-publisenal/,ignorar parámetros de la URL
3443,Redirecciones,ok_query,/directorio/proveedores/agencias-de-marketing-porter-novelli-1337,https://www.publi20.com/listing/agencias-de-marketing-porter-novelli/,,/listing/agencias-de-marketing-porter-novelli/,ignorar parámetros de la URL
3442,Redirecciones,ok_query,/directorio/proveedores/agencias-de-marketing-pensamiento-creativo-1336,https://www.publi20.com/listing/agencias-de-marketing-pensamiento-creativo/,,/listing/agencias-de-marketing-pensamiento-creativo/,ignorar parámetros de la URL
3441,Redirecciones,ok_query,/directorio/proveedores/agencias-de-marketing-pcc-brand-group-mexico-1335,https://www.publi20.com/listing/agencias-de-marketing-pcc-brand-group-mexico/,,/listing/agencias-de-marketing-pcc-brand-group-mexico/,ignorar parámetros de la URL
3440,Redirecciones,ok_query,/directorio/proveedores/agencias-de-marketing-orbetech-1334,https://www.publi20.com/listing/agencias-de-marketing-orbetech/,,/listing/agencias-de-marketing-orbetech/,ignorar parámetros de la URL
3439,Redirecciones,ok_query,/directorio/proveedores/agencias-de-marketing-milagro-creativo-1333,https://www.publi20.com/listing/agencias-de-marketing-milagro-creativo/,,/listing/agencias-de-marketing-milagro-creativo/,ignorar parámetros de la URL
3438,Redirecciones,ok_query,/directorio/proveedores/agencias-de-marketing-merk4-1332,https://www.publi20.com/listing/agencias-de-marketing-merk4/,,/listing/agencias-de-marketing-merk4/,ignorar parámetros de la URL
3437,Redirecciones,ok_query,/directorio/proveedores/agencias-de-marketing-merkaresulta-1331,https://www.publi20.com/listing/agencias-de-marketing-merkaresulta/,,/listing/agencias-de-marketing-merkaresulta/,ignorar parámetros de la URL
3436,Redirecciones,ok_query,/directorio/proveedores/agencias-de-marketing-mercanz-1330,https://www.publi20.com/listing/agencias-de-marketing-mercanz/,,/listing/agencias-de-marketing-mercanz/,ignorar parámetros de la URL
3435,Redirecciones,ok_query,/directorio/proveedores/agencias-de-marketing-melding-1329,https://www.publi20.com/listing/agencias-de-marketing-melding/,,/listing/agencias-de-marketing-melding/,ignorar parámetros de la URL
3434,Redirecciones,ok_query,/directorio/proveedores/agencias-de-marketing-megadirect-1328,https://www.publi20.com/listing/agencias-de-marketing-megadirect/,,/listing/agencias-de-marketing-megadirect/,ignorar parámetros de la URL
3433,Redirecciones,ok_query,/directorio/proveedores/agencias-de-marketing-medcenter-1327,https://www.publi20.com/listing/agencias-de-marketing-medcenter/,,/listing/agencias-de-marketing-medcenter/,ignorar parámetros de la URL
3432,Redirecciones,ok_query,/directorio/proveedores/agencias-de-marketing-matrix-marketing-oob-1326,https://www.publi20.com/listing/agencias-de-marketing-matrix-marketing-oob/,,/listing/agencias-de-marketing-matrix-marketing-oob/,ignorar parámetros de la URL
3431,Redirecciones,ok_query,/directorio/proveedores/agencias-de-marketing-materia-gris-1325,https://www.publi20.com/listing/agencias-de-marketing-materia-gris/,,/listing/agencias-de-marketing-materia-gris/,ignorar parámetros de la URL
3430,Redirecciones,ok_query,/directorio/proveedores/agencias-de-marketing-mass-marketing-research-1324,https://www.publi20.com/listing/agencias-de-marketing-mass-marketing-research/,,/listing/agencias-de-marketing-mass-marketing-research/,ignorar parámetros de la URL
3429,Redirecciones,ok_query,/directorio/proveedores/agencias-de-marketing-maquinaria-creativa-1323,https://www.publi20.com/listing/agencias-de-marketing-maquinaria-creativa/,,/listing/agencias-de-marketing-maquinaria-creativa/,ignorar parámetros de la URL
3428,Redirecciones,ok_query,/directorio/proveedores/agencias-de-marketing-maniac-1322,https://www.publi20.com/listing/agencias-de-marketing-maniac/,,/listing/agencias-de-marketing-maniac/,ignorar parámetros de la URL
3427,Redirecciones,ok_query,/directorio/proveedores/agencias-de-marketing-loyalty-marketing-services-1321,https://www.publi20.com/listing/agencias-de-marketing-loyalty-marketing-services/,,/listing/agencias-de-marketing-loyalty-marketing-services/,ignorar parámetros de la URL
3426,Redirecciones,ok_query,/directorio/proveedores/agencias-de-marketing-litobel-1320,https://www.publi20.com/listing/agencias-de-marketing-litobel/,,/listing/agencias-de-marketing-litobel/,ignorar parámetros de la URL
3425,Redirecciones,ok_query,/directorio/proveedores/agencias-de-marketing-kr-mexico-1319,https://www.publi20.com/listing/agencias-de-marketing-kr-mexico/,,/listing/agencias-de-marketing-kr-mexico/,ignorar parámetros de la URL
3424,Redirecciones,ok_query,/directorio/proveedores/agencias-de-marketing-keep-in-touch-marketing-mexico-1318,https://www.publi20.com/listing/agencias-de-marketing-keep-in-touch-marketing-mexico/,,/listing/agencias-de-marketing-keep-in-touch-marketing-mexico/,ignorar parámetros de la URL
3423,Redirecciones,ok_query,/directorio/proveedores/agencias-de-marketing-interbrand-1317,https://www.publi20.com/listing/agencias-de-marketing-interbrand/,,/listing/agencias-de-marketing-interbrand/,ignorar parámetros de la URL
3422,Redirecciones,ok_query,/directorio/proveedores/agencias-de-marketing-imbora-1316,https://www.publi20.com/listing/agencias-de-marketing-imbora/,,/listing/agencias-de-marketing-imbora/,ignorar parámetros de la URL
3421,Redirecciones,ok_query,/directorio/proveedores/agencias-de-marketing-imagine-1315,https://www.publi20.com/listing/agencias-de-marketing-imagine/,,/listing/agencias-de-marketing-imagine/,ignorar parámetros de la URL
3420,Redirecciones,ok_query,/directorio/proveedores/agencias-de-marketing-idi-marketing-1314,https://www.publi20.com/listing/agencias-de-marketing-idi-marketing/,,/listing/agencias-de-marketing-idi-marketing/,ignorar parámetros de la URL
3419,Redirecciones,ok_query,/directorio/proveedores/agencias-de-marketing-idennto-1313,https://www.publi20.com/listing/agencias-de-marketing-idennto/,,/listing/agencias-de-marketing-idennto/,ignorar parámetros de la URL
3418,Redirecciones,ok_query,/directorio/proveedores/agencias-de-marketing-how-mkt-1312,https://www.publi20.com/listing/agencias-de-marketing-how-mkt/,,/listing/agencias-de-marketing-how-mkt/,ignorar parámetros de la URL
3417,Redirecciones,ok_query,/directorio/proveedores/agencias-de-marketing-handelhaus-1311,https://www.publi20.com/listing/agencias-de-marketing-handelhaus/,,/listing/agencias-de-marketing-handelhaus/,ignorar parámetros de la URL
3416,Redirecciones,destino_mal,/directorio/proveedores/agencias-de-marketing-gorilla-1310,https://www.publi20.com/listing/agencias-de-marketing-gorilla/,,404 /listing/agencias-de-marketing-gorilla/,reapuntar a /publicidad/
3415,Redirecciones,ok_query,/directorio/proveedores/agencias-de-marketing-gideas-1309,https://www.publi20.com/listing/agencias-de-marketing-gideas/,,/listing/agencias-de-marketing-gideas/,ignorar parámetros de la URL
3414,Redirecciones,ok_query,/directorio/proveedores/agencias-de-marketing-geomarketing-1308,https://www.publi20.com/listing/agencias-de-marketing-geomarketing/,,/listing/agencias-de-marketing-geomarketing/,ignorar parámetros de la URL
3413,Redirecciones,ok_query,/directorio/proveedores/agencias-de-marketing-genes-creativos-1307,https://www.publi20.com/listing/agencias-de-marketing-genes-creativos/,,/listing/agencias-de-marketing-genes-creativos/,ignorar parámetros de la URL
3412,Redirecciones,ok_query,/directorio/proveedores/agencias-de-marketing-genera-studio-1306,https://www.publi20.com/listing/agencias-de-marketing-genera-studio/,,/listing/agencias-de-marketing-genera-studio/,ignorar parámetros de la URL
3411,Redirecciones,ok_query,/directorio/proveedores/agencias-de-marketing-future-group-1305,https://www.publi20.com/listing/agencias-de-marketing-future-group/,,/listing/agencias-de-marketing-future-group/,ignorar parámetros de la URL
3410,Redirecciones,ok_query,/directorio/proveedores/agencias-de-marketing-forza-creativa-1304,https://www.publi20.com/listing/agencias-de-marketing-forza-creativa/,,/listing/agencias-de-marketing-forza-creativa/,ignorar parámetros de la URL
3409,Redirecciones,ok_query,/directorio/proveedores/agencias-de-marketing-forward-1303,https://www.publi20.com/listing/agencias-de-marketing-forward/,,/listing/agencias-de-marketing-forward/,ignorar parámetros de la URL
3408,Redirecciones,ok_query,/directorio/proveedores/agencias-de-marketing-fidelity-marketing-1302,https://www.publi20.com/listing/agencias-de-marketing-fidelity-marketing/,,/listing/agencias-de-marketing-fidelity-marketing/,ignorar parámetros de la URL
3407,Redirecciones,ok_query,/directorio/proveedores/agencias-de-marketing-exotic-marketing-group-1301,https://www.publi20.com/listing/agencias-de-marketing-exotic-marketing-group/,,/listing/agencias-de-marketing-exotic-marketing-group/,ignorar parámetros de la URL
3406,Redirecciones,ok_query,/directorio/proveedores/agencias-de-marketing-marketing911-1300,https://www.publi20.com/listing/agencias-de-marketing-marketing911/,,/listing/agencias-de-marketing-marketing911/,ignorar parámetros de la URL
3405,Redirecciones,ok_query,/directorio/proveedores/agencias-de-marketing-estacion-central-1299,https://www.publi20.com/listing/agencias-de-marketing-estacion-central/,,/listing/agencias-de-marketing-estacion-central/,ignorar parámetros de la URL
3404,Redirecciones,ok_query,/directorio/proveedores/agencias-de-marketing-enmarca-1298,https://www.publi20.com/listing/agencias-de-marketing-enmarca/,,/listing/agencias-de-marketing-enmarca/,ignorar parámetros de la URL
3403,Redirecciones,ok_query,/directorio/proveedores/agencias-de-marketing-el-tintero-boutique-creativa-1297,https://www.publi20.com/listing/agencias-de-marketing-el-tintero-boutique-creativa/,,/listing/agencias-de-marketing-el-tintero-boutique-creativa/,ignorar parámetros de la URL
3402,Redirecciones,ok_query,/directorio/proveedores/agencias-de-marketing-el-orfanato-ideas-sin-madre-1296,https://www.publi20.com/listing/agencias-de-marketing-el-orfanato-ideas-sin-madre/,,/listing/agencias-de-marketing-el-orfanato-ideas-sin-madre/,ignorar parámetros de la URL
3401,Redirecciones,ok_query,/directorio/proveedores/agencias-de-marketing-ede-1295,https://www.publi20.com/listing/agencias-de-marketing-ede/,,/listing/agencias-de-marketing-ede/,ignorar parámetros de la URL
3400,Redirecciones,ok_query,/directorio/proveedores/agencias-de-marketing-dlb-group-mexico-1294,https://www.publi20.com/listing/agencias-de-marketing-dlb-group-mexico/,,/listing/agencias-de-marketing-dlb-group-mexico/,ignorar parámetros de la URL
3399,Redirecciones,ok_query,/directorio/proveedores/agencias-de-marketing-dialogo-boutique-creativa-1293,https://www.publi20.com/listing/agencias-de-marketing-dialogo-boutique-creativa/,,/listing/agencias-de-marketing-dialogo-boutique-creativa/,ignorar parámetros de la URL
3398,Redirecciones,ok_query,/directorio/proveedores/agencias-de-marketing-diablo-comunicacion-1292,https://www.publi20.com/listing/agencias-de-marketing-diablo-comunicacion/,,/listing/agencias-de-marketing-diablo-comunicacion/,ignorar parámetros de la URL
3397,Redirecciones,ok_query,/directorio/proveedores/agencias-de-marketing-dharma-publicidad-1291,https://www.publi20.com/listing/agencias-de-marketing-dharma-publicidad/,,/listing/agencias-de-marketing-dharma-publicidad/,ignorar parámetros de la URL
3396,Redirecciones,ok_query,/directorio/proveedores/agencias-de-marketing-dergalyco-1290,https://www.publi20.com/listing/agencias-de-marketing-dergalyco/,,/listing/agencias-de-marketing-dergalyco/,ignorar parámetros de la URL
3395,Redirecciones,ok_query,/directorio/proveedores/agencias-de-marketing-csi-mexico-1289,https://www.publi20.com/listing/agencias-de-marketing-csi-mexico/,,/listing/agencias-de-marketing-csi-mexico/,ignorar parámetros de la URL
3394,Redirecciones,ok_query,/directorio/proveedores/agencias-de-marketing-conceptmkt-1288,https://www.publi20.com/listing/agencias-de-marketing-conceptmkt/,,/listing/agencias-de-marketing-conceptmkt/,ignorar parámetros de la URL
3393,Redirecciones,ok_query,/directorio/proveedores/agencias-de-marketing-cmv-1287,https://www.publi20.com/listing/agencias-de-marketing-cmv/,,/listing/agencias-de-marketing-cmv/,ignorar parámetros de la URL
3392,Redirecciones,ok_query,/directorio/proveedores/agencias-de-marketing-circulo-de-ideas-btl-1286,https://www.publi20.com/listing/agencias-de-marketing-circulo-de-ideas-btl/,,/listing/agencias-de-marketing-circulo-de-ideas-btl/,ignorar parámetros de la URL
3391,Redirecciones,ok_query,/directorio/proveedores/agencias-de-marketing-capuano-1285,https://www.publi20.com/listing/agencias-de-marketing-capuano/,,/listing/agencias-de-marketing-capuano/,ignorar parámetros de la URL
3390,Redirecciones,ok_query,/directorio/proveedores/agencias-de-marketing-campus-marketing-1284,https://www.publi20.com/listing/agencias-de-marketing-campus-marketing/,,/listing/agencias-de-marketing-campus-marketing/,ignorar parámetros de la URL
3389,Redirecciones,ok_query,/directorio/proveedores/agencias-de-marketing-camaleon-marketing-1283,https://www.publi20.com/listing/agencias-de-marketing-camaleon-marketing/,,/listing/agencias-de-marketing-camaleon-marketing/,ignorar parámetros de la URL
3388,Redirecciones,ok_query,/directorio/proveedores/agencias-de-marketing-business-landing-mexico-1282,https://www.publi20.com/listing/agencias-de-marketing-business-landing-mexico/,,/listing/agencias-de-marketing-business-landing-mexico/,ignorar parámetros de la URL
3387,Redirecciones,ok_query,/directorio/proveedores/agencias-de-marketing-brand-advertising-and-design-1281,https://www.publi20.com/listing/agencias-de-marketing-brand-advertising-and-design/,,/listing/agencias-de-marketing-brand-advertising-and-design/,ignorar parámetros de la URL
3386,Redirecciones,ok_query,/directorio/proveedores/agencias-de-marketing-branch-branding-1280,https://www.publi20.com/listing/agencias-de-marketing-branch-branding/,,/listing/agencias-de-marketing-branch-branding/,ignorar parámetros de la URL
3385,Redirecciones,ok_query,/directorio/proveedores/agencias-de-marketing-bombay-1279,https://www.publi20.com/listing/agencias-de-marketing-bombay/,,/listing/agencias-de-marketing-bombay/,ignorar parámetros de la URL
3384,Redirecciones,ok_query,/directorio/proveedores/agencias-de-marketing-asylum-mexico-1278,https://www.publi20.com/listing/agencias-de-marketing-asylum-mexico/,,/listing/agencias-de-marketing-asylum-mexico/,ignorar parámetros de la URL
3383,Redirecciones,ok_query,/directorio/proveedores/agencias-de-marketing-arista-1277,https://www.publi20.com/listing/agencias-de-marketing-arista/,,/listing/agencias-de-marketing-arista/,ignorar parámetros de la URL
3382,Redirecciones,ok_query,/directorio/proveedores/agencias-de-marketing-alternativa-integral-1276,https://www.publi20.com/listing/agencias-de-marketing-alternativa-integral/,,/listing/agencias-de-marketing-alternativa-integral/,ignorar parámetros de la URL
3381,Redirecciones,ok_query,/directorio/proveedores/agencias-de-marketing-alternativa-mdi-1275,https://www.publi20.com/listing/agencias-de-marketing-alternativa-mdi/,,/listing/agencias-de-marketing-alternativa-mdi/,ignorar parámetros de la URL
3380,Redirecciones,ok_query,/directorio/proveedores/agencias-de-marketing-aaltaan-1274,https://www.publi20.com/listing/agencias-de-marketing-aaltaan/,,/listing/agencias-de-marketing-aaltaan/,ignorar parámetros de la URL
3379,Redirecciones,ok_query,/directorio/proveedores/agencias-de-marketing-0800-a-m-1273,https://www.publi20.com/listing/agencias-de-marketing-0800-a-m/,,/listing/agencias-de-marketing-0800-a-m/,ignorar parámetros de la URL
3378,Redirecciones,ok_query,/directorio/proveedores/agencia-multimedia-sietegrados-agencia-1272,https://www.publi20.com/listing/agencia-multimedia-sietegrados-agencia/,,/listing/agencia-multimedia-sietegrados-agencia/,ignorar parámetros de la URL
3377,Redirecciones,ok_query,/directorio/proveedores/agencia-multimedia-proyecktoweb-1271,https://www.publi20.com/listing/agencia-multimedia-proyecktoweb/,,/listing/agencia-multimedia-proyecktoweb/,ignorar parámetros de la URL
3376,Redirecciones,ok_query,/directorio/proveedores/agencia-multimedia-mobalis-1270,https://www.publi20.com/listing/agencia-multimedia-mobalis/,,/listing/agencia-multimedia-mobalis/,ignorar parámetros de la URL
3375,Redirecciones,ok_query,/directorio/proveedores/agencia-multimedia-kinnetic-studio-1269,https://www.publi20.com/listing/agencia-multimedia-kinnetic-studio/,,/listing/agencia-multimedia-kinnetic-studio/,ignorar parámetros de la URL
3374,Redirecciones,ok_query,/directorio/proveedores/agencia-multimedia-rengo-renders-1268,https://www.publi20.com/listing/agencia-multimedia-rengo-renders/,,/listing/agencia-multimedia-rengo-renders/,ignorar parámetros de la URL
3373,Redirecciones,ok_query,/directorio/proveedores/agencia-multimedia-goblin-creative-1267,https://www.publi20.com/listing/agencia-multimedia-goblin-creative/,,/listing/agencia-multimedia-goblin-creative/,ignorar parámetros de la URL
3372,Redirecciones,ok_query,/directorio/proveedores/agencia-multimedia-elixir-creativo-1266,https://www.publi20.com/listing/agencia-multimedia-elixir-creativo/,,/listing/agencia-multimedia-elixir-creativo/,ignorar parámetros de la URL
3371,Redirecciones,ok_query,/directorio/proveedores/agencia-multimedia-dinamica-generica-1265,https://www.publi20.com/listing/agencia-multimedia-dinamica-generica/,,/listing/agencia-multimedia-dinamica-generica/,ignorar parámetros de la URL
3370,Redirecciones,ok_query,/directorio/proveedores/agencia-multimedia-concepto-movil-1264,https://www.publi20.com/listing/agencia-multimedia-concepto-movil/,,/listing/agencia-multimedia-concepto-movil/,ignorar parámetros de la URL
3369,Redirecciones,ok_query,/directorio/proveedores/agencia-interactiva-substance-1263,https://www.publi20.com/listing/agencia-interactiva-substance/,,/listing/agencia-interactiva-substance/,ignorar parámetros de la URL
3368,Redirecciones,ok_query,/directorio/proveedores/agencia-interactiva-mockup-studio-1262,https://www.publi20.com/listing/agencia-interactiva-mockup-studio/,,/listing/agencia-interactiva-mockup-studio/,ignorar parámetros de la URL
3367,Redirecciones,ok_query,/directorio/proveedores/agencia-interactiva-ingenia-group-1261,https://www.publi20.com/listing/agencia-interactiva-ingenia-group/,,/listing/agencia-interactiva-ingenia-group/,ignorar parámetros de la URL
3366,Redirecciones,ok_query,/directorio/proveedores/agencia-interactiva-estrategas-digitales-1260,https://www.publi20.com/listing/agencia-interactiva-estrategas-digitales/,,/listing/agencia-interactiva-estrategas-digitales/,ignorar parámetros de la URL
3365,Redirecciones,ok_query,/directorio/proveedores/agencia-interactiva-atomo-interactive-1259,https://www.publi20.com/listing/agencia-interactiva-atomo-interactive/,,/listing/agencia-interactiva-atomo-interactive/,ignorar parámetros de la URL
3364,Redirecciones,ok_query,/directorio/proveedores/agencia-interactiva-adp-1258,https://www.publi20.com/listing/agencia-interactiva-adp/,,/listing/agencia-interactiva-adp/,ignorar parámetros de la URL
3363,Redirecciones,ok_query,/directorio/proveedores/agencia-digital-zetabe-1257,https://www.publi20.com/listing/agencia-digital-zetabe/,,/listing/agencia-digital-zetabe/,ignorar parámetros de la URL
3362,Redirecciones,ok_query,/directorio/proveedores/agencia-digital-toro-digital-1256,https://www.publi20.com/listing/agencia-digital-toro-digital/,,/listing/agencia-digital-toro-digital/,ignorar parámetros de la URL
3361,Redirecciones,ok_query,/directorio/proveedores/agencia-digital-tanai-cruz-1255,https://www.publi20.com/listing/agencia-digital-tanai-cruz/,,/listing/agencia-digital-tanai-cruz/,ignorar parámetros de la URL
3360,Redirecciones,ok_query,/directorio/proveedores/agencia-digital-smartclip-mexico-1254,https://www.publi20.com/listing/agencia-digital-smartclip-mexico/,,/listing/agencia-digital-smartclip-mexico/,ignorar parámetros de la URL
3359,Redirecciones,ok_query,/directorio/proveedores/agencia-digital-render-farm-studios-1253,https://www.publi20.com/listing/agencia-digital-render-farm-studios/,,/listing/agencia-digital-render-farm-studios/,ignorar parámetros de la URL
3358,Redirecciones,ok_query,/directorio/proveedores/agencia-digital-rancho-digital-1252,https://www.publi20.com/listing/agencia-digital-rancho-digital/,,/listing/agencia-digital-rancho-digital/,ignorar parámetros de la URL
3357,Redirecciones,ok_query,/directorio/proveedores/agencia-digital-radical-testa-1251,https://www.publi20.com/listing/agencia-digital-radical-testa/,,/listing/agencia-digital-radical-testa/,ignorar parámetros de la URL
3356,Redirecciones,ok_query,/directorio/proveedores/agencia-digital-otromexico-sc-1250,https://www.publi20.com/listing/agencia-digital-otromexico-sc/,,/listing/agencia-digital-otromexico-sc/,ignorar parámetros de la URL
3355,Redirecciones,ok_query,/directorio/proveedores/agencia-digital-p1stache-1249,https://www.publi20.com/listing/agencia-digital-p1stache/,,/listing/agencia-digital-p1stache/,ignorar parámetros de la URL
3354,Redirecciones,ok_query,/directorio/proveedores/agencia-digital-noir-digital-1248,https://www.publi20.com/listing/agencia-digital-noir-digital/,,/listing/agencia-digital-noir-digital/,ignorar parámetros de la URL
3353,Redirecciones,ok_query,/directorio/proveedores/agencia-digital-mustard-1247,https://www.publi20.com/listing/agencia-digital-mustard/,,/listing/agencia-digital-mustard/,ignorar parámetros de la URL
3352,Redirecciones,ok_query,/directorio/proveedores/agencia-digital-mediagency-1246,https://www.publi20.com/listing/agencia-digital-mediagency/,,/listing/agencia-digital-mediagency/,ignorar parámetros de la URL
3351,Redirecciones,ok_query,/directorio/proveedores/agencia-digital-lunave-1245,https://www.publi20.com/listing/agencia-digital-lunave/,,/listing/agencia-digital-lunave/,ignorar parámetros de la URL
3350,Redirecciones,ok_query,/directorio/proveedores/agencia-digital-lightdesign-1244,https://www.publi20.com/listing/agencia-digital-lightdesign/,,/listing/agencia-digital-lightdesign/,ignorar parámetros de la URL
3349,Redirecciones,ok_query,/directorio/proveedores/agencia-digital-lead2action-1243,https://www.publi20.com/listing/agencia-digital-lead2action/,,/listing/agencia-digital-lead2action/,ignorar parámetros de la URL
3348,Redirecciones,ok_query,/directorio/proveedores/agencia-digital-kontrabando-1242,https://www.publi20.com/listing/agencia-digital-kontrabando/,,/listing/agencia-digital-kontrabando/,ignorar parámetros de la URL
3347,Redirecciones,ok_query,/directorio/proveedores/agencia-digital-kml-media-1241,https://www.publi20.com/listing/agencia-digital-kml-media/,,/listing/agencia-digital-kml-media/,ignorar parámetros de la URL
3346,Redirecciones,ok_query,/directorio/proveedores/agencia-digital-virtual-inflexion-software-1240,https://www.publi20.com/listing/agencia-digital-virtual-inflexion-software/,,/listing/agencia-digital-virtual-inflexion-software/,ignorar parámetros de la URL
3345,Redirecciones,ok_query,/directorio/proveedores/agencia-digital-imagia-creativa-1239,https://www.publi20.com/listing/agencia-digital-imagia-creativa/,,/listing/agencia-digital-imagia-creativa/,ignorar parámetros de la URL
3344,Redirecciones,ok_query,/directorio/proveedores/agencia-digital-digital-solutions-1238,https://www.publi20.com/listing/agencia-digital-digital-solutions/,,/listing/agencia-digital-digital-solutions/,ignorar parámetros de la URL
3343,Redirecciones,ok_query,/directorio/proveedores/agencia-digital-hello-mexico-1237,https://www.publi20.com/listing/agencia-digital-hello-mexico/,,/listing/agencia-digital-hello-mexico/,ignorar parámetros de la URL
3342,Redirecciones,ok_query,/directorio/proveedores/agencia-digital-hashtag-1236,https://www.publi20.com/listing/agencia-digital-hashtag/,,/listing/agencia-digital-hashtag/,ignorar parámetros de la URL
3341,Redirecciones,ok_query,/directorio/proveedores/agencia-digital-grupo-smart-1235,https://www.publi20.com/listing/agencia-digital-grupo-smart/,,/listing/agencia-digital-grupo-smart/,ignorar parámetros de la URL
3340,Redirecciones,ok_query,/directorio/proveedores/agencia-digital-espora-estudio-1234,https://www.publi20.com/listing/agencia-digital-espora-estudio/,,/listing/agencia-digital-espora-estudio/,ignorar parámetros de la URL
3339,Redirecciones,ok_query,/directorio/proveedores/agencia-digital-efecinco-1233,https://www.publi20.com/listing/agencia-digital-efecinco/,,/listing/agencia-digital-efecinco/,ignorar parámetros de la URL
3338,Redirecciones,ok_query,/directorio/proveedores/agencia-digital-di-paola-marquez-1232,https://www.publi20.com/listing/agencia-digital-di-paola-marquez/,,/listing/agencia-digital-di-paola-marquez/,ignorar parámetros de la URL
3337,Redirecciones,ok_query,/directorio/proveedores/agencia-digital-digital-coaster-1231,https://www.publi20.com/listing/agencia-digital-digital-coaster/,,/listing/agencia-digital-digital-coaster/,ignorar parámetros de la URL
3336,Redirecciones,ok_query,/directorio/proveedores/agencia-digital-dialogo-comunicacion-1230,https://www.publi20.com/listing/agencia-digital-dialogo-comunicacion/,,/listing/agencia-digital-dialogo-comunicacion/,ignorar parámetros de la URL
3335,Redirecciones,ok_query,/directorio/proveedores/agencia-digital-the-cluster-agency-1229,https://www.publi20.com/listing/agencia-digital-the-cluster-agency/,,/listing/agencia-digital-the-cluster-agency/,ignorar parámetros de la URL
3334,Redirecciones,ok_query,/directorio/proveedores/agencia-digital-clarus-digital-1228,https://www.publi20.com/listing/agencia-digital-clarus-digital/,,/listing/agencia-digital-clarus-digital/,ignorar parámetros de la URL
3333,Redirecciones,ok_query,/directorio/proveedores/agencia-digital-axiona-1227,https://www.publi20.com/listing/agencia-digital-axiona/,,/listing/agencia-digital-axiona/,ignorar parámetros de la URL
3332,Redirecciones,ok_query,/directorio/proveedores/agencia-digital-altusmedia-1226,https://www.publi20.com/listing/agencia-digital-altusmedia/,,/listing/agencia-digital-altusmedia/,ignorar parámetros de la URL
3331,Redirecciones,ok_query,/directorio/proveedores/agencia-digital-ada-mexico-1225,https://www.publi20.com/listing/agencia-digital-ada-mexico/,,/listing/agencia-digital-ada-mexico/,ignorar parámetros de la URL
3330,Redirecciones,ok_query,/directorio/proveedores/agencia-de-tecnologia-tkinov-1224,https://www.publi20.com/listing/agencia-de-tecnologia-tkinov/,,/listing/agencia-de-tecnologia-tkinov/,ignorar parámetros de la URL
3329,Redirecciones,ok_query,/directorio/proveedores/agencia-de-tecnologia-pyramid-1223,https://www.publi20.com/listing/agencia-de-tecnologia-pyramid/,,/listing/agencia-de-tecnologia-pyramid/,ignorar parámetros de la URL
3328,Redirecciones,ok_query,/directorio/proveedores/agencia-de-tecnologia-opentec-1222,https://www.publi20.com/listing/agencia-de-tecnologia-opentec/,,/listing/agencia-de-tecnologia-opentec/,ignorar parámetros de la URL
3327,Redirecciones,ok_query,/directorio/proveedores/agencia-de-tecnologia-monere-business-1221,https://www.publi20.com/listing/agencia-de-tecnologia-monere-business/,,/listing/agencia-de-tecnologia-monere-business/,ignorar parámetros de la URL
3326,Redirecciones,ok_query,/directorio/proveedores/agencia-de-tecnologia-intelisis-1220,https://www.publi20.com/listing/agencia-de-tecnologia-intelisis/,,/listing/agencia-de-tecnologia-intelisis/,ignorar parámetros de la URL
3325,Redirecciones,ok_query,/directorio/proveedores/agencia-de-tecnologia-intruder-consulting-1219,https://www.publi20.com/listing/agencia-de-tecnologia-intruder-consulting/,,/listing/agencia-de-tecnologia-intruder-consulting/,ignorar parámetros de la URL
3324,Redirecciones,ok_query,/directorio/proveedores/agencia-de-tecnologia-grupo-fidalex-1218,https://www.publi20.com/listing/agencia-de-tecnologia-grupo-fidalex/,,/listing/agencia-de-tecnologia-grupo-fidalex/,ignorar parámetros de la URL
3323,Redirecciones,ok_query,/directorio/proveedores/agencia-de-tecnologia-factor-evolucion-1217,https://www.publi20.com/listing/agencia-de-tecnologia-factor-evolucion/,,/listing/agencia-de-tecnologia-factor-evolucion/,ignorar parámetros de la URL
3322,Redirecciones,ok_query,/directorio/proveedores/agencia-de-tecnologia-daysoft-1216,https://www.publi20.com/listing/agencia-de-tecnologia-daysoft/,,/listing/agencia-de-tecnologia-daysoft/,ignorar parámetros de la URL
3321,Redirecciones,ok_query,/directorio/proveedores/agencia-de-tecnologia-abd-systems-1215,https://www.publi20.com/listing/agencia-de-tecnologia-abd-systems/,,/listing/agencia-de-tecnologia-abd-systems/,ignorar parámetros de la URL
3320,Redirecciones,ok_query,/directorio/proveedores/agencia-de-tecnologia-4fsystems-1214,https://www.publi20.com/listing/agencia-de-tecnologia-4fsystems/,,/listing/agencia-de-tecnologia-4fsystems/,ignorar parámetros de la URL
3319,Redirecciones,ok_query,/directorio/proveedores/agencia-de-relaciones-publicas-sara-cuellar-comunicacion-1213,https://www.publi20.com/listing/agencia-de-relaciones-publicas-sara-cuellar-comunicacion/,,/listing/agencia-de-relaciones-publicas-sara-cuellar-comunicacion/,ignorar parámetros de la URL
3318,Redirecciones,ok_query,/directorio/proveedores/agencia-de-relaciones-publicas-prmind-group-1212,https://www.publi20.com/listing/agencia-de-relaciones-publicas-prmind-group/,,/listing/agencia-de-relaciones-publicas-prmind-group/,ignorar parámetros de la URL
3317,Redirecciones,ok_query,/directorio/proveedores/agencia-de-relaciones-publicas-planeco-1211,https://www.publi20.com/listing/agencia-de-relaciones-publicas-planeco/,,/listing/agencia-de-relaciones-publicas-planeco/,ignorar parámetros de la URL
3316,Redirecciones,ok_query,/directorio/proveedores/agencia-de-relaciones-publicas-31416r-relaciones-publicas-1210,https://www.publi20.com/listing/agencia-de-relaciones-publicas-31416r-relaciones-publicas/,,/listing/agencia-de-relaciones-publicas-31416r-relaciones-publicas/,ignorar parámetros de la URL
3315,Redirecciones,ok_query,/directorio/proveedores/agencia-de-relaciones-publicas-penagos-comunicacion-1209,https://www.publi20.com/listing/agencia-de-relaciones-publicas-penagos-comunicacion/,,/listing/agencia-de-relaciones-publicas-penagos-comunicacion/,ignorar parámetros de la URL
3314,Redirecciones,ok_query,/directorio/proveedores/agencia-de-relaciones-publicas-nucleus-by-crm-1208,https://www.publi20.com/listing/agencia-de-relaciones-publicas-nucleus-by-crm/,,/listing/agencia-de-relaciones-publicas-nucleus-by-crm/,ignorar parámetros de la URL
3313,Redirecciones,ok_query,/directorio/proveedores/agencia-de-relaciones-publicas-newcom-1207,https://www.publi20.com/listing/agencia-de-relaciones-publicas-newcom/,,/listing/agencia-de-relaciones-publicas-newcom/,ignorar parámetros de la URL
3312,Redirecciones,ok_query,/directorio/proveedores/agencia-de-relaciones-publicas-mun-logic-1206,https://www.publi20.com/listing/agencia-de-relaciones-publicas-mun-logic/,,/listing/agencia-de-relaciones-publicas-mun-logic/,ignorar parámetros de la URL
3311,Redirecciones,ok_query,/directorio/proveedores/agencia-de-relaciones-publicas-massideas-1205,https://www.publi20.com/listing/agencia-de-relaciones-publicas-massideas/,,/listing/agencia-de-relaciones-publicas-massideas/,ignorar parámetros de la URL
3310,Redirecciones,ok_query,/directorio/proveedores/agencia-de-relaciones-publicas-marketing-q-1204,https://www.publi20.com/listing/agencia-de-relaciones-publicas-marketing-q/,,/listing/agencia-de-relaciones-publicas-marketing-q/,ignorar parámetros de la URL
3309,Redirecciones,ok_query,/directorio/proveedores/agencia-de-relaciones-publicas-makken-rrpp-1203,https://www.publi20.com/listing/agencia-de-relaciones-publicas-makken-rrpp/,,/listing/agencia-de-relaciones-publicas-makken-rrpp/,ignorar parámetros de la URL
3308,Redirecciones,ok_query,/directorio/proveedores/agencia-de-relaciones-publicas-macias-pr-1202,https://www.publi20.com/listing/agencia-de-relaciones-publicas-macias-pr/,,/listing/agencia-de-relaciones-publicas-macias-pr/,ignorar parámetros de la URL
3307,Redirecciones,ok_query,/directorio/proveedores/agencia-de-relaciones-publicas-litio-bmp-1201,https://www.publi20.com/listing/agencia-de-relaciones-publicas-litio-bmp/,,/listing/agencia-de-relaciones-publicas-litio-bmp/,ignorar parámetros de la URL
3306,Redirecciones,ok_query,/directorio/proveedores/agencia-de-relaciones-publicas-lithiumpr-1200,https://www.publi20.com/listing/agencia-de-relaciones-publicas-lithiumpr/,,/listing/agencia-de-relaciones-publicas-lithiumpr/,ignorar parámetros de la URL
3305,Redirecciones,ok_query,/directorio/proveedores/agencia-de-relaciones-publicas-lead-image-1199,https://www.publi20.com/listing/agencia-de-relaciones-publicas-lead-image/,,/listing/agencia-de-relaciones-publicas-lead-image/,ignorar parámetros de la URL
3304,Redirecciones,ok_query,/directorio/proveedores/agencia-de-relaciones-publicas-keep-engaged-1198,https://www.publi20.com/listing/agencia-de-relaciones-publicas-keep-engaged/,,/listing/agencia-de-relaciones-publicas-keep-engaged/,ignorar parámetros de la URL
3303,Redirecciones,ok_query,/directorio/proveedores/agencia-de-relaciones-publicas-kaleidoscopio-pr-1197,https://www.publi20.com/listing/agencia-de-relaciones-publicas-kaleidoscopio-pr/,,/listing/agencia-de-relaciones-publicas-kaleidoscopio-pr/,ignorar parámetros de la URL
3302,Redirecciones,ok_query,/directorio/proveedores/agencia-de-relaciones-publicas-iq-pr-1196,https://www.publi20.com/listing/agencia-de-relaciones-publicas-iq-pr/,,/listing/agencia-de-relaciones-publicas-iq-pr/,ignorar parámetros de la URL
3301,Redirecciones,ok_query,/directorio/proveedores/agencia-de-relaciones-publicas-international-consulting-and-marketing-(icym)-1195,https://www.publi20.com/listing/agencia-de-relaciones-publicas-international-consulting-and-marketing-(icym)/,,/listing/agencia-de-relaciones-publicas-international-consulting-and-marketing-(icym)/,ignorar parámetros de la URL
3300,Redirecciones,ok_query,/directorio/proveedores/agencia-de-relaciones-publicas-grupo-public-1194,https://www.publi20.com/listing/agencia-de-relaciones-publicas-grupo-public/,,/listing/agencia-de-relaciones-publicas-grupo-public/,ignorar parámetros de la URL
3299,Redirecciones,ok_query,/directorio/proveedores/agencia-de-relaciones-publicas-fleishmanhillard-mexico-1193,https://www.publi20.com/listing/agencia-de-relaciones-publicas-fleishmanhillard-mexico/,,/listing/agencia-de-relaciones-publicas-fleishmanhillard-mexico/,ignorar parámetros de la URL
3298,Redirecciones,ok_query,/directorio/proveedores/agencia-de-relaciones-publicas-fabrik-1192,https://www.publi20.com/listing/agencia-de-relaciones-publicas-fabrik/,,/listing/agencia-de-relaciones-publicas-fabrik/,ignorar parámetros de la URL
3297,Redirecciones,ok_query,/directorio/proveedores/agencia-de-relaciones-publicas-euroamerica-1191,https://www.publi20.com/listing/agencia-de-relaciones-publicas-euroamerica/,,/listing/agencia-de-relaciones-publicas-euroamerica/,ignorar parámetros de la URL
3296,Redirecciones,ok_query,/directorio/proveedores/agencia-de-relaciones-publicas-eureka-y-co-1190,https://www.publi20.com/listing/agencia-de-relaciones-publicas-eureka-y-co/,,/listing/agencia-de-relaciones-publicas-eureka-y-co/,ignorar parámetros de la URL
3295,Redirecciones,ok_query,/directorio/proveedores/agencia-de-relaciones-publicas-enlace-integral-1189,https://www.publi20.com/listing/agencia-de-relaciones-publicas-enlace-integral/,,/listing/agencia-de-relaciones-publicas-enlace-integral/,ignorar parámetros de la URL
3294,Redirecciones,ok_query,/directorio/proveedores/agencia-de-relaciones-publicas-edelman-1188,https://www.publi20.com/listing/agencia-de-relaciones-publicas-edelman/,,/listing/agencia-de-relaciones-publicas-edelman/,ignorar parámetros de la URL
3293,Redirecciones,ok_query,/directorio/proveedores/agencia-de-relaciones-publicas-ebeaconcommunication-1187,https://www.publi20.com/listing/agencia-de-relaciones-publicas-ebeaconcommunication/,,/listing/agencia-de-relaciones-publicas-ebeaconcommunication/,ignorar parámetros de la URL
3292,Redirecciones,ok_query,/directorio/proveedores/agencia-de-relaciones-publicas-dickins-y-asociados-1186,https://www.publi20.com/listing/agencia-de-relaciones-publicas-dickins-y-asociados/,,/listing/agencia-de-relaciones-publicas-dickins-y-asociados/,ignorar parámetros de la URL
3291,Redirecciones,ok_query,/directorio/proveedores/agencia-de-relaciones-publicas-cohn-y-wolfe-mexico-1185,https://www.publi20.com/listing/agencia-de-relaciones-publicas-cohn-y-wolfe-mexico/,,/listing/agencia-de-relaciones-publicas-cohn-y-wolfe-mexico/,ignorar parámetros de la URL
3290,Redirecciones,ok_query,/directorio/proveedores/agencia-de-relaciones-publicas-bluemind-creative-works-1184,https://www.publi20.com/listing/agencia-de-relaciones-publicas-bluemind-creative-works/,,/listing/agencia-de-relaciones-publicas-bluemind-creative-works/,ignorar parámetros de la URL
3289,Redirecciones,ok_query,/directorio/proveedores/agencia-de-relaciones-publicas-audacia-comunicacion-1183,https://www.publi20.com/listing/agencia-de-relaciones-publicas-audacia-comunicacion/,,/listing/agencia-de-relaciones-publicas-audacia-comunicacion/,ignorar parámetros de la URL
3288,Redirecciones,ok_query,/directorio/proveedores/agencia-de-relaciones-publicas-atelier-1182,https://www.publi20.com/listing/agencia-de-relaciones-publicas-atelier/,,/listing/agencia-de-relaciones-publicas-atelier/,ignorar parámetros de la URL
3287,Redirecciones,ok_query,/directorio/proveedores/agencia-de-relaciones-publicas-arvizu-1181,https://www.publi20.com/listing/agencia-de-relaciones-publicas-arvizu/,,/listing/agencia-de-relaciones-publicas-arvizu/,ignorar parámetros de la URL
3286,Redirecciones,ok_query,/directorio/proveedores/agencia-de-relaciones-publicas-alterpraxis-1180,https://www.publi20.com/listing/agencia-de-relaciones-publicas-alterpraxis/,,/listing/agencia-de-relaciones-publicas-alterpraxis/,ignorar parámetros de la URL
3285,Redirecciones,ok_query,/directorio/proveedores/agencia-de-relaciones-publicas-aldebaran-comunicacion-1179,https://www.publi20.com/listing/agencia-de-relaciones-publicas-aldebaran-comunicacion/,,/listing/agencia-de-relaciones-publicas-aldebaran-comunicacion/,ignorar parámetros de la URL
3284,Redirecciones,ok_query,/directorio/proveedores/agencia-de-relaciones-publicas-ache-entretenimiento-1178,https://www.publi20.com/listing/agencia-de-relaciones-publicas-ache-entretenimiento/,,/listing/agencia-de-relaciones-publicas-ache-entretenimiento/,ignorar parámetros de la URL
3283,Redirecciones,ok_query,/directorio/proveedores/agencia-de-recursos-humanos-suplementos-corporativos-1177,https://www.publi20.com/listing/agencia-de-recursos-humanos-suplementos-corporativos/,,/listing/agencia-de-recursos-humanos-suplementos-corporativos/,ignorar parámetros de la URL
3282,Redirecciones,ok_query,/directorio/proveedores/agencia-de-recursos-humanos-staffing-personal-1176,https://www.publi20.com/listing/agencia-de-recursos-humanos-staffing-personal/,,/listing/agencia-de-recursos-humanos-staffing-personal/,ignorar parámetros de la URL
3281,Redirecciones,ok_query,/directorio/proveedores/agencia-de-recursos-humanos-rolling-personnel-1175,https://www.publi20.com/listing/agencia-de-recursos-humanos-rolling-personnel/,,/listing/agencia-de-recursos-humanos-rolling-personnel/,ignorar parámetros de la URL
3280,Redirecciones,ok_query,/directorio/proveedores/agencia-de-recursos-humanos-red-ring-1174,https://www.publi20.com/listing/agencia-de-recursos-humanos-red-ring/,,/listing/agencia-de-recursos-humanos-red-ring/,ignorar parámetros de la URL
3279,Redirecciones,ok_query,/directorio/proveedores/agencia-de-recursos-humanos-randstad-1173,https://www.publi20.com/listing/agencia-de-recursos-humanos-randstad/,,/listing/agencia-de-recursos-humanos-randstad/,ignorar parámetros de la URL
3278,Redirecciones,ok_query,/directorio/proveedores/agencia-de-recursos-humanos-people-value-1172,https://www.publi20.com/listing/agencia-de-recursos-humanos-people-value/,,/listing/agencia-de-recursos-humanos-people-value/,ignorar parámetros de la URL
3277,Redirecciones,ok_query,/directorio/proveedores/agencia-de-recursos-humanos-mexidooro-internacional-1171,https://www.publi20.com/listing/agencia-de-recursos-humanos-mexidooro-internacional/,,/listing/agencia-de-recursos-humanos-mexidooro-internacional/,ignorar parámetros de la URL
3276,Redirecciones,ok_query,/directorio/proveedores/agencia-de-recursos-humanos-mercury-data-1170,https://www.publi20.com/listing/agencia-de-recursos-humanos-mercury-data/,,/listing/agencia-de-recursos-humanos-mercury-data/,ignorar parámetros de la URL
3275,Redirecciones,ok_query,/directorio/proveedores/agencia-de-recursos-humanos-ips-1169,https://www.publi20.com/listing/agencia-de-recursos-humanos-ips/,,/listing/agencia-de-recursos-humanos-ips/,ignorar parámetros de la URL
3274,Redirecciones,ok_query,/directorio/proveedores/agencia-de-recursos-humanos-human-sourcing-1168,https://www.publi20.com/listing/agencia-de-recursos-humanos-human-sourcing/,,/listing/agencia-de-recursos-humanos-human-sourcing/,ignorar parámetros de la URL
3273,Redirecciones,ok_query,/directorio/proveedores/agencia-de-recursos-humanos-human-kind-1167,https://www.publi20.com/listing/agencia-de-recursos-humanos-human-kind/,,/listing/agencia-de-recursos-humanos-human-kind/,ignorar parámetros de la URL
3272,Redirecciones,ok_query,/directorio/proveedores/agencia-de-recursos-humanos-human-dynamics-bureau-1166,https://www.publi20.com/listing/agencia-de-recursos-humanos-human-dynamics-bureau/,,/listing/agencia-de-recursos-humanos-human-dynamics-bureau/,ignorar parámetros de la URL
3271,Redirecciones,ok_query,/directorio/proveedores/agencia-de-recursos-humanos-hm-consultores-1165,https://www.publi20.com/listing/agencia-de-recursos-humanos-hm-consultores/,,/listing/agencia-de-recursos-humanos-hm-consultores/,ignorar parámetros de la URL
3270,Redirecciones,ok_query,/directorio/proveedores/agencia-de-recursos-humanos-great-team-1164,https://www.publi20.com/listing/agencia-de-recursos-humanos-great-team/,,/listing/agencia-de-recursos-humanos-great-team/,ignorar parámetros de la URL
3269,Redirecciones,ok_query,/directorio/proveedores/agencia-de-recursos-humanos-direccion-humana-1163,https://www.publi20.com/listing/agencia-de-recursos-humanos-direccion-humana/,,/listing/agencia-de-recursos-humanos-direccion-humana/,ignorar parámetros de la URL
3268,Redirecciones,ok_query,/directorio/proveedores/agencia-de-recursos-humanos-delta-middle-management-1162,https://www.publi20.com/listing/agencia-de-recursos-humanos-delta-middle-management/,,/listing/agencia-de-recursos-humanos-delta-middle-management/,ignorar parámetros de la URL
3267,Redirecciones,ok_query,/directorio/proveedores/agencia-de-recursos-humanos-corporativo-yebiah-1161,https://www.publi20.com/listing/agencia-de-recursos-humanos-corporativo-yebiah/,,/listing/agencia-de-recursos-humanos-corporativo-yebiah/,ignorar parámetros de la URL
3266,Redirecciones,ok_query,/directorio/proveedores/agencia-de-recursos-humanos-cm-talent-y-development-1160,https://www.publi20.com/listing/agencia-de-recursos-humanos-cm-talent-y-development/,,/listing/agencia-de-recursos-humanos-cm-talent-y-development/,ignorar parámetros de la URL
3265,Redirecciones,ok_query,/directorio/proveedores/agencia-de-publicidad-farmaceutica-timspa-1159,https://www.publi20.com/listing/agencia-de-publicidad-farmaceutica-timspa/,,/listing/agencia-de-publicidad-farmaceutica-timspa/,ignorar parámetros de la URL
3264,Redirecciones,ok_query,/directorio/proveedores/agencia-de-publicidad-farmaceutica-el-taller-de-las-ideas-1158,https://www.publi20.com/listing/agencia-de-publicidad-farmaceutica-el-taller-de-las-ideas/,,/listing/agencia-de-publicidad-farmaceutica-el-taller-de-las-ideas/,ignorar parámetros de la URL
3263,Redirecciones,ok_query,/directorio/proveedores/agencia-de-publicidad-farmaceutica-queruva-1157,https://www.publi20.com/listing/agencia-de-publicidad-farmaceutica-queruva/,,/listing/agencia-de-publicidad-farmaceutica-queruva/,ignorar parámetros de la URL
3262,Redirecciones,ok_query,/directorio/proveedores/agencia-de-publicidad-farmaceutica-punto-pen-1156,https://www.publi20.com/listing/agencia-de-publicidad-farmaceutica-punto-pen/,,/listing/agencia-de-publicidad-farmaceutica-punto-pen/,ignorar parámetros de la URL
3261,Redirecciones,ok_query,/directorio/proveedores/agencia-de-publicidad-farmaceutica-medicacf-1155,https://www.publi20.com/listing/agencia-de-publicidad-farmaceutica-medicacf/,,/listing/agencia-de-publicidad-farmaceutica-medicacf/,ignorar parámetros de la URL
3260,Redirecciones,ok_query,/directorio/proveedores/agencia-de-publicidad-farmaceutica-marketing-latino-1154,https://www.publi20.com/listing/agencia-de-publicidad-farmaceutica-marketing-latino/,,/listing/agencia-de-publicidad-farmaceutica-marketing-latino/,ignorar parámetros de la URL
3259,Redirecciones,ok_query,/directorio/proveedores/agencia-de-publicidad-farmaceutica-ifloat-mexico-1153,https://www.publi20.com/listing/agencia-de-publicidad-farmaceutica-ifloat-mexico/,,/listing/agencia-de-publicidad-farmaceutica-ifloat-mexico/,ignorar parámetros de la URL
3258,Redirecciones,ok_query,/directorio/proveedores/agencia-de-publicidad-farmaceutica-designing-advertising-1152,https://www.publi20.com/listing/agencia-de-publicidad-farmaceutica-designing-advertising/,,/listing/agencia-de-publicidad-farmaceutica-designing-advertising/,ignorar parámetros de la URL
3257,Redirecciones,ok_query,/directorio/proveedores/agencia-de-publicidad-farmaceutica-cdyp-concepto-diseno-y-publicidad-1151,https://www.publi20.com/listing/agencia-de-publicidad-farmaceutica-cdyp-concepto-diseno-y-publicidad/,,/listing/agencia-de-publicidad-farmaceutica-cdyp-concepto-diseno-y-publicidad/,ignorar parámetros de la URL
3256,Redirecciones,ok_query,/directorio/proveedores/agencia-de-publicidad-farmaceutica-carlos-ascobereta-publicidad-1150,https://www.publi20.com/listing/agencia-de-publicidad-farmaceutica-carlos-ascobereta-publicidad/,,/listing/agencia-de-publicidad-farmaceutica-carlos-ascobereta-publicidad/,ignorar parámetros de la URL
3255,Redirecciones,ok_query,/directorio/proveedores/agencia-de-publicidad-farmaceutica-baktun-13-comunicacion-1149,https://www.publi20.com/listing/agencia-de-publicidad-farmaceutica-baktun-13-comunicacion/,,/listing/agencia-de-publicidad-farmaceutica-baktun-13-comunicacion/,ignorar parámetros de la URL
3254,Redirecciones,ok_query,/directorio/proveedores/agencia-de-publicidad-farmaceutica-asterisco-healthcare-communications-1148,https://www.publi20.com/listing/agencia-de-publicidad-farmaceutica-asterisco-healthcare-communications/,,/listing/agencia-de-publicidad-farmaceutica-asterisco-healthcare-communications/,ignorar parámetros de la URL
3253,Redirecciones,ok_query,/directorio/proveedores/agencia-de-publicidad-farmaceutica-asesores-en-prensa-y-comunicacion-1147,https://www.publi20.com/listing/agencia-de-publicidad-farmaceutica-asesores-en-prensa-y-comunicacion/,,/listing/agencia-de-publicidad-farmaceutica-asesores-en-prensa-y-comunicacion/,ignorar parámetros de la URL
3252,Redirecciones,ok_query,/directorio/proveedores/agencia-de-publicidad-farmaceutica-adacosta-1146,https://www.publi20.com/listing/agencia-de-publicidad-farmaceutica-adacosta/,,/listing/agencia-de-publicidad-farmaceutica-adacosta/,ignorar parámetros de la URL
3251,Redirecciones,ok_query,/directorio/proveedores/agencia-de-publicidad-exterior-wachovia-1145,https://www.publi20.com/listing/agencia-de-publicidad-exterior-wachovia/,,/listing/agencia-de-publicidad-exterior-wachovia/,ignorar parámetros de la URL
3250,Redirecciones,ok_query,/directorio/proveedores/agencia-de-publicidad-exterior-vendor-1144,https://www.publi20.com/listing/agencia-de-publicidad-exterior-vendor/,,/listing/agencia-de-publicidad-exterior-vendor/,ignorar parámetros de la URL
3249,Redirecciones,ok_query,/directorio/proveedores/agencia-de-publicidad-exterior-vanguardia-publicitaria-1143,https://www.publi20.com/listing/agencia-de-publicidad-exterior-vanguardia-publicitaria/,,/listing/agencia-de-publicidad-exterior-vanguardia-publicitaria/,ignorar parámetros de la URL
3248,Redirecciones,ok_query,/directorio/proveedores/agencia-de-publicidad-exterior-strada-publicidad-1142,https://www.publi20.com/listing/agencia-de-publicidad-exterior-strada-publicidad/,,/listing/agencia-de-publicidad-exterior-strada-publicidad/,ignorar parámetros de la URL
3247,Redirecciones,ok_query,/directorio/proveedores/agencia-de-publicidad-exterior-grupo-atm-1141,https://www.publi20.com/listing/agencia-de-publicidad-exterior-grupo-atm/,,/listing/agencia-de-publicidad-exterior-grupo-atm/,ignorar parámetros de la URL
3246,Redirecciones,ok_query,/directorio/proveedores/agencia-de-publicidad-exterior-publisitios-1140,https://www.publi20.com/listing/agencia-de-publicidad-exterior-publisitios/,,/listing/agencia-de-publicidad-exterior-publisitios/,ignorar parámetros de la URL
3245,Redirecciones,ok_query,/directorio/proveedores/agencia-de-publicidad-exterior-publicarteleras-1139,https://www.publi20.com/listing/agencia-de-publicidad-exterior-publicarteleras/,,/listing/agencia-de-publicidad-exterior-publicarteleras/,ignorar parámetros de la URL
3244,Redirecciones,ok_query,/directorio/proveedores/agencia-de-publicidad-exterior-pm-on-street-1138,https://www.publi20.com/listing/agencia-de-publicidad-exterior-pm-on-street/,,/listing/agencia-de-publicidad-exterior-pm-on-street/,ignorar parámetros de la URL
3243,Redirecciones,ok_query,/directorio/proveedores/agencia-de-publicidad-exterior-mepexsa-1137,https://www.publi20.com/listing/agencia-de-publicidad-exterior-mepexsa/,,/listing/agencia-de-publicidad-exterior-mepexsa/,ignorar parámetros de la URL
3242,Redirecciones,ok_query,/directorio/proveedores/agencia-de-publicidad-exterior-medios-populares-1136,https://www.publi20.com/listing/agencia-de-publicidad-exterior-medios-populares/,,/listing/agencia-de-publicidad-exterior-medios-populares/,ignorar parámetros de la URL
3241,Redirecciones,ok_query,/directorio/proveedores/agencia-de-publicidad-exterior-marcavision-1135,https://www.publi20.com/listing/agencia-de-publicidad-exterior-marcavision/,,/listing/agencia-de-publicidad-exterior-marcavision/,ignorar parámetros de la URL
3240,Redirecciones,ok_query,/directorio/proveedores/agencia-de-publicidad-exterior-ledies-1134,https://www.publi20.com/listing/agencia-de-publicidad-exterior-ledies/,,/listing/agencia-de-publicidad-exterior-ledies/,ignorar parámetros de la URL
3239,Redirecciones,ok_query,/directorio/proveedores/agencia-de-publicidad-exterior-publicidad-exterior-lagunas-1133,https://www.publi20.com/listing/agencia-de-publicidad-exterior-publicidad-exterior-lagunas/,,/listing/agencia-de-publicidad-exterior-publicidad-exterior-lagunas/,ignorar parámetros de la URL
3238,Redirecciones,ok_query,/directorio/proveedores/agencia-de-publicidad-exterior-isa-corporativo-1132,https://www.publi20.com/listing/agencia-de-publicidad-exterior-isa-corporativo/,,/listing/agencia-de-publicidad-exterior-isa-corporativo/,ignorar parámetros de la URL
3237,Redirecciones,ok_query,/directorio/proveedores/agencia-de-publicidad-exterior-grupo-imu-1131,https://www.publi20.com/listing/agencia-de-publicidad-exterior-grupo-imu/,,/listing/agencia-de-publicidad-exterior-grupo-imu/,ignorar parámetros de la URL
3236,Redirecciones,ok_query,/directorio/proveedores/agencia-de-publicidad-exterior-impacto-capital-1130,https://www.publi20.com/listing/agencia-de-publicidad-exterior-impacto-capital/,,/listing/agencia-de-publicidad-exterior-impacto-capital/,ignorar parámetros de la URL
3235,Redirecciones,ok_query,/directorio/proveedores/agencia-de-publicidad-exterior-grupo-rentable-1129,https://www.publi20.com/listing/agencia-de-publicidad-exterior-grupo-rentable/,,/listing/agencia-de-publicidad-exterior-grupo-rentable/,ignorar parámetros de la URL
3234,Redirecciones,ok_query,/directorio/proveedores/agencia-de-publicidad-exterior-cencom-1128,https://www.publi20.com/listing/agencia-de-publicidad-exterior-cencom/,,/listing/agencia-de-publicidad-exterior-cencom/,ignorar parámetros de la URL
3233,Redirecciones,ok_query,/directorio/proveedores/agencia-de-publicidad-exterior-clear-channel-1127,https://www.publi20.com/listing/agencia-de-publicidad-exterior-clear-channel/,,/listing/agencia-de-publicidad-exterior-clear-channel/,ignorar parámetros de la URL
3232,Redirecciones,ok_query,/directorio/proveedores/agencia-de-publicidad-exterior-5m2-1126,https://www.publi20.com/listing/agencia-de-publicidad-exterior-5m2/,,/listing/agencia-de-publicidad-exterior-5m2/,ignorar parámetros de la URL
3231,Redirecciones,ok_query,/directorio/proveedores/agencia-de-publicidad-exterior-casa-publicidad-y-asociados-1125,https://www.publi20.com/listing/agencia-de-publicidad-exterior-casa-publicidad-y-asociados/,,/listing/agencia-de-publicidad-exterior-casa-publicidad-y-asociados/,ignorar parámetros de la URL
3230,Redirecciones,ok_query,/directorio/proveedores/agencia-de-publicidad-exterior-cartelerascom-1124,https://www.publi20.com/listing/agencia-de-publicidad-exterior-cartelerascom/,,/listing/agencia-de-publicidad-exterior-cartelerascom/,ignorar parámetros de la URL
3229,Redirecciones,ok_query,/directorio/proveedores/agencia-de-publicidad-exterior-cadpro-vallas-moviles-1123,https://www.publi20.com/listing/agencia-de-publicidad-exterior-cadpro-vallas-moviles/,,/listing/agencia-de-publicidad-exterior-cadpro-vallas-moviles/,ignorar parámetros de la URL
3228,Redirecciones,ok_query,/directorio/proveedores/agencia-de-publicidad-exterior-actives-btl-1122,https://www.publi20.com/listing/agencia-de-publicidad-exterior-actives-btl/,,/listing/agencia-de-publicidad-exterior-actives-btl/,ignorar parámetros de la URL
3227,Redirecciones,ok_query,/directorio/proveedores/agencia-de-publicidad-zoo-1121,https://www.publi20.com/listing/agencia-de-publicidad-zoo/,,/listing/agencia-de-publicidad-zoo/,ignorar parámetros de la URL
3226,Redirecciones,ok_query,/directorio/proveedores/agencia-de-publicidad-zeta-publicidad-1120,https://www.publi20.com/listing/agencia-de-publicidad-zeta-publicidad/,,/listing/agencia-de-publicidad-zeta-publicidad/,ignorar parámetros de la URL
3225,Redirecciones,ok_query,/directorio/proveedores/agencia-de-publicidad-zaga-consulting-1119,https://www.publi20.com/listing/agencia-de-publicidad-zaga-consulting/,,/listing/agencia-de-publicidad-zaga-consulting/,ignorar parámetros de la URL
3224,Redirecciones,ok_query,/directorio/proveedores/agencia-de-publicidad-young-y-rubicam-1118,https://www.publi20.com/listing/agencia-de-publicidad-young-y-rubicam/,,/listing/agencia-de-publicidad-young-y-rubicam/,ignorar parámetros de la URL
3223,Redirecciones,ok_query,/directorio/proveedores/agencia-de-publicidad-xpand-marketing-group-1117,https://www.publi20.com/listing/agencia-de-publicidad-xpand-marketing-group/,,/listing/agencia-de-publicidad-xpand-marketing-group/,ignorar parámetros de la URL
3222,Redirecciones,ok_query,/directorio/proveedores/agencia-de-publicidad-wunderman-mexico-1116,https://www.publi20.com/listing/agencia-de-publicidad-wunderman-mexico/,,/listing/agencia-de-publicidad-wunderman-mexico/,ignorar parámetros de la URL
3221,Redirecciones,ok_query,/directorio/proveedores/agencia-de-publicidad-agency-world-services-1115,https://www.publi20.com/listing/agencia-de-publicidad-agency-world-services/,,/listing/agencia-de-publicidad-agency-world-services/,ignorar parámetros de la URL
3220,Redirecciones,ok_query,/directorio/proveedores/agencia-de-publicidad-w-marketing-1114,https://www.publi20.com/listing/agencia-de-publicidad-w-marketing/,,/listing/agencia-de-publicidad-w-marketing/,ignorar parámetros de la URL
3219,Redirecciones,ok_query,/directorio/proveedores/agencia-de-publicidad-ar-weitzner-y-asociados-1113,https://www.publi20.com/listing/agencia-de-publicidad-ar-weitzner-y-asociados/,,/listing/agencia-de-publicidad-ar-weitzner-y-asociados/,ignorar parámetros de la URL
3218,Redirecciones,ok_query,/directorio/proveedores/agencia-de-publicidad-w-comunicacion-1112,https://www.publi20.com/listing/agencia-de-publicidad-w-comunicacion/,,/listing/agencia-de-publicidad-w-comunicacion/,ignorar parámetros de la URL
3217,Redirecciones,destino_mal,/directorio/proveedores/agencia-de-publicidad-w360°-1111,https://www.publi20.com/listing/agencia-de-publicidad-w360°/,,404 /listing/agencia-de-publicidad-w360°/,reapuntar a /publicidad/
3216,Redirecciones,ok_query,/directorio/proveedores/agencia-de-publicidad-vux-1110,https://www.publi20.com/listing/agencia-de-publicidad-vux/,,/listing/agencia-de-publicidad-vux/,ignorar parámetros de la URL
3215,Redirecciones,destino_mal,/directorio/proveedores/agencia-de-publicidad-volta-1109,https://www.publi20.com/listing/agencia-de-publicidad-volta/,,404 /listing/agencia-de-publicidad-volta/,reapuntar a /publicidad/
3214,Redirecciones,ok_query,/directorio/proveedores/agencia-de-publicidad-visual-latina-1108,https://www.publi20.com/listing/agencia-de-publicidad-visual-latina/,,/listing/agencia-de-publicidad-visual-latina/,ignorar parámetros de la URL
3213,Redirecciones,ok_query,/directorio/proveedores/agencia-de-publicidad-grupo-vale-euro-rscg-1107,https://www.publi20.com/listing/agencia-de-publicidad-grupo-vale-euro-rscg/,,/listing/agencia-de-publicidad-grupo-vale-euro-rscg/,ignorar parámetros de la URL
3212,Redirecciones,ok_query,/directorio/proveedores/agencia-de-publicidad-tovar-mina-y-asociados-1106,https://www.publi20.com/listing/agencia-de-publicidad-tovar-mina-y-asociados/,,/listing/agencia-de-publicidad-tovar-mina-y-asociados/,ignorar parámetros de la URL
3211,Redirecciones,ok_query,/directorio/proveedores/agencia-de-publicidad-todolocontrario-1105,https://www.publi20.com/listing/agencia-de-publicidad-todolocontrario/,,/listing/agencia-de-publicidad-todolocontrario/,ignorar parámetros de la URL
3210,Redirecciones,ok_query,/directorio/proveedores/agencia-de-publicidad-titan-mexico-1104,https://www.publi20.com/listing/agencia-de-publicidad-titan-mexico/,,/listing/agencia-de-publicidad-titan-mexico/,ignorar parámetros de la URL
3209,Redirecciones,ok_query,/directorio/proveedores/agencia-de-publicidad-teran-tbwa-1103,https://www.publi20.com/listing/agencia-de-publicidad-teran-tbwa/,,/listing/agencia-de-publicidad-teran-tbwa/,ignorar parámetros de la URL
3208,Redirecciones,ok_query,/directorio/proveedores/agencia-de-publicidad-target-gbm-1102,https://www.publi20.com/listing/agencia-de-publicidad-target-gbm/,,/listing/agencia-de-publicidad-target-gbm/,ignorar parámetros de la URL
3207,Redirecciones,ok_query,/directorio/proveedores/agencia-de-publicidad-tanquegroup-1101,https://www.publi20.com/listing/agencia-de-publicidad-tanquegroup/,,/listing/agencia-de-publicidad-tanquegroup/,ignorar parámetros de la URL
3206,Redirecciones,ok_query,/directorio/proveedores/agencia-de-publicidad-synapsis-de-mexico-1100,https://www.publi20.com/listing/agencia-de-publicidad-synapsis-de-mexico/,,/listing/agencia-de-publicidad-synapsis-de-mexico/,ignorar parámetros de la URL
3205,Redirecciones,ok_query,/directorio/proveedores/agencia-de-publicidad-starbrands-1099,https://www.publi20.com/listing/agencia-de-publicidad-starbrands/,,/listing/agencia-de-publicidad-starbrands/,ignorar parámetros de la URL
3204,Redirecciones,ok_query,/directorio/proveedores/agencia-de-publicidad-sprim-1098,https://www.publi20.com/listing/agencia-de-publicidad-sprim/,,/listing/agencia-de-publicidad-sprim/,ignorar parámetros de la URL
3203,Redirecciones,ok_query,/directorio/proveedores/agencia-de-publicidad-spot-lite-sa-de-cv-1097,https://www.publi20.com/listing/agencia-de-publicidad-spot-lite-sa-de-cv/,,/listing/agencia-de-publicidad-spot-lite-sa-de-cv/,ignorar parámetros de la URL
3202,Redirecciones,ok_query,/directorio/proveedores/agencia-de-publicidad-spora-publicidad-y-diseno-grafico-1096,https://www.publi20.com/listing/agencia-de-publicidad-spora-publicidad-y-diseno-grafico/,,/listing/agencia-de-publicidad-spora-publicidad-y-diseno-grafico/,ignorar parámetros de la URL
3201,Redirecciones,ok_query,/directorio/proveedores/agencia-de-publicidad-sparkling-1095,https://www.publi20.com/listing/agencia-de-publicidad-sparkling/,,/listing/agencia-de-publicidad-sparkling/,ignorar parámetros de la URL
3200,Redirecciones,ok_query,/directorio/proveedores/agencia-de-publicidad-slogan-publicidad-1094,https://www.publi20.com/listing/agencia-de-publicidad-slogan-publicidad/,,/listing/agencia-de-publicidad-slogan-publicidad/,ignorar parámetros de la URL
3199,Redirecciones,ok_query,/directorio/proveedores/agencia-de-publicidad-silverlight-cbs-1093,https://www.publi20.com/listing/agencia-de-publicidad-silverlight-cbs/,,/listing/agencia-de-publicidad-silverlight-cbs/,ignorar parámetros de la URL
3198,Redirecciones,ok_query,/directorio/proveedores/agencia-de-publicidad-seis-grados-1092,https://www.publi20.com/listing/agencia-de-publicidad-seis-grados/,,/listing/agencia-de-publicidad-seis-grados/,ignorar parámetros de la URL
3197,Redirecciones,ok_query,/directorio/proveedores/agencia-de-publicidad-sbtl-1091,https://www.publi20.com/listing/agencia-de-publicidad-sbtl/,,/listing/agencia-de-publicidad-sbtl/,ignorar parámetros de la URL
3196,Redirecciones,ok_query,/directorio/proveedores/agencia-de-publicidad-nazca-saatchi-y-saatchi-1090,https://www.publi20.com/listing/agencia-de-publicidad-nazca-saatchi-y-saatchi/,,/listing/agencia-de-publicidad-nazca-saatchi-y-saatchi/,ignorar parámetros de la URL
3195,Redirecciones,ok_query,/directorio/proveedores/agencia-de-publicidad-resolucion-pixel-1089,https://www.publi20.com/listing/agencia-de-publicidad-resolucion-pixel/,,/listing/agencia-de-publicidad-resolucion-pixel/,ignorar parámetros de la URL
3194,Redirecciones,ok_query,/directorio/proveedores/agencia-de-publicidad-el-recreo-comunicacion-1088,https://www.publi20.com/listing/agencia-de-publicidad-el-recreo-comunicacion/,,/listing/agencia-de-publicidad-el-recreo-comunicacion/,ignorar parámetros de la URL
3193,Redirecciones,ok_query,/directorio/proveedores/agencia-de-publicidad-pw-agency-1087,https://www.publi20.com/listing/agencia-de-publicidad-pw-agency/,,/listing/agencia-de-publicidad-pw-agency/,ignorar parámetros de la URL
3192,Redirecciones,ok_query,/directorio/proveedores/agencia-de-publicidad-publycity-1086,https://www.publi20.com/listing/agencia-de-publicidad-publycity/,,/listing/agencia-de-publicidad-publycity/,ignorar parámetros de la URL
3191,Redirecciones,ok_query,/directorio/proveedores/agencia-de-publicidad-publicis-mexico-1085,https://www.publi20.com/listing/agencia-de-publicidad-publicis-mexico/,,/listing/agencia-de-publicidad-publicis-mexico/,ignorar parámetros de la URL
3190,Redirecciones,ok_query,/directorio/proveedores/agencia-de-publicidad-publicidad-global-mexico-1084,https://www.publi20.com/listing/agencia-de-publicidad-publicidad-global-mexico/,,/listing/agencia-de-publicidad-publicidad-global-mexico/,ignorar parámetros de la URL
3189,Redirecciones,ok_query,/directorio/proveedores/agencia-de-publicidad-proyecta-publicidad-1083,https://www.publi20.com/listing/agencia-de-publicidad-proyecta-publicidad/,,/listing/agencia-de-publicidad-proyecta-publicidad/,ignorar parámetros de la URL
3188,Redirecciones,ok_query,/directorio/proveedores/agencia-de-publicidad-proyecta-live-brand-1082,https://www.publi20.com/listing/agencia-de-publicidad-proyecta-live-brand/,,/listing/agencia-de-publicidad-proyecta-live-brand/,ignorar parámetros de la URL
3187,Redirecciones,ok_query,/directorio/proveedores/agencia-de-publicidad-promo-express-1081,https://www.publi20.com/listing/agencia-de-publicidad-promo-express/,,/listing/agencia-de-publicidad-promo-express/,ignorar parámetros de la URL
3186,Redirecciones,ok_query,/directorio/proveedores/agencia-de-publicidad-promarket-1080,https://www.publi20.com/listing/agencia-de-publicidad-promarket/,,/listing/agencia-de-publicidad-promarket/,ignorar parámetros de la URL
3185,Redirecciones,ok_query,/directorio/proveedores/agencia-de-publicidad-primitivo-publicidad-1079,https://www.publi20.com/listing/agencia-de-publicidad-primitivo-publicidad/,,/listing/agencia-de-publicidad-primitivo-publicidad/,ignorar parámetros de la URL
3184,Redirecciones,ok_query,/directorio/proveedores/agencia-de-publicidad-postermedia-1078,https://www.publi20.com/listing/agencia-de-publicidad-postermedia/,,/listing/agencia-de-publicidad-postermedia/,ignorar parámetros de la URL
3183,Redirecciones,ok_query,/directorio/proveedores/agencia-de-publicidad-pool-creativo-1077,https://www.publi20.com/listing/agencia-de-publicidad-pool-creativo/,,/listing/agencia-de-publicidad-pool-creativo/,ignorar parámetros de la URL
3182,Redirecciones,ok_query,/directorio/proveedores/agencia-de-publicidad-pico-adworks-1076,https://www.publi20.com/listing/agencia-de-publicidad-pico-adworks/,,/listing/agencia-de-publicidad-pico-adworks/,ignorar parámetros de la URL
3181,Redirecciones,ok_query,/directorio/proveedores/agencia-de-publicidad-phi-comunicaciones-1075,https://www.publi20.com/listing/agencia-de-publicidad-phi-comunicaciones/,,/listing/agencia-de-publicidad-phi-comunicaciones/,ignorar parámetros de la URL
3180,Redirecciones,ok_query,/directorio/proveedores/agencia-de-publicidad-pgiovascom-1074,https://www.publi20.com/listing/agencia-de-publicidad-pgiovascom/,,/listing/agencia-de-publicidad-pgiovascom/,ignorar parámetros de la URL
3179,Redirecciones,ok_query,/directorio/proveedores/agencia-de-publicidad-perspectiva-cym-1073,https://www.publi20.com/listing/agencia-de-publicidad-perspectiva-cym/,,/listing/agencia-de-publicidad-perspectiva-cym/,ignorar parámetros de la URL
3178,Redirecciones,ok_query,/directorio/proveedores/agencia-de-publicidad-panacea-comunicacion-1072,https://www.publi20.com/listing/agencia-de-publicidad-panacea-comunicacion/,,/listing/agencia-de-publicidad-panacea-comunicacion/,ignorar parámetros de la URL
3177,Redirecciones,ok_query,/directorio/proveedores/agencia-de-publicidad-ophium-1071,https://www.publi20.com/listing/agencia-de-publicidad-ophium/,,/listing/agencia-de-publicidad-ophium/,ignorar parámetros de la URL
3176,Redirecciones,ok_query,/directorio/proveedores/agencia-de-publicidad-on-cue-1070,https://www.publi20.com/listing/agencia-de-publicidad-on-cue/,,/listing/agencia-de-publicidad-on-cue/,ignorar parámetros de la URL
3175,Redirecciones,ok_query,/directorio/proveedores/agencia-de-publicidad-olabuenaga-chemistri-1069,https://www.publi20.com/listing/agencia-de-publicidad-olabuenaga-chemistri/,,/listing/agencia-de-publicidad-olabuenaga-chemistri/,ignorar parámetros de la URL
3174,Redirecciones,ok_query,/directorio/proveedores/agencia-de-publicidad-ogilvy-y-mather-1068,https://www.publi20.com/listing/agencia-de-publicidad-ogilvy-y-mather/,,/listing/agencia-de-publicidad-ogilvy-y-mather/,ignorar parámetros de la URL
3173,Redirecciones,ok_query,/directorio/proveedores/agencia-de-publicidad-nucleo-publicidad-1067,https://www.publi20.com/listing/agencia-de-publicidad-nucleo-publicidad/,,/listing/agencia-de-publicidad-nucleo-publicidad/,ignorar parámetros de la URL
3172,Redirecciones,ok_query,/directorio/proveedores/agencia-de-publicidad-ninja-1066,https://www.publi20.com/listing/agencia-de-publicidad-ninja/,,/listing/agencia-de-publicidad-ninja/,ignorar parámetros de la URL
3171,Redirecciones,ok_query,/directorio/proveedores/agencia-de-publicidad-neutech-1065,https://www.publi20.com/listing/agencia-de-publicidad-neutech/,,/listing/agencia-de-publicidad-neutech/,ignorar parámetros de la URL
3170,Redirecciones,ok_query,/directorio/proveedores/agencia-de-publicidad-la-agencia-1064,https://www.publi20.com/listing/agencia-de-publicidad-la-agencia/,,/listing/agencia-de-publicidad-la-agencia/,ignorar parámetros de la URL
3169,Redirecciones,ok_query,/directorio/proveedores/agencia-de-publicidad-martinez-fresan-1063,https://www.publi20.com/listing/agencia-de-publicidad-martinez-fresan/,,/listing/agencia-de-publicidad-martinez-fresan/,ignorar parámetros de la URL
3168,Redirecciones,ok_query,/directorio/proveedores/agencia-de-publicidad-montenegro-comunicacion-1062,https://www.publi20.com/listing/agencia-de-publicidad-montenegro-comunicacion/,,/listing/agencia-de-publicidad-montenegro-comunicacion/,ignorar parámetros de la URL
3167,Redirecciones,destino_mal,/directorio/proveedores/agencia-de-publicidad-möller-comunicacion-de-marcas-1061,https://www.publi20.com/listing/agencia-de-publicidad-möller-comunicacion-de-marcas/,,404 /listing/agencia-de-publicidad-möller-comunicacion-de-marcas/,reapuntar a /publicidad/
3166,Redirecciones,ok_query,/directorio/proveedores/agencia-de-publicidad-medellin-publicistas-1060,https://www.publi20.com/listing/agencia-de-publicidad-medellin-publicistas/,,/listing/agencia-de-publicidad-medellin-publicistas/,ignorar parámetros de la URL
3165,Redirecciones,ok_query,/directorio/proveedores/agencia-de-publicidad-mccann-worldgroup-1059,https://www.publi20.com/listing/agencia-de-publicidad-mccann-worldgroup/,,/listing/agencia-de-publicidad-mccann-worldgroup/,ignorar parámetros de la URL
3164,Redirecciones,ok_query,/directorio/proveedores/agencia-de-publicidad-marioni-1058,https://www.publi20.com/listing/agencia-de-publicidad-marioni/,,/listing/agencia-de-publicidad-marioni/,ignorar parámetros de la URL
3163,Redirecciones,ok_query,/directorio/proveedores/agencia-de-publicidad-mala-conducta-1057,https://www.publi20.com/listing/agencia-de-publicidad-mala-conducta/,,/listing/agencia-de-publicidad-mala-conducta/,ignorar parámetros de la URL
3162,Redirecciones,ok_query,/directorio/proveedores/agencia-de-publicidad-magnus-mccoy-1056,https://www.publi20.com/listing/agencia-de-publicidad-magnus-mccoy/,,/listing/agencia-de-publicidad-magnus-mccoy/,ignorar parámetros de la URL
3161,Redirecciones,ok_query,/directorio/proveedores/agencia-de-publicidad-lowe-1055,https://www.publi20.com/listing/agencia-de-publicidad-lowe/,,/listing/agencia-de-publicidad-lowe/,ignorar parámetros de la URL
3160,Redirecciones,ok_query,/directorio/proveedores/agencia-de-publicidad-leo-burnett-mexico-1054,https://www.publi20.com/listing/agencia-de-publicidad-leo-burnett-mexico/,,/listing/agencia-de-publicidad-leo-burnett-mexico/,ignorar parámetros de la URL
3159,Redirecciones,ok_query,/directorio/proveedores/agencia-de-publicidad-lebrija-rubio-publicidad-1053,https://www.publi20.com/listing/agencia-de-publicidad-lebrija-rubio-publicidad/,,/listing/agencia-de-publicidad-lebrija-rubio-publicidad/,ignorar parámetros de la URL
3158,Redirecciones,ok_query,/directorio/proveedores/agencia-de-publicidad-lagencita-1052,https://www.publi20.com/listing/agencia-de-publicidad-lagencita/,,/listing/agencia-de-publicidad-lagencita/,ignorar parámetros de la URL
3157,Redirecciones,ok_query,/directorio/proveedores/agencia-de-publicidad-la-fraternidad-1051,https://www.publi20.com/listing/agencia-de-publicidad-la-fraternidad/,,/listing/agencia-de-publicidad-la-fraternidad/,ignorar parámetros de la URL
3156,Redirecciones,ok_query,/directorio/proveedores/agencia-de-publicidad-la-doble-vida-1050,https://www.publi20.com/listing/agencia-de-publicidad-la-doble-vida/,,/listing/agencia-de-publicidad-la-doble-vida/,ignorar parámetros de la URL
3155,Redirecciones,ok_query,/directorio/proveedores/agencia-de-publicidad-la-despensa-1049,https://www.publi20.com/listing/agencia-de-publicidad-la-despensa/,,/listing/agencia-de-publicidad-la-despensa/,ignorar parámetros de la URL
3154,Redirecciones,ok_query,/directorio/proveedores/agencia-de-publicidad-jwt-mexico-1048,https://www.publi20.com/listing/agencia-de-publicidad-jwt-mexico/,,/listing/agencia-de-publicidad-jwt-mexico/,ignorar parámetros de la URL
3153,Redirecciones,ok_query,/directorio/proveedores/agencia-de-publicidad-grupo-inventiva-1047,https://www.publi20.com/listing/agencia-de-publicidad-grupo-inventiva/,,/listing/agencia-de-publicidad-grupo-inventiva/,ignorar parámetros de la URL
3152,Redirecciones,ok_query,/directorio/proveedores/agencia-de-publicidad-in-situ-publicidad-1046,https://www.publi20.com/listing/agencia-de-publicidad-in-situ-publicidad/,,/listing/agencia-de-publicidad-in-situ-publicidad/,ignorar parámetros de la URL
3151,Redirecciones,ok_query,/directorio/proveedores/agencia-de-publicidad-inmotion-productions-1045,https://www.publi20.com/listing/agencia-de-publicidad-inmotion-productions/,,/listing/agencia-de-publicidad-inmotion-productions/,ignorar parámetros de la URL
3150,Redirecciones,ok_query,/directorio/proveedores/agencia-de-publicidad-increapublicidad-1044,https://www.publi20.com/listing/agencia-de-publicidad-increapublicidad/,,/listing/agencia-de-publicidad-increapublicidad/,ignorar parámetros de la URL
3149,Redirecciones,ok_query,/directorio/proveedores/agencia-de-publicidad-imagic-group-1043,https://www.publi20.com/listing/agencia-de-publicidad-imagic-group/,,/listing/agencia-de-publicidad-imagic-group/,ignorar parámetros de la URL
3148,Redirecciones,ok_query,/directorio/proveedores/agencia-de-publicidad-imagogenia-1042,https://www.publi20.com/listing/agencia-de-publicidad-imagogenia/,,/listing/agencia-de-publicidad-imagogenia/,ignorar parámetros de la URL
3147,Redirecciones,cadena,/directorio/proveedores/agencia-de-publicidad-ike?-1041,https://www.publi20.com/listing/agencia-de-publicidad-ike?/,301:/listing/agencia-de-publicidad-ike/?/,/listing/agencia-de-publicidad-ike/?/,reapuntar a /listing/agencia-de-publicidad-ike/?/
3146,Redirecciones,ok_query,/directorio/proveedores/agencia-de-publicidad-haz-comunicacion-1040,https://www.publi20.com/listing/agencia-de-publicidad-haz-comunicacion/,,/listing/agencia-de-publicidad-haz-comunicacion/,ignorar parámetros de la URL
3145,Redirecciones,ok_query,/directorio/proveedores/agencia-de-publicidad-havas-worldwide-mexico-1039,https://www.publi20.com/listing/agencia-de-publicidad-havas-worldwide-mexico/,,/listing/agencia-de-publicidad-havas-worldwide-mexico/,ignorar parámetros de la URL
3144,Redirecciones,ok_query,/directorio/proveedores/agencia-de-publicidad-guru-market-1038,https://www.publi20.com/listing/agencia-de-publicidad-guru-market/,,/listing/agencia-de-publicidad-guru-market/,ignorar parámetros de la URL
3143,Redirecciones,ok_query,/directorio/proveedores/agencia-de-publicidad-grupo-difusion-1037,https://www.publi20.com/listing/agencia-de-publicidad-grupo-difusion/,,/listing/agencia-de-publicidad-grupo-difusion/,ignorar parámetros de la URL
3142,Redirecciones,ok_query,/directorio/proveedores/agencia-de-publicidad-grey-global-group-mexico-1036,https://www.publi20.com/listing/agencia-de-publicidad-grey-global-group-mexico/,,/listing/agencia-de-publicidad-grey-global-group-mexico/,ignorar parámetros de la URL
3141,Redirecciones,ok_query,/directorio/proveedores/agencia-de-publicidad-gibert-1035,https://www.publi20.com/listing/agencia-de-publicidad-gibert/,,/listing/agencia-de-publicidad-gibert/,ignorar parámetros de la URL
3140,Redirecciones,ok_query,/directorio/proveedores/agencia-de-publicidad-gaudelli-mcw-1034,https://www.publi20.com/listing/agencia-de-publicidad-gaudelli-mcw/,,/listing/agencia-de-publicidad-gaudelli-mcw/,ignorar parámetros de la URL
3139,Redirecciones,ok_query,/directorio/proveedores/agencia-de-publicidad-gangagency-1033,https://www.publi20.com/listing/agencia-de-publicidad-gangagency/,,/listing/agencia-de-publicidad-gangagency/,ignorar parámetros de la URL
3138,Redirecciones,ok_query,/directorio/proveedores/agencia-de-publicidad-ganem-group-1032,https://www.publi20.com/listing/agencia-de-publicidad-ganem-group/,,/listing/agencia-de-publicidad-ganem-group/,ignorar parámetros de la URL
3137,Redirecciones,ok_query,/directorio/proveedores/agencia-de-publicidad-frente-btl-1031,https://www.publi20.com/listing/agencia-de-publicidad-frente-btl/,,/listing/agencia-de-publicidad-frente-btl/,ignorar parámetros de la URL
3136,Redirecciones,ok_query,/directorio/proveedores/agencia-de-publicidad-figallo-comunicaciones-1030,https://www.publi20.com/listing/agencia-de-publicidad-figallo-comunicaciones/,,/listing/agencia-de-publicidad-figallo-comunicaciones/,ignorar parámetros de la URL
3135,Redirecciones,ok_query,/directorio/proveedores/agencia-de-publicidad-grupo-ferrer-1029,https://www.publi20.com/listing/agencia-de-publicidad-grupo-ferrer/,,/listing/agencia-de-publicidad-grupo-ferrer/,ignorar parámetros de la URL
3134,Redirecciones,ok_query,/directorio/proveedores/agencia-de-publicidad-euro-beker-rscg-1028,https://www.publi20.com/listing/agencia-de-publicidad-euro-beker-rscg/,,/listing/agencia-de-publicidad-euro-beker-rscg/,ignorar parámetros de la URL
3133,Redirecciones,ok_query,/directorio/proveedores/agencia-de-publicidad-e99-branding-1027,https://www.publi20.com/listing/agencia-de-publicidad-e99-branding/,,/listing/agencia-de-publicidad-e99-branding/,ignorar parámetros de la URL
3132,Redirecciones,ok_query,/directorio/proveedores/agencia-de-publicidad-draftfcb-1026,https://www.publi20.com/listing/agencia-de-publicidad-draftfcb/,,/listing/agencia-de-publicidad-draftfcb/,ignorar parámetros de la URL
3131,Redirecciones,ok_query,/directorio/proveedores/agencia-de-publicidad-dendrita-publicidad-1025,https://www.publi20.com/listing/agencia-de-publicidad-dendrita-publicidad/,,/listing/agencia-de-publicidad-dendrita-publicidad/,ignorar parámetros de la URL
3130,Redirecciones,ok_query,/directorio/proveedores/agencia-de-publicidad-delta-group-1024,https://www.publi20.com/listing/agencia-de-publicidad-delta-group/,,/listing/agencia-de-publicidad-delta-group/,ignorar parámetros de la URL
3129,Redirecciones,ok_query,/directorio/proveedores/agencia-de-publicidad-de-haro-publicidad-1023,https://www.publi20.com/listing/agencia-de-publicidad-de-haro-publicidad/,,/listing/agencia-de-publicidad-de-haro-publicidad/,ignorar parámetros de la URL
3128,Redirecciones,ok_query,/directorio/proveedores/agencia-de-publicidad-ddb-mexico-1022,https://www.publi20.com/listing/agencia-de-publicidad-ddb-mexico/,,/listing/agencia-de-publicidad-ddb-mexico/,ignorar parámetros de la URL
3127,Redirecciones,ok_query,/directorio/proveedores/agencia-de-publicidad-d'castrum-1021,https://www.publi20.com/listing/agencia-de-publicidad-d'castrum/,,/listing/agencia-de-publicidad-d'castrum/,ignorar parámetros de la URL
3126,Redirecciones,ok_query,/directorio/proveedores/agencia-de-publicidad-darwin-ad-1020,https://www.publi20.com/listing/agencia-de-publicidad-darwin-ad/,,/listing/agencia-de-publicidad-darwin-ad/,ignorar parámetros de la URL
3125,Redirecciones,ok_query,/directorio/proveedores/agencia-de-publicidad-dada-publicidad-1019,https://www.publi20.com/listing/agencia-de-publicidad-dada-publicidad/,,/listing/agencia-de-publicidad-dada-publicidad/,ignorar parámetros de la URL
3124,Redirecciones,ok_query,/directorio/proveedores/agencia-de-publicidad-crecere-quorum-1018,https://www.publi20.com/listing/agencia-de-publicidad-crecere-quorum/,,/listing/agencia-de-publicidad-crecere-quorum/,ignorar parámetros de la URL
3123,Redirecciones,ok_query,/directorio/proveedores/agencia-de-publicidad-creativos-y-co-1017,https://www.publi20.com/listing/agencia-de-publicidad-creativos-y-co/,,/listing/agencia-de-publicidad-creativos-y-co/,ignorar parámetros de la URL
3122,Redirecciones,ok_query,/directorio/proveedores/agencia-de-publicidad-com-comunicacion-integral-1016,https://www.publi20.com/listing/agencia-de-publicidad-com-comunicacion-integral/,,/listing/agencia-de-publicidad-com-comunicacion-integral/,ignorar parámetros de la URL
3121,Redirecciones,ok_query,/directorio/proveedores/agencia-de-publicidad-click-publicidad-1015,https://www.publi20.com/listing/agencia-de-publicidad-click-publicidad/,,/listing/agencia-de-publicidad-click-publicidad/,ignorar parámetros de la URL
3120,Redirecciones,ok_query,/directorio/proveedores/agencia-de-publicidad-clemente-camara-y-asociados-1014,https://www.publi20.com/listing/agencia-de-publicidad-clemente-camara-y-asociados/,,/listing/agencia-de-publicidad-clemente-camara-y-asociados/,ignorar parámetros de la URL
3119,Redirecciones,ok_query,/directorio/proveedores/agencia-de-publicidad-circulo-diseno-1013,https://www.publi20.com/listing/agencia-de-publicidad-circulo-diseno/,,/listing/agencia-de-publicidad-circulo-diseno/,ignorar parámetros de la URL
3118,Redirecciones,ok_query,/directorio/proveedores/agencia-de-publicidad-chilaquile-btl-1012,https://www.publi20.com/listing/agencia-de-publicidad-chilaquile-btl/,,/listing/agencia-de-publicidad-chilaquile-btl/,ignorar parámetros de la URL
3117,Redirecciones,ok_query,/directorio/proveedores/agencia-de-publicidad-cheil-mexico-1011,https://www.publi20.com/listing/agencia-de-publicidad-cheil-mexico/,,/listing/agencia-de-publicidad-cheil-mexico/,ignorar parámetros de la URL
3116,Redirecciones,ok_query,/directorio/proveedores/agencia-de-publicidad-centro-creativo-1010,https://www.publi20.com/listing/agencia-de-publicidad-centro-creativo/,,/listing/agencia-de-publicidad-centro-creativo/,ignorar parámetros de la URL
3115,Redirecciones,ok_query,/directorio/proveedores/agencia-de-publicidad-central-de-ideas-1009,https://www.publi20.com/listing/agencia-de-publicidad-central-de-ideas/,,/listing/agencia-de-publicidad-central-de-ideas/,ignorar parámetros de la URL
3114,Redirecciones,ok_query,/directorio/proveedores/agencia-de-publicidad-bolivar-cisneros-1008,https://www.publi20.com/listing/agencia-de-publicidad-bolivar-cisneros/,,/listing/agencia-de-publicidad-bolivar-cisneros/,ignorar parámetros de la URL
3113,Redirecciones,ok_query,/directorio/proveedores/agencia-de-publicidad-bypower-1007,https://www.publi20.com/listing/agencia-de-publicidad-bypower/,,/listing/agencia-de-publicidad-bypower/,ignorar parámetros de la URL
3112,Redirecciones,ok_query,/directorio/proveedores/agencia-de-publicidad-btl-innova-1006,https://www.publi20.com/listing/agencia-de-publicidad-btl-innova/,,/listing/agencia-de-publicidad-btl-innova/,ignorar parámetros de la URL
3111,Redirecciones,ok_query,/directorio/proveedores/agencia-de-publicidad-bbdo-mexico-1005,https://www.publi20.com/listing/agencia-de-publicidad-bbdo-mexico/,,/listing/agencia-de-publicidad-bbdo-mexico/,ignorar parámetros de la URL
3110,Redirecciones,ok_query,/directorio/proveedores/agencia-de-publicidad-barsobea-1004,https://www.publi20.com/listing/agencia-de-publicidad-barsobea/,,/listing/agencia-de-publicidad-barsobea/,ignorar parámetros de la URL
3109,Redirecciones,ok_query,/directorio/proveedores/agencia-de-publicidad-banana-btl-1003,https://www.publi20.com/listing/agencia-de-publicidad-banana-btl/,,/listing/agencia-de-publicidad-banana-btl/,ignorar parámetros de la URL
3108,Redirecciones,ok_query,/directorio/proveedores/agencia-de-publicidad-autoconsulting-y-merchandising-1002,https://www.publi20.com/listing/agencia-de-publicidad-autoconsulting-y-merchandising/,,/listing/agencia-de-publicidad-autoconsulting-y-merchandising/,ignorar parámetros de la URL
3107,Redirecciones,ok_query,/directorio/proveedores/agencia-de-publicidad-arroyo-publicidad-1001,https://www.publi20.com/listing/agencia-de-publicidad-arroyo-publicidad/,,/listing/agencia-de-publicidad-arroyo-publicidad/,ignorar parámetros de la URL
3106,Redirecciones,ok_query,/directorio/proveedores/agencia-de-publicidad-arrechedera-claverol-1000,https://www.publi20.com/listing/agencia-de-publicidad-arrechedera-claverol/,,/listing/agencia-de-publicidad-arrechedera-claverol/,ignorar parámetros de la URL
3105,Redirecciones,ok_query,/directorio/proveedores/agencia-de-publicidad-archer-troy-999,https://www.publi20.com/listing/agencia-de-publicidad-archer-troy/,,/listing/agencia-de-publicidad-archer-troy/,ignorar parámetros de la URL
3104,Redirecciones,ok_query,/directorio/proveedores/agencia-de-publicidad-anonimo-998,https://www.publi20.com/listing/agencia-de-publicidad-anonimo/,,/listing/agencia-de-publicidad-anonimo/,ignorar parámetros de la URL
3103,Redirecciones,ok_query,/directorio/proveedores/agencia-de-publicidad-amk-healthcare-997,https://www.publi20.com/listing/agencia-de-publicidad-amk-healthcare/,,/listing/agencia-de-publicidad-amk-healthcare/,ignorar parámetros de la URL
3102,Redirecciones,ok_query,/directorio/proveedores/agencia-de-publicidad-a+positivo-996,https://www.publi20.com/listing/agencia-de-publicidad-a+positivo/,,/listing/agencia-de-publicidad-a+positivo/,ignorar parámetros de la URL
3101,Redirecciones,ok_query,/directorio/proveedores/agencia-de-publicidad-alx-design-995,https://www.publi20.com/listing/agencia-de-publicidad-alx-design/,,/listing/agencia-de-publicidad-alx-design/,ignorar parámetros de la URL
3100,Redirecciones,ok_query,/directorio/proveedores/agencia-de-publicidad-alvarado-molina-994,https://www.publi20.com/listing/agencia-de-publicidad-alvarado-molina/,,/listing/agencia-de-publicidad-alvarado-molina/,ignorar parámetros de la URL
3099,Redirecciones,ok_query,/directorio/proveedores/agencia-de-publicidad-alex-design-993,https://www.publi20.com/listing/agencia-de-publicidad-alex-design/,,/listing/agencia-de-publicidad-alex-design/,ignorar parámetros de la URL
3098,Redirecciones,ok_query,/directorio/proveedores/agencia-de-publicidad-alazraki-y-asociados-992,https://www.publi20.com/listing/agencia-de-publicidad-alazraki-y-asociados/,,/listing/agencia-de-publicidad-alazraki-y-asociados/,ignorar parámetros de la URL
3097,Redirecciones,ok_query,/directorio/proveedores/agencia-de-publicidad-agencia-vainilla-991,https://www.publi20.com/listing/agencia-de-publicidad-agencia-vainilla/,,/listing/agencia-de-publicidad-agencia-vainilla/,ignorar parámetros de la URL
3096,Redirecciones,ok_query,/directorio/proveedores/agencia-de-publicidad-augusto-elias-990,https://www.publi20.com/listing/agencia-de-publicidad-augusto-elias/,,/listing/agencia-de-publicidad-augusto-elias/,ignorar parámetros de la URL
3095,Redirecciones,ok_query,/directorio/proveedores/agencia-de-publicidad-ad-livitum-989,https://www.publi20.com/listing/agencia-de-publicidad-ad-livitum/,,/listing/agencia-de-publicidad-ad-livitum/,ignorar parámetros de la URL
3094,Redirecciones,ok_query,/directorio/proveedores/agencia-de-publicidad-addivina-988,https://www.publi20.com/listing/agencia-de-publicidad-addivina/,,/listing/agencia-de-publicidad-addivina/,ignorar parámetros de la URL
3093,Redirecciones,ok_query,/directorio/proveedores/agencia-de-publicidad-adcafe-publicidad-987,https://www.publi20.com/listing/agencia-de-publicidad-adcafe-publicidad/,,/listing/agencia-de-publicidad-adcafe-publicidad/,ignorar parámetros de la URL
3092,Redirecciones,ok_query,/directorio/proveedores/agencia-de-publicidad-accse--accion-social-empresarial-986,https://www.publi20.com/listing/agencia-de-publicidad-accse--accion-social-empresarial/,,/listing/agencia-de-publicidad-accse--accion-social-empresarial/,ignorar parámetros de la URL
3091,Redirecciones,ok_query,/directorio/proveedores/agencia-de-publicidad-area6-985,https://www.publi20.com/listing/agencia-de-publicidad-area6/,,/listing/agencia-de-publicidad-area6/,ignorar parámetros de la URL
3090,Redirecciones,ok_query,/directorio/proveedores/agencia-de-publicidad-64seis-consultores-984,https://www.publi20.com/listing/agencia-de-publicidad-64seis-consultores/,,/listing/agencia-de-publicidad-64seis-consultores/,ignorar parámetros de la URL
3089,Redirecciones,ok_query,/directorio/proveedores/agencia-de-publicidad-360btl-983,https://www.publi20.com/listing/agencia-de-publicidad-360btl/,,/listing/agencia-de-publicidad-360btl/,ignorar parámetros de la URL
3088,Redirecciones,ok_query,/directorio/proveedores/agencia-de-publicidad-021-comunicaciones-982,https://www.publi20.com/listing/agencia-de-publicidad-021-comunicaciones/,,/listing/agencia-de-publicidad-021-comunicaciones/,ignorar parámetros de la URL
3087,Redirecciones,ok_query,/directorio/proveedores/agencia-de-promocion-unlimited-ideas-981,https://www.publi20.com/listing/agencia-de-promocion-unlimited-ideas/,,/listing/agencia-de-promocion-unlimited-ideas/,ignorar parámetros de la URL
3086,Redirecciones,ok_query,/directorio/proveedores/agencia-de-promocion-topping-ttl-980,https://www.publi20.com/listing/agencia-de-promocion-topping-ttl/,,/listing/agencia-de-promocion-topping-ttl/,ignorar parámetros de la URL
3085,Redirecciones,ok_query,/directorio/proveedores/agencia-de-promocion-grupo-todo-promo-979,https://www.publi20.com/listing/agencia-de-promocion-grupo-todo-promo/,,/listing/agencia-de-promocion-grupo-todo-promo/,ignorar parámetros de la URL
3084,Redirecciones,ok_query,/directorio/proveedores/agencia-de-promocion-sp-group-978,https://www.publi20.com/listing/agencia-de-promocion-sp-group/,,/listing/agencia-de-promocion-sp-group/,ignorar parámetros de la URL
3083,Redirecciones,ok_query,/directorio/proveedores/agencia-de-promocion-sip-977,https://www.publi20.com/listing/agencia-de-promocion-sip/,,/listing/agencia-de-promocion-sip/,ignorar parámetros de la URL
3082,Redirecciones,ok_query,/directorio/proveedores/agencia-de-promocion-sinergia-xxi-976,https://www.publi20.com/listing/agencia-de-promocion-sinergia-xxi/,,/listing/agencia-de-promocion-sinergia-xxi/,ignorar parámetros de la URL
3081,Redirecciones,ok_query,/directorio/proveedores/agencia-de-promocion-silva-corporativo-975,https://www.publi20.com/listing/agencia-de-promocion-silva-corporativo/,,/listing/agencia-de-promocion-silva-corporativo/,ignorar parámetros de la URL
3080,Redirecciones,ok_query,/directorio/proveedores/agencia-de-promocion-shark-btl-974,https://www.publi20.com/listing/agencia-de-promocion-shark-btl/,,/listing/agencia-de-promocion-shark-btl/,ignorar parámetros de la URL
3079,Redirecciones,ok_query,/directorio/proveedores/agencia-de-promocion-sepreom-973,https://www.publi20.com/listing/agencia-de-promocion-sepreom/,,/listing/agencia-de-promocion-sepreom/,ignorar parámetros de la URL
3078,Redirecciones,ok_query,/directorio/proveedores/agencia-de-promocion-rua-mkt-972,https://www.publi20.com/listing/agencia-de-promocion-rua-mkt/,,/listing/agencia-de-promocion-rua-mkt/,ignorar parámetros de la URL
3077,Redirecciones,ok_query,/directorio/proveedores/agencia-de-promocion-ronin7-971,https://www.publi20.com/listing/agencia-de-promocion-ronin7/,,/listing/agencia-de-promocion-ronin7/,ignorar parámetros de la URL
3076,Redirecciones,ok_query,/directorio/proveedores/agencia-de-promocion-red-promex-970,https://www.publi20.com/listing/agencia-de-promocion-red-promex/,,/listing/agencia-de-promocion-red-promex/,ignorar parámetros de la URL
3075,Redirecciones,ok_query,/directorio/proveedores/agencia-de-promocion-raya2-969,https://www.publi20.com/listing/agencia-de-promocion-raya2/,,/listing/agencia-de-promocion-raya2/,ignorar parámetros de la URL
3074,Redirecciones,ok_query,/directorio/proveedores/agencia-de-promocion-ratpack-968,https://www.publi20.com/listing/agencia-de-promocion-ratpack/,,/listing/agencia-de-promocion-ratpack/,ignorar parámetros de la URL
3073,Redirecciones,ok_query,/directorio/proveedores/agencia-de-promocion-protarget-967,https://www.publi20.com/listing/agencia-de-promocion-protarget/,,/listing/agencia-de-promocion-protarget/,ignorar parámetros de la URL
3072,Redirecciones,ok_query,/directorio/proveedores/agencia-de-promocion-proprom-966,https://www.publi20.com/listing/agencia-de-promocion-proprom/,,/listing/agencia-de-promocion-proprom/,ignorar parámetros de la URL
3071,Redirecciones,ok_query,/directorio/proveedores/agencia-de-promocion-promotion-965,https://www.publi20.com/listing/agencia-de-promocion-promotion/,,/listing/agencia-de-promocion-promotion/,ignorar parámetros de la URL
3070,Redirecciones,ok_query,/directorio/proveedores/agencia-de-promocion-promolatina-964,https://www.publi20.com/listing/agencia-de-promocion-promolatina/,,/listing/agencia-de-promocion-promolatina/,ignorar parámetros de la URL
3069,Redirecciones,ok_query,/directorio/proveedores/agencia-de-promocion-marketing-y-promotion-963,https://www.publi20.com/listing/agencia-de-promocion-marketing-y-promotion/,,/listing/agencia-de-promocion-marketing-y-promotion/,ignorar parámetros de la URL
3068,Redirecciones,ok_query,/directorio/proveedores/agencia-de-promocion-promerc-962,https://www.publi20.com/listing/agencia-de-promocion-promerc/,,/listing/agencia-de-promocion-promerc/,ignorar parámetros de la URL
3067,Redirecciones,ok_query,/directorio/proveedores/agencia-de-promocion-promosapiens-961,https://www.publi20.com/listing/agencia-de-promocion-promosapiens/,,/listing/agencia-de-promocion-promosapiens/,ignorar parámetros de la URL
3066,Redirecciones,ok_query,/directorio/proveedores/agencia-de-promocion-primer-nivel-960,https://www.publi20.com/listing/agencia-de-promocion-primer-nivel/,,/listing/agencia-de-promocion-primer-nivel/,ignorar parámetros de la URL
3065,Redirecciones,ok_query,/directorio/proveedores/agencia-de-promocion-promo-conceptos-959,https://www.publi20.com/listing/agencia-de-promocion-promo-conceptos/,,/listing/agencia-de-promocion-promo-conceptos/,ignorar parámetros de la URL
3064,Redirecciones,ok_query,/directorio/proveedores/agencia-de-promocion-payroling-958,https://www.publi20.com/listing/agencia-de-promocion-payroling/,,/listing/agencia-de-promocion-payroling/,ignorar parámetros de la URL
3063,Redirecciones,ok_query,/directorio/proveedores/agencia-de-promocion-pauta-creativa-957,https://www.publi20.com/listing/agencia-de-promocion-pauta-creativa/,,/listing/agencia-de-promocion-pauta-creativa/,ignorar parámetros de la URL
3062,Redirecciones,ok_query,/directorio/proveedores/agencia-de-promocion-msprom-956,https://www.publi20.com/listing/agencia-de-promocion-msprom/,,/listing/agencia-de-promocion-msprom/,ignorar parámetros de la URL
3061,Redirecciones,ok_query,/directorio/proveedores/agencia-de-promocion-mp-marketing-group-955,https://www.publi20.com/listing/agencia-de-promocion-mp-marketing-group/,,/listing/agencia-de-promocion-mp-marketing-group/,ignorar parámetros de la URL
3060,Redirecciones,ok_query,/directorio/proveedores/agencia-de-promocion-mercalogic-954,https://www.publi20.com/listing/agencia-de-promocion-mercalogic/,,/listing/agencia-de-promocion-mercalogic/,ignorar parámetros de la URL
3059,Redirecciones,ok_query,/directorio/proveedores/agencia-de-promocion-menta-producciones-953,https://www.publi20.com/listing/agencia-de-promocion-menta-producciones/,,/listing/agencia-de-promocion-menta-producciones/,ignorar parámetros de la URL
3058,Redirecciones,ok_query,/directorio/proveedores/agencia-de-promocion-market-pro-lideres-de-mercado-952,https://www.publi20.com/listing/agencia-de-promocion-market-pro-lideres-de-mercado/,,/listing/agencia-de-promocion-market-pro-lideres-de-mercado/,ignorar parámetros de la URL
3057,Redirecciones,ok_query,/directorio/proveedores/agencia-de-promocion-grupo-interlinks-951,https://www.publi20.com/listing/agencia-de-promocion-grupo-interlinks/,,/listing/agencia-de-promocion-grupo-interlinks/,ignorar parámetros de la URL
3056,Redirecciones,ok_query,/directorio/proveedores/agencia-de-promocion-inteligencia-avanzada-950,https://www.publi20.com/listing/agencia-de-promocion-inteligencia-avanzada/,,/listing/agencia-de-promocion-inteligencia-avanzada/,ignorar parámetros de la URL
3055,Redirecciones,ok_query,/directorio/proveedores/agencia-de-promocion-integra-mercadotecnia-y-promocion-949,https://www.publi20.com/listing/agencia-de-promocion-integra-mercadotecnia-y-promocion/,,/listing/agencia-de-promocion-integra-mercadotecnia-y-promocion/,ignorar parámetros de la URL
3054,Redirecciones,ok_query,/directorio/proveedores/agencia-de-promocion-ifahto-948,https://www.publi20.com/listing/agencia-de-promocion-ifahto/,,/listing/agencia-de-promocion-ifahto/,ignorar parámetros de la URL
3053,Redirecciones,ok_query,/directorio/proveedores/agencia-de-promocion-grupo-sur-promociones-947,https://www.publi20.com/listing/agencia-de-promocion-grupo-sur-promociones/,,/listing/agencia-de-promocion-grupo-sur-promociones/,ignorar parámetros de la URL
3052,Redirecciones,ok_query,/directorio/proveedores/agencia-de-promocion-grupo-top-946,https://www.publi20.com/listing/agencia-de-promocion-grupo-top/,,/listing/agencia-de-promocion-grupo-top/,ignorar parámetros de la URL
3051,Redirecciones,ok_query,/directorio/proveedores/agencia-de-promocion-integramerk-945,https://www.publi20.com/listing/agencia-de-promocion-integramerk/,,/listing/agencia-de-promocion-integramerk/,ignorar parámetros de la URL
3050,Redirecciones,ok_query,/directorio/proveedores/agencia-de-promocion-grupo-cepron-944,https://www.publi20.com/listing/agencia-de-promocion-grupo-cepron/,,/listing/agencia-de-promocion-grupo-cepron/,ignorar parámetros de la URL
3049,Redirecciones,ok_query,/directorio/proveedores/agencia-de-promocion-glow-y-grow-943,https://www.publi20.com/listing/agencia-de-promocion-glow-y-grow/,,/listing/agencia-de-promocion-glow-y-grow/,ignorar parámetros de la URL
3048,Redirecciones,ok_query,/directorio/proveedores/agencia-de-promocion-grupo-cosmic-942,https://www.publi20.com/listing/agencia-de-promocion-grupo-cosmic/,,/listing/agencia-de-promocion-grupo-cosmic/,ignorar parámetros de la URL
3047,Redirecciones,ok_query,/directorio/proveedores/agencia-de-promocion-gap-941,https://www.publi20.com/listing/agencia-de-promocion-gap/,,/listing/agencia-de-promocion-gap/,ignorar parámetros de la URL
3046,Redirecciones,ok_query,/directorio/proveedores/agencia-de-promocion-expresa-940,https://www.publi20.com/listing/agencia-de-promocion-expresa/,,/listing/agencia-de-promocion-expresa/,ignorar parámetros de la URL
3045,Redirecciones,ok_query,/directorio/proveedores/agencia-de-promocion-engloba-939,https://www.publi20.com/listing/agencia-de-promocion-engloba/,,/listing/agencia-de-promocion-engloba/,ignorar parámetros de la URL
3044,Redirecciones,ok_query,/directorio/proveedores/agencia-de-promocion-enfoque-creativo-938,https://www.publi20.com/listing/agencia-de-promocion-enfoque-creativo/,,/listing/agencia-de-promocion-enfoque-creativo/,ignorar parámetros de la URL
3043,Redirecciones,ok_query,/directorio/proveedores/agencia-de-promocion-ejecutando-ideas-937,https://www.publi20.com/listing/agencia-de-promocion-ejecutando-ideas/,,/listing/agencia-de-promocion-ejecutando-ideas/,ignorar parámetros de la URL
3042,Redirecciones,ok_query,/directorio/proveedores/agencia-de-promocion-dinamerc-936,https://www.publi20.com/listing/agencia-de-promocion-dinamerc/,,/listing/agencia-de-promocion-dinamerc/,ignorar parámetros de la URL
3041,Redirecciones,ok_query,/directorio/proveedores/agencia-de-promocion-dinamica-en-mercadotecnia-935,https://www.publi20.com/listing/agencia-de-promocion-dinamica-en-mercadotecnia/,,/listing/agencia-de-promocion-dinamica-en-mercadotecnia/,ignorar parámetros de la URL
3040,Redirecciones,ok_query,/directorio/proveedores/agencia-de-promocion-grupo-ctp-934,https://www.publi20.com/listing/agencia-de-promocion-grupo-ctp/,,/listing/agencia-de-promocion-grupo-ctp/,ignorar parámetros de la URL
3039,Redirecciones,ok_query,/directorio/proveedores/agencia-de-promocion-grupo-creatica-933,https://www.publi20.com/listing/agencia-de-promocion-grupo-creatica/,,/listing/agencia-de-promocion-grupo-creatica/,ignorar parámetros de la URL
3038,Redirecciones,ok_query,/directorio/proveedores/agencia-de-promocion-corporativo-pedrote-932,https://www.publi20.com/listing/agencia-de-promocion-corporativo-pedrote/,,/listing/agencia-de-promocion-corporativo-pedrote/,ignorar parámetros de la URL
3037,Redirecciones,ok_query,/directorio/proveedores/agencia-de-promocion-circus-marketing-931,https://www.publi20.com/listing/agencia-de-promocion-circus-marketing/,,/listing/agencia-de-promocion-circus-marketing/,ignorar parámetros de la URL
3036,Redirecciones,ok_query,/directorio/proveedores/agencia-de-promocion-cartepsa-930,https://www.publi20.com/listing/agencia-de-promocion-cartepsa/,,/listing/agencia-de-promocion-cartepsa/,ignorar parámetros de la URL
3035,Redirecciones,ok_query,/directorio/proveedores/agencia-de-promocion-brand-promotion-929,https://www.publi20.com/listing/agencia-de-promocion-brand-promotion/,,/listing/agencia-de-promocion-brand-promotion/,ignorar parámetros de la URL
3034,Redirecciones,ok_query,/directorio/proveedores/agencia-de-promocion-biruzz-928,https://www.publi20.com/listing/agencia-de-promocion-biruzz/,,/listing/agencia-de-promocion-biruzz/,ignorar parámetros de la URL
3033,Redirecciones,ok_query,/directorio/proveedores/agencia-de-promocion-bilou-btl-927,https://www.publi20.com/listing/agencia-de-promocion-bilou-btl/,,/listing/agencia-de-promocion-bilou-btl/,ignorar parámetros de la URL
3032,Redirecciones,ok_query,/directorio/proveedores/agencia-de-promocion-business-insight-group-926,https://www.publi20.com/listing/agencia-de-promocion-business-insight-group/,,/listing/agencia-de-promocion-business-insight-group/,ignorar parámetros de la URL
3031,Redirecciones,ok_query,/directorio/proveedores/agencia-de-promocion-grupo-bahlcasa-925,https://www.publi20.com/listing/agencia-de-promocion-grupo-bahlcasa/,,/listing/agencia-de-promocion-grupo-bahlcasa/,ignorar parámetros de la URL
3030,Redirecciones,ok_query,/directorio/proveedores/agencia-de-promocion-art-kingdom-924,https://www.publi20.com/listing/agencia-de-promocion-art-kingdom/,,/listing/agencia-de-promocion-art-kingdom/,ignorar parámetros de la URL
3029,Redirecciones,ok_query,/directorio/proveedores/agencia-de-promocion-alterna-dinamica-btl-923,https://www.publi20.com/listing/agencia-de-promocion-alterna-dinamica-btl/,,/listing/agencia-de-promocion-alterna-dinamica-btl/,ignorar parámetros de la URL
3028,Redirecciones,ok_query,/directorio/proveedores/agencia-de-promocion-advertising-and-promotion-922,https://www.publi20.com/listing/agencia-de-promocion-advertising-and-promotion/,,/listing/agencia-de-promocion-advertising-and-promotion/,ignorar parámetros de la URL
3027,Redirecciones,ok_query,/directorio/proveedores/agencia-de-modelos-voala-models-921,https://www.publi20.com/listing/agencia-de-modelos-voala-models/,,/listing/agencia-de-modelos-voala-models/,ignorar parámetros de la URL
3026,Redirecciones,ok_query,/directorio/proveedores/agencia-de-modelos-tandem-modelos-920,https://www.publi20.com/listing/agencia-de-modelos-tandem-modelos/,,/listing/agencia-de-modelos-tandem-modelos/,ignorar parámetros de la URL
3025,Redirecciones,ok_query,/directorio/proveedores/agencia-de-modelos-modelsite-919,https://www.publi20.com/listing/agencia-de-modelos-modelsite/,,/listing/agencia-de-modelos-modelsite/,ignorar parámetros de la URL
3024,Redirecciones,ok_query,/directorio/proveedores/agencia-de-modelos-look-models-mexico-918,https://www.publi20.com/listing/agencia-de-modelos-look-models-mexico/,,/listing/agencia-de-modelos-look-models-mexico/,ignorar parámetros de la URL
3023,Redirecciones,ok_query,/directorio/proveedores/agencia-de-modelos-lmnts-promotions-917,https://www.publi20.com/listing/agencia-de-modelos-lmnts-promotions/,,/listing/agencia-de-modelos-lmnts-promotions/,ignorar parámetros de la URL
3022,Redirecciones,ok_query,/directorio/proveedores/agencia-de-modelos-id-corporativo-916,https://www.publi20.com/listing/agencia-de-modelos-id-corporativo/,,/listing/agencia-de-modelos-id-corporativo/,ignorar parámetros de la URL
3021,Redirecciones,ok_query,/directorio/proveedores/agencia-de-modelos-gli-attori-casting-915,https://www.publi20.com/listing/agencia-de-modelos-gli-attori-casting/,,/listing/agencia-de-modelos-gli-attori-casting/,ignorar parámetros de la URL
3020,Redirecciones,ok_query,/directorio/proveedores/agencia-de-modelos-gamodels-914,https://www.publi20.com/listing/agencia-de-modelos-gamodels/,,/listing/agencia-de-modelos-gamodels/,ignorar parámetros de la URL
3019,Redirecciones,ok_query,/directorio/proveedores/agencia-de-modelos-eventa-913,https://www.publi20.com/listing/agencia-de-modelos-eventa/,,/listing/agencia-de-modelos-eventa/,ignorar parámetros de la URL
3018,Redirecciones,ok_query,/directorio/proveedores/agencia-de-modelos-eleganza-912,https://www.publi20.com/listing/agencia-de-modelos-eleganza/,,/listing/agencia-de-modelos-eleganza/,ignorar parámetros de la URL
3017,Redirecciones,ok_query,/directorio/proveedores/agencia-de-modelos-conceptos-mexico-911,https://www.publi20.com/listing/agencia-de-modelos-conceptos-mexico/,,/listing/agencia-de-modelos-conceptos-mexico/,ignorar parámetros de la URL
3016,Redirecciones,ok_query,/directorio/proveedores/agencia-de-modelos-captura-models-910,https://www.publi20.com/listing/agencia-de-modelos-captura-models/,,/listing/agencia-de-modelos-captura-models/,ignorar parámetros de la URL
3015,Redirecciones,ok_query,/directorio/proveedores/agencia-de-modelos-bravo-model-909,https://www.publi20.com/listing/agencia-de-modelos-bravo-model/,,/listing/agencia-de-modelos-bravo-model/,ignorar parámetros de la URL
3014,Redirecciones,ok_query,/directorio/proveedores/agencia-de-modelos-baxt-modelos-908,https://www.publi20.com/listing/agencia-de-modelos-baxt-modelos/,,/listing/agencia-de-modelos-baxt-modelos/,ignorar parámetros de la URL
3013,Redirecciones,ok_query,/directorio/proveedores/agencia-de-modelos-agencia-de-modelos-mexico-907,https://www.publi20.com/listing/agencia-de-modelos-agencia-de-modelos-mexico/,,/listing/agencia-de-modelos-agencia-de-modelos-mexico/,ignorar parámetros de la URL
3012,Redirecciones,ok_query,/directorio/proveedores/agencia-de-medios-zenithoptimedia-906,https://www.publi20.com/listing/agencia-de-medios-zenithoptimedia/,,/listing/agencia-de-medios-zenithoptimedia/,ignorar parámetros de la URL
3011,Redirecciones,ok_query,/directorio/proveedores/agencia-de-medios-quiroga-agencia-de-medios-905,https://www.publi20.com/listing/agencia-de-medios-quiroga-agencia-de-medios/,,/listing/agencia-de-medios-quiroga-agencia-de-medios/,ignorar parámetros de la URL
3010,Redirecciones,ok_query,/directorio/proveedores/agencia-de-medios-promosat-904,https://www.publi20.com/listing/agencia-de-medios-promosat/,,/listing/agencia-de-medios-promosat/,ignorar parámetros de la URL
3009,Redirecciones,ok_query,/directorio/proveedores/agencia-de-medios-omd-mexico-903,https://www.publi20.com/listing/agencia-de-medios-omd-mexico/,,/listing/agencia-de-medios-omd-mexico/,ignorar parámetros de la URL
3008,Redirecciones,ok_query,/directorio/proveedores/agencia-de-medios-nuklear-902,https://www.publi20.com/listing/agencia-de-medios-nuklear/,,/listing/agencia-de-medios-nuklear/,ignorar parámetros de la URL
3007,Redirecciones,ok_query,/directorio/proveedores/agencia-de-medios-mpg-media-901,https://www.publi20.com/listing/agencia-de-medios-mpg-media/,,/listing/agencia-de-medios-mpg-media/,ignorar parámetros de la URL
3006,Redirecciones,ok_query,/directorio/proveedores/agencia-de-medios-medios-masivos-mexicanos-900,https://www.publi20.com/listing/agencia-de-medios-medios-masivos-mexicanos/,,/listing/agencia-de-medios-medios-masivos-mexicanos/,ignorar parámetros de la URL
3005,Redirecciones,ok_query,/directorio/proveedores/agencia-de-medios-mediacorp-899,https://www.publi20.com/listing/agencia-de-medios-mediacorp/,,/listing/agencia-de-medios-mediacorp/,ignorar parámetros de la URL
3004,Redirecciones,ok_query,/directorio/proveedores/agencia-de-medios-initiative-898,https://www.publi20.com/listing/agencia-de-medios-initiative/,,/listing/agencia-de-medios-initiative/,ignorar parámetros de la URL
3003,Redirecciones,ok_query,/directorio/proveedores/agencia-de-marketing-digital-zon-agencia-digital-897,https://www.publi20.com/listing/agencia-de-marketing-digital-zon-agencia-digital/,,/listing/agencia-de-marketing-digital-zon-agencia-digital/,ignorar parámetros de la URL
3002,Redirecciones,ok_query,/directorio/proveedores/agencia-de-marketing-digital-wulf-media-896,https://www.publi20.com/listing/agencia-de-marketing-digital-wulf-media/,,/listing/agencia-de-marketing-digital-wulf-media/,ignorar parámetros de la URL
3001,Redirecciones,ok_query,/directorio/proveedores/agencia-de-marketing-digital-wsibsns-895,https://www.publi20.com/listing/agencia-de-marketing-digital-wsibsns/,,/listing/agencia-de-marketing-digital-wsibsns/,ignorar parámetros de la URL
3000,Redirecciones,ok_query,/directorio/proveedores/agencia-de-marketing-digital-virket-894,https://www.publi20.com/listing/agencia-de-marketing-digital-virket/,,/listing/agencia-de-marketing-digital-virket/,ignorar parámetros de la URL
2999,Redirecciones,ok_query,/directorio/proveedores/agencia-de-marketing-digital-trimcode-893,https://www.publi20.com/listing/agencia-de-marketing-digital-trimcode/,,/listing/agencia-de-marketing-digital-trimcode/,ignorar parámetros de la URL
2998,Redirecciones,ok_query,/directorio/proveedores/agencia-de-marketing-digital-the-project-agency-892,https://www.publi20.com/listing/agencia-de-marketing-digital-the-project-agency/,,/listing/agencia-de-marketing-digital-the-project-agency/,ignorar parámetros de la URL
2997,Redirecciones,ok_query,/directorio/proveedores/agencia-de-marketing-digital-tagcloud-891,https://www.publi20.com/listing/agencia-de-marketing-digital-tagcloud/,,/listing/agencia-de-marketing-digital-tagcloud/,ignorar parámetros de la URL
2996,Redirecciones,ok_query,/directorio/proveedores/agencia-de-marketing-digital-t2o-media-mexico-890,https://www.publi20.com/listing/agencia-de-marketing-digital-t2o-media-mexico/,,/listing/agencia-de-marketing-digital-t2o-media-mexico/,ignorar parámetros de la URL
2995,Redirecciones,ok_query,/directorio/proveedores/agencia-de-marketing-digital-social-y-web-marketing-889,https://www.publi20.com/listing/agencia-de-marketing-digital-social-y-web-marketing/,,/listing/agencia-de-marketing-digital-social-y-web-marketing/,ignorar parámetros de la URL
2994,Redirecciones,ok_query,/directorio/proveedores/agencia-de-marketing-digital-socialmetrix-888,https://www.publi20.com/listing/agencia-de-marketing-digital-socialmetrix/,,/listing/agencia-de-marketing-digital-socialmetrix/,ignorar parámetros de la URL
2993,Redirecciones,ok_query,/directorio/proveedores/agencia-de-marketing-digital-socialand-887,https://www.publi20.com/listing/agencia-de-marketing-digital-socialand/,,/listing/agencia-de-marketing-digital-socialand/,ignorar parámetros de la URL
2992,Redirecciones,ok_query,/directorio/proveedores/agencia-de-marketing-digital-sb-magazine-886,https://www.publi20.com/listing/agencia-de-marketing-digital-sb-magazine/,,/listing/agencia-de-marketing-digital-sb-magazine/,ignorar parámetros de la URL
2991,Redirecciones,ok_query,/directorio/proveedores/agencia-de-marketing-digital-retuit-885,https://www.publi20.com/listing/agencia-de-marketing-digital-retuit/,,/listing/agencia-de-marketing-digital-retuit/,ignorar parámetros de la URL
2990,Redirecciones,ok_query,/directorio/proveedores/agencia-de-marketing-digital-resultics-884,https://www.publi20.com/listing/agencia-de-marketing-digital-resultics/,,/listing/agencia-de-marketing-digital-resultics/,ignorar parámetros de la URL
2989,Redirecciones,ok_query,/directorio/proveedores/agencia-de-marketing-digital-qark-digital-883,https://www.publi20.com/listing/agencia-de-marketing-digital-qark-digital/,,/listing/agencia-de-marketing-digital-qark-digital/,ignorar parámetros de la URL
2988,Redirecciones,ok_query,/directorio/proveedores/agencia-de-marketing-digital-publiclick-882,https://www.publi20.com/listing/agencia-de-marketing-digital-publiclick/,,/listing/agencia-de-marketing-digital-publiclick/,ignorar parámetros de la URL
2987,Redirecciones,ok_query,/directorio/proveedores/agencia-de-marketing-digital-prospect-factory-881,https://www.publi20.com/listing/agencia-de-marketing-digital-prospect-factory/,,/listing/agencia-de-marketing-digital-prospect-factory/,ignorar parámetros de la URL
2986,Redirecciones,ok_query,/directorio/proveedores/agencia-de-marketing-digital-pixart-880,https://www.publi20.com/listing/agencia-de-marketing-digital-pixart/,,/listing/agencia-de-marketing-digital-pixart/,ignorar parámetros de la URL
2985,Redirecciones,ok_query,/directorio/proveedores/agencia-de-marketing-digital-pentagrama-879,https://www.publi20.com/listing/agencia-de-marketing-digital-pentagrama/,,/listing/agencia-de-marketing-digital-pentagrama/,ignorar parámetros de la URL
2984,Redirecciones,ok_query,/directorio/proveedores/agencia-de-marketing-digital-paxzu-878,https://www.publi20.com/listing/agencia-de-marketing-digital-paxzu/,,/listing/agencia-de-marketing-digital-paxzu/,ignorar parámetros de la URL
2983,Redirecciones,ok_query,/directorio/proveedores/agencia-de-marketing-digital-overtake-877,https://www.publi20.com/listing/agencia-de-marketing-digital-overtake/,,/listing/agencia-de-marketing-digital-overtake/,ignorar parámetros de la URL
2982,Redirecciones,ok_query,/directorio/proveedores/agencia-de-marketing-digital-out-of-the-box-876,https://www.publi20.com/listing/agencia-de-marketing-digital-out-of-the-box/,,/listing/agencia-de-marketing-digital-out-of-the-box/,ignorar parámetros de la URL
2981,Redirecciones,ok_query,/directorio/proveedores/agencia-de-marketing-digital-orangeline-875,https://www.publi20.com/listing/agencia-de-marketing-digital-orangeline/,,/listing/agencia-de-marketing-digital-orangeline/,ignorar parámetros de la URL
2980,Redirecciones,ok_query,/directorio/proveedores/agencia-de-marketing-digital-ontwice-interactive-marketing-874,https://www.publi20.com/listing/agencia-de-marketing-digital-ontwice-interactive-marketing/,,/listing/agencia-de-marketing-digital-ontwice-interactive-marketing/,ignorar parámetros de la URL
2979,Redirecciones,ok_query,/directorio/proveedores/agencia-de-marketing-digital-neo-red-873,https://www.publi20.com/listing/agencia-de-marketing-digital-neo-red/,,/listing/agencia-de-marketing-digital-neo-red/,ignorar parámetros de la URL
2978,Redirecciones,ok_query,/directorio/proveedores/agencia-de-marketing-digital-nativo-digital-872,https://www.publi20.com/listing/agencia-de-marketing-digital-nativo-digital/,,/listing/agencia-de-marketing-digital-nativo-digital/,ignorar parámetros de la URL
2977,Redirecciones,ok_query,/directorio/proveedores/agencia-de-marketing-digital-minfinito-871,https://www.publi20.com/listing/agencia-de-marketing-digital-minfinito/,,/listing/agencia-de-marketing-digital-minfinito/,ignorar parámetros de la URL
2976,Redirecciones,ok_query,/directorio/proveedores/agencia-de-marketing-digital-metrica-btl-y-digital-870,https://www.publi20.com/listing/agencia-de-marketing-digital-metrica-btl-y-digital/,,/listing/agencia-de-marketing-digital-metrica-btl-y-digital/,ignorar parámetros de la URL
2975,Redirecciones,ok_query,/directorio/proveedores/agencia-de-marketing-digital-merka-869,https://www.publi20.com/listing/agencia-de-marketing-digital-merka/,,/listing/agencia-de-marketing-digital-merka/,ignorar parámetros de la URL
2974,Redirecciones,ok_query,/directorio/proveedores/agencia-de-marketing-digital-merca-3w-868,https://www.publi20.com/listing/agencia-de-marketing-digital-merca-3w/,,/listing/agencia-de-marketing-digital-merca-3w/,ignorar parámetros de la URL
2973,Redirecciones,ok_query,/directorio/proveedores/agencia-de-marketing-digital-mente-digital-867,https://www.publi20.com/listing/agencia-de-marketing-digital-mente-digital/,,/listing/agencia-de-marketing-digital-mente-digital/,ignorar parámetros de la URL
2972,Redirecciones,ok_query,/directorio/proveedores/agencia-de-marketing-digital-mediatika-866,https://www.publi20.com/listing/agencia-de-marketing-digital-mediatika/,,/listing/agencia-de-marketing-digital-mediatika/,ignorar parámetros de la URL
2971,Redirecciones,ok_query,/directorio/proveedores/agencia-de-marketing-digital-mediasource-865,https://www.publi20.com/listing/agencia-de-marketing-digital-mediasource/,,/listing/agencia-de-marketing-digital-mediasource/,ignorar parámetros de la URL
2970,Redirecciones,ok_query,/directorio/proveedores/agencia-de-marketing-digital-meca-864,https://www.publi20.com/listing/agencia-de-marketing-digital-meca/,,/listing/agencia-de-marketing-digital-meca/,ignorar parámetros de la URL
2969,Redirecciones,ok_query,/directorio/proveedores/agencia-de-marketing-digital-mboost-863,https://www.publi20.com/listing/agencia-de-marketing-digital-mboost/,,/listing/agencia-de-marketing-digital-mboost/,ignorar parámetros de la URL
2968,Redirecciones,ok_query,/directorio/proveedores/agencia-de-marketing-digital-masoko-862,https://www.publi20.com/listing/agencia-de-marketing-digital-masoko/,,/listing/agencia-de-marketing-digital-masoko/,ignorar parámetros de la URL
2967,Redirecciones,ok_query,/directorio/proveedores/agencia-de-marketing-digital-marnie-agency-mexico-861,https://www.publi20.com/listing/agencia-de-marketing-digital-marnie-agency-mexico/,,/listing/agencia-de-marketing-digital-marnie-agency-mexico/,ignorar parámetros de la URL
2966,Redirecciones,ok_query,/directorio/proveedores/agencia-de-marketing-digital-liceadmp-860,https://www.publi20.com/listing/agencia-de-marketing-digital-liceadmp/,,/listing/agencia-de-marketing-digital-liceadmp/,ignorar parámetros de la URL
2965,Redirecciones,ok_query,/directorio/proveedores/agencia-de-marketing-digital-labelium-859,https://www.publi20.com/listing/agencia-de-marketing-digital-labelium/,,/listing/agencia-de-marketing-digital-labelium/,ignorar parámetros de la URL
2964,Redirecciones,ok_query,/directorio/proveedores/agencia-de-marketing-digital-konzeppt-858,https://www.publi20.com/listing/agencia-de-marketing-digital-konzeppt/,,/listing/agencia-de-marketing-digital-konzeppt/,ignorar parámetros de la URL
2963,Redirecciones,ok_query,/directorio/proveedores/agencia-de-marketing-digital-klein-und-gross-857,https://www.publi20.com/listing/agencia-de-marketing-digital-klein-und-gross/,,/listing/agencia-de-marketing-digital-klein-und-gross/,ignorar parámetros de la URL
2962,Redirecciones,ok_query,/directorio/proveedores/agencia-de-marketing-digital-kamikaze-lab-856,https://www.publi20.com/listing/agencia-de-marketing-digital-kamikaze-lab/,,/listing/agencia-de-marketing-digital-kamikaze-lab/,ignorar parámetros de la URL
2961,Redirecciones,ok_query,/directorio/proveedores/agencia-de-marketing-digital-jetclic-855,https://www.publi20.com/listing/agencia-de-marketing-digital-jetclic/,,/listing/agencia-de-marketing-digital-jetclic/,ignorar parámetros de la URL
2960,Redirecciones,ok_query,/directorio/proveedores/agencia-de-marketing-digital-interalia-854,https://www.publi20.com/listing/agencia-de-marketing-digital-interalia/,,/listing/agencia-de-marketing-digital-interalia/,ignorar parámetros de la URL
2959,Redirecciones,ok_query,/directorio/proveedores/agencia-de-marketing-digital-interactive-art-marketing-853,https://www.publi20.com/listing/agencia-de-marketing-digital-interactive-art-marketing/,,/listing/agencia-de-marketing-digital-interactive-art-marketing/,ignorar parámetros de la URL
2958,Redirecciones,ok_query,/directorio/proveedores/agencia-de-marketing-digital-intempestivo-comunicacion-digital-852,https://www.publi20.com/listing/agencia-de-marketing-digital-intempestivo-comunicacion-digital/,,/listing/agencia-de-marketing-digital-intempestivo-comunicacion-digital/,ignorar parámetros de la URL
2957,Redirecciones,ok_query,/directorio/proveedores/agencia-de-marketing-digital-insistec-web-851,https://www.publi20.com/listing/agencia-de-marketing-digital-insistec-web/,,/listing/agencia-de-marketing-digital-insistec-web/,ignorar parámetros de la URL
2956,Redirecciones,ok_query,/directorio/proveedores/agencia-de-marketing-digital-icrossing-850,https://www.publi20.com/listing/agencia-de-marketing-digital-icrossing/,,/listing/agencia-de-marketing-digital-icrossing/,ignorar parámetros de la URL
2955,Redirecciones,ok_query,/directorio/proveedores/agencia-de-marketing-digital-gloop-849,https://www.publi20.com/listing/agencia-de-marketing-digital-gloop/,,/listing/agencia-de-marketing-digital-gloop/,ignorar parámetros de la URL
2954,Redirecciones,ok_query,/directorio/proveedores/agencia-de-marketing-digital-garritz-online-media-848,https://www.publi20.com/listing/agencia-de-marketing-digital-garritz-online-media/,,/listing/agencia-de-marketing-digital-garritz-online-media/,ignorar parámetros de la URL
2953,Redirecciones,ok_query,/directorio/proveedores/agencia-de-marketing-digital-foostudio-847,https://www.publi20.com/listing/agencia-de-marketing-digital-foostudio/,,/listing/agencia-de-marketing-digital-foostudio/,ignorar parámetros de la URL
2952,Redirecciones,ok_query,/directorio/proveedores/agencia-de-marketing-digital-follow-me-brand-846,https://www.publi20.com/listing/agencia-de-marketing-digital-follow-me-brand/,,/listing/agencia-de-marketing-digital-follow-me-brand/,ignorar parámetros de la URL
2951,Redirecciones,ok_query,/directorio/proveedores/agencia-de-marketing-digital-figment-845,https://www.publi20.com/listing/agencia-de-marketing-digital-figment/,,/listing/agencia-de-marketing-digital-figment/,ignorar parámetros de la URL
2950,Redirecciones,ok_query,/directorio/proveedores/agencia-de-marketing-digital-existes-844,https://www.publi20.com/listing/agencia-de-marketing-digital-existes/,,/listing/agencia-de-marketing-digital-existes/,ignorar parámetros de la URL
2949,Redirecciones,ok_query,/directorio/proveedores/agencia-de-marketing-digital-ensight-mexico-843,https://www.publi20.com/listing/agencia-de-marketing-digital-ensight-mexico/,,/listing/agencia-de-marketing-digital-ensight-mexico/,ignorar parámetros de la URL
2948,Redirecciones,ok_query,/directorio/proveedores/agencia-de-marketing-digital-emarketing-total-842,https://www.publi20.com/listing/agencia-de-marketing-digital-emarketing-total/,,/listing/agencia-de-marketing-digital-emarketing-total/,ignorar parámetros de la URL
2947,Redirecciones,ok_query,/directorio/proveedores/agencia-de-marketing-digital-elogia-mexico-841,https://www.publi20.com/listing/agencia-de-marketing-digital-elogia-mexico/,,/listing/agencia-de-marketing-digital-elogia-mexico/,ignorar parámetros de la URL
2946,Redirecciones,ok_query,/directorio/proveedores/agencia-de-marketing-digital-dm-playbook-840,https://www.publi20.com/listing/agencia-de-marketing-digital-dm-playbook/,,/listing/agencia-de-marketing-digital-dm-playbook/,ignorar parámetros de la URL
2945,Redirecciones,ok_query,/directorio/proveedores/agencia-de-marketing-digital-digitalcodemx-839,https://www.publi20.com/listing/agencia-de-marketing-digital-digitalcodemx/,,/listing/agencia-de-marketing-digital-digitalcodemx/,ignorar parámetros de la URL
2944,Redirecciones,ok_query,/directorio/proveedores/agencia-de-marketing-digital-digilant-838,https://www.publi20.com/listing/agencia-de-marketing-digital-digilant/,,/listing/agencia-de-marketing-digital-digilant/,ignorar parámetros de la URL
2943,Redirecciones,ok_query,/directorio/proveedores/agencia-de-marketing-digital-cubos-web-837,https://www.publi20.com/listing/agencia-de-marketing-digital-cubos-web/,,/listing/agencia-de-marketing-digital-cubos-web/,ignorar parámetros de la URL
2942,Redirecciones,ok_query,/directorio/proveedores/agencia-de-marketing-digital-crossmedia-836,https://www.publi20.com/listing/agencia-de-marketing-digital-crossmedia/,,/listing/agencia-de-marketing-digital-crossmedia/,ignorar parámetros de la URL
2941,Redirecciones,ok_query,/directorio/proveedores/agencia-de-marketing-digital-creative-works-835,https://www.publi20.com/listing/agencia-de-marketing-digital-creative-works/,,/listing/agencia-de-marketing-digital-creative-works/,ignorar parámetros de la URL
2940,Redirecciones,ok_query,/directorio/proveedores/agencia-de-marketing-digital-coco-marketing-834,https://www.publi20.com/listing/agencia-de-marketing-digital-coco-marketing/,,/listing/agencia-de-marketing-digital-coco-marketing/,ignorar parámetros de la URL
2939,Redirecciones,ok_query,/directorio/proveedores/agencia-de-marketing-digital-cliento-833,https://www.publi20.com/listing/agencia-de-marketing-digital-cliento/,,/listing/agencia-de-marketing-digital-cliento/,ignorar parámetros de la URL
2938,Redirecciones,ok_query,/directorio/proveedores/agencia-de-marketing-digital-clicker-360-832,https://www.publi20.com/listing/agencia-de-marketing-digital-clicker-360/,,/listing/agencia-de-marketing-digital-clicker-360/,ignorar parámetros de la URL
2937,Redirecciones,ok_query,/directorio/proveedores/agencia-de-marketing-digital-catorce-dias-831,https://www.publi20.com/listing/agencia-de-marketing-digital-catorce-dias/,,/listing/agencia-de-marketing-digital-catorce-dias/,ignorar parámetros de la URL
2936,Redirecciones,ok_query,/directorio/proveedores/agencia-de-marketing-digital-catom-830,https://www.publi20.com/listing/agencia-de-marketing-digital-catom/,,/listing/agencia-de-marketing-digital-catom/,ignorar parámetros de la URL
2935,Redirecciones,ok_query,/directorio/proveedores/agencia-de-marketing-digital-carbono-829,https://www.publi20.com/listing/agencia-de-marketing-digital-carbono/,,/listing/agencia-de-marketing-digital-carbono/,ignorar parámetros de la URL
2934,Redirecciones,ok_query,/directorio/proveedores/agencia-de-marketing-digital-brandigital-828,https://www.publi20.com/listing/agencia-de-marketing-digital-brandigital/,,/listing/agencia-de-marketing-digital-brandigital/,ignorar parámetros de la URL
2933,Redirecciones,ok_query,/directorio/proveedores/agencia-de-marketing-digital-bnn-827,https://www.publi20.com/listing/agencia-de-marketing-digital-bnn/,,/listing/agencia-de-marketing-digital-bnn/,ignorar parámetros de la URL
2932,Redirecciones,ok_query,/directorio/proveedores/agencia-de-marketing-digital-blue-web-marketing-826,https://www.publi20.com/listing/agencia-de-marketing-digital-blue-web-marketing/,,/listing/agencia-de-marketing-digital-blue-web-marketing/,ignorar parámetros de la URL
2931,Redirecciones,ok_query,/directorio/proveedores/agencia-de-marketing-digital-beleri-825,https://www.publi20.com/listing/agencia-de-marketing-digital-beleri/,,/listing/agencia-de-marketing-digital-beleri/,ignorar parámetros de la URL
2930,Redirecciones,ok_query,/directorio/proveedores/agencia-de-marketing-digital-attaph-824,https://www.publi20.com/listing/agencia-de-marketing-digital-attaph/,,/listing/agencia-de-marketing-digital-attaph/,ignorar parámetros de la URL
2929,Redirecciones,ok_query,/directorio/proveedores/agencia-de-marketing-digital-arena-media-823,https://www.publi20.com/listing/agencia-de-marketing-digital-arena-media/,,/listing/agencia-de-marketing-digital-arena-media/,ignorar parámetros de la URL
2928,Redirecciones,ok_query,/directorio/proveedores/agencia-de-marketing-digital-antevenio-mexico-822,https://www.publi20.com/listing/agencia-de-marketing-digital-antevenio-mexico/,,/listing/agencia-de-marketing-digital-antevenio-mexico/,ignorar parámetros de la URL
2927,Redirecciones,ok_query,/directorio/proveedores/agencia-de-marketing-digital-ainity-821,https://www.publi20.com/listing/agencia-de-marketing-digital-ainity/,,/listing/agencia-de-marketing-digital-ainity/,ignorar parámetros de la URL
2926,Redirecciones,ok_query,/directorio/proveedores/agencia-de-marketing-digital-adssociales-820,https://www.publi20.com/listing/agencia-de-marketing-digital-adssociales/,,/listing/agencia-de-marketing-digital-adssociales/,ignorar parámetros de la URL
2925,Redirecciones,ok_query,/directorio/proveedores/agencia-de-marketing-digital-abaco-digital-819,https://www.publi20.com/listing/agencia-de-marketing-digital-abaco-digital/,,/listing/agencia-de-marketing-digital-abaco-digital/,ignorar parámetros de la URL
2924,Redirecciones,ok_query,/directorio/proveedores/agencia-de-locutores-tm-locutores-818,https://www.publi20.com/listing/agencia-de-locutores-tm-locutores/,,/listing/agencia-de-locutores-tm-locutores/,ignorar parámetros de la URL
2923,Redirecciones,ok_query,/directorio/proveedores/agencia-de-locutores-palestino-y-asociados-817,https://www.publi20.com/listing/agencia-de-locutores-palestino-y-asociados/,,/listing/agencia-de-locutores-palestino-y-asociados/,ignorar parámetros de la URL
2922,Redirecciones,ok_query,/directorio/proveedores/agencia-de-locutores-ronin-locutores-816,https://www.publi20.com/listing/agencia-de-locutores-ronin-locutores/,,/listing/agencia-de-locutores-ronin-locutores/,ignorar parámetros de la URL
2921,Redirecciones,ok_query,/directorio/proveedores/agencia-de-locutores-produccion-coordinada-815,https://www.publi20.com/listing/agencia-de-locutores-produccion-coordinada/,,/listing/agencia-de-locutores-produccion-coordinada/,ignorar parámetros de la URL
2920,Redirecciones,ok_query,/directorio/proveedores/agencia-de-locutores-manhattan-beat-814,https://www.publi20.com/listing/agencia-de-locutores-manhattan-beat/,,/listing/agencia-de-locutores-manhattan-beat/,ignorar parámetros de la URL
2919,Redirecciones,ok_query,/directorio/proveedores/agencia-de-locutores-locutorescom-813,https://www.publi20.com/listing/agencia-de-locutores-locutorescom/,,/listing/agencia-de-locutores-locutorescom/,ignorar parámetros de la URL
2918,Redirecciones,ok_query,/directorio/proveedores/agencia-de-locutores-la-cuarta-pared-812,https://www.publi20.com/listing/agencia-de-locutores-la-cuarta-pared/,,/listing/agencia-de-locutores-la-cuarta-pared/,ignorar parámetros de la URL
2917,Redirecciones,ok_query,/directorio/proveedores/agencia-de-locutores-fvlocutorescom-811,https://www.publi20.com/listing/agencia-de-locutores-fvlocutorescom/,,/listing/agencia-de-locutores-fvlocutorescom/,ignorar parámetros de la URL
2916,Redirecciones,ok_query,/directorio/proveedores/agencia-de-locutores-bomberazostv-810,https://www.publi20.com/listing/agencia-de-locutores-bomberazostv/,,/listing/agencia-de-locutores-bomberazostv/,ignorar parámetros de la URL
2915,Redirecciones,ok_query,/directorio/proveedores/agencia-de-locutores-audiomarketing-809,https://www.publi20.com/listing/agencia-de-locutores-audiomarketing/,,/listing/agencia-de-locutores-audiomarketing/,ignorar parámetros de la URL
2914,Redirecciones,ok_query,/directorio/proveedores/agencia-de-locutores-allegro-publicitario-808,https://www.publi20.com/listing/agencia-de-locutores-allegro-publicitario/,,/listing/agencia-de-locutores-allegro-publicitario/,ignorar parámetros de la URL
2913,Redirecciones,ok_query,/directorio/proveedores/agencia-de-imagen-publica-imagen-publica-807,https://www.publi20.com/listing/agencia-de-imagen-publica-imagen-publica/,,/listing/agencia-de-imagen-publica-imagen-publica/,ignorar parámetros de la URL
2912,Redirecciones,ok_query,/directorio/proveedores/agencia-de-imagen-publica-image-design-806,https://www.publi20.com/listing/agencia-de-imagen-publica-image-design/,,/listing/agencia-de-imagen-publica-image-design/,ignorar parámetros de la URL
2911,Redirecciones,ok_query,/directorio/proveedores/agencia-de-eventos-zc-eventos-y-publicidad-805,https://www.publi20.com/listing/agencia-de-eventos-zc-eventos-y-publicidad/,,/listing/agencia-de-eventos-zc-eventos-y-publicidad/,ignorar parámetros de la URL
2910,Redirecciones,ok_query,/directorio/proveedores/agencia-de-eventos-we-love-party-804,https://www.publi20.com/listing/agencia-de-eventos-we-love-party/,,/listing/agencia-de-eventos-we-love-party/,ignorar parámetros de la URL
2909,Redirecciones,ok_query,/directorio/proveedores/agencia-de-eventos-eventos-vb-803,https://www.publi20.com/listing/agencia-de-eventos-eventos-vb/,,/listing/agencia-de-eventos-eventos-vb/,ignorar parámetros de la URL
2908,Redirecciones,ok_query,/directorio/proveedores/agencia-de-eventos-synergia-eventos-802,https://www.publi20.com/listing/agencia-de-eventos-synergia-eventos/,,/listing/agencia-de-eventos-synergia-eventos/,ignorar parámetros de la URL
2907,Redirecciones,ok_query,/directorio/proveedores/agencia-de-eventos-sync-801,https://www.publi20.com/listing/agencia-de-eventos-sync/,,/listing/agencia-de-eventos-sync/,ignorar parámetros de la URL
2906,Redirecciones,ok_query,/directorio/proveedores/agencia-de-eventos-servem-800,https://www.publi20.com/listing/agencia-de-eventos-servem/,,/listing/agencia-de-eventos-servem/,ignorar parámetros de la URL
2905,Redirecciones,ok_query,/directorio/proveedores/agencia-de-eventos-punto-eventos-799,https://www.publi20.com/listing/agencia-de-eventos-punto-eventos/,,/listing/agencia-de-eventos-punto-eventos/,ignorar parámetros de la URL
2904,Redirecciones,ok_query,/directorio/proveedores/agencia-de-eventos-pspm-798,https://www.publi20.com/listing/agencia-de-eventos-pspm/,,/listing/agencia-de-eventos-pspm/,ignorar parámetros de la URL
2903,Redirecciones,ok_query,/directorio/proveedores/agencia-de-eventos-promotion-mexico-797,https://www.publi20.com/listing/agencia-de-eventos-promotion-mexico/,,/listing/agencia-de-eventos-promotion-mexico/,ignorar parámetros de la URL
2902,Redirecciones,ok_query,/directorio/proveedores/agencia-de-eventos-premier-meetings-796,https://www.publi20.com/listing/agencia-de-eventos-premier-meetings/,,/listing/agencia-de-eventos-premier-meetings/,ignorar parámetros de la URL
2901,Redirecciones,ok_query,/directorio/proveedores/agencia-de-eventos-pae-publicidad-795,https://www.publi20.com/listing/agencia-de-eventos-pae-publicidad/,,/listing/agencia-de-eventos-pae-publicidad/,ignorar parámetros de la URL
2900,Redirecciones,ok_query,/directorio/proveedores/agencia-de-eventos-next-motiv-794,https://www.publi20.com/listing/agencia-de-eventos-next-motiv/,,/listing/agencia-de-eventos-next-motiv/,ignorar parámetros de la URL
2899,Redirecciones,ok_query,/directorio/proveedores/agencia-de-eventos-motion-comunicacion-793,https://www.publi20.com/listing/agencia-de-eventos-motion-comunicacion/,,/listing/agencia-de-eventos-motion-comunicacion/,ignorar parámetros de la URL
2898,Redirecciones,ok_query,/directorio/proveedores/agencia-de-eventos-mh-producciones-792,https://www.publi20.com/listing/agencia-de-eventos-mh-producciones/,,/listing/agencia-de-eventos-mh-producciones/,ignorar parámetros de la URL
2897,Redirecciones,ok_query,/directorio/proveedores/agencia-de-eventos-macllam-producciones-791,https://www.publi20.com/listing/agencia-de-eventos-macllam-producciones/,,/listing/agencia-de-eventos-macllam-producciones/,ignorar parámetros de la URL
2896,Redirecciones,ok_query,/directorio/proveedores/agencia-de-eventos-kuatro-producciones-790,https://www.publi20.com/listing/agencia-de-eventos-kuatro-producciones/,,/listing/agencia-de-eventos-kuatro-producciones/,ignorar parámetros de la URL
2895,Redirecciones,ok_query,/directorio/proveedores/agencia-de-eventos-jyj-eventos-789,https://www.publi20.com/listing/agencia-de-eventos-jyj-eventos/,,/listing/agencia-de-eventos-jyj-eventos/,ignorar parámetros de la URL
2894,Redirecciones,ok_query,/directorio/proveedores/agencia-de-eventos-gurus-creativos-788,https://www.publi20.com/listing/agencia-de-eventos-gurus-creativos/,,/listing/agencia-de-eventos-gurus-creativos/,ignorar parámetros de la URL
2893,Redirecciones,ok_query,/directorio/proveedores/agencia-de-eventos-grupo-nicte-787,https://www.publi20.com/listing/agencia-de-eventos-grupo-nicte/,,/listing/agencia-de-eventos-grupo-nicte/,ignorar parámetros de la URL
2892,Redirecciones,ok_query,/directorio/proveedores/agencia-de-eventos-grupo-probaco-786,https://www.publi20.com/listing/agencia-de-eventos-grupo-probaco/,,/listing/agencia-de-eventos-grupo-probaco/,ignorar parámetros de la URL
2891,Redirecciones,ok_query,/directorio/proveedores/agencia-de-eventos-eslabon-empresarial-785,https://www.publi20.com/listing/agencia-de-eventos-eslabon-empresarial/,,/listing/agencia-de-eventos-eslabon-empresarial/,ignorar parámetros de la URL
2890,Redirecciones,ok_query,/directorio/proveedores/agencia-de-eventos-elektro-mood-784,https://www.publi20.com/listing/agencia-de-eventos-elektro-mood/,,/listing/agencia-de-eventos-elektro-mood/,ignorar parámetros de la URL
2889,Redirecciones,ok_query,/directorio/proveedores/agencia-de-eventos-design-tecnologia-audiovisual-783,https://www.publi20.com/listing/agencia-de-eventos-design-tecnologia-audiovisual/,,/listing/agencia-de-eventos-design-tecnologia-audiovisual/,ignorar parámetros de la URL
2888,Redirecciones,ok_query,/directorio/proveedores/agencia-de-eventos-csf-av-productions-782,https://www.publi20.com/listing/agencia-de-eventos-csf-av-productions/,,/listing/agencia-de-eventos-csf-av-productions/,ignorar parámetros de la URL
2887,Redirecciones,ok_query,/directorio/proveedores/agencia-de-eventos-creatividad-781,https://www.publi20.com/listing/agencia-de-eventos-creatividad/,,/listing/agencia-de-eventos-creatividad/,ignorar parámetros de la URL
2886,Redirecciones,ok_query,/directorio/proveedores/agencia-de-eventos-conferencistas-mexico-780,https://www.publi20.com/listing/agencia-de-eventos-conferencistas-mexico/,,/listing/agencia-de-eventos-conferencistas-mexico/,ignorar parámetros de la URL
2885,Redirecciones,ok_query,/directorio/proveedores/agencia-de-eventos-conceptual-holding-779,https://www.publi20.com/listing/agencia-de-eventos-conceptual-holding/,,/listing/agencia-de-eventos-conceptual-holding/,ignorar parámetros de la URL
2884,Redirecciones,ok_query,/directorio/proveedores/agencia-de-eventos-blend-producciones-778,https://www.publi20.com/listing/agencia-de-eventos-blend-producciones/,,/listing/agencia-de-eventos-blend-producciones/,ignorar parámetros de la URL
2883,Redirecciones,ok_query,/directorio/proveedores/agencia-de-diseno-industrial-traktor-lab-777,https://www.publi20.com/listing/agencia-de-diseno-industrial-traktor-lab/,,/listing/agencia-de-diseno-industrial-traktor-lab/,ignorar parámetros de la URL
2882,Redirecciones,ok_query,/directorio/proveedores/agencia-de-comunicacion-y-marketing-la-agencia-viva-776,https://www.publi20.com/listing/agencia-de-comunicacion-y-marketing-la-agencia-viva/,,/listing/agencia-de-comunicacion-y-marketing-la-agencia-viva/,ignorar parámetros de la URL
2881,Redirecciones,ok_query,/directorio/proveedores/agencia-de-comunicacion-y-marketing-vinter-marketing-vibrations-775,https://www.publi20.com/listing/agencia-de-comunicacion-y-marketing-vinter-marketing-vibrations/,,/listing/agencia-de-comunicacion-y-marketing-vinter-marketing-vibrations/,ignorar parámetros de la URL
2880,Redirecciones,ok_query,/directorio/proveedores/agencia-de-comunicacion-y-marketing-the-jeffrey-group-774,https://www.publi20.com/listing/agencia-de-comunicacion-y-marketing-the-jeffrey-group/,,/listing/agencia-de-comunicacion-y-marketing-the-jeffrey-group/,ignorar parámetros de la URL
2879,Redirecciones,ok_query,/directorio/proveedores/agencia-de-comunicacion-y-marketing-teorus-773,https://www.publi20.com/listing/agencia-de-comunicacion-y-marketing-teorus/,,/listing/agencia-de-comunicacion-y-marketing-teorus/,ignorar parámetros de la URL
2878,Redirecciones,ok_query,/directorio/proveedores/agencia-de-comunicacion-y-marketing-tengo-una-idea-772,https://www.publi20.com/listing/agencia-de-comunicacion-y-marketing-tengo-una-idea/,,/listing/agencia-de-comunicacion-y-marketing-tengo-una-idea/,ignorar parámetros de la URL
2877,Redirecciones,ok_query,/directorio/proveedores/agencia-de-comunicacion-y-marketing-tangerine-soul-pr-771,https://www.publi20.com/listing/agencia-de-comunicacion-y-marketing-tangerine-soul-pr/,,/listing/agencia-de-comunicacion-y-marketing-tangerine-soul-pr/,ignorar parámetros de la URL
2876,Redirecciones,ok_query,/directorio/proveedores/agencia-de-comunicacion-y-marketing-t7marketing-770,https://www.publi20.com/listing/agencia-de-comunicacion-y-marketing-t7marketing/,,/listing/agencia-de-comunicacion-y-marketing-t7marketing/,ignorar parámetros de la URL
2875,Redirecciones,ok_query,/directorio/proveedores/agencia-de-comunicacion-y-marketing-spalancati-769,https://www.publi20.com/listing/agencia-de-comunicacion-y-marketing-spalancati/,,/listing/agencia-de-comunicacion-y-marketing-spalancati/,ignorar parámetros de la URL
2874,Redirecciones,ok_query,/directorio/proveedores/agencia-de-comunicacion-y-marketing-revolucion0-768,https://www.publi20.com/listing/agencia-de-comunicacion-y-marketing-revolucion0/,,/listing/agencia-de-comunicacion-y-marketing-revolucion0/,ignorar parámetros de la URL
2873,Redirecciones,ok_query,/directorio/proveedores/agencia-de-comunicacion-y-marketing-random-interactive-767,https://www.publi20.com/listing/agencia-de-comunicacion-y-marketing-random-interactive/,,/listing/agencia-de-comunicacion-y-marketing-random-interactive/,ignorar parámetros de la URL
2872,Redirecciones,ok_query,/directorio/proveedores/agencia-de-comunicacion-y-marketing-pixel-siete-766,https://www.publi20.com/listing/agencia-de-comunicacion-y-marketing-pixel-siete/,,/listing/agencia-de-comunicacion-y-marketing-pixel-siete/,ignorar parámetros de la URL
2871,Redirecciones,ok_query,/directorio/proveedores/agencia-de-comunicacion-y-marketing-llorente-y-cuenca-765,https://www.publi20.com/listing/agencia-de-comunicacion-y-marketing-llorente-y-cuenca/,,/listing/agencia-de-comunicacion-y-marketing-llorente-y-cuenca/,ignorar parámetros de la URL
2870,Redirecciones,ok_query,/directorio/proveedores/agencia-de-comunicacion-y-marketing-labase-764,https://www.publi20.com/listing/agencia-de-comunicacion-y-marketing-labase/,,/listing/agencia-de-comunicacion-y-marketing-labase/,ignorar parámetros de la URL
2869,Redirecciones,ok_query,/directorio/proveedores/agencia-de-comunicacion-y-marketing-ion-comunicacion-763,https://www.publi20.com/listing/agencia-de-comunicacion-y-marketing-ion-comunicacion/,,/listing/agencia-de-comunicacion-y-marketing-ion-comunicacion/,ignorar parámetros de la URL
2868,Redirecciones,ok_query,/directorio/proveedores/agencia-de-comunicacion-y-marketing-intravox-762,https://www.publi20.com/listing/agencia-de-comunicacion-y-marketing-intravox/,,/listing/agencia-de-comunicacion-y-marketing-intravox/,ignorar parámetros de la URL
2867,Redirecciones,ok_query,/directorio/proveedores/agencia-de-comunicacion-y-marketing-idyllium-761,https://www.publi20.com/listing/agencia-de-comunicacion-y-marketing-idyllium/,,/listing/agencia-de-comunicacion-y-marketing-idyllium/,ignorar parámetros de la URL
2866,Redirecciones,ok_query,/directorio/proveedores/agencia-de-comunicacion-y-marketing-hdo-ideas-realidad-760,https://www.publi20.com/listing/agencia-de-comunicacion-y-marketing-hdo-ideas-realidad/,,/listing/agencia-de-comunicacion-y-marketing-hdo-ideas-realidad/,ignorar parámetros de la URL
2865,Redirecciones,ok_query,/directorio/proveedores/agencia-de-comunicacion-y-marketing-grupo-axius-759,https://www.publi20.com/listing/agencia-de-comunicacion-y-marketing-grupo-axius/,,/listing/agencia-de-comunicacion-y-marketing-grupo-axius/,ignorar parámetros de la URL
2864,Redirecciones,ok_query,/directorio/proveedores/agencia-de-comunicacion-y-marketing-godisruptive-758,https://www.publi20.com/listing/agencia-de-comunicacion-y-marketing-godisruptive/,,/listing/agencia-de-comunicacion-y-marketing-godisruptive/,ignorar parámetros de la URL
2863,Redirecciones,ok_query,/directorio/proveedores/agencia-de-comunicacion-y-marketing-guru-estudio-757,https://www.publi20.com/listing/agencia-de-comunicacion-y-marketing-guru-estudio/,,/listing/agencia-de-comunicacion-y-marketing-guru-estudio/,ignorar parámetros de la URL
2862,Redirecciones,ok_query,/directorio/proveedores/agencia-de-comunicacion-y-marketing-doubleyou-756,https://www.publi20.com/listing/agencia-de-comunicacion-y-marketing-doubleyou/,,/listing/agencia-de-comunicacion-y-marketing-doubleyou/,ignorar parámetros de la URL
2861,Redirecciones,ok_query,/directorio/proveedores/agencia-de-comunicacion-y-marketing-contenidos-web-755,https://www.publi20.com/listing/agencia-de-comunicacion-y-marketing-contenidos-web/,,/listing/agencia-de-comunicacion-y-marketing-contenidos-web/,ignorar parámetros de la URL
2860,Redirecciones,ok_query,/directorio/proveedores/agencia-de-comunicacion-y-marketing-concepto-total-754,https://www.publi20.com/listing/agencia-de-comunicacion-y-marketing-concepto-total/,,/listing/agencia-de-comunicacion-y-marketing-concepto-total/,ignorar parámetros de la URL
2859,Redirecciones,ok_query,/directorio/proveedores/agencia-de-comunicacion-y-marketing-cliente-y-medio-753,https://www.publi20.com/listing/agencia-de-comunicacion-y-marketing-cliente-y-medio/,,/listing/agencia-de-comunicacion-y-marketing-cliente-y-medio/,ignorar parámetros de la URL
2858,Redirecciones,ok_query,/directorio/proveedores/agencia-de-comunicacion-y-marketing-central-media-752,https://www.publi20.com/listing/agencia-de-comunicacion-y-marketing-central-media/,,/listing/agencia-de-comunicacion-y-marketing-central-media/,ignorar parámetros de la URL
2857,Redirecciones,ok_query,/directorio/proveedores/agencia-de-comunicacion-y-marketing-blue-marketing-751,https://www.publi20.com/listing/agencia-de-comunicacion-y-marketing-blue-marketing/,,/listing/agencia-de-comunicacion-y-marketing-blue-marketing/,ignorar parámetros de la URL
2856,Redirecciones,ok_query,/directorio/proveedores/agencia-de-comunicacion-y-marketing-bbdagency-750,https://www.publi20.com/listing/agencia-de-comunicacion-y-marketing-bbdagency/,,/listing/agencia-de-comunicacion-y-marketing-bbdagency/,ignorar parámetros de la URL
2855,Redirecciones,ok_query,/directorio/proveedores/agencia-de-comunicacion-y-marketing-agencia-i-749,https://www.publi20.com/listing/agencia-de-comunicacion-y-marketing-agencia-i/,,/listing/agencia-de-comunicacion-y-marketing-agencia-i/,ignorar parámetros de la URL
2854,Redirecciones,ok_query,/directorio/proveedores/agencia-de-comunicacion-y-marketing-abc-digital-748,https://www.publi20.com/listing/agencia-de-comunicacion-y-marketing-abc-digital/,,/listing/agencia-de-comunicacion-y-marketing-abc-digital/,ignorar parámetros de la URL
2853,Redirecciones,ok_query,/directorio/proveedores/agencia-de-capacitacion-ascentium-747,https://www.publi20.com/listing/agencia-de-capacitacion-ascentium/,,/listing/agencia-de-capacitacion-ascentium/,ignorar parámetros de la URL
2852,Redirecciones,ok_query,/directorio/proveedores/agencia-de-capacitacion-percepcion-e-imagen-746,https://www.publi20.com/listing/agencia-de-capacitacion-percepcion-e-imagen/,,/listing/agencia-de-capacitacion-percepcion-e-imagen/,ignorar parámetros de la URL
2851,Redirecciones,ok_query,/directorio/proveedores/agencia-de-capacitacion-evolve-745,https://www.publi20.com/listing/agencia-de-capacitacion-evolve/,,/listing/agencia-de-capacitacion-evolve/,ignorar parámetros de la URL
2850,Redirecciones,ok_query,/directorio/proveedores/agencia-de-capacitacion-esther-gurrion-estrategia-y-liderazgo-creativo-744,https://www.publi20.com/listing/agencia-de-capacitacion-esther-gurrion-estrategia-y-liderazgo-creativo/,,/listing/agencia-de-capacitacion-esther-gurrion-estrategia-y-liderazgo-creativo/,ignorar parámetros de la URL
2849,Redirecciones,ok_query,/directorio/proveedores/agencia-de-capacitacion-efectus-743,https://www.publi20.com/listing/agencia-de-capacitacion-efectus/,,/listing/agencia-de-capacitacion-efectus/,ignorar parámetros de la URL
2848,Redirecciones,ok_query,/directorio/proveedores/agencia-de-capacitacion-alef-consultores-742,https://www.publi20.com/listing/agencia-de-capacitacion-alef-consultores/,,/listing/agencia-de-capacitacion-alef-consultores/,ignorar parámetros de la URL
2847,Redirecciones,ok_query,/directorio/proveedores/agencia-de-capacitacion-achieveglobal-741,https://www.publi20.com/listing/agencia-de-capacitacion-achieveglobal/,,/listing/agencia-de-capacitacion-achieveglobal/,ignorar parámetros de la URL
2846,Redirecciones,ok_query,/directorio/proveedores/agencia-de-capacitacion-acervus-740,https://www.publi20.com/listing/agencia-de-capacitacion-acervus/,,/listing/agencia-de-capacitacion-acervus/,ignorar parámetros de la URL
2845,Redirecciones,ok_query,/directorio/proveedores/agencia-de-capacitacion-acelerant-consulting-group-739,https://www.publi20.com/listing/agencia-de-capacitacion-acelerant-consulting-group/,,/listing/agencia-de-capacitacion-acelerant-consulting-group/,ignorar parámetros de la URL
2844,Redirecciones,ok_query,/directorio/proveedores/agencia-de-capacitacion-acc-consultores-738,https://www.publi20.com/listing/agencia-de-capacitacion-acc-consultores/,,/listing/agencia-de-capacitacion-acc-consultores/,ignorar parámetros de la URL
2843,Redirecciones,ok_query,/directorio/proveedores/quinque-foto-diseno-737,https://www.publi20.com/listing/quinque-foto-diseno/,,/listing/quinque-foto-diseno/,ignorar parámetros de la URL
2842,Redirecciones,ok_query,/directorio/proveedores/inbound-736,https://www.publi20.com/listing/inbound/,,/listing/inbound/,ignorar parámetros de la URL
2841,Redirecciones,ok_query,/directorio/proveedores/publimedios-735,https://www.publi20.com/listing/publimedios/,,/listing/publimedios/,ignorar parámetros de la URL
2840,Redirecciones,ok_query,/directorio/proveedores/fernando-arturo-martinez-aguilar-734,https://www.publi20.com/listing/fernando-arturo-martinez-aguilar/,,/listing/fernando-arturo-martinez-aguilar/,ignorar parámetros de la URL
2839,Redirecciones,ok_query,/directorio/proveedores/estudio-mixi-733,https://www.publi20.com/listing/estudio-mixi/,,/listing/estudio-mixi/,ignorar parámetros de la URL
2838,Redirecciones,ok_query,/directorio/proveedores/publiplaya-732,https://www.publi20.com/listing/publiplaya/,,/listing/publiplaya/,ignorar parámetros de la URL
2837,Redirecciones,ok_query,/directorio/proveedores/nyksa-print-731,https://www.publi20.com/listing/nyksa-print/,,/listing/nyksa-print/,ignorar parámetros de la URL
2836,Redirecciones,ok_query,/directorio/proveedores/publi-1000-730,https://www.publi20.com/listing/publi-1000/,,/listing/publi-1000/,ignorar parámetros de la URL
2835,Redirecciones,ok_query,/directorio/proveedores/ptm-mx-sa-de-cv-729,https://www.publi20.com/listing/ptm-mx-sa-de-cv/,,/listing/ptm-mx-sa-de-cv/,ignorar parámetros de la URL
2834,Redirecciones,ok_query,/directorio/proveedores/records-music-728,https://www.publi20.com/listing/records-music/,,/listing/records-music/,ignorar parámetros de la URL
2833,Redirecciones,ok_query,/directorio/proveedores/el-notichero-725,https://www.publi20.com/listing/el-notichero/,,/listing/el-notichero/,ignorar parámetros de la URL
2832,Redirecciones,ok_query,/directorio/proveedores/led-tec-y-beyond-s-de-rl-de-c-v-724,https://www.publi20.com/listing/led-tec-y-beyond-s-de-rl-de-c-v/,,/listing/led-tec-y-beyond-s-de-rl-de-c-v/,ignorar parámetros de la URL
2831,Redirecciones,ok_query,/directorio/proveedores/graficos-721,https://www.publi20.com/listing/graficos/,,/listing/graficos/,ignorar parámetros de la URL
2830,Redirecciones,ok_query,/directorio/proveedores/radio-comunicacion-de-mexico-720,https://www.publi20.com/listing/radio-comunicacion-de-mexico/,,/listing/radio-comunicacion-de-mexico/,ignorar parámetros de la URL
2829,Redirecciones,ok_query,/directorio/proveedores/go-print-719,https://www.publi20.com/listing/go-print/,,/listing/go-print/,ignorar parámetros de la URL
2828,Redirecciones,ok_query,/directorio/proveedores/lonas-j-lonas-l-718,https://www.publi20.com/listing/lonas-j-lonas-l/,,/listing/lonas-j-lonas-l/,ignorar parámetros de la URL
2827,Redirecciones,ok_query,/directorio/proveedores/gmb-comunicaciones-sa-de-cv-716,https://www.publi20.com/listing/gmb-comunicaciones-sa-de-cv/,,/listing/gmb-comunicaciones-sa-de-cv/,ignorar parámetros de la URL
2826,Redirecciones,ok_query,/directorio/proveedores/inpressit-715,https://www.publi20.com/listing/inpressit/,,/listing/inpressit/,ignorar parámetros de la URL
2825,Redirecciones,ok_query,/directorio/proveedores/eye-publicity-713,https://www.publi20.com/listing/eye-publicity/,,/listing/eye-publicity/,ignorar parámetros de la URL
2824,Redirecciones,ok_query,/directorio/proveedores/publicidad-creativa-712,https://www.publi20.com/listing/publicidad-creativa/,,/listing/publicidad-creativa/,ignorar parámetros de la URL
2823,Redirecciones,ok_query,/directorio/proveedores/proyectame-publicidad-y-papeleria-s-a-de-c-v-709,https://www.publi20.com/listing/proyectame-publicidad-y-papeleria-s-a-de-c-v/,,/listing/proyectame-publicidad-y-papeleria-s-a-de-c-v/,ignorar parámetros de la URL
2822,Redirecciones,ok_query,/directorio/proveedores/corporativo-vitrodiseño-s-a-de-c-v-707,https://www.publi20.com/listing/corporativo-vitrodise%c3%b1o-s-a-de-c-v/,,/listing/corporativo-vitrodise%c3%b1o-s-a-de-c-v/,ignorar parámetros de la URL
2821,Redirecciones,ok_query,/directorio/proveedores/imagen-impresa-de-occidente-s-a-de-c-v-706,https://www.publi20.com/listing/imagen-impresa-de-occidente-s-a-de-c-v/,,/listing/imagen-impresa-de-occidente-s-a-de-c-v/,ignorar parámetros de la URL
2820,Redirecciones,ok_query,/directorio/proveedores/crea-705,https://www.publi20.com/listing/crea/,,/listing/crea/,ignorar parámetros de la URL
2819,Redirecciones,ok_query,/directorio/proveedores/imaginación-en-arte-visual-sa-de-cv-703,https://www.publi20.com/listing/imaginaci%c3%b3n-en-arte-visual-sa-de-cv/,,/listing/imaginaci%c3%b3n-en-arte-visual-sa-de-cv/,ignorar parámetros de la URL
2818,Redirecciones,ok_query,/directorio/proveedores/grafinsa-grafica-s-a-de-c-v-701,https://www.publi20.com/listing/grafinsa-grafica-s-a-de-c-v/,,/listing/grafinsa-grafica-s-a-de-c-v/,ignorar parámetros de la URL
2817,Redirecciones,ok_query,/directorio/proveedores/espacios-gigantes-s-a-de-c-v-700,https://www.publi20.com/listing/espacios-gigantes-s-a-de-c-v/,,/listing/espacios-gigantes-s-a-de-c-v/,ignorar parámetros de la URL
2816,Redirecciones,ok_query,/directorio/proveedores/servicios-de-publicidad-y-comunicacion-699,https://www.publi20.com/listing/servicios-de-publicidad-y-comunicacion/,,/listing/servicios-de-publicidad-y-comunicacion/,ignorar parámetros de la URL
2815,Redirecciones,ok_query,/directorio/proveedores/agdi-publicidad-697,https://www.publi20.com/listing/agdi-publicidad/,,/listing/agdi-publicidad/,ignorar parámetros de la URL
2814,Redirecciones,ok_query,/directorio/proveedores/el-circulo-rojo-695,https://www.publi20.com/listing/el-circulo-rojo/,,/listing/el-circulo-rojo/,ignorar parámetros de la URL
2813,Redirecciones,ok_query,/directorio/proveedores/el-real-de-chihuahua-693,https://www.publi20.com/listing/el-real-de-chihuahua/,,/listing/el-real-de-chihuahua/,ignorar parámetros de la URL
2812,Redirecciones,ok_query,/directorio/proveedores/profesionales-de-playa-mujeres-sa-de-cv-692,https://www.publi20.com/listing/profesionales-de-playa-mujeres-sa-de-cv/,,/listing/profesionales-de-playa-mujeres-sa-de-cv/,ignorar parámetros de la URL
2811,Redirecciones,destino_mal,/directorio/proveedores/dynamic-display´dd-691,https://www.publi20.com/listing/dynamic-display%c2%b4dd/,,404 /listing/dynamic-display%c2%b4dd/,reapuntar a /publicidad/
2810,Redirecciones,ok_query,/directorio/proveedores/jnn-publicidad-y-buro-de-publicidad-y-diseño-690,https://www.publi20.com/listing/jnn-publicidad-y-buro-de-publicidad-y-dise%c3%b1o/,,/listing/jnn-publicidad-y-buro-de-publicidad-y-dise%c3%b1o/,ignorar parámetros de la URL
2809,Redirecciones,ok_query,/directorio/proveedores/grupo-dado-689,https://www.publi20.com/listing/grupo-dado/,,/listing/grupo-dado/,ignorar parámetros de la URL
2808,Redirecciones,ok_query,/directorio/proveedores/dario-del-centro-sa-de-cv-686,https://www.publi20.com/listing/dario-del-centro-sa-de-cv/,,/listing/dario-del-centro-sa-de-cv/,ignorar parámetros de la URL
2807,Redirecciones,ok_query,/directorio/proveedores/atm-espectaculares-s-a-de-c-v-685,https://www.publi20.com/listing/atm-espectaculares-s-a-de-c-v/,,/listing/atm-espectaculares-s-a-de-c-v/,ignorar parámetros de la URL
2806,Redirecciones,ok_query,/directorio/proveedores/sendos-683,https://www.publi20.com/listing/sendos/,,/listing/sendos/,ignorar parámetros de la URL
2805,Redirecciones,ok_query,/directorio/proveedores/el-angel-682,https://www.publi20.com/listing/el-angel/,,/listing/el-angel/,ignorar parámetros de la URL
2804,Redirecciones,ok_query,/directorio/proveedores/contreras-publicidad-680,https://www.publi20.com/listing/contreras-publicidad/,,/listing/contreras-publicidad/,ignorar parámetros de la URL
2803,Redirecciones,ok_query,/directorio/proveedores/publix-679,https://www.publi20.com/listing/publix/,,/listing/publix/,ignorar parámetros de la URL
2802,Redirecciones,ok_query,/directorio/proveedores/casa-publicidad-y-asociados-s-a-de-c-v-677,https://www.publi20.com/listing/casa-publicidad-y-asociados-s-a-de-c-v/,,/listing/casa-publicidad-y-asociados-s-a-de-c-v/,ignorar parámetros de la URL
2801,Redirecciones,ok_query,/directorio/proveedores/inovacion-de-fabricas-de-rl-de-c-v-676,https://www.publi20.com/listing/inovacion-de-fabricas-de-rl-de-c-v/,,/listing/inovacion-de-fabricas-de-rl-de-c-v/,ignorar parámetros de la URL
2800,Redirecciones,ok_query,/directorio/proveedores/el-horno-de-las-noticias-675,https://www.publi20.com/listing/el-horno-de-las-noticias/,,/listing/el-horno-de-las-noticias/,ignorar parámetros de la URL
2799,Redirecciones,ok_query,/directorio/proveedores/onilix-s-a-de-c-v-674,https://www.publi20.com/listing/onilix-s-a-de-c-v/,,/listing/onilix-s-a-de-c-v/,ignorar parámetros de la URL
2798,Redirecciones,ok_query,/directorio/proveedores/capaco-sa-de-cv-673,https://www.publi20.com/listing/capaco-sa-de-cv/,,/listing/capaco-sa-de-cv/,ignorar parámetros de la URL
2797,Redirecciones,ok_query,/directorio/proveedores/sonido-digital-cotzver-672,https://www.publi20.com/listing/sonido-digital-cotzver/,,/listing/sonido-digital-cotzver/,ignorar parámetros de la URL
2796,Redirecciones,ok_query,/directorio/proveedores/todo-es-politica-noticias-s-a-de-c-v-671,https://www.publi20.com/listing/todo-es-politica-noticias-s-a-de-c-v/,,/listing/todo-es-politica-noticias-s-a-de-c-v/,ignorar parámetros de la URL
2795,Redirecciones,ok_query,/directorio/proveedores/ideas-publicidad-670,https://www.publi20.com/listing/ideas-publicidad/,,/listing/ideas-publicidad/,ignorar parámetros de la URL
2794,Redirecciones,ok_query,/directorio/proveedores/imprenta-siglo-xxv-s-a-de-c-v-669,https://www.publi20.com/listing/imprenta-siglo-xxv-s-a-de-c-v/,,/listing/imprenta-siglo-xxv-s-a-de-c-v/,ignorar parámetros de la URL
2793,Redirecciones,ok_query,/directorio/proveedores/paranoide-668,https://www.publi20.com/listing/paranoide/,,/listing/paranoide/,ignorar parámetros de la URL
2792,Redirecciones,ok_query,/directorio/proveedores/graphic-lab-666,https://www.publi20.com/listing/graphic-lab/,,/listing/graphic-lab/,ignorar parámetros de la URL
2791,Redirecciones,ok_query,/directorio/proveedores/megamovil-665,https://www.publi20.com/listing/megamovil/,,/listing/megamovil/,ignorar parámetros de la URL
2790,Redirecciones,ok_query,/directorio/proveedores/creativa-664,https://www.publi20.com/listing/creativa/,,/listing/creativa/,ignorar parámetros de la URL
2789,Redirecciones,ok_query,/directorio/proveedores/servicios-de-publicidad-661,https://www.publi20.com/listing/servicios-de-publicidad/,,/listing/servicios-de-publicidad/,ignorar parámetros de la URL
2788,Redirecciones,ok_query,/directorio/proveedores/publicidad-plastivei-659,https://www.publi20.com/listing/publicidad-plastivei/,,/listing/publicidad-plastivei/,ignorar parámetros de la URL
2787,Redirecciones,ok_query,/directorio/proveedores/orlandoz-publicidad-658,https://www.publi20.com/listing/orlandoz-publicidad/,,/listing/orlandoz-publicidad/,ignorar parámetros de la URL
2786,Redirecciones,ok_query,/directorio/proveedores/orlandoz-publicidad-657,https://www.publi20.com/listing/orlandoz-publicidad/,,/listing/orlandoz-publicidad/,ignorar parámetros de la URL
2785,Redirecciones,ok_query,/directorio/proveedores/en-vivo-radio-y-tv-sa-de-cv-654,https://www.publi20.com/listing/en-vivo-radio-y-tv-sa-de-cv/,,/listing/en-vivo-radio-y-tv-sa-de-cv/,ignorar parámetros de la URL
2784,Redirecciones,ok_query,/directorio/proveedores/grupo-multimedia-la-otra-plana-sa-de-cv-653,https://www.publi20.com/listing/grupo-multimedia-la-otra-plana-sa-de-cv/,,/listing/grupo-multimedia-la-otra-plana-sa-de-cv/,ignorar parámetros de la URL
2783,Redirecciones,ok_query,/directorio/proveedores/servicios-de-asesoria-y-marketing-de-tamaulipas-sa-de-cv-652,https://www.publi20.com/listing/servicios-de-asesoria-y-marketing-de-tamaulipas-sa-de-cv/,,/listing/servicios-de-asesoria-y-marketing-de-tamaulipas-sa-de-cv/,ignorar parámetros de la URL
2782,Redirecciones,ok_query,/directorio/proveedores/pyn-radio-publicidad-s-a-de-c-v-650,https://www.publi20.com/listing/pyn-radio-publicidad-s-a-de-c-v/,,/listing/pyn-radio-publicidad-s-a-de-c-v/,ignorar parámetros de la URL
2781,Redirecciones,ok_query,/directorio/proveedores/empresa-de-tecnologia-virtual-sa-de-cv-649,https://www.publi20.com/listing/empresa-de-tecnologia-virtual-sa-de-cv/,,/listing/empresa-de-tecnologia-virtual-sa-de-cv/,ignorar parámetros de la URL
2780,Redirecciones,ok_query,/directorio/proveedores/imagen-empresarial-648,https://www.publi20.com/listing/imagen-empresarial/,,/listing/imagen-empresarial/,ignorar parámetros de la URL
2779,Redirecciones,ok_query,/directorio/proveedores/alroja-medios-sa-de-cv-647,https://www.publi20.com/listing/alroja-medios-sa-de-cv/,,/listing/alroja-medios-sa-de-cv/,ignorar parámetros de la URL
2778,Redirecciones,ok_query,/directorio/proveedores/el-matutino-sa-de-cv-646,https://www.publi20.com/listing/el-matutino-sa-de-cv/,,/listing/el-matutino-sa-de-cv/,ignorar parámetros de la URL
2777,Redirecciones,ok_query,/directorio/proveedores/saga-del-cupatitzio-s-a-de-c-v-645,https://www.publi20.com/listing/saga-del-cupatitzio-s-a-de-c-v/,,/listing/saga-del-cupatitzio-s-a-de-c-v/,ignorar parámetros de la URL
2776,Redirecciones,ok_query,/directorio/proveedores/comercializadora-copasi-publicidad-644,https://www.publi20.com/listing/comercializadora-copasi-publicidad/,,/listing/comercializadora-copasi-publicidad/,ignorar parámetros de la URL
2775,Redirecciones,ok_query,/directorio/proveedores/evolucion-grafica-643,https://www.publi20.com/listing/evolucion-grafica/,,/listing/evolucion-grafica/,ignorar parámetros de la URL
2774,Redirecciones,ok_query,/directorio/proveedores/webstation-s-a-de-c-v-642,https://www.publi20.com/listing/webstation-s-a-de-c-v/,,/listing/webstation-s-a-de-c-v/,ignorar parámetros de la URL
2773,Redirecciones,ok_query,/directorio/proveedores/reyes-cano-publicidad-sa-de-cv-641,https://www.publi20.com/listing/reyes-cano-publicidad-sa-de-cv/,,/listing/reyes-cano-publicidad-sa-de-cv/,ignorar parámetros de la URL
2772,Redirecciones,ok_query,/directorio/proveedores/impacto-publicitario-de-tamaulipas-s-a-de-c-v-639,https://www.publi20.com/listing/impacto-publicitario-de-tamaulipas-s-a-de-c-v/,,/listing/impacto-publicitario-de-tamaulipas-s-a-de-c-v/,ignorar parámetros de la URL
2771,Redirecciones,ok_query,/directorio/proveedores/magneta-graficas-638,https://www.publi20.com/listing/magneta-graficas/,,/listing/magneta-graficas/,ignorar parámetros de la URL
2770,Redirecciones,ok_query,/directorio/proveedores/grupo-namis-negocios-alianzas-medios-interactivos-sa-de-cv-637,https://www.publi20.com/listing/grupo-namis-negocios-alianzas-medios-interactivos-sa-de-cv/,,/listing/grupo-namis-negocios-alianzas-medios-interactivos-sa-de-cv/,ignorar parámetros de la URL
2769,Redirecciones,ok_query,/directorio/proveedores/multiservicios-y-publicidad-636,https://www.publi20.com/listing/multiservicios-y-publicidad/,,/listing/multiservicios-y-publicidad/,ignorar parámetros de la URL
2768,Redirecciones,ok_query,/directorio/proveedores/branding-five-635,https://www.publi20.com/listing/branding-five/,,/listing/branding-five/,ignorar parámetros de la URL
2767,Redirecciones,ok_query,/directorio/proveedores/diseño-y-publicidad-634,https://www.publi20.com/listing/dise%c3%b1o-y-publicidad/,,/listing/dise%c3%b1o-y-publicidad/,ignorar parámetros de la URL
2766,Redirecciones,ok_query,/directorio/proveedores/servicios-publicitarios-publiram-630,https://www.publi20.com/listing/servicios-publicitarios-publiram/,,/listing/servicios-publicitarios-publiram/,ignorar parámetros de la URL
2765,Redirecciones,ok_query,/directorio/proveedores/viny-laser-629,https://www.publi20.com/listing/viny-laser/,,/listing/viny-laser/,ignorar parámetros de la URL
2764,Redirecciones,ok_query,/directorio/proveedores/bimad-publicidad-s-a-de-c-v-628,https://www.publi20.com/listing/bimad-publicidad-s-a-de-c-v/,,/listing/bimad-publicidad-s-a-de-c-v/,ignorar parámetros de la URL
2763,Redirecciones,ok_query,/directorio/proveedores/ideas-graficas-627,https://www.publi20.com/listing/ideas-graficas/,,/listing/ideas-graficas/,ignorar parámetros de la URL
2762,Redirecciones,ok_query,/directorio/proveedores/corporativo-medios-en-movimiento-s-a-de-c-v-626,https://www.publi20.com/listing/corporativo-medios-en-movimiento-s-a-de-c-v/,,/listing/corporativo-medios-en-movimiento-s-a-de-c-v/,ignorar parámetros de la URL
2761,Redirecciones,ok_query,/directorio/proveedores/trazo-corporativo-en-publicidad-sa-de-cv-625,https://www.publi20.com/listing/trazo-corporativo-en-publicidad-sa-de-cv/,,/listing/trazo-corporativo-en-publicidad-sa-de-cv/,ignorar parámetros de la URL
2760,Redirecciones,ok_query,/directorio/proveedores/graphics-sistem-print-624,https://www.publi20.com/listing/graphics-sistem-print/,,/listing/graphics-sistem-print/,ignorar parámetros de la URL
2759,Redirecciones,ok_query,/directorio/proveedores/graxtes-publicidad-623,https://www.publi20.com/listing/graxtes-publicidad/,,/listing/graxtes-publicidad/,ignorar parámetros de la URL
2758,Redirecciones,ok_query,/directorio/proveedores/grupo-radio-mexico-cuidad-juarez-s-a-de-c-v-622,https://www.publi20.com/listing/grupo-radio-mexico-cuidad-juarez-s-a-de-c-v/,,/listing/grupo-radio-mexico-cuidad-juarez-s-a-de-c-v/,ignorar parámetros de la URL
2757,Redirecciones,ok_query,/directorio/proveedores/publicidad-augusto-elias-s-a-de-c-v-621,https://www.publi20.com/listing/publicidad-augusto-elias-s-a-de-c-v/,,/listing/publicidad-augusto-elias-s-a-de-c-v/,ignorar parámetros de la URL
2756,Redirecciones,ok_query,/directorio/proveedores/tricomia-diseño-y-publicidad-620,https://www.publi20.com/listing/tricomia-dise%c3%b1o-y-publicidad/,,/listing/tricomia-dise%c3%b1o-y-publicidad/,ignorar parámetros de la URL
2755,Redirecciones,ok_query,/directorio/proveedores/ab-kam-619,https://www.publi20.com/listing/ab-kam/,,/listing/ab-kam/,ignorar parámetros de la URL
2754,Redirecciones,ok_query,/directorio/proveedores/tisca-publicidad-618,https://www.publi20.com/listing/tisca-publicidad/,,/listing/tisca-publicidad/,ignorar parámetros de la URL
2753,Redirecciones,ok_query,/directorio/proveedores/top-model-617,https://www.publi20.com/listing/top-model/,,/listing/top-model/,ignorar parámetros de la URL
2752,Redirecciones,ok_query,/directorio/proveedores/jaqueline-616,https://www.publi20.com/listing/jaqueline/,,/listing/jaqueline/,ignorar parámetros de la URL
2751,Redirecciones,ok_query,/directorio/proveedores/kreativos-615,https://www.publi20.com/listing/kreativos/,,/listing/kreativos/,ignorar parámetros de la URL
2750,Redirecciones,ok_query,/directorio/proveedores/real-image-614,https://www.publi20.com/listing/real-image/,,/listing/real-image/,ignorar parámetros de la URL
2749,Redirecciones,ok_query,/directorio/proveedores/a-publicidad-611,https://www.publi20.com/listing/a-publicidad/,,/listing/a-publicidad/,ignorar parámetros de la URL
2748,Redirecciones,ok_query,/directorio/proveedores/blog-creativo-610,https://www.publi20.com/listing/blog-creativo/,,/listing/blog-creativo/,ignorar parámetros de la URL
2747,Redirecciones,ok_query,/directorio/proveedores/ayje-imprenta-s-a-de-c-v-609,https://www.publi20.com/listing/ayje-imprenta-s-a-de-c-v/,,/listing/ayje-imprenta-s-a-de-c-v/,ignorar parámetros de la URL
2746,Redirecciones,ok_query,/directorio/proveedores/anuncios-luminosos-neon-america-608,https://www.publi20.com/listing/anuncios-luminosos-neon-america/,,/listing/anuncios-luminosos-neon-america/,ignorar parámetros de la URL
2745,Redirecciones,ok_query,/directorio/proveedores/publicidad-y-medios-asociados-607,https://www.publi20.com/listing/publicidad-y-medios-asociados/,,/listing/publicidad-y-medios-asociados/,ignorar parámetros de la URL
2744,Redirecciones,ok_query,/directorio/proveedores/quiality-and-permance-it-sc-605,https://www.publi20.com/listing/quiality-and-permance-it-sc/,,/listing/quiality-and-permance-it-sc/,ignorar parámetros de la URL
2743,Redirecciones,ok_query,/directorio/proveedores/publicidad-y-diseño-604,https://www.publi20.com/listing/publicidad-y-dise%c3%b1o/,,/listing/publicidad-y-dise%c3%b1o/,ignorar parámetros de la URL
2742,Redirecciones,ok_query,/directorio/proveedores/comercabos-sa-de-cv-603,https://www.publi20.com/listing/comercabos-sa-de-cv/,,/listing/comercabos-sa-de-cv/,ignorar parámetros de la URL
2741,Redirecciones,ok_query,/directorio/proveedores/comercializadora-gps-2000-sa-de-cv-602,https://www.publi20.com/listing/comercializadora-gps-2000-sa-de-cv/,,/listing/comercializadora-gps-2000-sa-de-cv/,ignorar parámetros de la URL
2740,Redirecciones,ok_query,/directorio/proveedores/g4-de-mexico-s-a-de-c-v-601,https://www.publi20.com/listing/g4-de-mexico-s-a-de-c-v/,,/listing/g4-de-mexico-s-a-de-c-v/,ignorar parámetros de la URL
2739,Redirecciones,ok_query,/directorio/proveedores/snell-ventures-s-de-rl-de-cv-600,https://www.publi20.com/listing/snell-ventures-s-de-rl-de-cv/,,/listing/snell-ventures-s-de-rl-de-cv/,ignorar parámetros de la URL
2738,Redirecciones,ok_query,/directorio/proveedores/corporacion-publicitaria-rg-sa-de-cv-599,https://www.publi20.com/listing/corporacion-publicitaria-rg-sa-de-cv/,,/listing/corporacion-publicitaria-rg-sa-de-cv/,ignorar parámetros de la URL
2737,Redirecciones,ok_query,/directorio/proveedores/publicidad-hermanos-rojas-597,https://www.publi20.com/listing/publicidad-hermanos-rojas/,,/listing/publicidad-hermanos-rojas/,ignorar parámetros de la URL
2736,Redirecciones,ok_query,/directorio/proveedores/jorge-596,https://www.publi20.com/listing/jorge/,,/listing/jorge/,ignorar parámetros de la URL
2735,Redirecciones,ok_query,/directorio/proveedores/top-medios-s-a-de-c-v-595,https://www.publi20.com/listing/top-medios-s-a-de-c-v/,,/listing/top-medios-s-a-de-c-v/,ignorar parámetros de la URL
2734,Redirecciones,ok_query,/directorio/proveedores/impactos-frecuencia-y-cobertura-en-medios-sa-de-cv-594,https://www.publi20.com/listing/impactos-frecuencia-y-cobertura-en-medios-sa-de-cv/,,/listing/impactos-frecuencia-y-cobertura-en-medios-sa-de-cv/,ignorar parámetros de la URL
2733,Redirecciones,ok_query,/directorio/proveedores/24-grafics-s-a-de-c-v-593,https://www.publi20.com/listing/24-grafics-s-a-de-c-v/,,/listing/24-grafics-s-a-de-c-v/,ignorar parámetros de la URL
2732,Redirecciones,ok_query,/directorio/proveedores/publicidad-en-transporte-592,https://www.publi20.com/listing/publicidad-en-transporte/,,/listing/publicidad-en-transporte/,ignorar parámetros de la URL
2731,Redirecciones,ok_query,/directorio/proveedores/optimizacion-en-medios-s-a-de-c-v-591,https://www.publi20.com/listing/optimizacion-en-medios-s-a-de-c-v/,,/listing/optimizacion-en-medios-s-a-de-c-v/,ignorar parámetros de la URL
2730,Redirecciones,ok_query,/directorio/proveedores/efeckto-urbano-590,https://www.publi20.com/listing/efeckto-urbano/,,/listing/efeckto-urbano/,ignorar parámetros de la URL
2729,Redirecciones,ok_query,/directorio/proveedores/consultoria-y-asesoria-en-publicidad-sa-de-cv-589,https://www.publi20.com/listing/consultoria-y-asesoria-en-publicidad-sa-de-cv/,,/listing/consultoria-y-asesoria-en-publicidad-sa-de-cv/,ignorar parámetros de la URL
2728,Redirecciones,ok_query,/directorio/proveedores/aseco-sa-de-cv-588,https://www.publi20.com/listing/aseco-sa-de-cv/,,/listing/aseco-sa-de-cv/,ignorar parámetros de la URL
2727,Redirecciones,ok_query,/directorio/proveedores/rotulos-computarizados-e-impuresos-del-surestes-s-a-de-c-v-587,https://www.publi20.com/listing/rotulos-computarizados-e-impuresos-del-surestes-s-a-de-c-v/,,/listing/rotulos-computarizados-e-impuresos-del-surestes-s-a-de-c-v/,ignorar parámetros de la URL
2726,Redirecciones,ok_query,/directorio/proveedores/creaciones-720-586,https://www.publi20.com/listing/creaciones-720/,,/listing/creaciones-720/,ignorar parámetros de la URL
2725,Redirecciones,ok_query,/directorio/proveedores/sv-comunicacion-sc-585,https://www.publi20.com/listing/sv-comunicacion-sc/,,/listing/sv-comunicacion-sc/,ignorar parámetros de la URL
2724,Redirecciones,ok_query,/directorio/proveedores/imanes-584,https://www.publi20.com/listing/imanes/,,/listing/imanes/,ignorar parámetros de la URL
2723,Redirecciones,ok_query,/directorio/proveedores/orlandos-publicidad-582,https://www.publi20.com/listing/orlandos-publicidad/,,/listing/orlandos-publicidad/,ignorar parámetros de la URL
2722,Redirecciones,ok_query,/directorio/proveedores/bunker-y-taylor-s-a-de-c-v-580,https://www.publi20.com/listing/bunker-y-taylor-s-a-de-c-v/,,/listing/bunker-y-taylor-s-a-de-c-v/,ignorar parámetros de la URL
2721,Redirecciones,ok_query,/directorio/proveedores/power-torner-579,https://www.publi20.com/listing/power-torner/,,/listing/power-torner/,ignorar parámetros de la URL
2720,Redirecciones,ok_query,/directorio/proveedores/xl-taller-de-diseño-578,https://www.publi20.com/listing/xl-taller-de-dise%c3%b1o/,,/listing/xl-taller-de-dise%c3%b1o/,ignorar parámetros de la URL
2719,Redirecciones,ok_query,/directorio/proveedores/penta-diseño-y-publicidad-577,https://www.publi20.com/listing/penta-dise%c3%b1o-y-publicidad/,,/listing/penta-dise%c3%b1o-y-publicidad/,ignorar parámetros de la URL
2718,Redirecciones,ok_query,/directorio/proveedores/piblic-city-576,https://www.publi20.com/listing/piblic-city/,,/listing/piblic-city/,ignorar parámetros de la URL
2717,Redirecciones,ok_query,/directorio/proveedores/milgraf-puebla-s-a-de-c-v-575,https://www.publi20.com/listing/milgraf-puebla-s-a-de-c-v/,,/listing/milgraf-puebla-s-a-de-c-v/,ignorar parámetros de la URL
2716,Redirecciones,ok_query,/directorio/proveedores/agencia-interal-capital-mix-sa-de-cv-574,https://www.publi20.com/listing/agencia-interal-capital-mix-sa-de-cv/,,/listing/agencia-interal-capital-mix-sa-de-cv/,ignorar parámetros de la URL
2715,Redirecciones,ok_query,/directorio/proveedores/market-573,https://www.publi20.com/listing/market/,,/listing/market/,ignorar parámetros de la URL
2714,Redirecciones,ok_query,/directorio/proveedores/facilite-571,https://www.publi20.com/listing/facilite/,,/listing/facilite/,ignorar parámetros de la URL
2713,Redirecciones,ok_query,/directorio/proveedores/xpress-gift-569,https://www.publi20.com/listing/xpress-gift/,,/listing/xpress-gift/,ignorar parámetros de la URL
2712,Redirecciones,ok_query,/directorio/proveedores/revista-progreso-568,https://www.publi20.com/listing/revista-progreso/,,/listing/revista-progreso/,ignorar parámetros de la URL
2711,Redirecciones,ok_query,/directorio/proveedores/rodco-567,https://www.publi20.com/listing/rodco/,,/listing/rodco/,ignorar parámetros de la URL
2710,Redirecciones,ok_query,/directorio/proveedores/gastro-media-s-a-de-c-v-566,https://www.publi20.com/listing/gastro-media-s-a-de-c-v/,,/listing/gastro-media-s-a-de-c-v/,ignorar parámetros de la URL
2709,Redirecciones,ok_query,/directorio/proveedores/publicidad-diseño-y-mercadotecnia-565,https://www.publi20.com/listing/publicidad-dise%c3%b1o-y-mercadotecnia/,,/listing/publicidad-dise%c3%b1o-y-mercadotecnia/,ignorar parámetros de la URL
2708,Redirecciones,ok_query,/directorio/proveedores/sri-publicidad-564,https://www.publi20.com/listing/sri-publicidad/,,/listing/sri-publicidad/,ignorar parámetros de la URL
2707,Redirecciones,ok_query,/directorio/proveedores/estrategia-inteligente-de-medios-s-a-de-c-v-563,https://www.publi20.com/listing/estrategia-inteligente-de-medios-s-a-de-c-v/,,/listing/estrategia-inteligente-de-medios-s-a-de-c-v/,ignorar parámetros de la URL
2706,Redirecciones,ok_query,/directorio/proveedores/tecnoprint-562,https://www.publi20.com/listing/tecnoprint/,,/listing/tecnoprint/,ignorar parámetros de la URL
2705,Redirecciones,ok_query,/directorio/proveedores/comercializadora-megaprint-s-de-r-l-de-c-v-561,https://www.publi20.com/listing/comercializadora-megaprint-s-de-r-l-de-c-v/,,/listing/comercializadora-megaprint-s-de-r-l-de-c-v/,ignorar parámetros de la URL
2704,Redirecciones,ok_query,/directorio/proveedores/ponme-imagen-s-a-de-c-v-560,https://www.publi20.com/listing/ponme-imagen-s-a-de-c-v/,,/listing/ponme-imagen-s-a-de-c-v/,ignorar parámetros de la URL
2703,Redirecciones,ok_query,/directorio/proveedores/grupo-herlezq-s-a-de-c-v-559,https://www.publi20.com/listing/grupo-herlezq-s-a-de-c-v/,,/listing/grupo-herlezq-s-a-de-c-v/,ignorar parámetros de la URL
2702,Redirecciones,ok_query,/directorio/proveedores/producciones-signaleticas-mexicanas-s-a-de-c-v-557,https://www.publi20.com/listing/producciones-signaleticas-mexicanas-s-a-de-c-v/,,/listing/producciones-signaleticas-mexicanas-s-a-de-c-v/,ignorar parámetros de la URL
2701,Redirecciones,ok_query,/directorio/proveedores/north-american-mailing-services-s-de-r-l-de-c-v-556,https://www.publi20.com/listing/north-american-mailing-services-s-de-r-l-de-c-v/,,/listing/north-american-mailing-services-s-de-r-l-de-c-v/,ignorar parámetros de la URL
2700,Redirecciones,ok_query,/directorio/proveedores/mass-pub-sa-de-cv-555,https://www.publi20.com/listing/mass-pub-sa-de-cv/,,/listing/mass-pub-sa-de-cv/,ignorar parámetros de la URL
2699,Redirecciones,ok_query,/directorio/proveedores/lym-554,https://www.publi20.com/listing/lym/,,/listing/lym/,ignorar parámetros de la URL
2698,Redirecciones,ok_query,/directorio/proveedores/marketing-y-diseño-dob-sa-de-cv-553,https://www.publi20.com/listing/marketing-y-dise%c3%b1o-dob-sa-de-cv/,,/listing/marketing-y-dise%c3%b1o-dob-sa-de-cv/,ignorar parámetros de la URL
2697,Redirecciones,ok_query,/directorio/proveedores/duranyork-552,https://www.publi20.com/listing/duranyork/,,/listing/duranyork/,ignorar parámetros de la URL
2696,Redirecciones,ok_query,/directorio/proveedores/publicaciones-del-chuviscar-s-a-de-c-v-551,https://www.publi20.com/listing/publicaciones-del-chuviscar-s-a-de-c-v/,,/listing/publicaciones-del-chuviscar-s-a-de-c-v/,ignorar parámetros de la URL
2695,Redirecciones,ok_query,/directorio/proveedores/paralelo-20-comunicacion-y-medios-s-a-de-c-v-549,https://www.publi20.com/listing/paralelo-20-comunicacion-y-medios-s-a-de-c-v/,,/listing/paralelo-20-comunicacion-y-medios-s-a-de-c-v/,ignorar parámetros de la URL
2694,Redirecciones,ok_query,/directorio/proveedores/out-world-media-systems-s-a-de-cv-547,https://www.publi20.com/listing/out-world-media-systems-s-a-de-cv/,,/listing/out-world-media-systems-s-a-de-cv/,ignorar parámetros de la URL
2693,Redirecciones,ok_query,/directorio/proveedores/servicios-letonia-s-de-rl-de-cv-546,https://www.publi20.com/listing/servicios-letonia-s-de-rl-de-cv/,,/listing/servicios-letonia-s-de-rl-de-cv/,ignorar parámetros de la URL
2692,Redirecciones,ok_query,/directorio/proveedores/distribuidora-bratley-s-a-de-c-v-544,https://www.publi20.com/listing/distribuidora-bratley-s-a-de-c-v/,,/listing/distribuidora-bratley-s-a-de-c-v/,ignorar parámetros de la URL
2691,Redirecciones,ok_query,/directorio/proveedores/comercializadora-chester-s-a-de-c-v-543,https://www.publi20.com/listing/comercializadora-chester-s-a-de-c-v/,,/listing/comercializadora-chester-s-a-de-c-v/,ignorar parámetros de la URL
2690,Redirecciones,ok_query,/directorio/proveedores/sign-fussion-s-a-de-c-v-542,https://www.publi20.com/listing/sign-fussion-s-a-de-c-v/,,/listing/sign-fussion-s-a-de-c-v/,ignorar parámetros de la URL
2689,Redirecciones,ok_query,/directorio/proveedores/pluvilivl-541,https://www.publi20.com/listing/pluvilivl/,,/listing/pluvilivl/,ignorar parámetros de la URL
2688,Redirecciones,ok_query,/directorio/proveedores/imagen-kreativa-540,https://www.publi20.com/listing/imagen-kreativa/,,/listing/imagen-kreativa/,ignorar parámetros de la URL
2687,Redirecciones,ok_query,/directorio/proveedores/publicidad-coherente-sa-de-cv-539,https://www.publi20.com/listing/publicidad-coherente-sa-de-cv/,,/listing/publicidad-coherente-sa-de-cv/,ignorar parámetros de la URL
2686,Redirecciones,ok_query,/directorio/proveedores/agl-publicidad-y-textiles-s-a-de-c-v-538,https://www.publi20.com/listing/agl-publicidad-y-textiles-s-a-de-c-v/,,/listing/agl-publicidad-y-textiles-s-a-de-c-v/,ignorar parámetros de la URL
2685,Redirecciones,ok_query,/directorio/proveedores/inspirando-ideas-sa-de-cv-535,https://www.publi20.com/listing/inspirando-ideas-sa-de-cv/,,/listing/inspirando-ideas-sa-de-cv/,ignorar parámetros de la URL
2684,Redirecciones,ok_query,/directorio/proveedores/imprimiendo-estilo-534,https://www.publi20.com/listing/imprimiendo-estilo/,,/listing/imprimiendo-estilo/,ignorar parámetros de la URL
2683,Redirecciones,ok_query,/directorio/proveedores/publitotal-sa-de-cv-533,https://www.publi20.com/listing/publitotal-sa-de-cv/,,/listing/publitotal-sa-de-cv/,ignorar parámetros de la URL
2682,Redirecciones,ok_query,/directorio/proveedores/publicidad-ojo-cielo-diseñadores-532,https://www.publi20.com/listing/publicidad-ojo-cielo-dise%c3%b1adores/,,/listing/publicidad-ojo-cielo-dise%c3%b1adores/,ignorar parámetros de la URL
2681,Redirecciones,ok_query,/directorio/proveedores/click-articulos-promocionales-s-a-de-c-v-531,https://www.publi20.com/listing/click-articulos-promocionales-s-a-de-c-v/,,/listing/click-articulos-promocionales-s-a-de-c-v/,ignorar parámetros de la URL
2680,Redirecciones,ok_query,/directorio/proveedores/matisse-publicidad-530,https://www.publi20.com/listing/matisse-publicidad/,,/listing/matisse-publicidad/,ignorar parámetros de la URL
2679,Redirecciones,ok_query,/directorio/proveedores/xpresate-publicidad-529,https://www.publi20.com/listing/xpresate-publicidad/,,/listing/xpresate-publicidad/,ignorar parámetros de la URL
2678,Redirecciones,ok_query,/directorio/proveedores/graba2-528,https://www.publi20.com/listing/graba2/,,/listing/graba2/,ignorar parámetros de la URL
2677,Redirecciones,ok_query,/directorio/proveedores/ideas-impresos-527,https://www.publi20.com/listing/ideas-impresos/,,/listing/ideas-impresos/,ignorar parámetros de la URL
2676,Redirecciones,ok_query,/directorio/proveedores/unipolares-y-espectaculares-del-norte-s-a-de-c-v-526,https://www.publi20.com/listing/unipolares-y-espectaculares-del-norte-s-a-de-c-v/,,/listing/unipolares-y-espectaculares-del-norte-s-a-de-c-v/,ignorar parámetros de la URL
2675,Redirecciones,ok_query,/directorio/proveedores/iconico-525,https://www.publi20.com/listing/iconico/,,/listing/iconico/,ignorar parámetros de la URL
2674,Redirecciones,ok_query,/directorio/proveedores/calendarios-len-524,https://www.publi20.com/listing/calendarios-len/,,/listing/calendarios-len/,ignorar parámetros de la URL
2673,Redirecciones,ok_query,/directorio/proveedores/sublimarte-s-a-de-c-v-521,https://www.publi20.com/listing/sublimarte-s-a-de-c-v/,,/listing/sublimarte-s-a-de-c-v/,ignorar parámetros de la URL
2672,Redirecciones,ok_query,/directorio/proveedores/giro-promocional-de-occidente-s-a-de-c-v-518,https://www.publi20.com/listing/giro-promocional-de-occidente-s-a-de-c-v/,,/listing/giro-promocional-de-occidente-s-a-de-c-v/,ignorar parámetros de la URL
2671,Redirecciones,ok_query,/directorio/proveedores/hve-creativo-517,https://www.publi20.com/listing/hve-creativo/,,/listing/hve-creativo/,ignorar parámetros de la URL
2670,Redirecciones,ok_query,/directorio/proveedores/marsan-publicidad-516,https://www.publi20.com/listing/marsan-publicidad/,,/listing/marsan-publicidad/,ignorar parámetros de la URL
2669,Redirecciones,ok_query,/directorio/proveedores/campaña-productora-de-acciones-sa-de-cv-515,https://www.publi20.com/listing/campa%c3%b1a-productora-de-acciones-sa-de-cv/,,/listing/campa%c3%b1a-productora-de-acciones-sa-de-cv/,ignorar parámetros de la URL
2668,Redirecciones,ok_query,/directorio/proveedores/impresión-digital-514,https://www.publi20.com/listing/impresi%c3%b3n-digital/,,/listing/impresi%c3%b3n-digital/,ignorar parámetros de la URL
2667,Redirecciones,ok_query,/directorio/proveedores/creatividad-y-diseño-de-hidalgo-s-a-de-c-v-513,https://www.publi20.com/listing/creatividad-y-dise%c3%b1o-de-hidalgo-s-a-de-c-v/,,/listing/creatividad-y-dise%c3%b1o-de-hidalgo-s-a-de-c-v/,ignorar parámetros de la URL
2666,Redirecciones,ok_query,/directorio/proveedores/dragon-grafix-511,https://www.publi20.com/listing/dragon-grafix/,,/listing/dragon-grafix/,ignorar parámetros de la URL
2665,Redirecciones,ok_query,/directorio/proveedores/calendarios-len-510,https://www.publi20.com/listing/calendarios-len/,,/listing/calendarios-len/,ignorar parámetros de la URL
2664,Redirecciones,ok_query,/directorio/proveedores/nyksa-509,https://www.publi20.com/listing/nyksa/,,/listing/nyksa/,ignorar parámetros de la URL
2663,Redirecciones,ok_query,/directorio/proveedores/graficos-campos-508,https://www.publi20.com/listing/graficos-campos/,,/listing/graficos-campos/,ignorar parámetros de la URL
2662,Redirecciones,ok_query,/directorio/proveedores/claro-oscuro-digital-507,https://www.publi20.com/listing/claro-oscuro-digital/,,/listing/claro-oscuro-digital/,ignorar parámetros de la URL
2661,Redirecciones,ok_query,/directorio/proveedores/x4-y-asociados-publicidad-505,https://www.publi20.com/listing/x4-y-asociados-publicidad/,,/listing/x4-y-asociados-publicidad/,ignorar parámetros de la URL
2660,Redirecciones,ok_query,/directorio/proveedores/directo-agencia-s-a-de-c-v-502,https://www.publi20.com/listing/directo-agencia-s-a-de-c-v/,,/listing/directo-agencia-s-a-de-c-v/,ignorar parámetros de la URL
2659,Redirecciones,ok_query,/directorio/proveedores/innovaciones-tecnologicas-para-impresion-y-pulicidad-s-a-de-c-v-501,https://www.publi20.com/listing/innovaciones-tecnologicas-para-impresion-y-pulicidad-s-a-de-c-v/,,/listing/innovaciones-tecnologicas-para-impresion-y-pulicidad-s-a-de-c-v/,ignorar parámetros de la URL
2658,Redirecciones,ok_query,/directorio/proveedores/kromaxima-publicidad-s-a-de-c-v-500,https://www.publi20.com/listing/kromaxima-publicidad-s-a-de-c-v/,,/listing/kromaxima-publicidad-s-a-de-c-v/,ignorar parámetros de la URL
2657,Redirecciones,ok_query,/directorio/proveedores/anuncios-en-directorios-sa-de-cv-499,https://www.publi20.com/listing/anuncios-en-directorios-sa-de-cv/,,/listing/anuncios-en-directorios-sa-de-cv/,ignorar parámetros de la URL
2656,Redirecciones,ok_query,/directorio/proveedores/grupo-comercial-coagsa-digital-sa-de-cv-498,https://www.publi20.com/listing/grupo-comercial-coagsa-digital-sa-de-cv/,,/listing/grupo-comercial-coagsa-digital-sa-de-cv/,ignorar parámetros de la URL
2655,Redirecciones,ok_query,/directorio/proveedores/computadoras-y-publicidad-s-a-de-c-v-497,https://www.publi20.com/listing/computadoras-y-publicidad-s-a-de-c-v/,,/listing/computadoras-y-publicidad-s-a-de-c-v/,ignorar parámetros de la URL
2654,Redirecciones,ok_query,/directorio/proveedores/agencia-de-comunicacion-nivel-ocho-sa-de-cv-496,https://www.publi20.com/listing/agencia-de-comunicacion-nivel-ocho-sa-de-cv/,,/listing/agencia-de-comunicacion-nivel-ocho-sa-de-cv/,ignorar parámetros de la URL
2653,Redirecciones,ok_query,/directorio/proveedores/fazt-proveedor-de-publiservicios-sa-de-cv-495,https://www.publi20.com/listing/fazt-proveedor-de-publiservicios-sa-de-cv/,,/listing/fazt-proveedor-de-publiservicios-sa-de-cv/,ignorar parámetros de la URL
2652,Redirecciones,ok_query,/directorio/proveedores/publi-imagen-494,https://www.publi20.com/listing/publi-imagen/,,/listing/publi-imagen/,ignorar parámetros de la URL
2651,Redirecciones,ok_query,/directorio/proveedores/ramirez-492,https://www.publi20.com/listing/ramirez/,,/listing/ramirez/,ignorar parámetros de la URL
2650,Redirecciones,ok_query,/directorio/proveedores/publimaya-491,https://www.publi20.com/listing/publimaya/,,/listing/publimaya/,ignorar parámetros de la URL
2649,Redirecciones,ok_query,/directorio/proveedores/luna-piblicidad-490,https://www.publi20.com/listing/luna-piblicidad/,,/listing/luna-piblicidad/,ignorar parámetros de la URL
2648,Redirecciones,ok_query,/directorio/proveedores/radiodifusoras-y-televisoras-de-occidente-s-a-de-c-v-489,https://www.publi20.com/listing/radiodifusoras-y-televisoras-de-occidente-s-a-de-c-v/,,/listing/radiodifusoras-y-televisoras-de-occidente-s-a-de-c-v/,ignorar parámetros de la URL
2647,Redirecciones,ok_query,/directorio/proveedores/con-100-cia-estrategica-s-de-r-l-de-c-v-487,https://www.publi20.com/listing/con-100-cia-estrategica-s-de-r-l-de-c-v/,,/listing/con-100-cia-estrategica-s-de-r-l-de-c-v/,ignorar parámetros de la URL
2646,Redirecciones,ok_query,/directorio/proveedores/jugo-de-tomate-s-a-de-c-v-486,https://www.publi20.com/listing/jugo-de-tomate-s-a-de-c-v/,,/listing/jugo-de-tomate-s-a-de-c-v/,ignorar parámetros de la URL
2645,Redirecciones,ok_query,/directorio/proveedores/rapicolor-485,https://www.publi20.com/listing/rapicolor/,,/listing/rapicolor/,ignorar parámetros de la URL
2644,Redirecciones,ok_query,/directorio/proveedores/krearte-482,https://www.publi20.com/listing/krearte/,,/listing/krearte/,ignorar parámetros de la URL
2643,Redirecciones,ok_query,/directorio/proveedores/diseño-impreso-en-movimiento-s-a-de-c-v-481,https://www.publi20.com/listing/dise%c3%b1o-impreso-en-movimiento-s-a-de-c-v/,,/listing/dise%c3%b1o-impreso-en-movimiento-s-a-de-c-v/,ignorar parámetros de la URL
2642,Redirecciones,ok_query,/directorio/proveedores/noved-arte-480,https://www.publi20.com/listing/noved-arte/,,/listing/noved-arte/,ignorar parámetros de la URL
2641,Redirecciones,ok_query,/directorio/proveedores/cratimagen-479,https://www.publi20.com/listing/cratimagen/,,/listing/cratimagen/,ignorar parámetros de la URL
2640,Redirecciones,ok_query,/directorio/proveedores/las-10-478,https://www.publi20.com/listing/las-10/,,/listing/las-10/,ignorar parámetros de la URL
2639,Redirecciones,ok_query,/directorio/proveedores/grabarte-477,https://www.publi20.com/listing/grabarte/,,/listing/grabarte/,ignorar parámetros de la URL
2638,Redirecciones,ok_query,/directorio/proveedores/numeros-creativos-s-c-476,https://www.publi20.com/listing/numeros-creativos-s-c/,,/listing/numeros-creativos-s-c/,ignorar parámetros de la URL
2637,Redirecciones,ok_query,/directorio/proveedores/display-publicidad-exterior-s-a-de-c-v-475,https://www.publi20.com/listing/display-publicidad-exterior-s-a-de-c-v/,,/listing/display-publicidad-exterior-s-a-de-c-v/,ignorar parámetros de la URL
2636,Redirecciones,ok_query,/directorio/proveedores/display-publicidad-exterior-s-a-de-c-v-474,https://www.publi20.com/listing/display-publicidad-exterior-s-a-de-c-v/,,/listing/display-publicidad-exterior-s-a-de-c-v/,ignorar parámetros de la URL
2635,Redirecciones,ok_query,/directorio/proveedores/spectradyne-international-inc-473,https://www.publi20.com/listing/spectradyne-international-inc/,,/listing/spectradyne-international-inc/,ignorar parámetros de la URL
2634,Redirecciones,ok_query,/directorio/proveedores/blue-caps-471,https://www.publi20.com/listing/blue-caps/,,/listing/blue-caps/,ignorar parámetros de la URL
2633,Redirecciones,ok_query,/directorio/proveedores/tu-arte-468,https://www.publi20.com/listing/tu-arte/,,/listing/tu-arte/,ignorar parámetros de la URL
2632,Redirecciones,ok_query,/directorio/proveedores/nuve-marketing-467,https://www.publi20.com/listing/nuve-marketing/,,/listing/nuve-marketing/,ignorar parámetros de la URL
2631,Redirecciones,ok_query,/directorio/proveedores/conforma-digital-s-a-de-c-v-466,https://www.publi20.com/listing/conforma-digital-s-a-de-c-v/,,/listing/conforma-digital-s-a-de-c-v/,ignorar parámetros de la URL
2630,Redirecciones,ok_query,/directorio/proveedores/goduva-publicidad-464,https://www.publi20.com/listing/goduva-publicidad/,,/listing/goduva-publicidad/,ignorar parámetros de la URL
2629,Redirecciones,ok_query,/directorio/proveedores/provideo-463,https://www.publi20.com/listing/provideo/,,/listing/provideo/,ignorar parámetros de la URL
2628,Redirecciones,ok_query,/directorio/proveedores/ml-y-co-462,https://www.publi20.com/listing/ml-y-co/,,/listing/ml-y-co/,ignorar parámetros de la URL
2627,Redirecciones,ok_query,/directorio/proveedores/impresos-caba-s-a-de-c-v-461,https://www.publi20.com/listing/impresos-caba-s-a-de-c-v/,,/listing/impresos-caba-s-a-de-c-v/,ignorar parámetros de la URL
2626,Redirecciones,ok_query,/directorio/proveedores/revista-fieston-459,https://www.publi20.com/listing/revista-fieston/,,/listing/revista-fieston/,ignorar parámetros de la URL
2625,Redirecciones,ok_query,/directorio/proveedores/publicidad-digital-colors-458,https://www.publi20.com/listing/publicidad-digital-colors/,,/listing/publicidad-digital-colors/,ignorar parámetros de la URL
2624,Redirecciones,ok_query,/directorio/proveedores/promotora-de-medios-de-comunicacion-sa-de-cv-457,https://www.publi20.com/listing/promotora-de-medios-de-comunicacion-sa-de-cv/,,/listing/promotora-de-medios-de-comunicacion-sa-de-cv/,ignorar parámetros de la URL
2623,Redirecciones,ok_query,/directorio/proveedores/publicidad-arte-456,https://www.publi20.com/listing/publicidad-arte/,,/listing/publicidad-arte/,ignorar parámetros de la URL
2622,Redirecciones,ok_query,/directorio/proveedores/promoser-grupo-publicitario-s-r-l-de-c-v-455,https://www.publi20.com/listing/promoser-grupo-publicitario-s-r-l-de-c-v/,,/listing/promoser-grupo-publicitario-s-r-l-de-c-v/,ignorar parámetros de la URL
2621,Redirecciones,ok_query,/directorio/proveedores/sign-mex-publicidad-454,https://www.publi20.com/listing/sign-mex-publicidad/,,/listing/sign-mex-publicidad/,ignorar parámetros de la URL
2620,Redirecciones,ok_query,/directorio/proveedores/creando-452,https://www.publi20.com/listing/creando/,,/listing/creando/,ignorar parámetros de la URL
2619,Redirecciones,ok_query,/directorio/proveedores/volta-451,https://www.publi20.com/listing/volta/,,/listing/volta/,ignorar parámetros de la URL
2618,Redirecciones,ok_query,/directorio/proveedores/grupo-plata-450,https://www.publi20.com/listing/grupo-plata/,,/listing/grupo-plata/,ignorar parámetros de la URL
2617,Redirecciones,ok_query,/directorio/proveedores/beltran-y-bernal-stoopen-sc-449,https://www.publi20.com/listing/beltran-y-bernal-stoopen-sc/,,/listing/beltran-y-bernal-stoopen-sc/,ignorar parámetros de la URL
2616,Redirecciones,ok_query,/directorio/proveedores/arthe-grafiko-448,https://www.publi20.com/listing/arthe-grafiko/,,/listing/arthe-grafiko/,ignorar parámetros de la URL
2615,Redirecciones,ok_query,/directorio/proveedores/expresión-gráfica-447,https://www.publi20.com/listing/expresi%c3%b3n-gr%c3%a1fica/,,/listing/expresi%c3%b3n-gr%c3%a1fica/,ignorar parámetros de la URL
2614,Redirecciones,ok_query,/directorio/proveedores/il-evento-s-c-446,https://www.publi20.com/listing/il-evento-s-c/,,/listing/il-evento-s-c/,ignorar parámetros de la URL
2613,Redirecciones,ok_query,/directorio/proveedores/organizacion-radiofonica-de-chihuahua-s-a-445,https://www.publi20.com/listing/organizacion-radiofonica-de-chihuahua-s-a/,,/listing/organizacion-radiofonica-de-chihuahua-s-a/,ignorar parámetros de la URL
2612,Redirecciones,ok_query,/directorio/proveedores/grupo-hiperformas-del-bajio-s-a-de-c-v-444,https://www.publi20.com/listing/grupo-hiperformas-del-bajio-s-a-de-c-v/,,/listing/grupo-hiperformas-del-bajio-s-a-de-c-v/,ignorar parámetros de la URL
2611,Redirecciones,ok_query,/directorio/proveedores/fusion-grafica-443,https://www.publi20.com/listing/fusion-grafica/,,/listing/fusion-grafica/,ignorar parámetros de la URL
2610,Redirecciones,ok_query,/directorio/proveedores/daisa-proyectos-442,https://www.publi20.com/listing/daisa-proyectos/,,/listing/daisa-proyectos/,ignorar parámetros de la URL
2609,Redirecciones,ok_query,/directorio/proveedores/spacio-441,https://www.publi20.com/listing/spacio/,,/listing/spacio/,ignorar parámetros de la URL
2608,Redirecciones,ok_query,/directorio/proveedores/fusion-publicidad-440,https://www.publi20.com/listing/fusion-publicidad/,,/listing/fusion-publicidad/,ignorar parámetros de la URL
2607,Redirecciones,ok_query,/directorio/proveedores/imagen-digital-439,https://www.publi20.com/listing/imagen-digital/,,/listing/imagen-digital/,ignorar parámetros de la URL
2606,Redirecciones,ok_query,/directorio/proveedores/promotex-publicidad-438,https://www.publi20.com/listing/promotex-publicidad/,,/listing/promotex-publicidad/,ignorar parámetros de la URL
2605,Redirecciones,ok_query,/directorio/proveedores/grabados-gira-435,https://www.publi20.com/listing/grabados-gira/,,/listing/grabados-gira/,ignorar parámetros de la URL
2604,Redirecciones,ok_query,/directorio/proveedores/grupo-intermedios-432,https://www.publi20.com/listing/grupo-intermedios/,,/listing/grupo-intermedios/,ignorar parámetros de la URL
2603,Redirecciones,ok_query,/directorio/proveedores/grupo-signos-s-a-de-c-v-431,https://www.publi20.com/listing/grupo-signos-s-a-de-c-v/,,/listing/grupo-signos-s-a-de-c-v/,ignorar parámetros de la URL
2602,Redirecciones,ok_query,/directorio/proveedores/promoshape-s-de-rl-de-cv-430,https://www.publi20.com/listing/promoshape-s-de-rl-de-cv/,,/listing/promoshape-s-de-rl-de-cv/,ignorar parámetros de la URL
2601,Redirecciones,ok_query,/directorio/proveedores/empresas-isal-s-de-rl-de-cv-429,https://www.publi20.com/listing/empresas-isal-s-de-rl-de-cv/,,/listing/empresas-isal-s-de-rl-de-cv/,ignorar parámetros de la URL
2600,Redirecciones,ok_query,/directorio/proveedores/miltibordados-428,https://www.publi20.com/listing/miltibordados/,,/listing/miltibordados/,ignorar parámetros de la URL
2599,Redirecciones,ok_query,/directorio/proveedores/cajeme-flash-427,https://www.publi20.com/listing/cajeme-flash/,,/listing/cajeme-flash/,ignorar parámetros de la URL
2598,Redirecciones,ok_query,/directorio/proveedores/anuncios-en-directorios-s-a-de-c-v-425,https://www.publi20.com/listing/anuncios-en-directorios-s-a-de-c-v/,,/listing/anuncios-en-directorios-s-a-de-c-v/,ignorar parámetros de la URL
2597,Redirecciones,ok_query,/directorio/proveedores/arclad-de-mexico-sa-de-cv-oficinas-422,https://www.publi20.com/listing/arclad-de-mexico-sa-de-cv-oficinas/,,/listing/arclad-de-mexico-sa-de-cv-oficinas/,ignorar parámetros de la URL
2596,Redirecciones,ok_query,/directorio/proveedores/soluciones-creyt-sa-de-cv-421,https://www.publi20.com/listing/soluciones-creyt-sa-de-cv/,,/listing/soluciones-creyt-sa-de-cv/,ignorar parámetros de la URL
2595,Redirecciones,ok_query,/directorio/proveedores/impresiones-san-luis-420,https://www.publi20.com/listing/impresiones-san-luis/,,/listing/impresiones-san-luis/,ignorar parámetros de la URL
2594,Redirecciones,ok_query,/directorio/proveedores/screencast-s-a-p-i-de-cv-419,https://www.publi20.com/listing/screencast-s-a-p-i-de-cv/,,/listing/screencast-s-a-p-i-de-cv/,ignorar parámetros de la URL
2593,Redirecciones,ok_query,/directorio/proveedores/grupo-mistica-sa-de-cv-418,https://www.publi20.com/listing/grupo-mistica-sa-de-cv/,,/listing/grupo-mistica-sa-de-cv/,ignorar parámetros de la URL
2592,Redirecciones,ok_query,/directorio/proveedores/diseños-de-altura-s-a-de-c-v-417,https://www.publi20.com/listing/dise%c3%b1os-de-altura-s-a-de-c-v/,,/listing/dise%c3%b1os-de-altura-s-a-de-c-v/,ignorar parámetros de la URL
2591,Redirecciones,ok_query,/directorio/proveedores/radio-america-de-mexico-sa-de-cv-416,https://www.publi20.com/listing/radio-america-de-mexico-sa-de-cv/,,/listing/radio-america-de-mexico-sa-de-cv/,ignorar parámetros de la URL
2590,Redirecciones,ok_query,/directorio/proveedores/publitec-415,https://www.publi20.com/listing/publitec/,,/listing/publitec/,ignorar parámetros de la URL
2589,Redirecciones,ok_query,/directorio/proveedores/publicidad-grafica-sa-de-cv-414,https://www.publi20.com/listing/publicidad-grafica-sa-de-cv/,,/listing/publicidad-grafica-sa-de-cv/,ignorar parámetros de la URL
2588,Redirecciones,ok_query,/directorio/proveedores/mentor-s-a-de-c-v-413,https://www.publi20.com/listing/mentor-s-a-de-c-v/,,/listing/mentor-s-a-de-c-v/,ignorar parámetros de la URL
2587,Redirecciones,ok_query,/directorio/proveedores/mcs-consultores-s-c-412,https://www.publi20.com/listing/mcs-consultores-s-c/,,/listing/mcs-consultores-s-c/,ignorar parámetros de la URL
2586,Redirecciones,ok_query,/directorio/proveedores/informacion-del-noreste-s-a-de-c-v-411,https://www.publi20.com/listing/informacion-del-noreste-s-a-de-c-v/,,/listing/informacion-del-noreste-s-a-de-c-v/,ignorar parámetros de la URL
2585,Redirecciones,ok_query,/directorio/proveedores/publicidad-digital-ramirez-410,https://www.publi20.com/listing/publicidad-digital-ramirez/,,/listing/publicidad-digital-ramirez/,ignorar parámetros de la URL
2584,Redirecciones,ok_query,/directorio/proveedores/syes-409,https://www.publi20.com/listing/syes/,,/listing/syes/,ignorar parámetros de la URL
2583,Redirecciones,ok_query,/directorio/proveedores/corporativo-mi-ciudad-sa-de-cv-408,https://www.publi20.com/listing/corporativo-mi-ciudad-sa-de-cv/,,/listing/corporativo-mi-ciudad-sa-de-cv/,ignorar parámetros de la URL
2582,Redirecciones,ok_query,/directorio/proveedores/publiport-sa-de-cv-407,https://www.publi20.com/listing/publiport-sa-de-cv/,,/listing/publiport-sa-de-cv/,ignorar parámetros de la URL
2581,Redirecciones,ok_query,/directorio/proveedores/publimedia-los-cabos-sa-de-cv-406,https://www.publi20.com/listing/publimedia-los-cabos-sa-de-cv/,,/listing/publimedia-los-cabos-sa-de-cv/,ignorar parámetros de la URL
2580,Redirecciones,ok_query,/directorio/proveedores/formula-radiofonica-s-a-de-c-v-404,https://www.publi20.com/listing/formula-radiofonica-s-a-de-c-v/,,/listing/formula-radiofonica-s-a-de-c-v/,ignorar parámetros de la URL
2579,Redirecciones,ok_query,/directorio/proveedores/publiservicios-vanguardia-s-a-de-c-v-403,https://www.publi20.com/listing/publiservicios-vanguardia-s-a-de-c-v/,,/listing/publiservicios-vanguardia-s-a-de-c-v/,ignorar parámetros de la URL
2578,Redirecciones,ok_query,/directorio/proveedores/memetica-diseño-e-impresion-401,https://www.publi20.com/listing/memetica-dise%c3%b1o-e-impresion/,,/listing/memetica-dise%c3%b1o-e-impresion/,ignorar parámetros de la URL
2577,Redirecciones,ok_query,/directorio/proveedores/publicidad-y-rotulacion-por-computadora-398,https://www.publi20.com/listing/publicidad-y-rotulacion-por-computadora/,,/listing/publicidad-y-rotulacion-por-computadora/,ignorar parámetros de la URL
2576,Redirecciones,ok_query,/directorio/proveedores/digital-multimedios-397,https://www.publi20.com/listing/digital-multimedios/,,/listing/digital-multimedios/,ignorar parámetros de la URL
2575,Redirecciones,ok_query,/directorio/proveedores/mazpubliman-396,https://www.publi20.com/listing/mazpubliman/,,/listing/mazpubliman/,ignorar parámetros de la URL
2574,Redirecciones,ok_query,/directorio/proveedores/anuncios-en-directorios-s-a-de-c-v-394,https://www.publi20.com/listing/anuncios-en-directorios-s-a-de-c-v/,,/listing/anuncios-en-directorios-s-a-de-c-v/,ignorar parámetros de la URL
2573,Redirecciones,ok_query,/directorio/proveedores/creatimex-publicidad-sa-de-cv-390,https://www.publi20.com/listing/creatimex-publicidad-sa-de-cv/,,/listing/creatimex-publicidad-sa-de-cv/,ignorar parámetros de la URL
2572,Redirecciones,ok_query,/directorio/proveedores/publimar-389,https://www.publi20.com/listing/publimar/,,/listing/publimar/,ignorar parámetros de la URL
2571,Redirecciones,ok_query,/directorio/proveedores/guia-conurbada-388,https://www.publi20.com/listing/guia-conurbada/,,/listing/guia-conurbada/,ignorar parámetros de la URL
2570,Redirecciones,ok_query,/directorio/proveedores/inku-387,https://www.publi20.com/listing/inku/,,/listing/inku/,ignorar parámetros de la URL
2569,Redirecciones,ok_query,/directorio/proveedores/oh-publicidad-y-negocios-384,https://www.publi20.com/listing/oh-publicidad-y-negocios/,,/listing/oh-publicidad-y-negocios/,ignorar parámetros de la URL
2568,Redirecciones,ok_query,/directorio/proveedores/esperanza-astrid-castañeda-ruiz-383,https://www.publi20.com/listing/esperanza-astrid-casta%c3%b1eda-ruiz/,,/listing/esperanza-astrid-casta%c3%b1eda-ruiz/,ignorar parámetros de la URL
2567,Redirecciones,ok_query,/directorio/proveedores/isi-publicidad-380,https://www.publi20.com/listing/isi-publicidad/,,/listing/isi-publicidad/,ignorar parámetros de la URL
2566,Redirecciones,ok_query,/directorio/proveedores/anuncios-en-directorioss-a-de-c-v-378,https://www.publi20.com/listing/anuncios-en-directorioss-a-de-c-v/,,/listing/anuncios-en-directorioss-a-de-c-v/,ignorar parámetros de la URL
2565,Redirecciones,ok_query,/directorio/proveedores/publicaciones-metropolitanas-s-a-de-c-v-377,https://www.publi20.com/listing/publicaciones-metropolitanas-s-a-de-c-v/,,/listing/publicaciones-metropolitanas-s-a-de-c-v/,ignorar parámetros de la URL
2564,Redirecciones,ok_query,/directorio/proveedores/creaciones-artisticas-publicitrias-sa-376,https://www.publi20.com/listing/creaciones-artisticas-publicitrias-sa/,,/listing/creaciones-artisticas-publicitrias-sa/,ignorar parámetros de la URL
2563,Redirecciones,ok_query,/directorio/proveedores/sistemas-interactivos-de-juarez-s-a-de-c-v-375,https://www.publi20.com/listing/sistemas-interactivos-de-juarez-s-a-de-c-v/,,/listing/sistemas-interactivos-de-juarez-s-a-de-c-v/,ignorar parámetros de la URL
2562,Redirecciones,ok_query,/directorio/proveedores/clarol-publicidad-exterior-s-c-374,https://www.publi20.com/listing/clarol-publicidad-exterior-s-c/,,/listing/clarol-publicidad-exterior-s-c/,ignorar parámetros de la URL
2561,Redirecciones,ok_query,/directorio/proveedores/laya-comunica-373,https://www.publi20.com/listing/laya-comunica/,,/listing/laya-comunica/,ignorar parámetros de la URL
2560,Redirecciones,ok_query,/directorio/proveedores/las-lonas-372,https://www.publi20.com/listing/las-lonas/,,/listing/las-lonas/,ignorar parámetros de la URL
2559,Redirecciones,ok_query,/directorio/proveedores/global-producciones-and-marketing-sa-de-cv-371,https://www.publi20.com/listing/global-producciones-and-marketing-sa-de-cv/,,/listing/global-producciones-and-marketing-sa-de-cv/,ignorar parámetros de la URL
2558,Redirecciones,ok_query,/directorio/proveedores/grafiko-publicidad-370,https://www.publi20.com/listing/grafiko-publicidad/,,/listing/grafiko-publicidad/,ignorar parámetros de la URL
2557,Redirecciones,ok_query,/directorio/proveedores/descar-s-a-de-c-v-369,https://www.publi20.com/listing/descar-s-a-de-c-v/,,/listing/descar-s-a-de-c-v/,ignorar parámetros de la URL
2556,Redirecciones,ok_query,/directorio/proveedores/graphics-368,https://www.publi20.com/listing/graphics/,,/listing/graphics/,ignorar parámetros de la URL
2555,Redirecciones,ok_query,/directorio/proveedores/maxima-publicidad-367,https://www.publi20.com/listing/maxima-publicidad/,,/listing/maxima-publicidad/,ignorar parámetros de la URL
2554,Redirecciones,ok_query,/directorio/proveedores/el-comerciante-365,https://www.publi20.com/listing/el-comerciante/,,/listing/el-comerciante/,ignorar parámetros de la URL
2553,Redirecciones,ok_query,/directorio/proveedores/televisora-peninsular-s-a-de-c-v-364,https://www.publi20.com/listing/televisora-peninsular-s-a-de-c-v/,,/listing/televisora-peninsular-s-a-de-c-v/,ignorar parámetros de la URL
2552,Redirecciones,ok_query,/directorio/proveedores/multimedia-del-sureste-s-a-de-c-v-363,https://www.publi20.com/listing/multimedia-del-sureste-s-a-de-c-v/,,/listing/multimedia-del-sureste-s-a-de-c-v/,ignorar parámetros de la URL
2551,Redirecciones,ok_query,/directorio/proveedores/diseño-publicidad-pixemania-361,https://www.publi20.com/listing/dise%c3%b1o-publicidad-pixemania/,,/listing/dise%c3%b1o-publicidad-pixemania/,ignorar parámetros de la URL
2550,Redirecciones,ok_query,/directorio/proveedores/blau-publicidad-360,https://www.publi20.com/listing/blau-publicidad/,,/listing/blau-publicidad/,ignorar parámetros de la URL
2549,Redirecciones,ok_query,/directorio/proveedores/comercializadora-trudi-s-de-rl-de-cv-359,https://www.publi20.com/listing/comercializadora-trudi-s-de-rl-de-cv/,,/listing/comercializadora-trudi-s-de-rl-de-cv/,ignorar parámetros de la URL
2548,Redirecciones,ok_query,/directorio/proveedores/ncyg-marketing-publicidad-y-producciones-sa-de-c-v-358,https://www.publi20.com/listing/ncyg-marketing-publicidad-y-producciones-sa-de-c-v/,,/listing/ncyg-marketing-publicidad-y-producciones-sa-de-c-v/,ignorar parámetros de la URL
2547,Redirecciones,ok_query,/directorio/proveedores/artigraf-357,https://www.publi20.com/listing/artigraf/,,/listing/artigraf/,ignorar parámetros de la URL
2546,Redirecciones,ok_query,/directorio/proveedores/hildetex-s-a-de-c-v-356,https://www.publi20.com/listing/hildetex-s-a-de-c-v/,,/listing/hildetex-s-a-de-c-v/,ignorar parámetros de la URL
2545,Redirecciones,ok_query,/directorio/proveedores/art-y-tec-s-a-de-c-v-355,https://www.publi20.com/listing/art-y-tec-s-a-de-c-v/,,/listing/art-y-tec-s-a-de-c-v/,ignorar parámetros de la URL
2544,Redirecciones,ok_query,/directorio/proveedores/sacale-jugo-a-tu-marca-is-de-r-l-de-c-v-354,https://www.publi20.com/listing/sacale-jugo-a-tu-marca-is-de-r-l-de-c-v/,,/listing/sacale-jugo-a-tu-marca-is-de-r-l-de-c-v/,ignorar parámetros de la URL
2543,Redirecciones,ok_query,/directorio/proveedores/publitrucks-353,https://www.publi20.com/listing/publitrucks/,,/listing/publitrucks/,ignorar parámetros de la URL
2542,Redirecciones,ok_query,/directorio/proveedores/umbrella-marketing-s-c-351,https://www.publi20.com/listing/umbrella-marketing-s-c/,,/listing/umbrella-marketing-s-c/,ignorar parámetros de la URL
2541,Redirecciones,ok_query,/directorio/proveedores/display-349,https://www.publi20.com/listing/display/,,/listing/display/,ignorar parámetros de la URL
2540,Redirecciones,ok_query,/directorio/proveedores/creamedia-s-a-de-c-v-348,https://www.publi20.com/listing/creamedia-s-a-de-c-v/,,/listing/creamedia-s-a-de-c-v/,ignorar parámetros de la URL
2539,Redirecciones,ok_query,/directorio/proveedores/promo-rigba-internacional-s-de-rl-de-cv-347,https://www.publi20.com/listing/promo-rigba-internacional-s-de-rl-de-cv/,,/listing/promo-rigba-internacional-s-de-rl-de-cv/,ignorar parámetros de la URL
2538,Redirecciones,ok_query,/directorio/proveedores/promo-rigba-internacional-s-de-rl-de-cv-346,https://www.publi20.com/listing/promo-rigba-internacional-s-de-rl-de-cv/,,/listing/promo-rigba-internacional-s-de-rl-de-cv/,ignorar parámetros de la URL
2537,Redirecciones,ok_query,/directorio/proveedores/firecol-345,https://www.publi20.com/listing/firecol/,,/listing/firecol/,ignorar parámetros de la URL
2536,Redirecciones,ok_query,/directorio/proveedores/anuncios-en-directorios-sa-de-cv-341,https://www.publi20.com/listing/anuncios-en-directorios-sa-de-cv/,,/listing/anuncios-en-directorios-sa-de-cv/,ignorar parámetros de la URL
2535,Redirecciones,ok_query,/directorio/proveedores/marketing-and-promotion-s-a-de-c-v-340,https://www.publi20.com/listing/marketing-and-promotion-s-a-de-c-v/,,/listing/marketing-and-promotion-s-a-de-c-v/,ignorar parámetros de la URL
2534,Redirecciones,ok_query,/directorio/proveedores/editora-tiempo-nuevo-339,https://www.publi20.com/listing/editora-tiempo-nuevo/,,/listing/editora-tiempo-nuevo/,ignorar parámetros de la URL
2533,Redirecciones,ok_query,/directorio/proveedores/promoser-grupo-publicitario-s-de-r-l-de-c-v-338,https://www.publi20.com/listing/promoser-grupo-publicitario-s-de-r-l-de-c-v/,,/listing/promoser-grupo-publicitario-s-de-r-l-de-c-v/,ignorar parámetros de la URL
2532,Redirecciones,ok_query,/directorio/proveedores/grafia-publicidad-337,https://www.publi20.com/listing/grafia-publicidad/,,/listing/grafia-publicidad/,ignorar parámetros de la URL
2531,Redirecciones,ok_query,/directorio/proveedores/sos-web-s-a-de-c-v-336,https://www.publi20.com/listing/sos-web-s-a-de-c-v/,,/listing/sos-web-s-a-de-c-v/,ignorar parámetros de la URL
2530,Redirecciones,ok_query,/directorio/proveedores/aka-imagen-impresa-335,https://www.publi20.com/listing/aka-imagen-impresa/,,/listing/aka-imagen-impresa/,ignorar parámetros de la URL
2529,Redirecciones,ok_query,/directorio/proveedores/media-noticias-334,https://www.publi20.com/listing/media-noticias/,,/listing/media-noticias/,ignorar parámetros de la URL
2528,Redirecciones,ok_query,/directorio/proveedores/servicios-medios-visuales-y-publicidad-s-a-de-c-v-332,https://www.publi20.com/listing/servicios-medios-visuales-y-publicidad-s-a-de-c-v/,,/listing/servicios-medios-visuales-y-publicidad-s-a-de-c-v/,ignorar parámetros de la URL
2527,Redirecciones,ok_query,/directorio/proveedores/grupo-c-y-c-del-caribe-sa-de-cv-331,https://www.publi20.com/listing/grupo-c-y-c-del-caribe-sa-de-cv/,,/listing/grupo-c-y-c-del-caribe-sa-de-cv/,ignorar parámetros de la URL
2526,Redirecciones,ok_query,/directorio/proveedores/radio-difusoras-y-televisoras-de-occidente-sa-de-c-v-330,https://www.publi20.com/listing/radio-difusoras-y-televisoras-de-occidente-sa-de-c-v/,,/listing/radio-difusoras-y-televisoras-de-occidente-sa-de-c-v/,ignorar parámetros de la URL
2525,Redirecciones,ok_query,/directorio/proveedores/nuevo-estilo-publicidad-y-decoracion-329,https://www.publi20.com/listing/nuevo-estilo-publicidad-y-decoracion/,,/listing/nuevo-estilo-publicidad-y-decoracion/,ignorar parámetros de la URL
2524,Redirecciones,ok_query,/directorio/proveedores/imprenta-328,https://www.publi20.com/listing/imprenta/,,/listing/imprenta/,ignorar parámetros de la URL
2523,Redirecciones,ok_query,/directorio/proveedores/ads-publicidad-total-srl-de-cv-326,https://www.publi20.com/listing/ads-publicidad-total-srl-de-cv/,,/listing/ads-publicidad-total-srl-de-cv/,ignorar parámetros de la URL
2522,Redirecciones,ok_query,/directorio/proveedores/vinil-de-zacatecas-sc-de-p-de-rl-325,https://www.publi20.com/listing/vinil-de-zacatecas-sc-de-p-de-rl/,,/listing/vinil-de-zacatecas-sc-de-p-de-rl/,ignorar parámetros de la URL
2521,Redirecciones,ok_query,/directorio/proveedores/macrea-324,https://www.publi20.com/listing/macrea/,,/listing/macrea/,ignorar parámetros de la URL
2520,Redirecciones,ok_query,/directorio/proveedores/publi-maya-323,https://www.publi20.com/listing/publi-maya/,,/listing/publi-maya/,ignorar parámetros de la URL
2519,Redirecciones,ok_query,/directorio/proveedores/grupo-estratega-de-publicidad-sa-de-cv-322,https://www.publi20.com/listing/grupo-estratega-de-publicidad-sa-de-cv/,,/listing/grupo-estratega-de-publicidad-sa-de-cv/,ignorar parámetros de la URL
2518,Redirecciones,ok_query,/directorio/proveedores/otero-27-321,https://www.publi20.com/listing/otero-27/,,/listing/otero-27/,ignorar parámetros de la URL
2517,Redirecciones,ok_query,/directorio/proveedores/publicidad-y-diseño-anka-digital-320,https://www.publi20.com/listing/publicidad-y-dise%c3%b1o-anka-digital/,,/listing/publicidad-y-dise%c3%b1o-anka-digital/,ignorar parámetros de la URL
2516,Redirecciones,ok_query,/directorio/proveedores/publidigital-318,https://www.publi20.com/listing/publidigital/,,/listing/publidigital/,ignorar parámetros de la URL
2515,Redirecciones,ok_query,/directorio/proveedores/perfiles-e-impresos-s-a-de-c-v-316,https://www.publi20.com/listing/perfiles-e-impresos-s-a-de-c-v/,,/listing/perfiles-e-impresos-s-a-de-c-v/,ignorar parámetros de la URL
2514,Redirecciones,ok_query,/directorio/proveedores/solucion-digital-empresarial-sa-de-cv-315,https://www.publi20.com/listing/solucion-digital-empresarial-sa-de-cv/,,/listing/solucion-digital-empresarial-sa-de-cv/,ignorar parámetros de la URL
2513,Redirecciones,ok_query,/directorio/proveedores/vendor-publicidad-exterior-s-de-rl-de-c-v-314,https://www.publi20.com/listing/vendor-publicidad-exterior-s-de-rl-de-c-v/,,/listing/vendor-publicidad-exterior-s-de-rl-de-c-v/,ignorar parámetros de la URL
2512,Redirecciones,ok_query,/directorio/proveedores/publicity-313,https://www.publi20.com/listing/publicity/,,/listing/publicity/,ignorar parámetros de la URL
2511,Redirecciones,ok_query,/directorio/proveedores/goduva-publicidad-312,https://www.publi20.com/listing/goduva-publicidad/,,/listing/goduva-publicidad/,ignorar parámetros de la URL
2510,Redirecciones,ok_query,/directorio/proveedores/lonas-y-etiquetas-311,https://www.publi20.com/listing/lonas-y-etiquetas/,,/listing/lonas-y-etiquetas/,ignorar parámetros de la URL
2509,Redirecciones,ok_query,/directorio/proveedores/servicios-de-administracion-e-informatica-sa-de-cv-310,https://www.publi20.com/listing/servicios-de-administracion-e-informatica-sa-de-cv/,,/listing/servicios-de-administracion-e-informatica-sa-de-cv/,ignorar parámetros de la URL
2508,Redirecciones,ok_query,/directorio/proveedores/servicios-de-administracion-e-informatrica-sa-de-cv-309,https://www.publi20.com/listing/servicios-de-administracion-e-informatrica-sa-de-cv/,,/listing/servicios-de-administracion-e-informatrica-sa-de-cv/,ignorar parámetros de la URL
2507,Redirecciones,ok_query,/directorio/proveedores/publi-liui-308,https://www.publi20.com/listing/publi-liui/,,/listing/publi-liui/,ignorar parámetros de la URL
2506,Redirecciones,ok_query,/directorio/proveedores/grafika-publicidad-307,https://www.publi20.com/listing/grafika-publicidad/,,/listing/grafika-publicidad/,ignorar parámetros de la URL
2505,Redirecciones,ok_query,/directorio/proveedores/promociones-acevedo-305,https://www.publi20.com/listing/promociones-acevedo/,,/listing/promociones-acevedo/,ignorar parámetros de la URL
2504,Redirecciones,ok_query,/directorio/proveedores/forward-multimedia-304,https://www.publi20.com/listing/forward-multimedia/,,/listing/forward-multimedia/,ignorar parámetros de la URL
2503,Redirecciones,ok_query,/directorio/proveedores/creasunn-s-a-de-cv-303,https://www.publi20.com/listing/creasunn-s-a-de-cv/,,/listing/creasunn-s-a-de-cv/,ignorar parámetros de la URL
2502,Redirecciones,ok_query,/directorio/proveedores/csm-publicidad-s-a-de-c-v-302,https://www.publi20.com/listing/csm-publicidad-s-a-de-c-v/,,/listing/csm-publicidad-s-a-de-c-v/,ignorar parámetros de la URL
2501,Redirecciones,ok_query,/directorio/proveedores/publi-anuncios-301,https://www.publi20.com/listing/publi-anuncios/,,/listing/publi-anuncios/,ignorar parámetros de la URL
2500,Redirecciones,ok_query,/directorio/proveedores/chis-mx-300,https://www.publi20.com/listing/chis-mx/,,/listing/chis-mx/,ignorar parámetros de la URL
2499,Redirecciones,ok_query,/directorio/proveedores/habitat-creativo-sa-de-cv-298,https://www.publi20.com/listing/habitat-creativo-sa-de-cv/,,/listing/habitat-creativo-sa-de-cv/,ignorar parámetros de la URL
2498,Redirecciones,ok_query,/directorio/proveedores/publicidad-textil-corona-297,https://www.publi20.com/listing/publicidad-textil-corona/,,/listing/publicidad-textil-corona/,ignorar parámetros de la URL
2497,Redirecciones,ok_query,/directorio/proveedores/publicidad-activa-mobil-s-a-de-c-v-296,https://www.publi20.com/listing/publicidad-activa-mobil-s-a-de-c-v/,,/listing/publicidad-activa-mobil-s-a-de-c-v/,ignorar parámetros de la URL
2496,Redirecciones,ok_query,/directorio/proveedores/grupo-sandoval-295,https://www.publi20.com/listing/grupo-sandoval/,,/listing/grupo-sandoval/,ignorar parámetros de la URL
2495,Redirecciones,ok_query,/directorio/proveedores/lira-294,https://www.publi20.com/listing/lira/,,/listing/lira/,ignorar parámetros de la URL
2494,Redirecciones,ok_query,/directorio/proveedores/aram-y-asociados-s-a-de-c-v-293,https://www.publi20.com/listing/aram-y-asociados-s-a-de-c-v/,,/listing/aram-y-asociados-s-a-de-c-v/,ignorar parámetros de la URL
2493,Redirecciones,ok_query,/directorio/proveedores/soltar-impresores-s-a-de-c-v-292,https://www.publi20.com/listing/soltar-impresores-s-a-de-c-v/,,/listing/soltar-impresores-s-a-de-c-v/,ignorar parámetros de la URL
2492,Redirecciones,ok_query,/directorio/proveedores/multi-signos-s-a-de-c-v-291,https://www.publi20.com/listing/multi-signos-s-a-de-c-v/,,/listing/multi-signos-s-a-de-c-v/,ignorar parámetros de la URL
2491,Redirecciones,ok_query,/directorio/proveedores/extra-publicidad-290,https://www.publi20.com/listing/extra-publicidad/,,/listing/extra-publicidad/,ignorar parámetros de la URL
2490,Redirecciones,ok_query,/directorio/proveedores/pix-color-publicidad-289,https://www.publi20.com/listing/pix-color-publicidad/,,/listing/pix-color-publicidad/,ignorar parámetros de la URL
2489,Redirecciones,ok_query,/directorio/proveedores/paes-publicidad-288,https://www.publi20.com/listing/paes-publicidad/,,/listing/paes-publicidad/,ignorar parámetros de la URL
2488,Redirecciones,ok_query,/directorio/proveedores/rumbo-publicaciones-s-c-287,https://www.publi20.com/listing/rumbo-publicaciones-s-c/,,/listing/rumbo-publicaciones-s-c/,ignorar parámetros de la URL
2487,Redirecciones,ok_query,/directorio/proveedores/diseño-impreso-en-movimiento-s-a-de-c-v-284,https://www.publi20.com/listing/dise%c3%b1o-impreso-en-movimiento-s-a-de-c-v/,,/listing/dise%c3%b1o-impreso-en-movimiento-s-a-de-c-v/,ignorar parámetros de la URL
2486,Redirecciones,ok_query,/directorio/proveedores/corpporacion-lagunera-s-a-de-c-v-283,https://www.publi20.com/listing/corpporacion-lagunera-s-a-de-c-v/,,/listing/corpporacion-lagunera-s-a-de-c-v/,ignorar parámetros de la URL
2485,Redirecciones,ok_query,/directorio/proveedores/paileria-del-golfo-s-a-de-c-v-281,https://www.publi20.com/listing/paileria-del-golfo-s-a-de-c-v/,,/listing/paileria-del-golfo-s-a-de-c-v/,ignorar parámetros de la URL
2484,Redirecciones,ok_query,/directorio/proveedores/doble-l-comunicacion-e-informacion-280,https://www.publi20.com/listing/doble-l-comunicacion-e-informacion/,,/listing/doble-l-comunicacion-e-informacion/,ignorar parámetros de la URL
2483,Redirecciones,ok_query,/directorio/proveedores/ingenieria-creativa-en-medios-s-c-279,https://www.publi20.com/listing/ingenieria-creativa-en-medios-s-c/,,/listing/ingenieria-creativa-en-medios-s-c/,ignorar parámetros de la URL
2482,Redirecciones,ok_query,/directorio/proveedores/grupo-integra-278,https://www.publi20.com/listing/grupo-integra/,,/listing/grupo-integra/,ignorar parámetros de la URL
2481,Redirecciones,ok_query,/directorio/proveedores/jhony-productions-275,https://www.publi20.com/listing/jhony-productions/,,/listing/jhony-productions/,ignorar parámetros de la URL
2480,Redirecciones,ok_query,/directorio/proveedores/servicios-andes-273,https://www.publi20.com/listing/servicios-andes/,,/listing/servicios-andes/,ignorar parámetros de la URL
2479,Redirecciones,ok_query,/directorio/proveedores/artec-de-morelia-s-c-272,https://www.publi20.com/listing/artec-de-morelia-s-c/,,/listing/artec-de-morelia-s-c/,ignorar parámetros de la URL
2478,Redirecciones,ok_query,/directorio/proveedores/o-k-publicidad-271,https://www.publi20.com/listing/o-k-publicidad/,,/listing/o-k-publicidad/,ignorar parámetros de la URL
2477,Redirecciones,ok_query,/directorio/proveedores/in-marketing-270,https://www.publi20.com/listing/in-marketing/,,/listing/in-marketing/,ignorar parámetros de la URL
2476,Redirecciones,ok_query,/directorio/proveedores/hyc-trade-business-s-a-de-c-v-269,https://www.publi20.com/listing/hyc-trade-business-s-a-de-c-v/,,/listing/hyc-trade-business-s-a-de-c-v/,ignorar parámetros de la URL
2475,Redirecciones,ok_query,/directorio/proveedores/publi-pac-268,https://www.publi20.com/listing/publi-pac/,,/listing/publi-pac/,ignorar parámetros de la URL
2474,Redirecciones,ok_query,/directorio/proveedores/silverlight-records-sa-de-cv-267,https://www.publi20.com/listing/silverlight-records-sa-de-cv/,,/listing/silverlight-records-sa-de-cv/,ignorar parámetros de la URL
2473,Redirecciones,ok_query,/directorio/proveedores/west-mex-s-a-de-c-v-266,https://www.publi20.com/listing/west-mex-s-a-de-c-v/,,/listing/west-mex-s-a-de-c-v/,ignorar parámetros de la URL
2472,Redirecciones,ok_query,/directorio/proveedores/hidaltur-tips-264,https://www.publi20.com/listing/hidaltur-tips/,,/listing/hidaltur-tips/,ignorar parámetros de la URL
2471,Redirecciones,ok_query,/directorio/proveedores/comercializadora-publishuttle-sa-de-cv-262,https://www.publi20.com/listing/comercializadora-publishuttle-sa-de-cv/,,/listing/comercializadora-publishuttle-sa-de-cv/,ignorar parámetros de la URL
2470,Redirecciones,ok_query,/directorio/proveedores/viniletras-s-a-de-c-v-261,https://www.publi20.com/listing/viniletras-s-a-de-c-v/,,/listing/viniletras-s-a-de-c-v/,ignorar parámetros de la URL
2469,Redirecciones,ok_query,/directorio/proveedores/anuncios-en-directorios-sa-de-cv-260,https://www.publi20.com/listing/anuncios-en-directorios-sa-de-cv/,,/listing/anuncios-en-directorios-sa-de-cv/,ignorar parámetros de la URL
2468,Redirecciones,ok_query,/directorio/proveedores/publiex-pressions-s-a-de-c-v-259,https://www.publi20.com/listing/publiex-pressions-s-a-de-c-v/,,/listing/publiex-pressions-s-a-de-c-v/,ignorar parámetros de la URL
2467,Redirecciones,ok_query,/directorio/proveedores/grupo-publicitario-cerle-s-de-rl-de-cv-257,https://www.publi20.com/listing/grupo-publicitario-cerle-s-de-rl-de-cv/,,/listing/grupo-publicitario-cerle-s-de-rl-de-cv/,ignorar parámetros de la URL
2466,Redirecciones,ok_query,/directorio/proveedores/5w-mexico-sa-cv-256,https://www.publi20.com/listing/5w-mexico-sa-cv/,,/listing/5w-mexico-sa-cv/,ignorar parámetros de la URL
2465,Redirecciones,ok_query,/directorio/proveedores/dima-studios-255,https://www.publi20.com/listing/dima-studios/,,/listing/dima-studios/,ignorar parámetros de la URL
2464,Redirecciones,ok_query,/directorio/proveedores/maxi-grafica-254,https://www.publi20.com/listing/maxi-grafica/,,/listing/maxi-grafica/,ignorar parámetros de la URL
2463,Redirecciones,ok_query,/directorio/proveedores/diseñarte-publicidad-253,https://www.publi20.com/listing/dise%c3%b1arte-publicidad/,,/listing/dise%c3%b1arte-publicidad/,ignorar parámetros de la URL
2462,Redirecciones,ok_query,/directorio/proveedores/contcast-252,https://www.publi20.com/listing/contcast/,,/listing/contcast/,ignorar parámetros de la URL
2461,Redirecciones,ok_query,/directorio/proveedores/arte-integral-expresion-sa-de-cv-251,https://www.publi20.com/listing/arte-integral-expresion-sa-de-cv/,,/listing/arte-integral-expresion-sa-de-cv/,ignorar parámetros de la URL
2460,Redirecciones,ok_query,/directorio/proveedores/difusion-exterior-s-a-de-c-v-250,https://www.publi20.com/listing/difusion-exterior-s-a-de-c-v/,,/listing/difusion-exterior-s-a-de-c-v/,ignorar parámetros de la URL
2459,Redirecciones,ok_query,/directorio/proveedores/publimerc-249,https://www.publi20.com/listing/publimerc/,,/listing/publimerc/,ignorar parámetros de la URL
2458,Redirecciones,ok_query,/directorio/proveedores/la-roca-publicidad-247,https://www.publi20.com/listing/la-roca-publicidad/,,/listing/la-roca-publicidad/,ignorar parámetros de la URL
2457,Redirecciones,ok_query,/directorio/proveedores/dsimple-246,https://www.publi20.com/listing/dsimple/,,/listing/dsimple/,ignorar parámetros de la URL
2456,Redirecciones,ok_query,/directorio/proveedores/publicidad-y-diseño-245,https://www.publi20.com/listing/publicidad-y-dise%c3%b1o/,,/listing/publicidad-y-dise%c3%b1o/,ignorar parámetros de la URL
2455,Redirecciones,ok_query,/directorio/proveedores/seriart-publicidad-243,https://www.publi20.com/listing/seriart-publicidad/,,/listing/seriart-publicidad/,ignorar parámetros de la URL
2454,Redirecciones,ok_query,/directorio/proveedores/mega-color-242,https://www.publi20.com/listing/mega-color/,,/listing/mega-color/,ignorar parámetros de la URL
2453,Redirecciones,ok_query,/directorio/proveedores/negativos-lara-castillo-sa-de-cv-241,https://www.publi20.com/listing/negativos-lara-castillo-sa-de-cv/,,/listing/negativos-lara-castillo-sa-de-cv/,ignorar parámetros de la URL
2452,Redirecciones,ok_query,/directorio/proveedores/megapantallas-de-mexico-s-a-de-c-v-240,https://www.publi20.com/listing/megapantallas-de-mexico-s-a-de-c-v/,,/listing/megapantallas-de-mexico-s-a-de-c-v/,ignorar parámetros de la URL
2451,Redirecciones,ok_query,/directorio/proveedores/isa-corporativo-s-a-de-c-v-239,https://www.publi20.com/listing/isa-corporativo-s-a-de-c-v/,,/listing/isa-corporativo-s-a-de-c-v/,ignorar parámetros de la URL
2450,Redirecciones,ok_query,/directorio/proveedores/d-mentes-creativas-s-de-rl-238,https://www.publi20.com/listing/d-mentes-creativas-s-de-rl/,,/listing/d-mentes-creativas-s-de-rl/,ignorar parámetros de la URL
2449,Redirecciones,ok_query,/directorio/proveedores/secorp-vision-publicitaria-s-de-rl-de-cv-237,https://www.publi20.com/listing/secorp-vision-publicitaria-s-de-rl-de-cv/,,/listing/secorp-vision-publicitaria-s-de-rl-de-cv/,ignorar parámetros de la URL
2448,Redirecciones,ok_query,/directorio/proveedores/expo-display-de-queretaro-renta-sa-de-cv-236,https://www.publi20.com/listing/expo-display-de-queretaro-renta-sa-de-cv/,,/listing/expo-display-de-queretaro-renta-sa-de-cv/,ignorar parámetros de la URL
2447,Redirecciones,ok_query,/directorio/proveedores/reconocimientos-y-promocionales-mexcio-sa-de-cv-235,https://www.publi20.com/listing/reconocimientos-y-promocionales-mexcio-sa-de-cv/,,/listing/reconocimientos-y-promocionales-mexcio-sa-de-cv/,ignorar parámetros de la URL
2446,Redirecciones,ok_query,/directorio/proveedores/vendor-publicidad-exterior-s-de-r-l-de-cv-234,https://www.publi20.com/listing/vendor-publicidad-exterior-s-de-r-l-de-cv/,,/listing/vendor-publicidad-exterior-s-de-r-l-de-cv/,ignorar parámetros de la URL
2445,Redirecciones,ok_query,/directorio/proveedores/raya-impresion-digital-233,https://www.publi20.com/listing/raya-impresion-digital/,,/listing/raya-impresion-digital/,ignorar parámetros de la URL
2444,Redirecciones,ok_query,/directorio/proveedores/mr-publicidad-s-a-de-c-v-232,https://www.publi20.com/listing/mr-publicidad-s-a-de-c-v/,,/listing/mr-publicidad-s-a-de-c-v/,ignorar parámetros de la URL
2443,Redirecciones,ok_query,/directorio/proveedores/impactos-frecuencia-y-cobertura-en-medios-sa-de-cv-231,https://www.publi20.com/listing/impactos-frecuencia-y-cobertura-en-medios-sa-de-cv/,,/listing/impactos-frecuencia-y-cobertura-en-medios-sa-de-cv/,ignorar parámetros de la URL
2442,Redirecciones,ok_query,/directorio/proveedores/yahoo-de-mexico-s-a-de-c-v-230,https://www.publi20.com/listing/yahoo-de-mexico-s-a-de-c-v/,,/listing/yahoo-de-mexico-s-a-de-c-v/,ignorar parámetros de la URL
2441,Redirecciones,ok_query,/directorio/proveedores/bordados-publicidad-javar-229,https://www.publi20.com/listing/bordados-publicidad-javar/,,/listing/bordados-publicidad-javar/,ignorar parámetros de la URL
2440,Redirecciones,ok_query,/directorio/proveedores/publi-express-227,https://www.publi20.com/listing/publi-express/,,/listing/publi-express/,ignorar parámetros de la URL
2439,Redirecciones,ok_query,/directorio/proveedores/trazo-vinil-publicidad-sa-de-cv-225,https://www.publi20.com/listing/trazo-vinil-publicidad-sa-de-cv/,,/listing/trazo-vinil-publicidad-sa-de-cv/,ignorar parámetros de la URL
2438,Redirecciones,ok_query,/directorio/proveedores/sign-solutions-s-a-de-c-v-223,https://www.publi20.com/listing/sign-solutions-s-a-de-c-v/,,/listing/sign-solutions-s-a-de-c-v/,ignorar parámetros de la URL
2437,Redirecciones,ok_query,/directorio/proveedores/publicidad-osorio-222,https://www.publi20.com/listing/publicidad-osorio/,,/listing/publicidad-osorio/,ignorar parámetros de la URL
2436,Redirecciones,ok_query,/directorio/proveedores/eficolor-221,https://www.publi20.com/listing/eficolor/,,/listing/eficolor/,ignorar parámetros de la URL
2435,Redirecciones,ok_query,/directorio/proveedores/calcom-de-mexico-220,https://www.publi20.com/listing/calcom-de-mexico/,,/listing/calcom-de-mexico/,ignorar parámetros de la URL
2434,Redirecciones,ok_query,/directorio/proveedores/intermediacion-publicitaria-s-a-de-c-v-219,https://www.publi20.com/listing/intermediacion-publicitaria-s-a-de-c-v/,,/listing/intermediacion-publicitaria-s-a-de-c-v/,ignorar parámetros de la URL
2433,Redirecciones,ok_query,/directorio/proveedores/se-habla-nobabels-s-c-217,https://www.publi20.com/listing/se-habla-nobabels-s-c/,,/listing/se-habla-nobabels-s-c/,ignorar parámetros de la URL
2432,Redirecciones,ok_query,/directorio/proveedores/corporativo-mi-livdad-s-a-de-c-v-216,https://www.publi20.com/listing/corporativo-mi-livdad-s-a-de-c-v/,,/listing/corporativo-mi-livdad-s-a-de-c-v/,ignorar parámetros de la URL
2431,Redirecciones,ok_query,/directorio/proveedores/boomeran-diseño-y-publicidad-214,https://www.publi20.com/listing/boomeran-dise%c3%b1o-y-publicidad/,,/listing/boomeran-dise%c3%b1o-y-publicidad/,ignorar parámetros de la URL
2430,Redirecciones,ok_query,/directorio/proveedores/poder-visual-sa-de-cv-212,https://www.publi20.com/listing/poder-visual-sa-de-cv/,,/listing/poder-visual-sa-de-cv/,ignorar parámetros de la URL
2429,Redirecciones,ok_query,/directorio/proveedores/rcg-espectaculares-sa-de-cv-210,https://www.publi20.com/listing/rcg-espectaculares-sa-de-cv/,,/listing/rcg-espectaculares-sa-de-cv/,ignorar parámetros de la URL
2428,Redirecciones,ok_query,/directorio/proveedores/business-y-medios-s-a-de-c-v-209,https://www.publi20.com/listing/business-y-medios-s-a-de-c-v/,,/listing/business-y-medios-s-a-de-c-v/,ignorar parámetros de la URL
2427,Redirecciones,ok_query,/directorio/proveedores/publicidad-vector-208,https://www.publi20.com/listing/publicidad-vector/,,/listing/publicidad-vector/,ignorar parámetros de la URL
2426,Redirecciones,ok_query,/directorio/proveedores/fucar-arte-y-diseño-206,https://www.publi20.com/listing/fucar-arte-y-dise%c3%b1o/,,/listing/fucar-arte-y-dise%c3%b1o/,ignorar parámetros de la URL
2425,Redirecciones,ok_query,/directorio/proveedores/mi-publicidad-205,https://www.publi20.com/listing/mi-publicidad/,,/listing/mi-publicidad/,ignorar parámetros de la URL
2424,Redirecciones,ok_query,/directorio/proveedores/admira-brand-202,https://www.publi20.com/listing/admira-brand/,,/listing/admira-brand/,ignorar parámetros de la URL
2423,Redirecciones,ok_query,/directorio/proveedores/questa-de-mexico-s-a-de-c-v-200,https://www.publi20.com/listing/questa-de-mexico-s-a-de-c-v/,,/listing/questa-de-mexico-s-a-de-c-v/,ignorar parámetros de la URL
2422,Redirecciones,ok_query,/directorio/proveedores/imago-publicidad-199,https://www.publi20.com/listing/imago-publicidad/,,/listing/imago-publicidad/,ignorar parámetros de la URL
2421,Redirecciones,ok_query,/directorio/proveedores/creativ-diseño-y-publicidad-198,https://www.publi20.com/listing/creativ-dise%c3%b1o-y-publicidad/,,/listing/creativ-dise%c3%b1o-y-publicidad/,ignorar parámetros de la URL
2420,Redirecciones,ok_query,/directorio/proveedores/guias-exclusivas-s-a-de-c-v-197,https://www.publi20.com/listing/guias-exclusivas-s-a-de-c-v/,,/listing/guias-exclusivas-s-a-de-c-v/,ignorar parámetros de la URL
2419,Redirecciones,ok_query,/directorio/proveedores/frantouch-s-a-de-c-v-195,https://www.publi20.com/listing/frantouch-s-a-de-c-v/,,/listing/frantouch-s-a-de-c-v/,ignorar parámetros de la URL
2418,Redirecciones,ok_query,/directorio/proveedores/cyflex-s-a-de-c-v-194,https://www.publi20.com/listing/cyflex-s-a-de-c-v/,,/listing/cyflex-s-a-de-c-v/,ignorar parámetros de la URL
2417,Redirecciones,ok_query,/directorio/proveedores/diseños-le-fame-s-a-de-c-v-192,https://www.publi20.com/listing/dise%c3%b1os-le-fame-s-a-de-c-v/,,/listing/dise%c3%b1os-le-fame-s-a-de-c-v/,ignorar parámetros de la URL
2416,Redirecciones,ok_query,/directorio/proveedores/articulos-publicitarios-del-bajio-191,https://www.publi20.com/listing/articulos-publicitarios-del-bajio/,,/listing/articulos-publicitarios-del-bajio/,ignorar parámetros de la URL
2415,Redirecciones,ok_query,/directorio/proveedores/contraste-190,https://www.publi20.com/listing/contraste/,,/listing/contraste/,ignorar parámetros de la URL
2414,Redirecciones,ok_query,/directorio/proveedores/studio-arte-visual-189,https://www.publi20.com/listing/studio-arte-visual/,,/listing/studio-arte-visual/,ignorar parámetros de la URL
2413,Redirecciones,ok_query,/directorio/proveedores/proyectos-publicitarios-188,https://www.publi20.com/listing/proyectos-publicitarios/,,/listing/proyectos-publicitarios/,ignorar parámetros de la URL
2412,Redirecciones,ok_query,/directorio/proveedores/playeras-joshua-187,https://www.publi20.com/listing/playeras-joshua/,,/listing/playeras-joshua/,ignorar parámetros de la URL
2411,Redirecciones,ok_query,/directorio/proveedores/comercializadora-de-promocionales-ideas-de-puebla-sa-de-cv-186,https://www.publi20.com/listing/comercializadora-de-promocionales-ideas-de-puebla-sa-de-cv/,,/listing/comercializadora-de-promocionales-ideas-de-puebla-sa-de-cv/,ignorar parámetros de la URL
2410,Redirecciones,ok_query,/directorio/proveedores/anuncios-de-directorios-s-a-de-c-v-185,https://www.publi20.com/listing/anuncios-de-directorios-s-a-de-c-v/,,/listing/anuncios-de-directorios-s-a-de-c-v/,ignorar parámetros de la URL
2409,Redirecciones,ok_query,/directorio/proveedores/syma-3-184,https://www.publi20.com/listing/syma-3/,,/listing/syma-3/,ignorar parámetros de la URL
2408,Redirecciones,ok_query,/directorio/proveedores/grupo-impresor-litografico-183,https://www.publi20.com/listing/grupo-impresor-litografico/,,/listing/grupo-impresor-litografico/,ignorar parámetros de la URL
2407,Redirecciones,ok_query,/directorio/proveedores/publicidad-y-rotulos-182,https://www.publi20.com/listing/publicidad-y-rotulos/,,/listing/publicidad-y-rotulos/,ignorar parámetros de la URL
2406,Redirecciones,ok_query,/directorio/proveedores/impacto-lonas-y-toldos-y-publicidad-181,https://www.publi20.com/listing/impacto-lonas-y-toldos-y-publicidad/,,/listing/impacto-lonas-y-toldos-y-publicidad/,ignorar parámetros de la URL
2405,Redirecciones,ok_query,/directorio/proveedores/anuncios-en-directorio-s-a-de-c-v-180,https://www.publi20.com/listing/anuncios-en-directorio-s-a-de-c-v/,,/listing/anuncios-en-directorio-s-a-de-c-v/,ignorar parámetros de la URL
2404,Redirecciones,ok_query,/directorio/proveedores/mano-vallarta-s-a-de-c-v-179,https://www.publi20.com/listing/mano-vallarta-s-a-de-c-v/,,/listing/mano-vallarta-s-a-de-c-v/,ignorar parámetros de la URL
2403,Redirecciones,ok_query,/directorio/proveedores/gsi-fabril-sa-de-cv-178,https://www.publi20.com/listing/gsi-fabril-sa-de-cv/,,/listing/gsi-fabril-sa-de-cv/,ignorar parámetros de la URL
2402,Redirecciones,ok_query,/directorio/proveedores/grupo-doxa-177,https://www.publi20.com/listing/grupo-doxa/,,/listing/grupo-doxa/,ignorar parámetros de la URL
2401,Redirecciones,ok_query,/directorio/proveedores/anuncios-exitosos-en-internet-s-a-de-c-v-176,https://www.publi20.com/listing/anuncios-exitosos-en-internet-s-a-de-c-v/,,/listing/anuncios-exitosos-en-internet-s-a-de-c-v/,ignorar parámetros de la URL
2400,Redirecciones,ok_query,/directorio/proveedores/muray-174,https://www.publi20.com/listing/muray/,,/listing/muray/,ignorar parámetros de la URL
2399,Redirecciones,ok_query,/directorio/proveedores/seminario-sin-censura-173,https://www.publi20.com/listing/seminario-sin-censura/,,/listing/seminario-sin-censura/,ignorar parámetros de la URL
2398,Redirecciones,ok_query,/directorio/proveedores/publisitios-de-mexico-sa-de-cv-171,https://www.publi20.com/listing/publisitios-de-mexico-sa-de-cv/,,/listing/publisitios-de-mexico-sa-de-cv/,ignorar parámetros de la URL
2397,Redirecciones,ok_query,/directorio/proveedores/publicom-170,https://www.publi20.com/listing/publicom/,,/listing/publicom/,ignorar parámetros de la URL
2396,Redirecciones,ok_query,/directorio/proveedores/sak-169,https://www.publi20.com/listing/sak/,,/listing/sak/,ignorar parámetros de la URL
2395,Redirecciones,ok_query,/directorio/proveedores/mpro-168,https://www.publi20.com/listing/mpro/,,/listing/mpro/,ignorar parámetros de la URL
2394,Redirecciones,ok_query,/directorio/proveedores/promover-publicidad-y-diseño-167,https://www.publi20.com/listing/promover-publicidad-y-dise%c3%b1o/,,/listing/promover-publicidad-y-dise%c3%b1o/,ignorar parámetros de la URL
2393,Redirecciones,ok_query,/directorio/proveedores/xtreme-media-s-a-de-c-v-166,https://www.publi20.com/listing/xtreme-media-s-a-de-c-v/,,/listing/xtreme-media-s-a-de-c-v/,ignorar parámetros de la URL
2392,Redirecciones,ok_query,/directorio/proveedores/publicolor-165,https://www.publi20.com/listing/publicolor/,,/listing/publicolor/,ignorar parámetros de la URL
2391,Redirecciones,ok_query,/directorio/proveedores/active-promotions-s-a-de-c-v-164,https://www.publi20.com/listing/active-promotions-s-a-de-c-v/,,/listing/active-promotions-s-a-de-c-v/,ignorar parámetros de la URL
2390,Redirecciones,ok_query,/directorio/proveedores/publicidad-de-aguinaga-sa-de-cv-163,https://www.publi20.com/listing/publicidad-de-aguinaga-sa-de-cv/,,/listing/publicidad-de-aguinaga-sa-de-cv/,ignorar parámetros de la URL
2389,Redirecciones,ok_query,/directorio/proveedores/xpres-xpresate-sa-de-cv-161,https://www.publi20.com/listing/xpres-xpresate-sa-de-cv/,,/listing/xpres-xpresate-sa-de-cv/,ignorar parámetros de la URL
2388,Redirecciones,ok_query,/directorio/proveedores/imagenes-de-guadalajara-s-a-de-c-v-160,https://www.publi20.com/listing/imagenes-de-guadalajara-s-a-de-c-v/,,/listing/imagenes-de-guadalajara-s-a-de-c-v/,ignorar parámetros de la URL
2387,Redirecciones,ok_query,/directorio/proveedores/fusion-media-s-a-de-c-v-159,https://www.publi20.com/listing/fusion-media-s-a-de-c-v/,,/listing/fusion-media-s-a-de-c-v/,ignorar parámetros de la URL
2386,Redirecciones,ok_query,/directorio/proveedores/graphics-signs-s-a-de-c-v-158,https://www.publi20.com/listing/graphics-signs-s-a-de-c-v/,,/listing/graphics-signs-s-a-de-c-v/,ignorar parámetros de la URL
2385,Redirecciones,ok_query,/directorio/proveedores/adrian-157,https://www.publi20.com/listing/adrian/,,/listing/adrian/,ignorar parámetros de la URL
2384,Redirecciones,ok_query,/directorio/proveedores/publicidad-industrial-mtelecomm-s-a-de-c-v-155,https://www.publi20.com/listing/publicidad-industrial-mtelecomm-s-a-de-c-v/,,/listing/publicidad-industrial-mtelecomm-s-a-de-c-v/,ignorar parámetros de la URL
2383,Redirecciones,ok_query,/directorio/proveedores/exfera-mexico-sa-de-cv-153,https://www.publi20.com/listing/exfera-mexico-sa-de-cv/,,/listing/exfera-mexico-sa-de-cv/,ignorar parámetros de la URL
2382,Redirecciones,ok_query,/directorio/proveedores/camaleon-films-sa-de-cv-152,https://www.publi20.com/listing/camaleon-films-sa-de-cv/,,/listing/camaleon-films-sa-de-cv/,ignorar parámetros de la URL
2381,Redirecciones,ok_query,/directorio/proveedores/santa-rosalia-imagen-creativa-s-a-de-c-v-151,https://www.publi20.com/listing/santa-rosalia-imagen-creativa-s-a-de-c-v/,,/listing/santa-rosalia-imagen-creativa-s-a-de-c-v/,ignorar parámetros de la URL
2380,Redirecciones,ok_query,/directorio/proveedores/corporacion-interpublic-mexicana-sa-de-cv-150,https://www.publi20.com/listing/corporacion-interpublic-mexicana-sa-de-cv/,,/listing/corporacion-interpublic-mexicana-sa-de-cv/,ignorar parámetros de la URL
2379,Redirecciones,ok_query,/directorio/proveedores/jcm-publicidad-148,https://www.publi20.com/listing/jcm-publicidad/,,/listing/jcm-publicidad/,ignorar parámetros de la URL
2378,Redirecciones,ok_query,/directorio/proveedores/imaginacion-promocional-s-a-de-c-v-146,https://www.publi20.com/listing/imaginacion-promocional-s-a-de-c-v/,,/listing/imaginacion-promocional-s-a-de-c-v/,ignorar parámetros de la URL
2377,Redirecciones,ok_query,/directorio/proveedores/grupo-stiletto-s-a-de-c-v-145,https://www.publi20.com/listing/grupo-stiletto-s-a-de-c-v/,,/listing/grupo-stiletto-s-a-de-c-v/,ignorar parámetros de la URL
2376,Redirecciones,ok_query,/directorio/proveedores/questa-publicidad-144,https://www.publi20.com/listing/questa-publicidad/,,/listing/questa-publicidad/,ignorar parámetros de la URL
2375,Redirecciones,ok_query,/directorio/proveedores/disño-grafico-143,https://www.publi20.com/listing/dis%c3%b1o-grafico/,,/listing/dis%c3%b1o-grafico/,ignorar parámetros de la URL
2374,Redirecciones,ok_query,/directorio/proveedores/espacios-publicitarios-estrategicos-s-a-de-c-v-142,https://www.publi20.com/listing/espacios-publicitarios-estrategicos-s-a-de-c-v/,,/listing/espacios-publicitarios-estrategicos-s-a-de-c-v/,ignorar parámetros de la URL
2373,Redirecciones,ok_query,/directorio/proveedores/pimsa-publicidad-s-a-de-c-v-141,https://www.publi20.com/listing/pimsa-publicidad-s-a-de-c-v/,,/listing/pimsa-publicidad-s-a-de-c-v/,ignorar parámetros de la URL
2372,Redirecciones,ok_query,/directorio/proveedores/playerytess-140,https://www.publi20.com/listing/playerytess/,,/listing/playerytess/,ignorar parámetros de la URL
2371,Redirecciones,ok_query,/directorio/proveedores/gransfeer-ideas-publicidad-impresa-especializada-sa-de-cv-139,https://www.publi20.com/listing/gransfeer-ideas-publicidad-impresa-especializada-sa-de-cv/,,/listing/gransfeer-ideas-publicidad-impresa-especializada-sa-de-cv/,ignorar parámetros de la URL
2370,Redirecciones,ok_query,/directorio/proveedores/radio-xevu-s-a-de-c-v-138,https://www.publi20.com/listing/radio-xevu-s-a-de-c-v/,,/listing/radio-xevu-s-a-de-c-v/,ignorar parámetros de la URL
2369,Redirecciones,ok_query,/directorio/proveedores/radio-xefil-s-a-de-c-v-137,https://www.publi20.com/listing/radio-xefil-s-a-de-c-v/,,/listing/radio-xefil-s-a-de-c-v/,ignorar parámetros de la URL
2368,Redirecciones,ok_query,/directorio/proveedores/agencia-total-s-a-de-c-v-136,https://www.publi20.com/listing/agencia-total-s-a-de-c-v/,,/listing/agencia-total-s-a-de-c-v/,ignorar parámetros de la URL
2367,Redirecciones,ok_query,/directorio/proveedores/cm-publicidad-134,https://www.publi20.com/listing/cm-publicidad/,,/listing/cm-publicidad/,ignorar parámetros de la URL
2366,Redirecciones,ok_query,/directorio/proveedores/cmyk-modelo-de-color-133,https://www.publi20.com/listing/cmyk-modelo-de-color/,,/listing/cmyk-modelo-de-color/,ignorar parámetros de la URL
2365,Redirecciones,ok_query,/directorio/proveedores/zega-exhibit-design-s-a-de-c-v-132,https://www.publi20.com/listing/zega-exhibit-design-s-a-de-c-v/,,/listing/zega-exhibit-design-s-a-de-c-v/,ignorar parámetros de la URL
2364,Redirecciones,ok_query,/directorio/proveedores/distribuidora-parroquial-de-san-antonio-sa-de-cv-131,https://www.publi20.com/listing/distribuidora-parroquial-de-san-antonio-sa-de-cv/,,/listing/distribuidora-parroquial-de-san-antonio-sa-de-cv/,ignorar parámetros de la URL
2363,Redirecciones,ok_query,/directorio/proveedores/faster-print-130,https://www.publi20.com/listing/faster-print/,,/listing/faster-print/,ignorar parámetros de la URL
2362,Redirecciones,ok_query,/directorio/proveedores/neo-x-publicidad-129,https://www.publi20.com/listing/neo-x-publicidad/,,/listing/neo-x-publicidad/,ignorar parámetros de la URL
2361,Redirecciones,ok_query,/directorio/proveedores/publicitarios-del-norte-de-mexico-s-a-de-c-v-127,https://www.publi20.com/listing/publicitarios-del-norte-de-mexico-s-a-de-c-v/,,/listing/publicitarios-del-norte-de-mexico-s-a-de-c-v/,ignorar parámetros de la URL
2360,Redirecciones,ok_query,/directorio/proveedores/radar-servicios-especializados-de-mercadotecnia-s-a-de-c-v-126,https://www.publi20.com/listing/radar-servicios-especializados-de-mercadotecnia-s-a-de-c-v/,,/listing/radar-servicios-especializados-de-mercadotecnia-s-a-de-c-v/,ignorar parámetros de la URL
2359,Redirecciones,ok_query,/directorio/proveedores/intersexion-queretaro-s-c-125,https://www.publi20.com/listing/intersexion-queretaro-s-c/,,/listing/intersexion-queretaro-s-c/,ignorar parámetros de la URL
2358,Redirecciones,ok_query,/directorio/proveedores/comercializadora-vocafys-s-a-de-c-v-123,https://www.publi20.com/listing/comercializadora-vocafys-s-a-de-c-v/,,/listing/comercializadora-vocafys-s-a-de-c-v/,ignorar parámetros de la URL
2357,Redirecciones,ok_query,/directorio/proveedores/la-voz-de-michoacan-s-a-de-c-v-122,https://www.publi20.com/listing/la-voz-de-michoacan-s-a-de-c-v/,,/listing/la-voz-de-michoacan-s-a-de-c-v/,ignorar parámetros de la URL
2356,Redirecciones,ok_query,/directorio/proveedores/csd-publicidad-121,https://www.publi20.com/listing/csd-publicidad/,,/listing/csd-publicidad/,ignorar parámetros de la URL
2355,Redirecciones,ok_query,/directorio/proveedores/grupo-alparied-s-a-de-c-v-120,https://www.publi20.com/listing/grupo-alparied-s-a-de-c-v/,,/listing/grupo-alparied-s-a-de-c-v/,ignorar parámetros de la URL
2354,Redirecciones,ok_query,/directorio/proveedores/kubica-119,https://www.publi20.com/listing/kubica/,,/listing/kubica/,ignorar parámetros de la URL
2353,Redirecciones,ok_query,/directorio/proveedores/impresion-digital-azuara-118,https://www.publi20.com/listing/impresion-digital-azuara/,,/listing/impresion-digital-azuara/,ignorar parámetros de la URL
2352,Redirecciones,ok_query,/directorio/proveedores/protarget-estrategia-profesional-s-a-de-c-v-117,https://www.publi20.com/listing/protarget-estrategia-profesional-s-a-de-c-v/,,/listing/protarget-estrategia-profesional-s-a-de-c-v/,ignorar parámetros de la URL
2351,Redirecciones,ok_query,/directorio/proveedores/grupo-ublicitario-del-golfo-s-a-de-c-v-116,https://www.publi20.com/listing/grupo-ublicitario-del-golfo-s-a-de-c-v/,,/listing/grupo-ublicitario-del-golfo-s-a-de-c-v/,ignorar parámetros de la URL
2350,Redirecciones,ok_query,/directorio/proveedores/706-design-115,https://www.publi20.com/listing/706-design/,,/listing/706-design/,ignorar parámetros de la URL
2349,Redirecciones,ok_query,/directorio/proveedores/amfar-sa-de-cv-114,https://www.publi20.com/listing/amfar-sa-de-cv/,,/listing/amfar-sa-de-cv/,ignorar parámetros de la URL
2348,Redirecciones,ok_query,/directorio/proveedores/publicum-consultores-s-a-de-c-v-112,https://www.publi20.com/listing/publicum-consultores-s-a-de-c-v/,,/listing/publicum-consultores-s-a-de-c-v/,ignorar parámetros de la URL
2347,Redirecciones,ok_query,/directorio/proveedores/promo-mer-111,https://www.publi20.com/listing/promo-mer/,,/listing/promo-mer/,ignorar parámetros de la URL
2346,Redirecciones,ok_query,/directorio/proveedores/publicidad-osorio-110,https://www.publi20.com/listing/publicidad-osorio/,,/listing/publicidad-osorio/,ignorar parámetros de la URL
2345,Redirecciones,ok_query,/directorio/proveedores/cetilia-109,https://www.publi20.com/listing/cetilia/,,/listing/cetilia/,ignorar parámetros de la URL
2344,Redirecciones,ok_query,/directorio/proveedores/zale-graphic-s-a-de-c-v-108,https://www.publi20.com/listing/zale-graphic-s-a-de-c-v/,,/listing/zale-graphic-s-a-de-c-v/,ignorar parámetros de la URL
2343,Redirecciones,ok_query,/directorio/proveedores/imagen-y-diseño-publicitario-107,https://www.publi20.com/listing/imagen-y-dise%c3%b1o-publicitario/,,/listing/imagen-y-dise%c3%b1o-publicitario/,ignorar parámetros de la URL
2342,Redirecciones,ok_query,/directorio/proveedores/intersexion-monterrey-s-c-106,https://www.publi20.com/listing/intersexion-monterrey-s-c/,,/listing/intersexion-monterrey-s-c/,ignorar parámetros de la URL
2341,Redirecciones,ok_query,/directorio/proveedores/spacio-grafico-105,https://www.publi20.com/listing/spacio-grafico/,,/listing/spacio-grafico/,ignorar parámetros de la URL
2340,Redirecciones,ok_query,/directorio/proveedores/xpresiones-104,https://www.publi20.com/listing/xpresiones/,,/listing/xpresiones/,ignorar parámetros de la URL
2339,Redirecciones,ok_query,/directorio/proveedores/audio-visuales-de-valdes-sa-de-cv-103,https://www.publi20.com/listing/audio-visuales-de-valdes-sa-de-cv/,,/listing/audio-visuales-de-valdes-sa-de-cv/,ignorar parámetros de la URL
2338,Redirecciones,ok_query,/directorio/proveedores/xm-comunicacion-sc-102,https://www.publi20.com/listing/xm-comunicacion-sc/,,/listing/xm-comunicacion-sc/,ignorar parámetros de la URL
2337,Redirecciones,ok_query,/directorio/proveedores/ingenio-diseño-y-publicidad-101,https://www.publi20.com/listing/ingenio-dise%c3%b1o-y-publicidad/,,/listing/ingenio-dise%c3%b1o-y-publicidad/,ignorar parámetros de la URL
2336,Redirecciones,ok_query,/directorio/proveedores/vendor-publicidad-exterior-s-de-rl-de-cv-100,https://www.publi20.com/listing/vendor-publicidad-exterior-s-de-rl-de-cv/,,/listing/vendor-publicidad-exterior-s-de-rl-de-cv/,ignorar parámetros de la URL
2335,Redirecciones,ok_query,/directorio/proveedores/angelus-producciones-s-a-de-c-v-99,https://www.publi20.com/listing/angelus-producciones-s-a-de-c-v/,,/listing/angelus-producciones-s-a-de-c-v/,ignorar parámetros de la URL
2334,Redirecciones,ok_query,/directorio/proveedores/publi-gisma-sa-de-cv-98,https://www.publi20.com/listing/publi-gisma-sa-de-cv/,,/listing/publi-gisma-sa-de-cv/,ignorar parámetros de la URL
2333,Redirecciones,ok_query,/directorio/proveedores/editorial-magesa-s-a-de-c-v-97,https://www.publi20.com/listing/editorial-magesa-s-a-de-c-v/,,/listing/editorial-magesa-s-a-de-c-v/,ignorar parámetros de la URL
2332,Redirecciones,ok_query,/directorio/proveedores/grafic-quin-s-a-de-c-v-96,https://www.publi20.com/listing/grafic-quin-s-a-de-c-v/,,/listing/grafic-quin-s-a-de-c-v/,ignorar parámetros de la URL
2331,Redirecciones,ok_query,/directorio/proveedores/quiero-media-s-a-de-c-v-95,https://www.publi20.com/listing/quiero-media-s-a-de-c-v/,,/listing/quiero-media-s-a-de-c-v/,ignorar parámetros de la URL
2330,Redirecciones,ok_query,/directorio/proveedores/ad-medios-s-a-de-c-v-94,https://www.publi20.com/listing/ad-medios-s-a-de-c-v/,,/listing/ad-medios-s-a-de-c-v/,ignorar parámetros de la URL
2329,Redirecciones,ok_query,/directorio/proveedores/triciclo-93,https://www.publi20.com/listing/triciclo/,,/listing/triciclo/,ignorar parámetros de la URL
2328,Redirecciones,ok_query,/directorio/proveedores/global-media-asesores-s-a-de-c-v-92,https://www.publi20.com/listing/global-media-asesores-s-a-de-c-v/,,/listing/global-media-asesores-s-a-de-c-v/,ignorar parámetros de la URL
2327,Redirecciones,ok_query,/directorio/proveedores/publicidad-de-aguinaga-s-a-de-c-v-91,https://www.publi20.com/listing/publicidad-de-aguinaga-s-a-de-c-v/,,/listing/publicidad-de-aguinaga-s-a-de-c-v/,ignorar parámetros de la URL
2326,Redirecciones,ok_query,/directorio/proveedores/publi-shine-s-a-de-c-v-90,https://www.publi20.com/listing/publi-shine-s-a-de-c-v/,,/listing/publi-shine-s-a-de-c-v/,ignorar parámetros de la URL
2325,Redirecciones,ok_query,/directorio/proveedores/grupo-ojeda-89,https://www.publi20.com/listing/grupo-ojeda/,,/listing/grupo-ojeda/,ignorar parámetros de la URL
2324,Redirecciones,ok_query,/directorio/proveedores/ingra-publicidad-s-de-r-l-de-c-v-88,https://www.publi20.com/listing/ingra-publicidad-s-de-r-l-de-c-v/,,/listing/ingra-publicidad-s-de-r-l-de-c-v/,ignorar parámetros de la URL
2323,Redirecciones,ok_query,/directorio/proveedores/licon-y-asociados-s-a-de-c-v-87,https://www.publi20.com/listing/licon-y-asociados-s-a-de-c-v/,,/listing/licon-y-asociados-s-a-de-c-v/,ignorar parámetros de la URL
2322,Redirecciones,ok_query,/directorio/proveedores/bni-mexico-s-a-de-c-v-85,https://www.publi20.com/listing/bni-mexico-s-a-de-c-v/,,/listing/bni-mexico-s-a-de-c-v/,ignorar parámetros de la URL
2321,Redirecciones,ok_query,/directorio/proveedores/integra-tu-publicidad-sc-84,https://www.publi20.com/listing/integra-tu-publicidad-sc/,,/listing/integra-tu-publicidad-sc/,ignorar parámetros de la URL
2320,Redirecciones,ok_query,/directorio/proveedores/jgy-servicios-profecionales-sa-de-cv-83,https://www.publi20.com/listing/jgy-servicios-profecionales-sa-de-cv/,,/listing/jgy-servicios-profecionales-sa-de-cv/,ignorar parámetros de la URL
2319,Redirecciones,ok_query,/directorio/proveedores/promopad-81,https://www.publi20.com/listing/promopad/,,/listing/promopad/,ignorar parámetros de la URL
2318,Redirecciones,ok_query,/directorio/proveedores/rotulen-de-mexico-s-a-de-c-v-80,https://www.publi20.com/listing/rotulen-de-mexico-s-a-de-c-v/,,/listing/rotulen-de-mexico-s-a-de-c-v/,ignorar parámetros de la URL
2317,Redirecciones,ok_query,/directorio/proveedores/rotulaciones-de-chihuahua-sa-de-cv-79,https://www.publi20.com/listing/rotulaciones-de-chihuahua-sa-de-cv/,,/listing/rotulaciones-de-chihuahua-sa-de-cv/,ignorar parámetros de la URL
2316,Redirecciones,ok_query,/directorio/proveedores/carteleras-y-neon-espectaculares-sa-cv-78,https://www.publi20.com/listing/carteleras-y-neon-espectaculares-sa-cv/,,/listing/carteleras-y-neon-espectaculares-sa-cv/,ignorar parámetros de la URL
2315,Redirecciones,ok_query,/directorio/proveedores/publicidad-y-diseño-77,https://www.publi20.com/listing/publicidad-y-dise%c3%b1o/,,/listing/publicidad-y-dise%c3%b1o/,ignorar parámetros de la URL
2314,Redirecciones,ok_query,/directorio/proveedores/new-image-comercial-sa-de-cv-76,https://www.publi20.com/listing/new-image-comercial-sa-de-cv/,,/listing/new-image-comercial-sa-de-cv/,ignorar parámetros de la URL
2313,Redirecciones,ok_query,/directorio/proveedores/qbsoluciones-sa-de-cv-75,https://www.publi20.com/listing/qbsoluciones-sa-de-cv/,,/listing/qbsoluciones-sa-de-cv/,ignorar parámetros de la URL
2312,Redirecciones,ok_query,/directorio/proveedores/grupo-chong-signs-74,https://www.publi20.com/listing/grupo-chong-signs/,,/listing/grupo-chong-signs/,ignorar parámetros de la URL
2311,Redirecciones,ok_query,/directorio/proveedores/logica-en-medios-sa-de-cv-73,https://www.publi20.com/listing/logica-en-medios-sa-de-cv/,,/listing/logica-en-medios-sa-de-cv/,ignorar parámetros de la URL
2310,Redirecciones,ok_query,/directorio/proveedores/medios-publicitarios-e-investigacion-sa-de-cv-71,https://www.publi20.com/listing/medios-publicitarios-e-investigacion-sa-de-cv/,,/listing/medios-publicitarios-e-investigacion-sa-de-cv/,ignorar parámetros de la URL
2309,Redirecciones,ok_query,/directorio/proveedores/publycom-s-a-de-c-v-70,https://www.publi20.com/listing/publycom-s-a-de-c-v/,,/listing/publycom-s-a-de-c-v/,ignorar parámetros de la URL
2308,Redirecciones,ok_query,/directorio/proveedores/veloga-sa-de-cv-69,https://www.publi20.com/listing/veloga-sa-de-cv/,,/listing/veloga-sa-de-cv/,ignorar parámetros de la URL
2307,Redirecciones,ok_query,/directorio/proveedores/cortina-tagle-isoard-y-cia-sc-68,https://www.publi20.com/listing/cortina-tagle-isoard-y-cia-sc/,,/listing/cortina-tagle-isoard-y-cia-sc/,ignorar parámetros de la URL
2306,Redirecciones,ok_query,/directorio/proveedores/enfiestate-com-67,https://www.publi20.com/listing/enfiestate-com/,,/listing/enfiestate-com/,ignorar parámetros de la URL
2305,Redirecciones,ok_query,/directorio/proveedores/anuncios-en-directorios-s-a-de-c-v-66,https://www.publi20.com/listing/anuncios-en-directorios-s-a-de-c-v/,,/listing/anuncios-en-directorios-s-a-de-c-v/,ignorar parámetros de la URL
2304,Redirecciones,ok_query,/directorio/proveedores/vea-de-occidente-s-a-de-c-v-64,https://www.publi20.com/listing/vea-de-occidente-s-a-de-c-v/,,/listing/vea-de-occidente-s-a-de-c-v/,ignorar parámetros de la URL
2303,Redirecciones,ok_query,/directorio/proveedores/abyp-sa-de-cv-63,https://www.publi20.com/listing/abyp-sa-de-cv/,,/listing/abyp-sa-de-cv/,ignorar parámetros de la URL
2302,Redirecciones,ok_query,/directorio/proveedores/instituto-de-mercadotecnia-y-publicidad-sc-62,https://www.publi20.com/listing/instituto-de-mercadotecnia-y-publicidad-sc/,,/listing/instituto-de-mercadotecnia-y-publicidad-sc/,ignorar parámetros de la URL
2301,Redirecciones,ok_query,/directorio/proveedores/liselot-s-a-de-c-v-60,https://www.publi20.com/listing/liselot-s-a-de-c-v/,,/listing/liselot-s-a-de-c-v/,ignorar parámetros de la URL
2300,Redirecciones,ok_query,/directorio/proveedores/vel-mart-59,https://www.publi20.com/listing/vel-mart/,,/listing/vel-mart/,ignorar parámetros de la URL
2299,Redirecciones,ok_query,/directorio/proveedores/digital-audio-2000-58,https://www.publi20.com/listing/digital-audio-2000/,,/listing/digital-audio-2000/,ignorar parámetros de la URL
2298,Redirecciones,ok_query,/directorio/proveedores/aztral-publicidad-exterior-s-a-de-c-v-57,https://www.publi20.com/listing/aztral-publicidad-exterior-s-a-de-c-v/,,/listing/aztral-publicidad-exterior-s-a-de-c-v/,ignorar parámetros de la URL
2297,Redirecciones,ok_query,/directorio/proveedores/grupo-creativos-56,https://www.publi20.com/listing/grupo-creativos/,,/listing/grupo-creativos/,ignorar parámetros de la URL
2296,Redirecciones,ok_query,/directorio/proveedores/tv-promo-s-a-de-c-v-54,https://www.publi20.com/listing/tv-promo-s-a-de-c-v/,,/listing/tv-promo-s-a-de-c-v/,ignorar parámetros de la URL
2295,Redirecciones,ok_query,/directorio/proveedores/telepersonal-s-a-d-e-c-v-53,https://www.publi20.com/listing/telepersonal-s-a-d-e-c-v/,,/listing/telepersonal-s-a-d-e-c-v/,ignorar parámetros de la URL
2294,Redirecciones,ok_query,/directorio/proveedores/organizacion-de-servicios-corporativos-mexicanos-sc-52,https://www.publi20.com/listing/organizacion-de-servicios-corporativos-mexicanos-sc/,,/listing/organizacion-de-servicios-corporativos-mexicanos-sc/,ignorar parámetros de la URL
2293,Redirecciones,ok_query,/directorio/proveedores/nucleo-radio-mil-s-a-de-c-v-51,https://www.publi20.com/listing/nucleo-radio-mil-s-a-de-c-v/,,/listing/nucleo-radio-mil-s-a-de-c-v/,ignorar parámetros de la URL
2292,Redirecciones,ok_query,/directorio/proveedores/maquilas-artisticas-publicitarias-sa-de-cv-50,https://www.publi20.com/listing/maquilas-artisticas-publicitarias-sa-de-cv/,,/listing/maquilas-artisticas-publicitarias-sa-de-cv/,ignorar parámetros de la URL
2291,Redirecciones,ok_query,/directorio/proveedores/monsadria-s-a-49,https://www.publi20.com/listing/monsadria-s-a/,,/listing/monsadria-s-a/,ignorar parámetros de la URL
2290,Redirecciones,ok_query,/directorio/proveedores/impresos-proppim-s-a-de-c-v-48,https://www.publi20.com/listing/impresos-proppim-s-a-de-c-v/,,/listing/impresos-proppim-s-a-de-c-v/,ignorar parámetros de la URL
2289,Redirecciones,ok_query,/directorio/proveedores/flexo-print-s-a-de-c-v-47,https://www.publi20.com/listing/flexo-print-s-a-de-c-v/,,/listing/flexo-print-s-a-de-c-v/,ignorar parámetros de la URL
2288,Redirecciones,ok_query,/directorio/proveedores/cap-servicios-empresariales-sa-de-cv-46,https://www.publi20.com/listing/cap-servicios-empresariales-sa-de-cv/,,/listing/cap-servicios-empresariales-sa-de-cv/,ignorar parámetros de la URL
2287,Redirecciones,ok_query,/directorio/proveedores/creaciones-artisticas-publicitarias-sa-de-cv-45,https://www.publi20.com/listing/creaciones-artisticas-publicitarias-sa-de-cv/,,/listing/creaciones-artisticas-publicitarias-sa-de-cv/,ignorar parámetros de la URL
2286,Redirecciones,ok_query,/directorio/proveedores/fdfoco-44,https://www.publi20.com/listing/fdfoco/,,/listing/fdfoco/,ignorar parámetros de la URL
2285,Redirecciones,ok_query,/directorio/proveedores/brain-firma-creativa-43,https://www.publi20.com/listing/brain-firma-creativa/,,/listing/brain-firma-creativa/,ignorar parámetros de la URL
2284,Redirecciones,ok_query,/directorio/proveedores/volaris-41,https://www.publi20.com/listing/volaris/,,/listing/volaris/,ignorar parámetros de la URL
2283,Redirecciones,ok_query,/directorio/proveedores/expomex-39,https://www.publi20.com/listing/expomex/,,/listing/expomex/,ignorar parámetros de la URL
2282,Redirecciones,ok_query,/directorio/proveedores/emkt-mx-38,https://www.publi20.com/listing/emkt-mx/,,/listing/emkt-mx/,ignorar parámetros de la URL
2281,Redirecciones,ok_query,/directorio/proveedores/aeromexico-37,https://www.publi20.com/listing/aeromexico/,,/listing/aeromexico/,ignorar parámetros de la URL
2280,Redirecciones,ok_query,/directorio/proveedores/actioncoach-36,https://www.publi20.com/listing/actioncoach/,,/listing/actioncoach/,ignorar parámetros de la URL
2279,Redirecciones,ok_query,/directorio/proveedores/gorilla-32,https://www.publi20.com/listing/gorilla/,,/listing/gorilla/,ignorar parámetros de la URL
2278,Redirecciones,ok_query,/directorio/proveedores/espacio-31,https://www.publi20.com/listing/espacio/,,/listing/espacio/,ignorar parámetros de la URL
2277,Redirecciones,ok_query,/directorio/proveedores/mvs-radio-df-30,https://www.publi20.com/listing/mvs-radio-df/,,/listing/mvs-radio-df/,ignorar parámetros de la URL
2276,Redirecciones,ok_query,/directorio/proveedores/expopublicitas-df-29,https://www.publi20.com/listing/expopublicitas-df/,,/listing/expopublicitas-df/,ignorar parámetros de la URL
2275,Redirecciones,ok_query,/directorio/proveedores/carteleras-df-28,https://www.publi20.com/listing/carteleras-df/,,/listing/carteleras-df/,ignorar parámetros de la URL
2274,Redirecciones,ok_query,/directorio/proveedores/arquero-ediciones-df-27,https://www.publi20.com/listing/arquero-ediciones-df/,,/listing/arquero-ediciones-df/,ignorar parámetros de la URL
2273,Redirecciones,ok_query,/directorio/proveedores/herramientas-para-el-cambio-df-26,https://www.publi20.com/listing/herramientas-para-el-cambio-df/,,/listing/herramientas-para-el-cambio-df/,ignorar parámetros de la URL
2272,Redirecciones,ok_query,/directorio/proveedores/manpower-df-25,https://www.publi20.com/listing/manpower-df/,,/listing/manpower-df/,ignorar parámetros de la URL
2271,Redirecciones,ok_query,/directorio/proveedores/boga-promotion-df-24,https://www.publi20.com/listing/boga-promotion-df/,,/listing/boga-promotion-df/,ignorar parámetros de la URL
2270,Redirecciones,ok_query,/directorio/proveedores/mix-106.5-df-23,https://www.publi20.com/listing/mix-106.5-df/,,/listing/mix-106.5-df/,ignorar parámetros de la URL
2269,Redirecciones,ok_query,/directorio/proveedores/amor-953-df-22,https://www.publi20.com/listing/amor-953-df/,,/listing/amor-953-df/,ignorar parámetros de la URL
2268,Redirecciones,ok_query,/directorio/proveedores/889-noticias-df-21,https://www.publi20.com/listing/889-noticias-df/,,/listing/889-noticias-df/,ignorar parámetros de la URL
2267,Redirecciones,ok_query,/directorio/proveedores/la-1260-am-df-20,https://www.publi20.com/listing/la-1260-am-df/,,/listing/la-1260-am-df/,ignorar parámetros de la URL
2266,Redirecciones,ok_query,/directorio/proveedores/radio-felicidad-df-19,https://www.publi20.com/listing/radio-felicidad-df/,,/listing/radio-felicidad-df/,ignorar parámetros de la URL
2265,Redirecciones,ok_query,/directorio/proveedores/instintos-creativos-df-18,https://www.publi20.com/listing/instintos-creativos-df/,,/listing/instintos-creativos-df/,ignorar parámetros de la URL
2264,Redirecciones,ok_query,/directorio/proveedores/retro-studio-df-17,https://www.publi20.com/listing/retro-studio-df/,,/listing/retro-studio-df/,ignorar parámetros de la URL
2263,Redirecciones,ok_query,/directorio/proveedores/dinamic-direct-df-16,https://www.publi20.com/listing/dinamic-direct-df/,,/listing/dinamic-direct-df/,ignorar parámetros de la URL
2262,Redirecciones,ok_query,/directorio/proveedores/opcion-b-df-15,https://www.publi20.com/listing/opcion-b-df/,,/listing/opcion-b-df/,ignorar parámetros de la URL
2261,Redirecciones,ok_query,/directorio/proveedores/photobooth-mexico-df-14,https://www.publi20.com/listing/photobooth-mexico-df/,,/listing/photobooth-mexico-df/,ignorar parámetros de la URL
2260,Redirecciones,ok_query,/directorio/proveedores/somos-anahuac-df-13,https://www.publi20.com/listing/somos-anahuac-df/,,/listing/somos-anahuac-df/,ignorar parámetros de la URL
2259,Redirecciones,ok_query,/directorio/proveedores/integra-df-12,https://www.publi20.com/listing/integra-df/,,/listing/integra-df/,ignorar parámetros de la URL
2258,Redirecciones,ok_query,/directorio/proveedores/espect-arte-df-11,https://www.publi20.com/listing/espect-arte-df/,,/listing/espect-arte-df/,ignorar parámetros de la URL
2257,Redirecciones,ok_query,/directorio/proveedores/the-premium-machine-df-10,https://www.publi20.com/listing/the-premium-machine-df/,,/listing/the-premium-machine-df/,ignorar parámetros de la URL
2256,Redirecciones,ok_query,/directorio/proveedores/boga-models-df-9,https://www.publi20.com/listing/boga-models-df/,,/listing/boga-models-df/,ignorar parámetros de la URL
2255,Redirecciones,ok_query,/directorio/proveedores/grupo-vantah-df-8,https://www.publi20.com/listing/grupo-vantah-df/,,/listing/grupo-vantah-df/,ignorar parámetros de la URL
2254,Redirecciones,ok_query,/directorio/proveedores/soluciones-en-publicidad-df-7,https://www.publi20.com/listing/soluciones-en-publicidad-df/,,/listing/soluciones-en-publicidad-df/,ignorar parámetros de la URL
2253,Redirecciones,ok_query,/directorio/proveedores/exhibit-y-promotion-df-6,https://www.publi20.com/listing/exhibit-y-promotion-df/,,/listing/exhibit-y-promotion-df/,ignorar parámetros de la URL
2252,Redirecciones,ok_query,/directorio/proveedores/banquetes-extelarys-5,https://www.publi20.com/listing/banquetes-extelarys/,,/listing/banquetes-extelarys/,ignorar parámetros de la URL
2251,Redirecciones,ok_query,/directorio/proveedores/centro-banamex-df-4,https://www.publi20.com/listing/centro-banamex-df/,,/listing/centro-banamex-df/,ignorar parámetros de la URL
2250,Redirecciones,ok_query,/directorio/proveedores/digital-993-df-3,https://www.publi20.com/listing/digital-993-df/,,/listing/digital-993-df/,ignorar parámetros de la URL
2249,Redirecciones,ok_query,/directorio/proveedores/grupo-acir-df-2,https://www.publi20.com/listing/grupo-acir-df/,,/listing/grupo-acir-df/,ignorar parámetros de la URL
2248,Redirecciones,ok_query,/directorio/proveedores/fama-impresos-df-1,https://www.publi20.com/listing/fama-impresos-df/,,/listing/fama-impresos-df/,ignorar parámetros de la URL
2247,Redirecciones,basura,/old_url,new_url,,,desactivar
