id,url,codigo,saltos,url_final,canonica,imagen,comentarios,pings,autor
8371,/publicidad/creatividad/comerciales-prohibidos-censurados/,200,0,/publicidad/creatividad/comerciales-prohibidos-censurados/,/publicidad/creatividad/comerciales-prohibidos-censurados/,8374,closed,closed,1
5413,/publicidad/creatividad/converse-x-brain-dead/,200,0,/publicidad/creatividad/converse-x-brain-dead/,/publicidad/creatividad/converse-x-brain-dead/,8733,closed,closed,1
5412,/negocios/automotriz/amda-retail-digital-y-la-innovacion-en-el-mercado-de-autos-seminuevos-en-mexico/,200,0,/negocios/automotriz/amda-retail-digital-y-la-innovacion-en-el-mercado-de-autos-seminuevos-en-mexico/,/negocios/automotriz/amda-retail-digital-y-la-innovacion-en-el-mercado-de-autos-seminuevos-en-mexico/,8721,closed,closed,1
5411,/negocios/automotriz/autofintech-mexico/,200,0,/negocios/automotriz/autofintech-mexico/,/negocios/automotriz/autofintech-mexico/,8723,closed,closed,1
5410,/publicidad/medios/canela-tv-plataforma-de-streaming-gratuito-llega-a-mexico/,200,0,/publicidad/medios/canela-tv-plataforma-de-streaming-gratuito-llega-a-mexico/,/publicidad/medios/canela-tv-plataforma-de-streaming-gratuito-llega-a-mexico/,8731,closed,closed,1
5409,/negocios/automotriz/que-significa-la-llegada-de-facebook-marketplace-para-las-agencias-de-autos/,200,0,/negocios/automotriz/que-significa-la-llegada-de-facebook-marketplace-para-las-agencias-de-autos/,/negocios/automotriz/que-significa-la-llegada-de-facebook-marketplace-para-las-agencias-de-autos/,8727,closed,closed,1
5408,/negocios/automotriz/equipo-interno-de-marketing-digital-o-agencia-externa-la-experiencia-del-sector-automotriz/,200,0,/negocios/automotriz/equipo-interno-de-marketing-digital-o-agencia-externa-la-experiencia-del-sector-automotriz/,/negocios/automotriz/equipo-interno-de-marketing-digital-o-agencia-externa-la-experiencia-del-sector-automotriz/,8725,closed,closed,1
5388,/noticias/genius-plaza-lanza-sammie-seal-un-juego-de-lenguaje-educativo-bilinge-y-gratuito/,200,0,/noticias/genius-plaza-lanza-sammie-seal-un-juego-de-lenguaje-educativo-bilinge-y-gratuito/,/noticias/genius-plaza-lanza-sammie-seal-un-juego-de-lenguaje-educativo-bilinge-y-gratuito/,9064,closed,closed,1
5389,/noticias/havas-edge-nombra-a-nicole-cordero-como-vicepresidenta-de-medios-hispanos-de-ee-uu/,200,0,/noticias/havas-edge-nombra-a-nicole-cordero-como-vicepresidenta-de-medios-hispanos-de-ee-uu/,/noticias/havas-edge-nombra-a-nicole-cordero-como-vicepresidenta-de-medios-hispanos-de-ee-uu/,9065,closed,closed,1
5390,/noticias/fast-evolving-watersport-company-flydive-anuncia-la-adquisicion-de-aquafly/,200,0,/noticias/fast-evolving-watersport-company-flydive-anuncia-la-adquisicion-de-aquafly/,/noticias/fast-evolving-watersport-company-flydive-anuncia-la-adquisicion-de-aquafly/,9066,closed,closed,1
5391,/noticias/el-futuro-de-los-viajes-internacionales-y-el-papel-del-seguro/,200,0,/noticias/el-futuro-de-los-viajes-internacionales-y-el-papel-del-seguro/,/noticias/el-futuro-de-los-viajes-internacionales-y-el-papel-del-seguro/,9067,closed,closed,1
5392,/noticias/se-estrena-exhibicion-sobre-educacion-en-ddhh-en-la-sede-de-la-onu-ginebra/,200,0,/noticias/se-estrena-exhibicion-sobre-educacion-en-ddhh-en-la-sede-de-la-onu-ginebra/,/noticias/se-estrena-exhibicion-sobre-educacion-en-ddhh-en-la-sede-de-la-onu-ginebra/,9068,closed,closed,1
5393,/noticias/alberto-moreno-nuevo-director-de-vanity-fair-de-espana-y-mexico/,200,0,/noticias/alberto-moreno-nuevo-director-de-vanity-fair-de-espana-y-mexico/,/noticias/alberto-moreno-nuevo-director-de-vanity-fair-de-espana-y-mexico/,9069,closed,closed,1
5394,/noticias/para-mejorar-la-vida-de-casi-2-millones-de-trabajadores-el-grupo-hm-alentara-a-los-proveedores-a-pagarles-a-los-trabajadores-de-manera-digital/,200,0,/noticias/para-mejorar-la-vida-de-casi-2-millones-de-trabajadores-el-grupo-hm-alentara-a-los-proveedores-a-pagarles-a-los-trabajadores-de-manera-digital/,/noticias/para-mejorar-la-vida-de-casi-2-millones-de-trabajadores-el-grupo-hm-alentara-a-los-proveedores-a-pagarles-a-los-trabajadores-de-manera-digital/,9070,closed,closed,1
5395,/noticias/dugout-la-maxima-expresion-de-plataforma-futbolistica-para-los-aficionados-lanza-su-primera-aplicacion/,200,0,/noticias/dugout-la-maxima-expresion-de-plataforma-futbolistica-para-los-aficionados-lanza-su-primera-aplicacion/,/noticias/dugout-la-maxima-expresion-de-plataforma-futbolistica-para-los-aficionados-lanza-su-primera-aplicacion/,9071,closed,closed,1
5396,/noticias/cendyn-es-ahora-el-mayor-integrante-de-crm-en-la-industria-hospitalaria/,200,0,/noticias/cendyn-es-ahora-el-mayor-integrante-de-crm-en-la-industria-hospitalaria/,/noticias/cendyn-es-ahora-el-mayor-integrante-de-crm-en-la-industria-hospitalaria/,9072,closed,closed,1
5397,/noticias/attain-anuncia-licencia-de-paternidad-pagada/,200,0,/noticias/attain-anuncia-licencia-de-paternidad-pagada/,/noticias/attain-anuncia-licencia-de-paternidad-pagada/,9073,closed,closed,1
5398,/noticias/michelin-presenta-el-nuevo-neumatico-defender-el-neumatico-mas-largo-entre-los-principales-competidores/,200,0,/noticias/michelin-presenta-el-nuevo-neumatico-defender-el-neumatico-mas-largo-entre-los-principales-competidores/,/noticias/michelin-presenta-el-nuevo-neumatico-defender-el-neumatico-mas-largo-entre-los-principales-competidores/,9074,closed,closed,1
5399,/noticias/miranda-xmod-el-primer-conjunto-de-biela-y-plato-para-bicicletas-totalmente-modular-del-mundo/,200,0,/noticias/miranda-xmod-el-primer-conjunto-de-biela-y-plato-para-bicicletas-totalmente-modular-del-mundo/,/noticias/miranda-xmod-el-primer-conjunto-de-biela-y-plato-para-bicicletas-totalmente-modular-del-mundo/,9075,closed,closed,1
5400,/noticias/movado-se-asocia-con-google-para-lanzar-una-nueva-coleccion-de-relojes-inteligentes/,200,0,/noticias/movado-se-asocia-con-google-para-lanzar-una-nueva-coleccion-de-relojes-inteligentes/,/noticias/movado-se-asocia-con-google-para-lanzar-una-nueva-coleccion-de-relojes-inteligentes/,9076,closed,closed,1
5401,/noticias/donde-el-retorno-a-la-vida-silvestre-produce-maravillas-se-inaugura-en-shanghai-leden-by-perrier-jout/,200,0,/noticias/donde-el-retorno-a-la-vida-silvestre-produce-maravillas-se-inaugura-en-shanghai-leden-by-perrier-jout/,/noticias/donde-el-retorno-a-la-vida-silvestre-produce-maravillas-se-inaugura-en-shanghai-leden-by-perrier-jout/,9077,closed,closed,1
5402,/noticias/smirnoff-lanza-la-iniciativa-equalizing-music-en-un-esfuerzo-por-duplicar-la-cantidad-de-figuras-femeninas-destacadas-para-el-ano-2020/,200,0,/noticias/smirnoff-lanza-la-iniciativa-equalizing-music-en-un-esfuerzo-por-duplicar-la-cantidad-de-figuras-femeninas-destacadas-para-el-ano-2020/,/noticias/smirnoff-lanza-la-iniciativa-equalizing-music-en-un-esfuerzo-por-duplicar-la-cantidad-de-figuras-femeninas-destacadas-para-el-ano-2020/,9078,closed,closed,1
5403,/noticias/mas-seguidores-menos-oportunidades-de-encontrar-el-amor/,200,0,/noticias/mas-seguidores-menos-oportunidades-de-encontrar-el-amor/,/noticias/mas-seguidores-menos-oportunidades-de-encontrar-el-amor/,9079,closed,closed,1
5404,/noticias/el-primer-destino-en-linea-global-para-la-moda-recatada-de-lujo-se-lanza-el-dia-internacional-de-la-mujer-el-8-de-marzo-de-2017/,200,0,/noticias/el-primer-destino-en-linea-global-para-la-moda-recatada-de-lujo-se-lanza-el-dia-internacional-de-la-mujer-el-8-de-marzo-de-2017/,/noticias/el-primer-destino-en-linea-global-para-la-moda-recatada-de-lujo-se-lanza-el-dia-internacional-de-la-mujer-el-8-de-marzo-de-2017/,9080,closed,closed,1
5405,/noticias/la-fundacion-tory-burch-lanza-una-campana-alentando-a-las-mujeres-a-ser-mas-ambiciosas-con-el-hashtag-embraceambition/,200,0,/noticias/la-fundacion-tory-burch-lanza-una-campana-alentando-a-las-mujeres-a-ser-mas-ambiciosas-con-el-hashtag-embraceambition/,/noticias/la-fundacion-tory-burch-lanza-una-campana-alentando-a-las-mujeres-a-ser-mas-ambiciosas-con-el-hashtag-embraceambition/,9081,closed,closed,1
5406,/noticias/zte-corporation-llega-a-un-arreglo-con-las-autoridades-estadounidenses/,200,0,/noticias/zte-corporation-llega-a-un-arreglo-con-las-autoridades-estadounidenses/,/noticias/zte-corporation-llega-a-un-arreglo-con-las-autoridades-estadounidenses/,9082,closed,closed,1
5407,/noticias/qs-world-university-rankings-by-subject-2017/,200,0,/noticias/qs-world-university-rankings-by-subject-2017/,/noticias/qs-world-university-rankings-by-subject-2017/,9083,closed,closed,1
5387,/emprendimiento/liderazgo/infografia-claves-para-edificar-tu-marca-personal/,200,0,/emprendimiento/liderazgo/infografia-claves-para-edificar-tu-marca-personal/,/emprendimiento/liderazgo/infografia-claves-para-edificar-tu-marca-personal/,8701,closed,closed,1
5386,/emprendimiento/liderazgo/si-tu-puedes-despedir-a-un-cliente/,200,0,/emprendimiento/liderazgo/si-tu-puedes-despedir-a-un-cliente/,/emprendimiento/liderazgo/si-tu-puedes-despedir-a-un-cliente/,8703,closed,closed,1
5365,/publicidad/creatividad/ya-vienen-los-effies/,200,0,/publicidad/creatividad/ya-vienen-los-effies/,/publicidad/creatividad/ya-vienen-los-effies/,8743,closed,closed,1
5344,/mercadotecnia/marketing-digital/por-que-snapchat-se-ha-convertido-en-una-interesante-herramienta-para-el-marketing-digital/,200,0,/mercadotecnia/marketing-digital/por-que-snapchat-se-ha-convertido-en-una-interesante-herramienta-para-el-marketing-digital/,/mercadotecnia/marketing-digital/por-que-snapchat-se-ha-convertido-en-una-interesante-herramienta-para-el-marketing-digital/,8719,closed,closed,1
5345,/noticias/pew-nombra-a-10-cientificos-latinoamericanos-como-becarios/,200,0,/noticias/pew-nombra-a-10-cientificos-latinoamericanos-como-becarios/,/noticias/pew-nombra-a-10-cientificos-latinoamericanos-como-becarios/,9044,closed,closed,1
5346,/noticias/carrier-ethernet-20-llega-a-brasil-tim-se-asocia-con-accedian-para-obtener-certificacion-mef/,200,0,/noticias/carrier-ethernet-20-llega-a-brasil-tim-se-asocia-con-accedian-para-obtener-certificacion-mef/,/noticias/carrier-ethernet-20-llega-a-brasil-tim-se-asocia-con-accedian-para-obtener-certificacion-mef/,9045,closed,closed,1
5347,/noticias/pacific-anuncia-dictamen-de-reconocimiento-del-tribunal-de-bancarrotas-de-estados-unidos-segun-lo-dispuesto-en-el-capitulo-15/,200,0,/noticias/pacific-anuncia-dictamen-de-reconocimiento-del-tribunal-de-bancarrotas-de-estados-unidos-segun-lo-dispuesto-en-el-capitulo-15/,/noticias/pacific-anuncia-dictamen-de-reconocimiento-del-tribunal-de-bancarrotas-de-estados-unidos-segun-lo-dispuesto-en-el-capitulo-15/,9046,closed,closed,1
5348,/noticias/bulldog-gin-crea-division-region-america/,200,0,/noticias/bulldog-gin-crea-division-region-america/,/noticias/bulldog-gin-crea-division-region-america/,9047,closed,closed,1
5349,/noticias/la-division-consumer-healthdesempenara-un-papel-fundamental-en-la-estrategia-de-crecimiento-de-merck-para-africa/,200,0,/noticias/la-division-consumer-healthdesempenara-un-papel-fundamental-en-la-estrategia-de-crecimiento-de-merck-para-africa/,/noticias/la-division-consumer-healthdesempenara-un-papel-fundamental-en-la-estrategia-de-crecimiento-de-merck-para-africa/,9048,closed,closed,1
5350,/noticias/nucor-y-jfe-steel-forman-empresa-conjunta-para-abastecer-al-mercado-automotriz-de-mexico/,200,0,/noticias/nucor-y-jfe-steel-forman-empresa-conjunta-para-abastecer-al-mercado-automotriz-de-mexico/,/noticias/nucor-y-jfe-steel-forman-empresa-conjunta-para-abastecer-al-mercado-automotriz-de-mexico/,9049,closed,closed,1
5351,/noticias/spin-master-mexico-se-expande-con-nuevas-oficinas-corporativas-y-contrataciones-de-talento-senior/,200,0,/noticias/spin-master-mexico-se-expande-con-nuevas-oficinas-corporativas-y-contrataciones-de-talento-senior/,/noticias/spin-master-mexico-se-expande-con-nuevas-oficinas-corporativas-y-contrataciones-de-talento-senior/,9050,closed,closed,1
5352,/noticias/la-competencia-de-diseno-innovador-medioambiental-xcmg-cup-se-enfoca-en-las-tecnologias-medioambientales-limpias/,200,0,/noticias/la-competencia-de-diseno-innovador-medioambiental-xcmg-cup-se-enfoca-en-las-tecnologias-medioambientales-limpias/,/noticias/la-competencia-de-diseno-innovador-medioambiental-xcmg-cup-se-enfoca-en-las-tecnologias-medioambientales-limpias/,9051,closed,closed,1
5353,/noticias/conozca-una-de-las-7-maravillas-de-la-ingenieria-moderna-la-torre-cn-de-toronto-by-iway-magazine/,200,0,/noticias/conozca-una-de-las-7-maravillas-de-la-ingenieria-moderna-la-torre-cn-de-toronto-by-iway-magazine/,/noticias/conozca-una-de-las-7-maravillas-de-la-ingenieria-moderna-la-torre-cn-de-toronto-by-iway-magazine/,9052,closed,closed,1
5354,/noticias/pancho-guru-el-origen-by-yellowlink/,200,0,/noticias/pancho-guru-el-origen-by-yellowlink/,/noticias/pancho-guru-el-origen-by-yellowlink/,9053,closed,closed,1
5355,/noticias/papa-merece-tecnologia-best-buy/,200,0,/noticias/papa-merece-tecnologia-best-buy/,/noticias/papa-merece-tecnologia-best-buy/,9054,closed,closed,1
5356,/noticias/ifly-res-de-ibs-recibe-estatus-ndc-capable-nivel-3-de-iata/,200,0,/noticias/ifly-res-de-ibs-recibe-estatus-ndc-capable-nivel-3-de-iata/,/noticias/ifly-res-de-ibs-recibe-estatus-ndc-capable-nivel-3-de-iata/,9055,closed,closed,1
5357,/noticias/netflix-y-los-maratones-un-nuevo-indice-revela-que-series-devoramos-y-cuales-saboreamos/,200,0,/noticias/netflix-y-los-maratones-un-nuevo-indice-revela-que-series-devoramos-y-cuales-saboreamos/,/noticias/netflix-y-los-maratones-un-nuevo-indice-revela-que-series-devoramos-y-cuales-saboreamos/,9056,closed,closed,1
5358,/noticias/pruebas-realizadas-por-un-laboratorio-independiente-demuestran-una-diferencia-de-rendimiento-de-hasta-el-40-entre-los-turbocargadores-para-el-mercado-postventa-originales-de-honeywell-y-sus-copias/,200,0,/noticias/pruebas-realizadas-por-un-laboratorio-independiente-demuestran-una-diferencia-de-rendimiento-de-hasta-el-40-entre-los-turbocargadores-para-el-mercado-postventa-originales-de-honeywell-y-sus-copias/,/noticias/pruebas-realizadas-por-un-laboratorio-independiente-demuestran-una-diferencia-de-rendimiento-de-hasta-el-40-entre-los-turbocargadores-para-el-mercado-postventa-originales-de-honeywell-y-sus-copias/,9057,closed,closed,1
5359,/noticias/wyndham-hotel-group-revela-su-estrategia-de-transformacion-global-a-lo-largo-de-16-marcas/,200,0,/noticias/wyndham-hotel-group-revela-su-estrategia-de-transformacion-global-a-lo-largo-de-16-marcas/,/noticias/wyndham-hotel-group-revela-su-estrategia-de-transformacion-global-a-lo-largo-de-16-marcas/,9058,closed,closed,1
5360,/noticias/la-desigualdad-global-en-materia-de-paz-se-ha-ampliado-el-ano-pasado-al-aumentar-la-violencia-en-los-paises-menos-pacificos/,200,0,/noticias/la-desigualdad-global-en-materia-de-paz-se-ha-ampliado-el-ano-pasado-al-aumentar-la-violencia-en-los-paises-menos-pacificos/,/noticias/la-desigualdad-global-en-materia-de-paz-se-ha-ampliado-el-ano-pasado-al-aumentar-la-violencia-en-los-paises-menos-pacificos/,9059,closed,closed,1
5361,/noticias/equisoft-gana-un-premio-de-excelencia-de-la-industria/,200,0,/noticias/equisoft-gana-un-premio-de-excelencia-de-la-industria/,/noticias/equisoft-gana-un-premio-de-excelencia-de-la-industria/,9060,closed,closed,1
5362,/noticias/rafael-valdez-de-envision-fue-nominado-como-campeon-de-la-industria-eolica-en-la-conferencia-sobre-energias-renovables-2016-de-mexico/,200,0,/noticias/rafael-valdez-de-envision-fue-nominado-como-campeon-de-la-industria-eolica-en-la-conferencia-sobre-energias-renovables-2016-de-mexico/,/noticias/rafael-valdez-de-envision-fue-nominado-como-campeon-de-la-industria-eolica-en-la-conferencia-sobre-energias-renovables-2016-de-mexico/,9061,closed,closed,1
5363,/noticias/reciclaje-de-eps-una-realidad-para-cuidar-el-medio-ambiente/,200,0,/noticias/reciclaje-de-eps-una-realidad-para-cuidar-el-medio-ambiente/,/noticias/reciclaje-de-eps-una-realidad-para-cuidar-el-medio-ambiente/,9062,closed,closed,1
5364,/noticias/los-megaataques-alcanzan-un-nuevo-record-se-dispara-el-numero-de-ataques-repetidos-los-sitios-de-stresserbooter-lanzan-vectores-de-ataque-multiples-de-forma-simultanea/,200,0,/noticias/los-megaataques-alcanzan-un-nuevo-record-se-dispara-el-numero-de-ataques-repetidos-los-sitios-de-stresserbooter-lanzan-vectores-de-ataque-multiples-de-forma-simultanea/,/noticias/los-megaataques-alcanzan-un-nuevo-record-se-dispara-el-numero-de-ataques-repetidos-los-sitios-de-stresserbooter-lanzan-vectores-de-ataque-multiples-de-forma-simultanea/,9063,closed,closed,1
5343,/mercadotecnia/marketing-digital/los-numeros-no-importan-la-influencia-si/,200,0,/mercadotecnia/marketing-digital/los-numeros-no-importan-la-influencia-si/,/mercadotecnia/marketing-digital/los-numeros-no-importan-la-influencia-si/,8715,closed,closed,1
5342,/publicidad/etica-en-las-agencias-de-publicidad-y-anarquia-en-los-negocios/,200,0,/publicidad/etica-en-las-agencias-de-publicidad-y-anarquia-en-los-negocios/,/publicidad/etica-en-las-agencias-de-publicidad-y-anarquia-en-los-negocios/,8735,closed,closed,1
5322,/noticias/phenomenome-discoveries-anuncia-la-exitosa-validacion-de-ovaware-un-simple-analisis-de-sangre-para-la-deteccion-precoz-de-cancer-de-ovario/,200,0,/noticias/phenomenome-discoveries-anuncia-la-exitosa-validacion-de-ovaware-un-simple-analisis-de-sangre-para-la-deteccion-precoz-de-cancer-de-ovario/,/noticias/phenomenome-discoveries-anuncia-la-exitosa-validacion-de-ovaware-un-simple-analisis-de-sangre-para-la-deteccion-precoz-de-cancer-de-ovario/,9024,closed,closed,1
5323,/noticias/la-compania-de-busqueda-de-ejecutivos-kincannon-reed-expande-su-presencia-en-latinoamerica/,200,0,/noticias/la-compania-de-busqueda-de-ejecutivos-kincannon-reed-expande-su-presencia-en-latinoamerica/,/noticias/la-compania-de-busqueda-de-ejecutivos-kincannon-reed-expande-su-presencia-en-latinoamerica/,9025,closed,closed,1
5324,/noticias/bridgestone-extiende-alianza-premium-con-grupo-bmw/,200,0,/noticias/bridgestone-extiende-alianza-premium-con-grupo-bmw/,/noticias/bridgestone-extiende-alianza-premium-con-grupo-bmw/,9026,closed,closed,1
5325,/noticias/huawei-permite-a-las-portadoras-hacer-realidad-un-futuro-digital-mediante-la-transformacion-de-las-operaciones-y-un-ecosistema-abierto/,200,0,/noticias/huawei-permite-a-las-portadoras-hacer-realidad-un-futuro-digital-mediante-la-transformacion-de-las-operaciones-y-un-ecosistema-abierto/,/noticias/huawei-permite-a-las-portadoras-hacer-realidad-un-futuro-digital-mediante-la-transformacion-de-las-operaciones-y-un-ecosistema-abierto/,9027,closed,closed,1
5326,/noticias/impartner-se-asocia-con-expertos-del-sector-de-canales-de-venta-indirecta-para-abordar-los-principales-desafios-que-desvelan-a-los-directores-de-canal/,200,0,/noticias/impartner-se-asocia-con-expertos-del-sector-de-canales-de-venta-indirecta-para-abordar-los-principales-desafios-que-desvelan-a-los-directores-de-canal/,/noticias/impartner-se-asocia-con-expertos-del-sector-de-canales-de-venta-indirecta-para-abordar-los-principales-desafios-que-desvelan-a-los-directores-de-canal/,9028,closed,closed,1
5327,/noticias/conceden-el-be-open-young-talent-award-a-jovenes-de-chile/,200,0,/noticias/conceden-el-be-open-young-talent-award-a-jovenes-de-chile/,/noticias/conceden-el-be-open-young-talent-award-a-jovenes-de-chile/,9029,closed,closed,1
5328,/noticias/ningxia-ansia-recibir-mas-visitantes-americanos-y-celebra-un-evento-en-los-angeles/,200,0,/noticias/ningxia-ansia-recibir-mas-visitantes-americanos-y-celebra-un-evento-en-los-angeles/,/noticias/ningxia-ansia-recibir-mas-visitantes-americanos-y-celebra-un-evento-en-los-angeles/,9030,closed,closed,1
5329,/noticias/visa-inc-designa-a-eduardo-perez-lider-de-riesgo-para-america-latina-y-el-caribe/,200,0,/noticias/visa-inc-designa-a-eduardo-perez-lider-de-riesgo-para-america-latina-y-el-caribe/,/noticias/visa-inc-designa-a-eduardo-perez-lider-de-riesgo-para-america-latina-y-el-caribe/,9031,closed,closed,1
5330,/noticias/risen-coloca-22-mwp-en-europa-del-este/,200,0,/noticias/risen-coloca-22-mwp-en-europa-del-este/,/noticias/risen-coloca-22-mwp-en-europa-del-este/,9032,closed,closed,1
5331,/noticias/dunkin-brands-dona-us10000-para-ayudar-a-los-damnificados-del-reciente-terremoto-en-ecuador/,200,0,/noticias/dunkin-brands-dona-us10000-para-ayudar-a-los-damnificados-del-reciente-terremoto-en-ecuador/,/noticias/dunkin-brands-dona-us10000-para-ayudar-a-los-damnificados-del-reciente-terremoto-en-ecuador/,9033,closed,closed,1
5332,/noticias/wyndham-rewards-presenta-niveles-de-miembro-y-amplia-su-premiado-programa-de-lealtad-con-la-primera-experiencia-mejorada-en-canje-de-puntos-del-sector/,200,0,/noticias/wyndham-rewards-presenta-niveles-de-miembro-y-amplia-su-premiado-programa-de-lealtad-con-la-primera-experiencia-mejorada-en-canje-de-puntos-del-sector/,/noticias/wyndham-rewards-presenta-niveles-de-miembro-y-amplia-su-premiado-programa-de-lealtad-con-la-primera-experiencia-mejorada-en-canje-de-puntos-del-sector/,9034,closed,closed,1
5333,/noticias/la-119a-feria-de-canton-finaliza-con-acuerdos-comerciales-por-un-total-de-us28000-millones/,200,0,/noticias/la-119a-feria-de-canton-finaliza-con-acuerdos-comerciales-por-un-total-de-us28000-millones/,/noticias/la-119a-feria-de-canton-finaliza-con-acuerdos-comerciales-por-un-total-de-us28000-millones/,9035,closed,closed,1
5334,/noticias/la-provincia-de-neuquen-anuncia-la-modificacion-del-coeficiente-de-cambio-de-su-oferta-de-cambio/,200,0,/noticias/la-provincia-de-neuquen-anuncia-la-modificacion-del-coeficiente-de-cambio-de-su-oferta-de-cambio/,/noticias/la-provincia-de-neuquen-anuncia-la-modificacion-del-coeficiente-de-cambio-de-su-oferta-de-cambio/,9036,closed,closed,1
5335,/noticias/un-nuevo-registro-de-multiples-centros-estudiara-los-beneficios-de-la-terapia-stretta-para-pacientes-gerd-luego-de-una-gastrectomia-en-manga/,200,0,/noticias/un-nuevo-registro-de-multiples-centros-estudiara-los-beneficios-de-la-terapia-stretta-para-pacientes-gerd-luego-de-una-gastrectomia-en-manga/,/noticias/un-nuevo-registro-de-multiples-centros-estudiara-los-beneficios-de-la-terapia-stretta-para-pacientes-gerd-luego-de-una-gastrectomia-en-manga/,9037,closed,closed,1
5336,/noticias/octopus-dentro-del-top-100-de-mejores-agencias-marketing-digital-en-mexico/,200,0,/noticias/octopus-dentro-del-top-100-de-mejores-agencias-marketing-digital-en-mexico/,/noticias/octopus-dentro-del-top-100-de-mejores-agencias-marketing-digital-en-mexico/,9038,closed,closed,1
5337,/noticias/eurasia-media-forum-coincidira-el-ano-que-viene-con-astana-expo-2017/,200,0,/noticias/eurasia-media-forum-coincidira-el-ano-que-viene-con-astana-expo-2017/,/noticias/eurasia-media-forum-coincidira-el-ano-que-viene-con-astana-expo-2017/,9039,closed,closed,1
5338,/noticias/american-bookkeeping-institute-ahora-ensena-a-los-estudiantes-a-trabajar-en-linea-como-contadores-independientes/,200,0,/noticias/american-bookkeeping-institute-ahora-ensena-a-los-estudiantes-a-trabajar-en-linea-como-contadores-independientes/,/noticias/american-bookkeeping-institute-ahora-ensena-a-los-estudiantes-a-trabajar-en-linea-como-contadores-independientes/,9040,closed,closed,1
5339,/noticias/comba-telecom-ofrece-conectividad-inalambrica-para-los-108-millones-de-pasajeros-de-un-aeropuerto-regional/,200,0,/noticias/comba-telecom-ofrece-conectividad-inalambrica-para-los-108-millones-de-pasajeros-de-un-aeropuerto-regional/,/noticias/comba-telecom-ofrece-conectividad-inalambrica-para-los-108-millones-de-pasajeros-de-un-aeropuerto-regional/,9041,closed,closed,1
5340,/noticias/despega-el-deporte-del-futuro-mountain-dew-se-asocia-con-dr1-racing/,200,0,/noticias/despega-el-deporte-del-futuro-mountain-dew-se-asocia-con-dr1-racing/,/noticias/despega-el-deporte-del-futuro-mountain-dew-se-asocia-con-dr1-racing/,9042,closed,closed,1
5341,/noticias/el-grupo-expansion-firma-contrato-con-navegg/,200,0,/noticias/el-grupo-expansion-firma-contrato-con-navegg/,/noticias/el-grupo-expansion-firma-contrato-con-navegg/,9043,closed,closed,1
5301,/publicidad/creatividad/como-la-ves-verdad-que-todo-depende/,200,0,/publicidad/creatividad/como-la-ves-verdad-que-todo-depende/,/publicidad/creatividad/como-la-ves-verdad-que-todo-depende/,8741,closed,closed,1
5302,/noticias/proximamente-seran-anunciados-los-ganadores-de-la-tarjeta-verde-2017/,200,0,/noticias/proximamente-seran-anunciados-los-ganadores-de-la-tarjeta-verde-2017/,/noticias/proximamente-seran-anunciados-los-ganadores-de-la-tarjeta-verde-2017/,9005,closed,closed,1
5303,/noticias/pew-se-congratula-del-amplio-apoyo-mundial-a-las-propuestas-de-proteccion-de-tiburones-y-rayas/,200,0,/noticias/pew-se-congratula-del-amplio-apoyo-mundial-a-las-propuestas-de-proteccion-de-tiburones-y-rayas/,/noticias/pew-se-congratula-del-amplio-apoyo-mundial-a-las-propuestas-de-proteccion-de-tiburones-y-rayas/,9006,closed,closed,1
5305,/noticias/rotarios-asistieron-a-la-audiencia-del-jubileo-en-la-ciudad-del-vaticano/,200,0,/noticias/rotarios-asistieron-a-la-audiencia-del-jubileo-en-la-ciudad-del-vaticano/,/noticias/rotarios-asistieron-a-la-audiencia-del-jubileo-en-la-ciudad-del-vaticano/,9007,closed,closed,1
5300,/mercadotecnia/marketing-digital/las-redes-sociales-como-canal-de-atencion-a-clientes/,200,0,/mercadotecnia/marketing-digital/las-redes-sociales-como-canal-de-atencion-a-clientes/,/mercadotecnia/marketing-digital/las-redes-sociales-como-canal-de-atencion-a-clientes/,8717,closed,closed,1
5306,/noticias/fibra-prologis-anuncia-los-resultados-de-la-asamblea-anual-ordinaria-de-tenedores/,200,0,/noticias/fibra-prologis-anuncia-los-resultados-de-la-asamblea-anual-ordinaria-de-tenedores/,/noticias/fibra-prologis-anuncia-los-resultados-de-la-asamblea-anual-ordinaria-de-tenedores/,9008,closed,closed,1
5307,/noticias/fibra-prologis-anuncia-asamblea-extraordinaria-de-tenedores/,200,0,/noticias/fibra-prologis-anuncia-asamblea-extraordinaria-de-tenedores/,/noticias/fibra-prologis-anuncia-asamblea-extraordinaria-de-tenedores/,9009,closed,closed,1
5308,/noticias/el-salvador-presenta-logros-de-foro-de-inversiones-realizado-en-chile-by-contra-punto-diario-digital/,200,0,/noticias/el-salvador-presenta-logros-de-foro-de-inversiones-realizado-en-chile-by-contra-punto-diario-digital/,/noticias/el-salvador-presenta-logros-de-foro-de-inversiones-realizado-en-chile-by-contra-punto-diario-digital/,9010,closed,closed,1
5309,/noticias/comunicado-al-mercado-itau-unibanco-holding-archiva-formulario-20-f-de-2015-en-sec-y-cvm/,200,0,/noticias/comunicado-al-mercado-itau-unibanco-holding-archiva-formulario-20-f-de-2015-en-sec-y-cvm/,/noticias/comunicado-al-mercado-itau-unibanco-holding-archiva-formulario-20-f-de-2015-en-sec-y-cvm/,9011,closed,closed,1
5310,/noticias/bladex-registra-reporte-anual-formulario-20-f/,200,0,/noticias/bladex-registra-reporte-anual-formulario-20-f/,/noticias/bladex-registra-reporte-anual-formulario-20-f/,9012,closed,closed,1
5311,/noticias/la-marca-sothebys-international-realty-se-extiende-a-nicaragua/,200,0,/noticias/la-marca-sothebys-international-realty-se-extiende-a-nicaragua/,/noticias/la-marca-sothebys-international-realty-se-extiende-a-nicaragua/,9013,closed,closed,1
5312,/noticias/m-holland-finaliza-adquisiciones-en-puerto-rico/,200,0,/noticias/m-holland-finaliza-adquisiciones-en-puerto-rico/,/noticias/m-holland-finaliza-adquisiciones-en-puerto-rico/,9014,closed,closed,1
5313,/noticias/uruguay-avanza-firmemente-hacia-la-universalizacion-del-acceso-a-servicios-financieros/,200,0,/noticias/uruguay-avanza-firmemente-hacia-la-universalizacion-del-acceso-a-servicios-financieros/,/noticias/uruguay-avanza-firmemente-hacia-la-universalizacion-del-acceso-a-servicios-financieros/,9015,closed,closed,1
5314,/noticias/los-clientes-de-impartner-reciben-una-cantidad-record-de-premios-destacados-de-crn-magazine/,200,0,/noticias/los-clientes-de-impartner-reciben-una-cantidad-record-de-premios-destacados-de-crn-magazine/,/noticias/los-clientes-de-impartner-reciben-una-cantidad-record-de-premios-destacados-de-crn-magazine/,9016,closed,closed,1
5315,/noticias/hacienda-altagracia-an-auberge-resort-es-destacado-como-uno-de-los-mejores-nuevos-hoteles-del-mundo-en-la-lista-de-lo-mejor-del-2016-de-conde-nast-traveler/,200,0,/noticias/hacienda-altagracia-an-auberge-resort-es-destacado-como-uno-de-los-mejores-nuevos-hoteles-del-mundo-en-la-lista-de-lo-mejor-del-2016-de-conde-nast-traveler/,/noticias/hacienda-altagracia-an-auberge-resort-es-destacado-como-uno-de-los-mejores-nuevos-hoteles-del-mundo-en-la-lista-de-lo-mejor-del-2016-de-conde-nast-traveler/,9017,closed,closed,1
5316,/noticias/jared-leto-en-exlusiva-para-la-edicion-de-mayo-by-gq-mexico/,200,0,/noticias/jared-leto-en-exlusiva-para-la-edicion-de-mayo-by-gq-mexico/,/noticias/jared-leto-en-exlusiva-para-la-edicion-de-mayo-by-gq-mexico/,9018,closed,closed,1
5317,/noticias/la-curacao-lanza-una-nueva-aplicacion-movil-para-sus-usuarios/,200,0,/noticias/la-curacao-lanza-una-nueva-aplicacion-movil-para-sus-usuarios/,/noticias/la-curacao-lanza-una-nueva-aplicacion-movil-para-sus-usuarios/,9019,closed,closed,1
5299,/emprendimiento/liderazgo/regla-de-oro-para-tu-marca-personal-contra-la-homogeneidad-se-tu-mismo/,200,0,/emprendimiento/liderazgo/regla-de-oro-para-tu-marca-personal-contra-la-homogeneidad-se-tu-mismo/,/emprendimiento/liderazgo/regla-de-oro-para-tu-marca-personal-contra-la-homogeneidad-se-tu-mismo/,8707,closed,closed,1
5318,/noticias/el-empire-state-deja-a-sus-fans-decidir-como-lucira-iluminado-para-celebrar-su-cumpleanos-numero-85/,200,0,/noticias/el-empire-state-deja-a-sus-fans-decidir-como-lucira-iluminado-para-celebrar-su-cumpleanos-numero-85/,/noticias/el-empire-state-deja-a-sus-fans-decidir-como-lucira-iluminado-para-celebrar-su-cumpleanos-numero-85/,9020,closed,closed,1
5319,/noticias/continua-llegando-ayuda-tras-el-terremoto-en-ecuador-mas-de-un-millon-de-dolares-recolectados-en-gofundme/,200,0,/noticias/continua-llegando-ayuda-tras-el-terremoto-en-ecuador-mas-de-un-millon-de-dolares-recolectados-en-gofundme/,/noticias/continua-llegando-ayuda-tras-el-terremoto-en-ecuador-mas-de-un-millon-de-dolares-recolectados-en-gofundme/,9021,closed,closed,1
5320,/noticias/las-ventas-netas-consolidadas-de-grupo-famsa-crecieron-120-durante-el-1t16/,200,0,/noticias/las-ventas-netas-consolidadas-de-grupo-famsa-crecieron-120-durante-el-1t16/,/noticias/las-ventas-netas-consolidadas-de-grupo-famsa-crecieron-120-durante-el-1t16/,9022,closed,closed,1
5321,/noticias/polyeco-international-y-lamor-fusionan-sus-operaciones-de-servicios-internacionales-y-forman-polyeco-group-empresa-de-servicios-ambientales-totalmente-integrados/,200,0,/noticias/polyeco-international-y-lamor-fusionan-sus-operaciones-de-servicios-internacionales-y-forman-polyeco-group-empresa-de-servicios-ambientales-totalmente-integrados/,/noticias/polyeco-international-y-lamor-fusionan-sus-operaciones-de-servicios-internacionales-y-forman-polyeco-group-empresa-de-servicios-ambientales-totalmente-integrados/,9023,closed,closed,1
5280,/noticias/el-festival-internacional-de-cine-de-morelia-presentara-una-funcion-especial-en-el-festival-de-cannes/,200,0,/noticias/el-festival-internacional-de-cine-de-morelia-presentara-una-funcion-especial-en-el-festival-de-cannes/,/noticias/el-festival-internacional-de-cine-de-morelia-presentara-una-funcion-especial-en-el-festival-de-cannes/,8986,closed,closed,1
5281,/noticias/hna-tourism-group-sella-un-acuerdo-con-carlson-hospitality-group-para-la-adquisicion-de-carlson-hotels-inc/,200,0,/noticias/hna-tourism-group-sella-un-acuerdo-con-carlson-hospitality-group-para-la-adquisicion-de-carlson-hotels-inc/,/noticias/hna-tourism-group-sella-un-acuerdo-con-carlson-hospitality-group-para-la-adquisicion-de-carlson-hotels-inc/,8987,closed,closed,1
5282,/noticias/landsteiner-scientific-la-farmaceutica-mexicana-mejor-posicionada-en-el-ranking-great-place-to-work/,200,0,/noticias/landsteiner-scientific-la-farmaceutica-mexicana-mejor-posicionada-en-el-ranking-great-place-to-work/,/noticias/landsteiner-scientific-la-farmaceutica-mexicana-mejor-posicionada-en-el-ranking-great-place-to-work/,8988,closed,closed,1
5283,/noticias/joven-emprendedor-forestal-premia-el-talento-de-jovenes-de-mexico-centro-y-sudamerica-en-su-tercer-certamen/,200,0,/noticias/joven-emprendedor-forestal-premia-el-talento-de-jovenes-de-mexico-centro-y-sudamerica-en-su-tercer-certamen/,/noticias/joven-emprendedor-forestal-premia-el-talento-de-jovenes-de-mexico-centro-y-sudamerica-en-su-tercer-certamen/,8989,closed,closed,1
5284,/noticias/ipoint-presenta-borrador-de-leyes-sobre-trafico-de-personas-y-esclavitud-para-el-sector-privado/,200,0,/noticias/ipoint-presenta-borrador-de-leyes-sobre-trafico-de-personas-y-esclavitud-para-el-sector-privado/,/noticias/ipoint-presenta-borrador-de-leyes-sobre-trafico-de-personas-y-esclavitud-para-el-sector-privado/,8990,closed,closed,1
5285,/noticias/hennessy-celebra-la-llegada-de-la-octava-generacion-de-maestros-mezcladores-con-el-legado-cognac-hennessy-8/,200,0,/noticias/hennessy-celebra-la-llegada-de-la-octava-generacion-de-maestros-mezcladores-con-el-legado-cognac-hennessy-8/,/noticias/hennessy-celebra-la-llegada-de-la-octava-generacion-de-maestros-mezcladores-con-el-legado-cognac-hennessy-8/,8991,closed,closed,1
5286,/noticias/sc-johnson-reconocida-como-el-mejor-lugar-para-trabajar-en-mexico-por-decimoquinto-ano-consecutivo-en-2016/,200,0,/noticias/sc-johnson-reconocida-como-el-mejor-lugar-para-trabajar-en-mexico-por-decimoquinto-ano-consecutivo-en-2016/,/noticias/sc-johnson-reconocida-como-el-mejor-lugar-para-trabajar-en-mexico-por-decimoquinto-ano-consecutivo-en-2016/,8992,closed,closed,1
5287,/noticias/fortinet-elige-la-tecnologia-prm-de-impartner-para-ayudar-a-transformar-su-plataforma-global-de-relaciones-con-los-socios/,200,0,/noticias/fortinet-elige-la-tecnologia-prm-de-impartner-para-ayudar-a-transformar-su-plataforma-global-de-relaciones-con-los-socios/,/noticias/fortinet-elige-la-tecnologia-prm-de-impartner-para-ayudar-a-transformar-su-plataforma-global-de-relaciones-con-los-socios/,8993,closed,closed,1
5288,/noticias/la-capacidad-financiera-mas-que-los-conocimientos-basicos-o-la-educacion-es-la-clave-para-la-inclusion-financiera/,200,0,/noticias/la-capacidad-financiera-mas-que-los-conocimientos-basicos-o-la-educacion-es-la-clave-para-la-inclusion-financiera/,/noticias/la-capacidad-financiera-mas-que-los-conocimientos-basicos-o-la-educacion-es-la-clave-para-la-inclusion-financiera/,8994,closed,closed,1
5289,/noticias/amazoncrossing-en-espanol-lanza-estados-unidos-de-banana-libro-latinoamericano-vislumbra-la-desintegracion-del-imperio-americano/,200,0,/noticias/amazoncrossing-en-espanol-lanza-estados-unidos-de-banana-libro-latinoamericano-vislumbra-la-desintegracion-del-imperio-americano/,/noticias/amazoncrossing-en-espanol-lanza-estados-unidos-de-banana-libro-latinoamericano-vislumbra-la-desintegracion-del-imperio-americano/,8995,closed,closed,1
5290,/noticias/uefa-y-pepsi-llevan-por-primera-vez-epico-recital-en-vivo-a-la-final-de-la-liga-de-campeones-de-la-uefa/,200,0,/noticias/uefa-y-pepsi-llevan-por-primera-vez-epico-recital-en-vivo-a-la-final-de-la-liga-de-campeones-de-la-uefa/,/noticias/uefa-y-pepsi-llevan-por-primera-vez-epico-recital-en-vivo-a-la-final-de-la-liga-de-campeones-de-la-uefa/,8996,closed,closed,1
5291,/noticias/los-pilotos-de-ups-respetaran-los-piquetes-alemanes-en-el-aeropuerto-de-colonia-bonn/,200,0,/noticias/los-pilotos-de-ups-respetaran-los-piquetes-alemanes-en-el-aeropuerto-de-colonia-bonn/,/noticias/los-pilotos-de-ups-respetaran-los-piquetes-alemanes-en-el-aeropuerto-de-colonia-bonn/,8997,closed,closed,1
5292,/noticias/la-universidad-laval-recupera-el-titulo-en-la-shell-eco-marathon-de-las-americas-que-ostentaba-la-universidad-de-toronto/,200,0,/noticias/la-universidad-laval-recupera-el-titulo-en-la-shell-eco-marathon-de-las-americas-que-ostentaba-la-universidad-de-toronto/,/noticias/la-universidad-laval-recupera-el-titulo-en-la-shell-eco-marathon-de-las-americas-que-ostentaba-la-universidad-de-toronto/,8998,closed,closed,1
5293,/noticias/lenovo-revela-el-zuk-z2-pro-el-dispositivo-que-cambiara-las-reglas/,200,0,/noticias/lenovo-revela-el-zuk-z2-pro-el-dispositivo-que-cambiara-las-reglas/,/noticias/lenovo-revela-el-zuk-z2-pro-el-dispositivo-que-cambiara-las-reglas/,8999,closed,closed,1
5294,/noticias/mead-johnson-nutrition-llevo-a-cabo-encuentros-medicos-sobre-nuevas-tendencias-en-nutricion-pediatrica-y-desarrollo-mental/,200,0,/noticias/mead-johnson-nutrition-llevo-a-cabo-encuentros-medicos-sobre-nuevas-tendencias-en-nutricion-pediatrica-y-desarrollo-mental/,/noticias/mead-johnson-nutrition-llevo-a-cabo-encuentros-medicos-sobre-nuevas-tendencias-en-nutricion-pediatrica-y-desarrollo-mental/,9000,closed,closed,1
5295,/noticias/huawei-habilita-la-aplicacion-de-la-nb-iot-en-industrias-verticales-a-traves-de-la-innovacion-y-la-colaboracion/,200,0,/noticias/huawei-habilita-la-aplicacion-de-la-nb-iot-en-industrias-verticales-a-traves-de-la-innovacion-y-la-colaboracion/,/noticias/huawei-habilita-la-aplicacion-de-la-nb-iot-en-industrias-verticales-a-traves-de-la-innovacion-y-la-colaboracion/,9001,closed,closed,1
5296,/noticias/latin-trade-presenta-el-ranking-de-multimillonarios-de-america-latina/,200,0,/noticias/latin-trade-presenta-el-ranking-de-multimillonarios-de-america-latina/,/noticias/latin-trade-presenta-el-ranking-de-multimillonarios-de-america-latina/,9002,closed,closed,1
5297,/noticias/impulso-a-emprendedurismo-ambiental-premios-verde-by-juan-carlos-machorro/,200,0,/noticias/impulso-a-emprendedurismo-ambiental-premios-verde-by-juan-carlos-machorro/,/noticias/impulso-a-emprendedurismo-ambiental-premios-verde-by-juan-carlos-machorro/,9003,closed,closed,1
5298,/noticias/cancun-y-riviera-maya-los-destinos-favoritos-para-viajar-este-verano-by-cancun-foros/,200,0,/noticias/cancun-y-riviera-maya-los-destinos-favoritos-para-viajar-este-verano-by-cancun-foros/,/noticias/cancun-y-riviera-maya-los-destinos-favoritos-para-viajar-este-verano-by-cancun-foros/,9004,closed,closed,1
5278,/emprendimiento/liderazgo/en-la-vida-y-los-negocios/,200,0,/emprendimiento/liderazgo/en-la-vida-y-los-negocios/,/emprendimiento/liderazgo/en-la-vida-y-los-negocios/,8705,closed,closed,1
5258,/noticias/mot-hennessy-y-solar-impulse-continuan-celebrando-la-sustentabilidad-en-2016/,200,0,/noticias/mot-hennessy-y-solar-impulse-continuan-celebrando-la-sustentabilidad-en-2016/,/noticias/mot-hennessy-y-solar-impulse-continuan-celebrando-la-sustentabilidad-en-2016/,8967,closed,closed,1
5259,/noticias/inauguracion-oficial-de-la-119na-feria-de-canton/,200,0,/noticias/inauguracion-oficial-de-la-119na-feria-de-canton/,/noticias/inauguracion-oficial-de-la-119na-feria-de-canton/,8968,closed,closed,1
5260,/noticias/el-fabricante-chino-de-ropa-deportiva-peak-celebra-una-nueva-presentacion-de-productos-olimpicos-en-eslovenia/,200,0,/noticias/el-fabricante-chino-de-ropa-deportiva-peak-celebra-una-nueva-presentacion-de-productos-olimpicos-en-eslovenia/,/noticias/el-fabricante-chino-de-ropa-deportiva-peak-celebra-una-nueva-presentacion-de-productos-olimpicos-en-eslovenia/,8969,closed,closed,1
5261,/noticias/pacific-anuncia-revision-de-su-elegibilidad-para-cotizar-en-la-bolsa-de-valores-de-toronto/,200,0,/noticias/pacific-anuncia-revision-de-su-elegibilidad-para-cotizar-en-la-bolsa-de-valores-de-toronto/,/noticias/pacific-anuncia-revision-de-su-elegibilidad-para-cotizar-en-la-bolsa-de-valores-de-toronto/,8970,closed,closed,1
5262,/noticias/destino-extraordinario-el-nuevo-reto-de-meditacion-de-deepak-chopra-e-ismael-cala/,200,0,/noticias/destino-extraordinario-el-nuevo-reto-de-meditacion-de-deepak-chopra-e-ismael-cala/,/noticias/destino-extraordinario-el-nuevo-reto-de-meditacion-de-deepak-chopra-e-ismael-cala/,8971,closed,closed,1
5263,/noticias/el-programa-futbol-por-la-amistad-de-gazprom-international-gana-los-premios-gold-quill-2016/,200,0,/noticias/el-programa-futbol-por-la-amistad-de-gazprom-international-gana-los-premios-gold-quill-2016/,/noticias/el-programa-futbol-por-la-amistad-de-gazprom-international-gana-los-premios-gold-quill-2016/,8972,closed,closed,1
5264,/noticias/level-3-designada-como-miembro-avanzado-de-aws-partner-network/,200,0,/noticias/level-3-designada-como-miembro-avanzado-de-aws-partner-network/,/noticias/level-3-designada-como-miembro-avanzado-de-aws-partner-network/,8973,closed,closed,1
5265,/noticias/cooper-gay-argentina-le-da-la-bienvenida-a-los-nuevos-miembros-del-equipo-de-contratos-para-fortalecer-y-desarrollar-su-posicion-en-el-mercado/,200,0,/noticias/cooper-gay-argentina-le-da-la-bienvenida-a-los-nuevos-miembros-del-equipo-de-contratos-para-fortalecer-y-desarrollar-su-posicion-en-el-mercado/,/noticias/cooper-gay-argentina-le-da-la-bienvenida-a-los-nuevos-miembros-del-equipo-de-contratos-para-fortalecer-y-desarrollar-su-posicion-en-el-mercado/,8974,closed,closed,1
5266,/noticias/agile-alliance-anuncia-el-programa-del-agile2016/,200,0,/noticias/agile-alliance-anuncia-el-programa-del-agile2016/,/noticias/agile-alliance-anuncia-el-programa-del-agile2016/,8975,closed,closed,1
5267,/noticias/desde-la-costa-a-costa-southwest-airlines-conecta-a-los-pasajeros-de-los-angeles-con-las-playas-doradas-de-costa-rica/,200,0,/noticias/desde-la-costa-a-costa-southwest-airlines-conecta-a-los-pasajeros-de-los-angeles-con-las-playas-doradas-de-costa-rica/,/noticias/desde-la-costa-a-costa-southwest-airlines-conecta-a-los-pasajeros-de-los-angeles-con-las-playas-doradas-de-costa-rica/,8976,closed,closed,1
5268,/noticias/packers-plus-y-schlumberger-ingresan-a-una-alianza-global/,200,0,/noticias/packers-plus-y-schlumberger-ingresan-a-una-alianza-global/,/noticias/packers-plus-y-schlumberger-ingresan-a-una-alianza-global/,8977,closed,closed,1
5269,/noticias/netflix-confirma-nueva-serie-original-basada-en-la-actual-investigacion-de-corrupcion-brasilena/,200,0,/noticias/netflix-confirma-nueva-serie-original-basada-en-la-actual-investigacion-de-corrupcion-brasilena/,/noticias/netflix-confirma-nueva-serie-original-basada-en-la-actual-investigacion-de-corrupcion-brasilena/,8978,closed,closed,1
5270,/noticias/el-parque-eolico-dominica-de-enel-en-mexico-gana-el-premio-de-sostenibilidad-del-bid/,200,0,/noticias/el-parque-eolico-dominica-de-enel-en-mexico-gana-el-premio-de-sostenibilidad-del-bid/,/noticias/el-parque-eolico-dominica-de-enel-en-mexico-gana-el-premio-de-sostenibilidad-del-bid/,8979,closed,closed,1
5271,/noticias/grundig-presenta-su-coleccion-premium-de-electrodomesticos-integrados-en-eurocucina/,200,0,/noticias/grundig-presenta-su-coleccion-premium-de-electrodomesticos-integrados-en-eurocucina/,/noticias/grundig-presenta-su-coleccion-premium-de-electrodomesticos-integrados-en-eurocucina/,8980,closed,closed,1
5272,/noticias/cornershop-recibe-inversion-por-usd-67-millones/,200,0,/noticias/cornershop-recibe-inversion-por-usd-67-millones/,/noticias/cornershop-recibe-inversion-por-usd-67-millones/,8981,closed,closed,1
5273,/noticias/el-mercado-europeo-responde-de-manera-favorable-a-los-productos-exclusivos-de-xcmg-en-bauma-2016/,200,0,/noticias/el-mercado-europeo-responde-de-manera-favorable-a-los-productos-exclusivos-de-xcmg-en-bauma-2016/,/noticias/el-mercado-europeo-responde-de-manera-favorable-a-los-productos-exclusivos-de-xcmg-en-bauma-2016/,8982,closed,closed,1
5274,/noticias/womens-forum-mexico-2016-recibe-a-la-delegacion-cubana-de-mujeres-emprendedoras/,200,0,/noticias/womens-forum-mexico-2016-recibe-a-la-delegacion-cubana-de-mujeres-emprendedoras/,/noticias/womens-forum-mexico-2016-recibe-a-la-delegacion-cubana-de-mujeres-emprendedoras/,8983,closed,closed,1
5275,/noticias/pacific-da-a-conocer-actualizacion-acerca-de-la-reestructuracion/,200,0,/noticias/pacific-da-a-conocer-actualizacion-acerca-de-la-reestructuracion/,/noticias/pacific-da-a-conocer-actualizacion-acerca-de-la-reestructuracion/,8984,closed,closed,1
5276,/noticias/versy-nueva-red-social-basada-en-los-intereses-de-los-usuarios/,200,0,/noticias/versy-nueva-red-social-basada-en-los-intereses-de-los-usuarios/,/noticias/versy-nueva-red-social-basada-en-los-intereses-de-los-usuarios/,8985,closed,closed,1
5257,/mercadotecnia/el-consumidor-no-quiere-mas-opciones/,200,0,/mercadotecnia/el-consumidor-no-quiere-mas-opciones/,/mercadotecnia/el-consumidor-no-quiere-mas-opciones/,8713,closed,closed,1
5238,/noticias/gillette-revela-la-campana-lo-perfecto-no-es-bonito-rumbo-a-los-juegos-olimpicos-de-rio-de-janeiro-2016/,200,0,/noticias/gillette-revela-la-campana-lo-perfecto-no-es-bonito-rumbo-a-los-juegos-olimpicos-de-rio-de-janeiro-2016/,/noticias/gillette-revela-la-campana-lo-perfecto-no-es-bonito-rumbo-a-los-juegos-olimpicos-de-rio-de-janeiro-2016/,8948,closed,closed,1
5239,/noticias/la-version-mas-reciente-de-finscan-simplifica-y-acelera-la-exploracion-de-cumplimiento-antilavado-de-dinero/,200,0,/noticias/la-version-mas-reciente-de-finscan-simplifica-y-acelera-la-exploracion-de-cumplimiento-antilavado-de-dinero/,/noticias/la-version-mas-reciente-de-finscan-simplifica-y-acelera-la-exploracion-de-cumplimiento-antilavado-de-dinero/,8949,closed,closed,1
5240,/noticias/i-protect-el-gran-avance-de-kiekert-en-sistemas-de-proteccion-de-puertas/,200,0,/noticias/i-protect-el-gran-avance-de-kiekert-en-sistemas-de-proteccion-de-puertas/,/noticias/i-protect-el-gran-avance-de-kiekert-en-sistemas-de-proteccion-de-puertas/,8950,closed,closed,1
5241,/noticias/ofertas-365-inc-anuncia-el-lanzamiento-de-su-juego-lucky-6-en-colombia-mercado-de-gaming-en-pleno-desarrollo-en-alianza-con-el-operador-local-eds-inversiones/,200,0,/noticias/ofertas-365-inc-anuncia-el-lanzamiento-de-su-juego-lucky-6-en-colombia-mercado-de-gaming-en-pleno-desarrollo-en-alianza-con-el-operador-local-eds-inversiones/,/noticias/ofertas-365-inc-anuncia-el-lanzamiento-de-su-juego-lucky-6-en-colombia-mercado-de-gaming-en-pleno-desarrollo-en-alianza-con-el-operador-local-eds-inversiones/,8951,closed,closed,1
5242,/noticias/reed-presenta-exposiciones-inaugurales-de-robotica-y-fabricacion-inteligente-en-tokio-desde-el-18-de-enero-de-2017/,200,0,/noticias/reed-presenta-exposiciones-inaugurales-de-robotica-y-fabricacion-inteligente-en-tokio-desde-el-18-de-enero-de-2017/,/noticias/reed-presenta-exposiciones-inaugurales-de-robotica-y-fabricacion-inteligente-en-tokio-desde-el-18-de-enero-de-2017/,8952,closed,closed,1
5243,/noticias/nerium-international-ofrece-innovacion-para-la-vitalidad-cerebral-con-el-lanzamiento-en-mexico-del-suplemento-alimenticio-eht/,200,0,/noticias/nerium-international-ofrece-innovacion-para-la-vitalidad-cerebral-con-el-lanzamiento-en-mexico-del-suplemento-alimenticio-eht/,/noticias/nerium-international-ofrece-innovacion-para-la-vitalidad-cerebral-con-el-lanzamiento-en-mexico-del-suplemento-alimenticio-eht/,8953,closed,closed,1
5244,/noticias/emaar-da-forma-al-fastuoso-perfil-nuevo-de-dubai-con-una-impactante-torre-en-el-puerto-dubai-creek/,200,0,/noticias/emaar-da-forma-al-fastuoso-perfil-nuevo-de-dubai-con-una-impactante-torre-en-el-puerto-dubai-creek/,/noticias/emaar-da-forma-al-fastuoso-perfil-nuevo-de-dubai-con-una-impactante-torre-en-el-puerto-dubai-creek/,8954,closed,closed,1
5245,/noticias/reed-exhibitions-japan-hara-la-3ra-wearable-expo-del-18-al-20-de-enero-de-2017-en-tokio/,200,0,/noticias/reed-exhibitions-japan-hara-la-3ra-wearable-expo-del-18-al-20-de-enero-de-2017-en-tokio/,/noticias/reed-exhibitions-japan-hara-la-3ra-wearable-expo-del-18-al-20-de-enero-de-2017-en-tokio/,8955,closed,closed,1
5246,/noticias/la-oficina-mas-sostenible-del-mundo-se-encuentra-en-los-paises-bajos/,200,0,/noticias/la-oficina-mas-sostenible-del-mundo-se-encuentra-en-los-paises-bajos/,/noticias/la-oficina-mas-sostenible-del-mundo-se-encuentra-en-los-paises-bajos/,8956,closed,closed,1
5247,/noticias/omnicom-media-group-revela-detalles-sobre-su-tercera-red/,200,0,/noticias/omnicom-media-group-revela-detalles-sobre-su-tercera-red/,/noticias/omnicom-media-group-revela-detalles-sobre-su-tercera-red/,8957,closed,closed,1
5248,/noticias/mohawk-industries-inc-invita-a-sumarse-a-la-teleconferencia-del-primer-trimestre-de-2016-en-internet/,200,0,/noticias/mohawk-industries-inc-invita-a-sumarse-a-la-teleconferencia-del-primer-trimestre-de-2016-en-internet/,/noticias/mohawk-industries-inc-invita-a-sumarse-a-la-teleconferencia-del-primer-trimestre-de-2016-en-internet/,8958,closed,closed,1
5249,/noticias/hikvision-anuncia-su-exito-en-el-isc-brasil/,200,0,/noticias/hikvision-anuncia-su-exito-en-el-isc-brasil/,/noticias/hikvision-anuncia-su-exito-en-el-isc-brasil/,8959,closed,closed,1
5250,/noticias/h2opendoors-llega-a-cuba/,200,0,/noticias/h2opendoors-llega-a-cuba/,/noticias/h2opendoors-llega-a-cuba/,8960,closed,closed,1
5251,/noticias/isuzu-motors-de-mexico-anuncia-cambios-en-sus-puestos-directivos/,200,0,/noticias/isuzu-motors-de-mexico-anuncia-cambios-en-sus-puestos-directivos/,/noticias/isuzu-motors-de-mexico-anuncia-cambios-en-sus-puestos-directivos/,8961,closed,closed,1
5252,/noticias/fibra-prologis-anuncia-asamblea-anual-y-extraordinaria-de-tenedores/,200,0,/noticias/fibra-prologis-anuncia-asamblea-anual-y-extraordinaria-de-tenedores/,/noticias/fibra-prologis-anuncia-asamblea-anual-y-extraordinaria-de-tenedores/,8962,closed,closed,1
5253,/noticias/barbados-asevera-los-beneficios-economicos-de-sus-estructuras-offshore/,200,0,/noticias/barbados-asevera-los-beneficios-economicos-de-sus-estructuras-offshore/,/noticias/barbados-asevera-los-beneficios-economicos-de-sus-estructuras-offshore/,8963,closed,closed,1
5254,/noticias/modulo-digitalizador-de-viewsonic-mejora-las-soluciones-de-cajeros-automaticos-vtm-de-avanzada-para-el-sector-bancario/,200,0,/noticias/modulo-digitalizador-de-viewsonic-mejora-las-soluciones-de-cajeros-automaticos-vtm-de-avanzada-para-el-sector-bancario/,/noticias/modulo-digitalizador-de-viewsonic-mejora-las-soluciones-de-cajeros-automaticos-vtm-de-avanzada-para-el-sector-bancario/,8964,closed,closed,1
5255,/noticias/la-ultra-hd-4k-smart-ir-ptz-de-hikvision-gano-el-premio-new-product-showcase-en-isc-west/,200,0,/noticias/la-ultra-hd-4k-smart-ir-ptz-de-hikvision-gano-el-premio-new-product-showcase-en-isc-west/,/noticias/la-ultra-hd-4k-smart-ir-ptz-de-hikvision-gano-el-premio-new-product-showcase-en-isc-west/,8965,closed,closed,1
5256,/noticias/nerium-international-presenta-el-suero-anti-edad-para-ojos/,200,0,/noticias/nerium-international-presenta-el-suero-anti-edad-para-ojos/,/noticias/nerium-international-presenta-el-suero-anti-edad-para-ojos/,8966,closed,closed,1
5233,/noticias/gobierno-cubano-toma-represalia-contra-reportera-de-america-teve/,200,0,/noticias/gobierno-cubano-toma-represalia-contra-reportera-de-america-teve/,/noticias/gobierno-cubano-toma-represalia-contra-reportera-de-america-teve/,8944,closed,closed,1
5235,/noticias/menor-crecimiento-economico-para-el-salvador-en-2016-by-contrapunto-diario-digital/,200,0,/noticias/menor-crecimiento-economico-para-el-salvador-en-2016-by-contrapunto-diario-digital/,/noticias/menor-crecimiento-economico-para-el-salvador-en-2016-by-contrapunto-diario-digital/,8945,closed,closed,1
5236,/noticias/un-ano-al-aire-by-diario-moda-radio/,200,0,/noticias/un-ano-al-aire-by-diario-moda-radio/,/noticias/un-ano-al-aire-by-diario-moda-radio/,8946,closed,closed,1
5237,/noticias/colaboracion-hemisferica-para-resolver-problemas-relevantes-a-traves-de-la-investigacion/,200,0,/noticias/colaboracion-hemisferica-para-resolver-problemas-relevantes-a-traves-de-la-investigacion/,/noticias/colaboracion-hemisferica-para-resolver-problemas-relevantes-a-traves-de-la-investigacion/,8947,closed,closed,1
5214,/noticias/virgin-hotels-anuncia-a-su-nuevo-vicepresidente-de-desarrollo/,200,0,/noticias/virgin-hotels-anuncia-a-su-nuevo-vicepresidente-de-desarrollo/,/noticias/virgin-hotels-anuncia-a-su-nuevo-vicepresidente-de-desarrollo/,8926,closed,closed,1
5215,/noticias/portadalat-anuncia-un-importante-listado-de-conferencistas-que-incluye-a-avon-meliahoteles-best-western-brown-forman-y-nestle/,200,0,/noticias/portadalat-anuncia-un-importante-listado-de-conferencistas-que-incluye-a-avon-meliahoteles-best-western-brown-forman-y-nestle/,/noticias/portadalat-anuncia-un-importante-listado-de-conferencistas-que-incluye-a-avon-meliahoteles-best-western-brown-forman-y-nestle/,8927,closed,closed,1
5216,/noticias/las-perspectivas-de-la-cooperacion-entre-rusia-y-los-paises-de-america-latina-fueron-discutidas-en-la-ronda-mediatica-y-el-foro-de-negocios-en-uruguay/,200,0,/noticias/las-perspectivas-de-la-cooperacion-entre-rusia-y-los-paises-de-america-latina-fueron-discutidas-en-la-ronda-mediatica-y-el-foro-de-negocios-en-uruguay/,/noticias/las-perspectivas-de-la-cooperacion-entre-rusia-y-los-paises-de-america-latina-fueron-discutidas-en-la-ronda-mediatica-y-el-foro-de-negocios-en-uruguay/,8928,closed,closed,1
5217,/noticias/circum-designa-a-morgan-stanley-para-llevar-a-cabo-una-revision-estrategica-y-optimiza-el-estudio-de-factibilidad/,200,0,/noticias/circum-designa-a-morgan-stanley-para-llevar-a-cabo-una-revision-estrategica-y-optimiza-el-estudio-de-factibilidad/,/noticias/circum-designa-a-morgan-stanley-para-llevar-a-cabo-una-revision-estrategica-y-optimiza-el-estudio-de-factibilidad/,8929,closed,closed,1
5218,/noticias/del-director-y-los-productores-de-velvet-y-gran-hotel-llega-la-primera-serie-original-de-netflix-filmada-y-producida-en-espana/,200,0,/noticias/del-director-y-los-productores-de-velvet-y-gran-hotel-llega-la-primera-serie-original-de-netflix-filmada-y-producida-en-espana/,/noticias/del-director-y-los-productores-de-velvet-y-gran-hotel-llega-la-primera-serie-original-de-netflix-filmada-y-producida-en-espana/,8930,closed,closed,1
5219,/noticias/gamechange-solar-recibe-orden-de-genius-tracker-de-28-mw-para-el-sudeste/,200,0,/noticias/gamechange-solar-recibe-orden-de-genius-tracker-de-28-mw-para-el-sudeste/,/noticias/gamechange-solar-recibe-orden-de-genius-tracker-de-28-mw-para-el-sudeste/,8931,closed,closed,1
5220,/noticias/make-up-for-ever-se-asocia-con-charli-xcx-para-su-nueva-campana-aqua-xl/,200,0,/noticias/make-up-for-ever-se-asocia-con-charli-xcx-para-su-nueva-campana-aqua-xl/,/noticias/make-up-for-ever-se-asocia-con-charli-xcx-para-su-nueva-campana-aqua-xl/,8932,closed,closed,1
5221,/noticias/enel-green-power-confirma-su-liderazgo-en-energias-renovables-en-mexico-tras-resultados-de-subasta/,200,0,/noticias/enel-green-power-confirma-su-liderazgo-en-energias-renovables-en-mexico-tras-resultados-de-subasta/,/noticias/enel-green-power-confirma-su-liderazgo-en-energias-renovables-en-mexico-tras-resultados-de-subasta/,8933,closed,closed,1
5223,/noticias/datos-y-sesiones-relevantes-en-la-reunion-de-la-sages-2016-prueban-la-seguridad-y-la-eficacia-de-la-terapia-stretta-para-la-erge/,200,0,/noticias/datos-y-sesiones-relevantes-en-la-reunion-de-la-sages-2016-prueban-la-seguridad-y-la-eficacia-de-la-terapia-stretta-para-la-erge/,/noticias/datos-y-sesiones-relevantes-en-la-reunion-de-la-sages-2016-prueban-la-seguridad-y-la-eficacia-de-la-terapia-stretta-para-la-erge/,8934,closed,closed,1
5224,/noticias/phoenix-tower-international-cierra-la-compra-de-145-torres-de-telecomunicacion-inalambricas-y-derechos-de-mercadeo-sobre-400-sitios-de-viva-en-la-republica-dominicana/,200,0,/noticias/phoenix-tower-international-cierra-la-compra-de-145-torres-de-telecomunicacion-inalambricas-y-derechos-de-mercadeo-sobre-400-sitios-de-viva-en-la-republica-dominicana/,/noticias/phoenix-tower-international-cierra-la-compra-de-145-torres-de-telecomunicacion-inalambricas-y-derechos-de-mercadeo-sobre-400-sitios-de-viva-en-la-republica-dominicana/,8935,closed,closed,1
5225,/noticias/level-3-incorpora-microsoft-office-365-a-su-ecosistema-de-soluciones-cloud-connect/,200,0,/noticias/level-3-incorpora-microsoft-office-365-a-su-ecosistema-de-soluciones-cloud-connect/,/noticias/level-3-incorpora-microsoft-office-365-a-su-ecosistema-de-soluciones-cloud-connect/,8936,closed,closed,1
5227,/noticias/el-mayors-challenge-2016-de-bloomberg-philanthropies-da-la-bienvenida-a-363-ciudades-de-america-latina-y-el-caribe-con-68-ciudades-de-mejico-representadas/,200,0,/noticias/el-mayors-challenge-2016-de-bloomberg-philanthropies-da-la-bienvenida-a-363-ciudades-de-america-latina-y-el-caribe-con-68-ciudades-de-mejico-representadas/,/noticias/el-mayors-challenge-2016-de-bloomberg-philanthropies-da-la-bienvenida-a-363-ciudades-de-america-latina-y-el-caribe-con-68-ciudades-de-mejico-representadas/,8938,closed,closed,1
5195,/noticias/markets-group-mas-de-400-socios-limitados-se-reunen-con-lideres-en-materia-de-capital-de-riesgo-en-nueva-york-para-abordar-las-principales-asignaciones-del-2016/,200,0,/noticias/markets-group-mas-de-400-socios-limitados-se-reunen-con-lideres-en-materia-de-capital-de-riesgo-en-nueva-york-para-abordar-las-principales-asignaciones-del-2016/,/noticias/markets-group-mas-de-400-socios-limitados-se-reunen-con-lideres-en-materia-de-capital-de-riesgo-en-nueva-york-para-abordar-las-principales-asignaciones-del-2016/,8907,closed,closed,1
5196,/noticias/diebold-confirma-los-resultados-de-la-oferta-de-compra-de-acciones-de-wincor-nixdorf/,200,0,/noticias/diebold-confirma-los-resultados-de-la-oferta-de-compra-de-acciones-de-wincor-nixdorf/,/noticias/diebold-confirma-los-resultados-de-la-oferta-de-compra-de-acciones-de-wincor-nixdorf/,8908,closed,closed,1
5197,/noticias/servicio-de-video-iot-smartvue-ahora-es-mas-grande-que-youtube-carga-28-millones-de-minutos-de-videovigilancia-a-diario/,200,0,/noticias/servicio-de-video-iot-smartvue-ahora-es-mas-grande-que-youtube-carga-28-millones-de-minutos-de-videovigilancia-a-diario/,/noticias/servicio-de-video-iot-smartvue-ahora-es-mas-grande-que-youtube-carga-28-millones-de-minutos-de-videovigilancia-a-diario/,8909,closed,closed,1
5198,/noticias/spectra-group-y-tesacom-presentan-slingshot-en-chile/,200,0,/noticias/spectra-group-y-tesacom-presentan-slingshot-en-chile/,/noticias/spectra-group-y-tesacom-presentan-slingshot-en-chile/,8910,closed,closed,1
5199,/noticias/best-buy-apoya-a-los-emprendedores-en-mexico/,200,0,/noticias/best-buy-apoya-a-los-emprendedores-en-mexico/,/noticias/best-buy-apoya-a-los-emprendedores-en-mexico/,8911,closed,closed,1
5200,/noticias/haciendo-que-cada-dolar-cuente-jereh-en-la-cippe-2016/,200,0,/noticias/haciendo-que-cada-dolar-cuente-jereh-en-la-cippe-2016/,/noticias/haciendo-que-cada-dolar-cuente-jereh-en-la-cippe-2016/,8912,closed,closed,1
5201,/noticias/emprendedores-de-silicon-valley-y-america-latina-comienzan-un-equipo-de-futbol-profesional-en-san-francisco/,200,0,/noticias/emprendedores-de-silicon-valley-y-america-latina-comienzan-un-equipo-de-futbol-profesional-en-san-francisco/,/noticias/emprendedores-de-silicon-valley-y-america-latina-comienzan-un-equipo-de-futbol-profesional-en-san-francisco/,8913,closed,closed,1
5202,/noticias/xs-international-fue-incluida-en-el-informe-2016-competitive-landscape-report-de-gartner/,200,0,/noticias/xs-international-fue-incluida-en-el-informe-2016-competitive-landscape-report-de-gartner/,/noticias/xs-international-fue-incluida-en-el-informe-2016-competitive-landscape-report-de-gartner/,8914,closed,closed,1
5203,/noticias/safetypay-lanza-aplicacion-y-peruvian-es-la-primera-compania-aerea-de-america-latina-en-invertir-en-la-tecnologia/,200,0,/noticias/safetypay-lanza-aplicacion-y-peruvian-es-la-primera-compania-aerea-de-america-latina-en-invertir-en-la-tecnologia/,/noticias/safetypay-lanza-aplicacion-y-peruvian-es-la-primera-compania-aerea-de-america-latina-en-invertir-en-la-tecnologia/,8915,closed,closed,1
5204,/noticias/fibra-prologis-anuncia-que-el-22-de-abril-llevara-a-cabo-la-conferencia-telefonica-donde-presentara-los-resultados-financieros-del-primer-trimestre-de-2016/,200,0,/noticias/fibra-prologis-anuncia-que-el-22-de-abril-llevara-a-cabo-la-conferencia-telefonica-donde-presentara-los-resultados-financieros-del-primer-trimestre-de-2016/,/noticias/fibra-prologis-anuncia-que-el-22-de-abril-llevara-a-cabo-la-conferencia-telefonica-donde-presentara-los-resultados-financieros-del-primer-trimestre-de-2016/,8916,closed,closed,1
5205,/noticias/uol-boacompra-llega-a-chile/,200,0,/noticias/uol-boacompra-llega-a-chile/,/noticias/uol-boacompra-llega-a-chile/,8917,closed,closed,1
5206,/noticias/cru-ofrece-la-conferencia-mundial-del-cobre-mas-completa-hasta-la-fecha/,200,0,/noticias/cru-ofrece-la-conferencia-mundial-del-cobre-mas-completa-hasta-la-fecha/,/noticias/cru-ofrece-la-conferencia-mundial-del-cobre-mas-completa-hasta-la-fecha/,8918,closed,closed,1
5207,/noticias/el-ganador-de-1-idea-para-cambiar-la-historia-reconocido-por-barack-obama/,200,0,/noticias/el-ganador-de-1-idea-para-cambiar-la-historia-reconocido-por-barack-obama/,/noticias/el-ganador-de-1-idea-para-cambiar-la-historia-reconocido-por-barack-obama/,8919,closed,closed,1
5208,/noticias/antes-y-despues-connie-talbot-la-estrella-de-britains-got-talent-emerge-como-una-increible-compositora-y-cantante-con-su-nuevo-album-matters-to-me-en-venta-a-traves-de-evolution-music-group/,200,0,/noticias/antes-y-despues-connie-talbot-la-estrella-de-britains-got-talent-emerge-como-una-increible-compositora-y-cantante-con-su-nuevo-album-matters-to-me-en-venta-a-traves-de-evolution-music-group/,/noticias/antes-y-despues-connie-talbot-la-estrella-de-britains-got-talent-emerge-como-una-increible-compositora-y-cantante-con-su-nuevo-album-matters-to-me-en-venta-a-traves-de-evolution-music-group/,8920,closed,closed,1
5209,/noticias/pacific-prorroga-hasta-el-29-de-abril-de-2016-los-acuerdos-de-indulgencia-con-bancos-y-un-importante-grupo-de-tenedores-de-notas/,200,0,/noticias/pacific-prorroga-hasta-el-29-de-abril-de-2016-los-acuerdos-de-indulgencia-con-bancos-y-un-importante-grupo-de-tenedores-de-notas/,/noticias/pacific-prorroga-hasta-el-29-de-abril-de-2016-los-acuerdos-de-indulgencia-con-bancos-y-un-importante-grupo-de-tenedores-de-notas/,8921,closed,closed,1
5210,/noticias/la-fundacion-loreal-junto-a-la-unesco-lanzan-un-manifiesto-para-defender-el-rol-de-las-mujeres-en-las-ciencias/,200,0,/noticias/la-fundacion-loreal-junto-a-la-unesco-lanzan-un-manifiesto-para-defender-el-rol-de-las-mujeres-en-las-ciencias/,/noticias/la-fundacion-loreal-junto-a-la-unesco-lanzan-un-manifiesto-para-defender-el-rol-de-las-mujeres-en-las-ciencias/,8922,closed,closed,1
5211,/noticias/diebold-cumple-con-exito-con-las-condiciones-de-oferta-para-las-acciones-de-wincor-nixdorf/,200,0,/noticias/diebold-cumple-con-exito-con-las-condiciones-de-oferta-para-las-acciones-de-wincor-nixdorf/,/noticias/diebold-cumple-con-exito-con-las-condiciones-de-oferta-para-las-acciones-de-wincor-nixdorf/,8923,closed,closed,1
5212,/noticias/ypf-presenta-informe-anual-2015-en-formulario-20-f/,200,0,/noticias/ypf-presenta-informe-anual-2015-en-formulario-20-f/,/noticias/ypf-presenta-informe-anual-2015-en-formulario-20-f/,8924,closed,closed,1
5213,/noticias/care-energy-ofrece-representacion-a-accionistas-de-eon-y-rwe-los-modelos-de-negocios-de-las-sa-deben-ser-controlados-de-manera-mas-cercana-con-una-experiencia-especializada/,200,0,/noticias/care-energy-ofrece-representacion-a-accionistas-de-eon-y-rwe-los-modelos-de-negocios-de-las-sa-deben-ser-controlados-de-manera-mas-cercana-con-una-experiencia-especializada/,/noticias/care-energy-ofrece-representacion-a-accionistas-de-eon-y-rwe-los-modelos-de-negocios-de-las-sa-deben-ser-controlados-de-manera-mas-cercana-con-una-experiencia-especializada/,8925,closed,closed,1
5185,/noticias/cobertura-especial-del-viaje-del-presidente-obama-a-cuba-domingo-20-de-marzo-por-america-teve/,200,0,/noticias/cobertura-especial-del-viaje-del-presidente-obama-a-cuba-domingo-20-de-marzo-por-america-teve/,/noticias/cobertura-especial-del-viaje-del-presidente-obama-a-cuba-domingo-20-de-marzo-por-america-teve/,8897,closed,closed,1
5186,/noticias/20-de-marzo-dia-internacional-de-la-felicidad/,200,0,/noticias/20-de-marzo-dia-internacional-de-la-felicidad/,/noticias/20-de-marzo-dia-internacional-de-la-felicidad/,8898,closed,closed,1
5187,/noticias/conectividad-vial-para-favorece-desarrollo-economico-en-el-salvador-by-contrapunto-diario-digital/,200,0,/noticias/conectividad-vial-para-favorece-desarrollo-economico-en-el-salvador-by-contrapunto-diario-digital/,/noticias/conectividad-vial-para-favorece-desarrollo-economico-en-el-salvador-by-contrapunto-diario-digital/,8899,closed,closed,1
5188,/noticias/la-alianza-con-rainforest-alliance-anade-una-capa-mas-de-placer-al-comer-una-paleta-magnum/,200,0,/noticias/la-alianza-con-rainforest-alliance-anade-una-capa-mas-de-placer-al-comer-una-paleta-magnum/,/noticias/la-alianza-con-rainforest-alliance-anade-una-capa-mas-de-placer-al-comer-una-paleta-magnum/,8900,closed,closed,1
5189,/noticias/maria-laria-presentadora-de-arrebatados-en-america-teve-celebra-su-decimo-aniversario/,200,0,/noticias/maria-laria-presentadora-de-arrebatados-en-america-teve-celebra-su-decimo-aniversario/,/noticias/maria-laria-presentadora-de-arrebatados-en-america-teve-celebra-su-decimo-aniversario/,8901,closed,closed,1
5190,/noticias/pacific-confirma-conversaciones-con-los-accionistas-en-relacion-con-el-proceso-de-reestructuracion-de-deuda/,200,0,/noticias/pacific-confirma-conversaciones-con-los-accionistas-en-relacion-con-el-proceso-de-reestructuracion-de-deuda/,/noticias/pacific-confirma-conversaciones-con-los-accionistas-en-relacion-con-el-proceso-de-reestructuracion-de-deuda/,8902,closed,closed,1
5191,/noticias/fibra-prologis-anuncia-canje-de-titulo-de-cbfis/,200,0,/noticias/fibra-prologis-anuncia-canje-de-titulo-de-cbfis/,/noticias/fibra-prologis-anuncia-canje-de-titulo-de-cbfis/,8903,closed,closed,1
5192,/noticias/andes-wines-invita-a-cosechar-malbec-de-san-rosendo-de-mas-de-140-anos/,200,0,/noticias/andes-wines-invita-a-cosechar-malbec-de-san-rosendo-de-mas-de-140-anos/,/noticias/andes-wines-invita-a-cosechar-malbec-de-san-rosendo-de-mas-de-140-anos/,8904,closed,closed,1
5193,/noticias/sc-johnson-venezuela-fue-reconocida-como-el-mejor-lugar-de-trabajo/,200,0,/noticias/sc-johnson-venezuela-fue-reconocida-como-el-mejor-lugar-de-trabajo/,/noticias/sc-johnson-venezuela-fue-reconocida-como-el-mejor-lugar-de-trabajo/,8905,closed,closed,1
5194,/noticias/husqvarna-lanza-la-primera-aplicacion-apple-watch-para-cortadoras-de-cesped-roboticas/,200,0,/noticias/husqvarna-lanza-la-primera-aplicacion-apple-watch-para-cortadoras-de-cesped-roboticas/,/noticias/husqvarna-lanza-la-primera-aplicacion-apple-watch-para-cortadoras-de-cesped-roboticas/,8906,closed,closed,1
5172,/noticias/ceremonia-inaugural-de-baselworld-2016/,200,0,/noticias/ceremonia-inaugural-de-baselworld-2016/,/noticias/ceremonia-inaugural-de-baselworld-2016/,8888,closed,closed,1
5173,/noticias/impulsando-el-crecimiento-de-un-nuevo-movimiento-de-lujo-bsi-capital-group-invierte-5m-de-francos-suizos-chf-en-swiss-cosmeceuticals-ag/,200,0,/noticias/impulsando-el-crecimiento-de-un-nuevo-movimiento-de-lujo-bsi-capital-group-invierte-5m-de-francos-suizos-chf-en-swiss-cosmeceuticals-ag/,/noticias/impulsando-el-crecimiento-de-un-nuevo-movimiento-de-lujo-bsi-capital-group-invierte-5m-de-francos-suizos-chf-en-swiss-cosmeceuticals-ag/,8889,closed,closed,1
5174,/noticias/research-now-anuncia-nuevo-equipo-de-liderazgo-ejecutivo/,200,0,/noticias/research-now-anuncia-nuevo-equipo-de-liderazgo-ejecutivo/,/noticias/research-now-anuncia-nuevo-equipo-de-liderazgo-ejecutivo/,8890,closed,closed,1
5175,/noticias/afluenta-la-red-lider-de-financiamiento-entre-personas-de-america-latina-recibe-us-8-millones-de-dolares-de-ifc-y-elevar-equity-para-expandirse-en-la-region/,200,0,/noticias/afluenta-la-red-lider-de-financiamiento-entre-personas-de-america-latina-recibe-us-8-millones-de-dolares-de-ifc-y-elevar-equity-para-expandirse-en-la-region/,/noticias/afluenta-la-red-lider-de-financiamiento-entre-personas-de-america-latina-recibe-us-8-millones-de-dolares-de-ifc-y-elevar-equity-para-expandirse-en-la-region/,8891,closed,closed,1
5176,/noticias/colombia-y-mexico-con-una-actitud-positiva-hacia-el-emprendimiento-resultados-ager-2015-encuesta-aplicada-por-amway/,200,0,/noticias/colombia-y-mexico-con-una-actitud-positiva-hacia-el-emprendimiento-resultados-ager-2015-encuesta-aplicada-por-amway/,/noticias/colombia-y-mexico-con-una-actitud-positiva-hacia-el-emprendimiento-resultados-ager-2015-encuesta-aplicada-por-amway/,8892,closed,closed,1
5177,/noticias/la-digitalizacion-creara-350-millones-de-nuevos-exportadores-segun-el-informe-del-dmcc-el-futuro-del-comercio/,200,0,/noticias/la-digitalizacion-creara-350-millones-de-nuevos-exportadores-segun-el-informe-del-dmcc-el-futuro-del-comercio/,/noticias/la-digitalizacion-creara-350-millones-de-nuevos-exportadores-segun-el-informe-del-dmcc-el-futuro-del-comercio/,8893,closed,closed,1
5178,/noticias/kenneth-cole-presenta-su-coleccion-otono-invierno-2016-de-relojes-automaticos/,200,0,/noticias/kenneth-cole-presenta-su-coleccion-otono-invierno-2016-de-relojes-automaticos/,/noticias/kenneth-cole-presenta-su-coleccion-otono-invierno-2016-de-relojes-automaticos/,8894,closed,closed,1
5179,/noticias/burnham-sterling-cierra-colocacion-privada-de-ocho-aeronaves-con-avianca-holdings/,200,0,/noticias/burnham-sterling-cierra-colocacion-privada-de-ocho-aeronaves-con-avianca-holdings/,/noticias/burnham-sterling-cierra-colocacion-privada-de-ocho-aeronaves-con-avianca-holdings/,8895,closed,closed,1
5180,/noticias/las-tres-responsabilidades-corporativas-mas-importantes-segun-los-consumidores/,200,0,/noticias/las-tres-responsabilidades-corporativas-mas-importantes-segun-los-consumidores/,/noticias/las-tres-responsabilidades-corporativas-mas-importantes-segun-los-consumidores/,8896,closed,closed,1
5150,/noticias/new-diamond-technology-ndt-dara-a-conocer-la-piedra-azul-fabricada-en-laboratorio-mas-grande-y-mas-rara-del-mundo-en-baselworld-a-las-1200-del-mediodia-cet/,200,0,/noticias/new-diamond-technology-ndt-dara-a-conocer-la-piedra-azul-fabricada-en-laboratorio-mas-grande-y-mas-rara-del-mundo-en-baselworld-a-las-1200-del-mediodia-cet/,/noticias/new-diamond-technology-ndt-dara-a-conocer-la-piedra-azul-fabricada-en-laboratorio-mas-grande-y-mas-rara-del-mundo-en-baselworld-a-las-1200-del-mediodia-cet/,8878,closed,closed,1
5151,/noticias/informe-de-la-rueda-de-prensa-en-vivo-de-baselworld-2016/,200,0,/noticias/informe-de-la-rueda-de-prensa-en-vivo-de-baselworld-2016/,/noticias/informe-de-la-rueda-de-prensa-en-vivo-de-baselworld-2016/,8879,closed,closed,1
5152,/noticias/huawei-anuncia-nueva-tecnologia-de-informacion-y-comunicaciones-lider-para-crear-un-mundo-mejor-conectado/,200,0,/noticias/huawei-anuncia-nueva-tecnologia-de-informacion-y-comunicaciones-lider-para-crear-un-mundo-mejor-conectado/,/noticias/huawei-anuncia-nueva-tecnologia-de-informacion-y-comunicaciones-lider-para-crear-un-mundo-mejor-conectado/,8880,closed,closed,1
5153,/noticias/heidrick-struggles-ayuda-al-foro-economico-mundial-a-encontrar-a-los-young-global-leaders-de-2016/,200,0,/noticias/heidrick-struggles-ayuda-al-foro-economico-mundial-a-encontrar-a-los-young-global-leaders-de-2016/,/noticias/heidrick-struggles-ayuda-al-foro-economico-mundial-a-encontrar-a-los-young-global-leaders-de-2016/,8881,closed,closed,1
5154,/noticias/nuevo-curso-online-de-ismael-cala-quienes-rompen-paradigmas-convierten-los-problemas-en-oportunidades/,200,0,/noticias/nuevo-curso-online-de-ismael-cala-quienes-rompen-paradigmas-convierten-los-problemas-en-oportunidades/,/noticias/nuevo-curso-online-de-ismael-cala-quienes-rompen-paradigmas-convierten-los-problemas-en-oportunidades/,8882,closed,closed,1
5155,/noticias/pedido-canadiense-a-las-agencias-internacionales-para-que-investiguen-el-asesinato-de-berta-caceres/,200,0,/noticias/pedido-canadiense-a-las-agencias-internacionales-para-que-investiguen-el-asesinato-de-berta-caceres/,/noticias/pedido-canadiense-a-las-agencias-internacionales-para-que-investiguen-el-asesinato-de-berta-caceres/,8883,closed,closed,1
5156,/noticias/el-atleta-conocido-como-el-picasso-olimpico-promueve-un-esfuerzo-para-hacer-crecer-al-grupo-de-atletas-olimpicos-artistas/,200,0,/noticias/el-atleta-conocido-como-el-picasso-olimpico-promueve-un-esfuerzo-para-hacer-crecer-al-grupo-de-atletas-olimpicos-artistas/,/noticias/el-atleta-conocido-como-el-picasso-olimpico-promueve-un-esfuerzo-para-hacer-crecer-al-grupo-de-atletas-olimpicos-artistas/,8884,closed,closed,1
5157,/noticias/digital-marine-solutions-adquirira-la-division-marina-de-jeppesen/,200,0,/noticias/digital-marine-solutions-adquirira-la-division-marina-de-jeppesen/,/noticias/digital-marine-solutions-adquirira-la-division-marina-de-jeppesen/,8885,closed,closed,1
5158,/noticias/urban-jrgensen-la-exclusiva-conexion-danesa-suiza-presenta-una-nueva-coleccion-en-la-baselworld-2016/,200,0,/noticias/urban-jrgensen-la-exclusiva-conexion-danesa-suiza-presenta-una-nueva-coleccion-en-la-baselworld-2016/,/noticias/urban-jrgensen-la-exclusiva-conexion-danesa-suiza-presenta-una-nueva-coleccion-en-la-baselworld-2016/,8886,closed,closed,1
5159,/noticias/gerilimzumab-de-bird-rock-bio-anticuerpo-anti-il-6-demuestra-potencial-acceso-global-asequible-a-biofarmaco-novedoso-para-tratar-la-artritis-reumatoide/,200,0,/noticias/gerilimzumab-de-bird-rock-bio-anticuerpo-anti-il-6-demuestra-potencial-acceso-global-asequible-a-biofarmaco-novedoso-para-tratar-la-artritis-reumatoide/,/noticias/gerilimzumab-de-bird-rock-bio-anticuerpo-anti-il-6-demuestra-potencial-acceso-global-asequible-a-biofarmaco-novedoso-para-tratar-la-artritis-reumatoide/,8887,closed,closed,1
5120,/noticias/sothebys-international-realty-amplia-la-presencia-de-su-marca-de-lujo-en-toda-la-argentina/,200,0,/noticias/sothebys-international-realty-amplia-la-presencia-de-su-marca-de-lujo-en-toda-la-argentina/,/noticias/sothebys-international-realty-amplia-la-presencia-de-su-marca-de-lujo-en-toda-la-argentina/,8860,closed,closed,1
5121,/noticias/nuevo-webinar-de-impartner-presenta-a-analista-prm-de-gartner-y-ofrece-terapia-de-relaciones-para-profesionales-de-ti-y-sus-contrapartes-de-ventasmarketing/,200,0,/noticias/nuevo-webinar-de-impartner-presenta-a-analista-prm-de-gartner-y-ofrece-terapia-de-relaciones-para-profesionales-de-ti-y-sus-contrapartes-de-ventasmarketing/,/noticias/nuevo-webinar-de-impartner-presenta-a-analista-prm-de-gartner-y-ofrece-terapia-de-relaciones-para-profesionales-de-ti-y-sus-contrapartes-de-ventasmarketing/,8861,closed,closed,1
5122,/noticias/diario-bae-negocios-internacional-reconoce-a-las-mujeres-argentinas-extraordinarias-2016/,200,0,/noticias/diario-bae-negocios-internacional-reconoce-a-las-mujeres-argentinas-extraordinarias-2016/,/noticias/diario-bae-negocios-internacional-reconoce-a-las-mujeres-argentinas-extraordinarias-2016/,8862,closed,closed,1
5123,/noticias/fossil-presenta-nuevos-smartwatches-android-wear-mas-finos-en-baselworld/,200,0,/noticias/fossil-presenta-nuevos-smartwatches-android-wear-mas-finos-en-baselworld/,/noticias/fossil-presenta-nuevos-smartwatches-android-wear-mas-finos-en-baselworld/,8863,closed,closed,1
5124,/noticias/estudio-comisionado-por-visa-estima-que-la-migracion-a-los-pagos-electronicos-aporto-cerca-de-us300-mil-millones-al-pib-de-70-paises/,200,0,/noticias/estudio-comisionado-por-visa-estima-que-la-migracion-a-los-pagos-electronicos-aporto-cerca-de-us300-mil-millones-al-pib-de-70-paises/,/noticias/estudio-comisionado-por-visa-estima-que-la-migracion-a-los-pagos-electronicos-aporto-cerca-de-us300-mil-millones-al-pib-de-70-paises/,8864,closed,closed,1
5125,/noticias/solucion-automatizada-camds-de-ipoint-minimiza-esfuerzos-de-datos-materiales-para-la-industria-automotriz/,200,0,/noticias/solucion-automatizada-camds-de-ipoint-minimiza-esfuerzos-de-datos-materiales-para-la-industria-automotriz/,/noticias/solucion-automatizada-camds-de-ipoint-minimiza-esfuerzos-de-datos-materiales-para-la-industria-automotriz/,8865,closed,closed,1
5126,/noticias/juegos-de-casino-de-primera-de-playstudios-amplian-la-asociacion-con-resorts-world-con-el-lanzamiento-de-premios-en-nueva-york-y-bimini/,200,0,/noticias/juegos-de-casino-de-primera-de-playstudios-amplian-la-asociacion-con-resorts-world-con-el-lanzamiento-de-premios-en-nueva-york-y-bimini/,/noticias/juegos-de-casino-de-primera-de-playstudios-amplian-la-asociacion-con-resorts-world-con-el-lanzamiento-de-premios-en-nueva-york-y-bimini/,8866,closed,closed,1
5127,/noticias/cuatro-increibles-activistas-humanitarios-finalistas-del-aurora-prize-for-awakening-humanity-por-us1-millon/,200,0,/noticias/cuatro-increibles-activistas-humanitarios-finalistas-del-aurora-prize-for-awakening-humanity-por-us1-millon/,/noticias/cuatro-increibles-activistas-humanitarios-finalistas-del-aurora-prize-for-awakening-humanity-por-us1-millon/,8867,closed,closed,1
5128,/noticias/institucion-del-grupo-ser-educacional-se-asocia-con-colgate-de-ee-uu/,200,0,/noticias/institucion-del-grupo-ser-educacional-se-asocia-con-colgate-de-ee-uu/,/noticias/institucion-del-grupo-ser-educacional-se-asocia-con-colgate-de-ee-uu/,8868,closed,closed,1
5129,/noticias/basf-y-avantium-pretenden-establecer-una-joint-venture/,200,0,/noticias/basf-y-avantium-pretenden-establecer-una-joint-venture/,/noticias/basf-y-avantium-pretenden-establecer-una-joint-venture/,8869,closed,closed,1
5130,/noticias/sundyne-anuncia-un-nuevo-centro-de-servicio-autorizado-en-colombia/,200,0,/noticias/sundyne-anuncia-un-nuevo-centro-de-servicio-autorizado-en-colombia/,/noticias/sundyne-anuncia-un-nuevo-centro-de-servicio-autorizado-en-colombia/,8870,closed,closed,1
5131,/noticias/nira-dynamics-ab-lanza-una-nueva-solucion-de-seguridad-para-una-mayor-conciencia-del-conductor/,200,0,/noticias/nira-dynamics-ab-lanza-una-nueva-solucion-de-seguridad-para-una-mayor-conciencia-del-conductor/,/noticias/nira-dynamics-ab-lanza-una-nueva-solucion-de-seguridad-para-una-mayor-conciencia-del-conductor/,8871,closed,closed,1
5132,/noticias/complejo-grand-lucayan-resort-en-venta-en-subasta-a-sobre-cerrado/,200,0,/noticias/complejo-grand-lucayan-resort-en-venta-en-subasta-a-sobre-cerrado/,/noticias/complejo-grand-lucayan-resort-en-venta-en-subasta-a-sobre-cerrado/,8872,closed,closed,1
5133,/noticias/activacion-de-la-nueva-ruta-submarina-del-pacifico-de-level-3-mejora-la-conexion-de-colombia-con-las-principales-ciudades-de-las-americas-europa-y-asia/,200,0,/noticias/activacion-de-la-nueva-ruta-submarina-del-pacifico-de-level-3-mejora-la-conexion-de-colombia-con-las-principales-ciudades-de-las-americas-europa-y-asia/,/noticias/activacion-de-la-nueva-ruta-submarina-del-pacifico-de-level-3-mejora-la-conexion-de-colombia-con-las-principales-ciudades-de-las-americas-europa-y-asia/,8873,closed,closed,1
5134,/noticias/mts-3060-smartcan-de-marvin-test-solutions-elegida-como-la-solucion-para-pruebas-de-armamento-de-lineas-de-vuelo-para-aviones-f-16-tafa-50-y-hawk/,200,0,/noticias/mts-3060-smartcan-de-marvin-test-solutions-elegida-como-la-solucion-para-pruebas-de-armamento-de-lineas-de-vuelo-para-aviones-f-16-tafa-50-y-hawk/,/noticias/mts-3060-smartcan-de-marvin-test-solutions-elegida-como-la-solucion-para-pruebas-de-armamento-de-lineas-de-vuelo-para-aviones-f-16-tafa-50-y-hawk/,8874,closed,closed,1
5135,/noticias/fossil-group-lanzara-wearables-para-ocho-marcas-y-en-40-paises-el-2016/,200,0,/noticias/fossil-group-lanzara-wearables-para-ocho-marcas-y-en-40-paises-el-2016/,/noticias/fossil-group-lanzara-wearables-para-ocho-marcas-y-en-40-paises-el-2016/,8875,closed,closed,1
5136,/noticias/thuraya-lanza-servicio-m2m-y-primer-terminal-que-operara-en-norteamerica/,200,0,/noticias/thuraya-lanza-servicio-m2m-y-primer-terminal-que-operara-en-norteamerica/,/noticias/thuraya-lanza-servicio-m2m-y-primer-terminal-que-operara-en-norteamerica/,8876,closed,closed,1
5137,/noticias/ixblue-presenta-su-novedoso-sistema-de-navegacion-inercial-rovins-nano-y-revoluciona-la-navegacion-de-rov/,200,0,/noticias/ixblue-presenta-su-novedoso-sistema-de-navegacion-inercial-rovins-nano-y-revoluciona-la-navegacion-de-rov/,/noticias/ixblue-presenta-su-novedoso-sistema-de-navegacion-inercial-rovins-nano-y-revoluciona-la-navegacion-de-rov/,8877,closed,closed,1
5098,/noticias/emblematica-publicacion-de-lancet-neurology-exige-compromiso-a-largo-plazo-para-luchar-contra-la-demencia/,200,0,/noticias/emblematica-publicacion-de-lancet-neurology-exige-compromiso-a-largo-plazo-para-luchar-contra-la-demencia/,/noticias/emblematica-publicacion-de-lancet-neurology-exige-compromiso-a-largo-plazo-para-luchar-contra-la-demencia/,8850,closed,closed,1
5099,/noticias/experiencias-fuera-de-lo-ordinario-para-descubrir-la-ciudad-de-mexico-en-semana-santa/,200,0,/noticias/experiencias-fuera-de-lo-ordinario-para-descubrir-la-ciudad-de-mexico-en-semana-santa/,/noticias/experiencias-fuera-de-lo-ordinario-para-descubrir-la-ciudad-de-mexico-en-semana-santa/,8851,closed,closed,1
5100,/noticias/cana-de-azucar-fuente-de-energia-sostenible-en-el-salvador-by-contra-punto-diario-digital/,200,0,/noticias/cana-de-azucar-fuente-de-energia-sostenible-en-el-salvador-by-contra-punto-diario-digital/,/noticias/cana-de-azucar-fuente-de-energia-sostenible-en-el-salvador-by-contra-punto-diario-digital/,8852,closed,closed,1
5101,/noticias/mec-prime-banner-chemicals-uk-se-enorgullece-de-presentar-la-nueva-gama-de-productos-de-cloruro-de-metileno-prime/,200,0,/noticias/mec-prime-banner-chemicals-uk-se-enorgullece-de-presentar-la-nueva-gama-de-productos-de-cloruro-de-metileno-prime/,/noticias/mec-prime-banner-chemicals-uk-se-enorgullece-de-presentar-la-nueva-gama-de-productos-de-cloruro-de-metileno-prime/,8853,closed,closed,1
5102,/noticias/latin-trade-presenta-a-los-25-mejores-jovenes-empresarios-de-america-latina/,200,0,/noticias/latin-trade-presenta-a-los-25-mejores-jovenes-empresarios-de-america-latina/,/noticias/latin-trade-presenta-a-los-25-mejores-jovenes-empresarios-de-america-latina/,8854,closed,closed,1
5103,/noticias/dubai-lleva-la-innovacion-al-area-deportiva-con-los-juegos-world-future-sports-en-diciembre-de-2017/,200,0,/noticias/dubai-lleva-la-innovacion-al-area-deportiva-con-los-juegos-world-future-sports-en-diciembre-de-2017/,/noticias/dubai-lleva-la-innovacion-al-area-deportiva-con-los-juegos-world-future-sports-en-diciembre-de-2017/,8855,closed,closed,1
5104,/noticias/hennessy-xo-invita-al-director-de-cine-nicolas-winding-refn-a-crear-un-viaje-sensorial-para-su-nueva-campana-odyssey/,200,0,/noticias/hennessy-xo-invita-al-director-de-cine-nicolas-winding-refn-a-crear-un-viaje-sensorial-para-su-nueva-campana-odyssey/,/noticias/hennessy-xo-invita-al-director-de-cine-nicolas-winding-refn-a-crear-un-viaje-sensorial-para-su-nueva-campana-odyssey/,8856,closed,closed,1
5105,/noticias/trax-designa-a-steve-hornyak-para-dirigir-su-expansion-por-el-continente-americano/,200,0,/noticias/trax-designa-a-steve-hornyak-para-dirigir-su-expansion-por-el-continente-americano/,/noticias/trax-designa-a-steve-hornyak-para-dirigir-su-expansion-por-el-continente-americano/,8857,closed,closed,1
5106,/noticias/dermalog-suministra-lectores-de-huellas-digitales-para-el-registro-de-refugiados-en-alemania/,200,0,/noticias/dermalog-suministra-lectores-de-huellas-digitales-para-el-registro-de-refugiados-en-alemania/,/noticias/dermalog-suministra-lectores-de-huellas-digitales-para-el-registro-de-refugiados-en-alemania/,8858,closed,closed,1
5107,/noticias/canticos-presenta-los-pollitos-little-chickies-el-primer-titulo-de-la-coleccion-inspirada-en-las-adorables-canciones-de-cuna/,200,0,/noticias/canticos-presenta-los-pollitos-little-chickies-el-primer-titulo-de-la-coleccion-inspirada-en-las-adorables-canciones-de-cuna/,/noticias/canticos-presenta-los-pollitos-little-chickies-el-primer-titulo-de-la-coleccion-inspirada-en-las-adorables-canciones-de-cuna/,8859,closed,closed,1
5072,/publicidad/aliados-o-charlatanes-donde-te-ves/,200,0,/publicidad/aliados-o-charlatanes-donde-te-ves/,/publicidad/aliados-o-charlatanes-donde-te-ves/,8729,closed,closed,1
5057,/mercadotecnia/en-un-mundo-perfecto-la-marca-es-irrelevante/,200,0,/mercadotecnia/en-un-mundo-perfecto-la-marca-es-irrelevante/,/mercadotecnia/en-un-mundo-perfecto-la-marca-es-irrelevante/,8711,closed,closed,1
5090,/emprendimiento/pymes/pymes-y-sus-marcas-la-mente-y-corazon-de-los-empresarios/,200,0,/emprendimiento/pymes/pymes-y-sus-marcas-la-mente-y-corazon-de-los-empresarios/,/emprendimiento/pymes/pymes-y-sus-marcas-la-mente-y-corazon-de-los-empresarios/,8709,closed,closed,1
5077,/noticias/tane-y-la-iconica-iris-apfel-colaboran-juntos-en-una-coleccion-inolvidable/,200,0,/noticias/tane-y-la-iconica-iris-apfel-colaboran-juntos-en-una-coleccion-inolvidable/,/noticias/tane-y-la-iconica-iris-apfel-colaboran-juntos-en-una-coleccion-inolvidable/,8844,closed,closed,1
5078,/noticias/precision-aviation-group-pag-empresa-matriz-de-precision-heliparts-php-anuncia-la-inauguracion-de-nuevo-centro-en-sao-paulo-brasil/,200,0,/noticias/precision-aviation-group-pag-empresa-matriz-de-precision-heliparts-php-anuncia-la-inauguracion-de-nuevo-centro-en-sao-paulo-brasil/,/noticias/precision-aviation-group-pag-empresa-matriz-de-precision-heliparts-php-anuncia-la-inauguracion-de-nuevo-centro-en-sao-paulo-brasil/,8845,closed,closed,1
5079,/noticias/fibra-prologis-asistira-a-la-conferencia-denominada-citi-2016-global-property-ceo-conference/,200,0,/noticias/fibra-prologis-asistira-a-la-conferencia-denominada-citi-2016-global-property-ceo-conference/,/noticias/fibra-prologis-asistira-a-la-conferencia-denominada-citi-2016-global-property-ceo-conference/,8846,closed,closed,1
5080,/noticias/el-lider-global-en-gestion-de-relaciones-con-socios-impartner-gana-en-los-stevie-awards-2016-por-ventas-y-servicio-al-cliente/,200,0,/noticias/el-lider-global-en-gestion-de-relaciones-con-socios-impartner-gana-en-los-stevie-awards-2016-por-ventas-y-servicio-al-cliente/,/noticias/el-lider-global-en-gestion-de-relaciones-con-socios-impartner-gana-en-los-stevie-awards-2016-por-ventas-y-servicio-al-cliente/,8847,closed,closed,1
5089,/noticias/ramboll-crece-28-a-pesar-de-las-dificiles-condiciones-de-mercado/,200,0,/noticias/ramboll-crece-28-a-pesar-de-las-dificiles-condiciones-de-mercado/,/noticias/ramboll-crece-28-a-pesar-de-las-dificiles-condiciones-de-mercado/,8849,closed,closed,1
5081,/noticias/la-biometria-de-dermalog-contribuye-a-la-prevencion-de-fraudes-en-nigeria/,200,0,/noticias/la-biometria-de-dermalog-contribuye-a-la-prevencion-de-fraudes-en-nigeria/,/noticias/la-biometria-de-dermalog-contribuye-a-la-prevencion-de-fraudes-en-nigeria/,8848,closed,closed,1
5037,/noticias/premian-a-daniel-chavez-moran-fundador-de-grupo-vidanta-como-empresario-del-ano/,200,0,/noticias/premian-a-daniel-chavez-moran-fundador-de-grupo-vidanta-como-empresario-del-ano/,/noticias/premian-a-daniel-chavez-moran-fundador-de-grupo-vidanta-como-empresario-del-ano/,8824,closed,closed,1
5038,/noticias/otorga-grupo-gentera-apoyos-por-82-mdp-a-organizaciones-civiles-by-juan-carlos-machorro/,200,0,/noticias/otorga-grupo-gentera-apoyos-por-82-mdp-a-organizaciones-civiles-by-juan-carlos-machorro/,/noticias/otorga-grupo-gentera-apoyos-por-82-mdp-a-organizaciones-civiles-by-juan-carlos-machorro/,8825,closed,closed,1
5039,/noticias/un-vistazo-al-festival-imaginativo-thomas-sabo-celebra-el-verano-con-estilo/,200,0,/noticias/un-vistazo-al-festival-imaginativo-thomas-sabo-celebra-el-verano-con-estilo/,/noticias/un-vistazo-al-festival-imaginativo-thomas-sabo-celebra-el-verano-con-estilo/,8826,closed,closed,1
5040,/noticias/la-experiencia-de-viajes-blast-off-to-houston-ofrece-grandes-ahorros-en-el-hyatt-regency-houston-y-las-principales-atracciones-de-la-ciudad/,200,0,/noticias/la-experiencia-de-viajes-blast-off-to-houston-ofrece-grandes-ahorros-en-el-hyatt-regency-houston-y-las-principales-atracciones-de-la-ciudad/,/noticias/la-experiencia-de-viajes-blast-off-to-houston-ofrece-grandes-ahorros-en-el-hyatt-regency-houston-y-las-principales-atracciones-de-la-ciudad/,8827,closed,closed,1
5041,/noticias/music-world-cup-anuncia-el-prelanzamiento-de-su-plataforma/,200,0,/noticias/music-world-cup-anuncia-el-prelanzamiento-de-su-plataforma/,/noticias/music-world-cup-anuncia-el-prelanzamiento-de-su-plataforma/,8828,closed,closed,1
5042,/noticias/telepizza-se-apoyara-en-master-franquiciados-locales-para-liderar-su-expansion-en-el-reino-unido/,200,0,/noticias/telepizza-se-apoyara-en-master-franquiciados-locales-para-liderar-su-expansion-en-el-reino-unido/,/noticias/telepizza-se-apoyara-en-master-franquiciados-locales-para-liderar-su-expansion-en-el-reino-unido/,8829,closed,closed,1
5043,/noticias/martini-da-inicio-a-la-temporada-2016-de-la-formula-uno-con-felipe-massa-y-valtteri-bottas/,200,0,/noticias/martini-da-inicio-a-la-temporada-2016-de-la-formula-uno-con-felipe-massa-y-valtteri-bottas/,/noticias/martini-da-inicio-a-la-temporada-2016-de-la-formula-uno-con-felipe-massa-y-valtteri-bottas/,8830,closed,closed,1
5044,/noticias/que-compran-en-internet-las-mujeres-de-latinoamerica/,200,0,/noticias/que-compran-en-internet-las-mujeres-de-latinoamerica/,/noticias/que-compran-en-internet-las-mujeres-de-latinoamerica/,8831,closed,closed,1
5045,/noticias/etihad-airways-comienza-la-venta-de-pasajes-en-la-argentina/,200,0,/noticias/etihad-airways-comienza-la-venta-de-pasajes-en-la-argentina/,/noticias/etihad-airways-comienza-la-venta-de-pasajes-en-la-argentina/,8832,closed,closed,1
5046,/noticias/marcatel-selecciona-la-solucion-de-genband-y-netnumber-para-modernizar-su-vital-infraestructura/,200,0,/noticias/marcatel-selecciona-la-solucion-de-genband-y-netnumber-para-modernizar-su-vital-infraestructura/,/noticias/marcatel-selecciona-la-solucion-de-genband-y-netnumber-para-modernizar-su-vital-infraestructura/,8833,closed,closed,1
5047,/noticias/el-grupo-lombard-odier-informa-los-resultados-del-ano-2015/,200,0,/noticias/el-grupo-lombard-odier-informa-los-resultados-del-ano-2015/,/noticias/el-grupo-lombard-odier-informa-los-resultados-del-ano-2015/,8834,closed,closed,1
5048,/noticias/focusvision-presenta-a-jamin-brazil-como-ceo/,200,0,/noticias/focusvision-presenta-a-jamin-brazil-como-ceo/,/noticias/focusvision-presenta-a-jamin-brazil-como-ceo/,8835,closed,closed,1
5049,/noticias/ddb-worldwide-conmemora-el-dia-internacional-de-la-mujer-2016-con-una-iniciativa-para-eliminar-el-genero/,200,0,/noticias/ddb-worldwide-conmemora-el-dia-internacional-de-la-mujer-2016-con-una-iniciativa-para-eliminar-el-genero/,/noticias/ddb-worldwide-conmemora-el-dia-internacional-de-la-mujer-2016-con-una-iniciativa-para-eliminar-el-genero/,8836,closed,closed,1
5050,/noticias/sirva-presenta-nueva-identidad-de-marca/,200,0,/noticias/sirva-presenta-nueva-identidad-de-marca/,/noticias/sirva-presenta-nueva-identidad-de-marca/,8837,closed,closed,1
5051,/noticias/consultas-gratis-para-detectar-cancer-de-piel-en-la-republica-mexicana/,200,0,/noticias/consultas-gratis-para-detectar-cancer-de-piel-en-la-republica-mexicana/,/noticias/consultas-gratis-para-detectar-cancer-de-piel-en-la-republica-mexicana/,8838,closed,closed,1
5052,/noticias/disene-instalaciones-hidraulicas-de-manera-facil-by-iway-magazine/,200,0,/noticias/disene-instalaciones-hidraulicas-de-manera-facil-by-iway-magazine/,/noticias/disene-instalaciones-hidraulicas-de-manera-facil-by-iway-magazine/,8839,closed,closed,1
5053,/noticias/moneta-technologies-lanza-solucion-biometrica-facial-que-impide-el-robo-de-identidad/,200,0,/noticias/moneta-technologies-lanza-solucion-biometrica-facial-que-impide-el-robo-de-identidad/,/noticias/moneta-technologies-lanza-solucion-biometrica-facial-que-impide-el-robo-de-identidad/,8840,closed,closed,1
5054,/noticias/telepizza-apuesta-por-la-master-franquicia-para-su-expansion-internacional-abrira-100-tiendas-en-10-anos-en-arabia-saudi/,200,0,/noticias/telepizza-apuesta-por-la-master-franquicia-para-su-expansion-internacional-abrira-100-tiendas-en-10-anos-en-arabia-saudi/,/noticias/telepizza-apuesta-por-la-master-franquicia-para-su-expansion-internacional-abrira-100-tiendas-en-10-anos-en-arabia-saudi/,8841,closed,closed,1
5055,/noticias/celigo-concreta-us8-millones-en-financiacion-de-capital-para-el-crecimiento/,200,0,/noticias/celigo-concreta-us8-millones-en-financiacion-de-capital-para-el-crecimiento/,/noticias/celigo-concreta-us8-millones-en-financiacion-de-capital-para-el-crecimiento/,8842,closed,closed,1
5056,/noticias/emerge-americas-anuncia-los-finalistas-del-startup-showcase-2016-que-incluyen-representantes-de-15-paises/,200,0,/noticias/emerge-americas-anuncia-los-finalistas-del-startup-showcase-2016-que-incluyen-representantes-de-15-paises/,/noticias/emerge-americas-anuncia-los-finalistas-del-startup-showcase-2016-que-incluyen-representantes-de-15-paises/,8843,closed,closed,1
5018,/noticias/las-ciudades-europeas-continuaron-atrayendo-a-cada-vez-mas-cantidad-de-turistas-a-pesar-de-un-ano-problematico-en-europa-el-numero-de-noches-aumento-42-en-2015/,200,0,/noticias/las-ciudades-europeas-continuaron-atrayendo-a-cada-vez-mas-cantidad-de-turistas-a-pesar-de-un-ano-problematico-en-europa-el-numero-de-noches-aumento-42-en-2015/,/noticias/las-ciudades-europeas-continuaron-atrayendo-a-cada-vez-mas-cantidad-de-turistas-a-pesar-de-un-ano-problematico-en-europa-el-numero-de-noches-aumento-42-en-2015/,8798,closed,closed,1
5019,/noticias/aireuropa-integra-a-safetypay-como-medio-de-pago/,200,0,/noticias/aireuropa-integra-a-safetypay-como-medio-de-pago/,/noticias/aireuropa-integra-a-safetypay-como-medio-de-pago/,8799,closed,closed,1
5020,/noticias/el-servicio-de-paqueteria-de-ups-worldwide-express-se-expande-a-nuevos-paises-de-latinoamerica-y-el-caribe/,200,0,/noticias/el-servicio-de-paqueteria-de-ups-worldwide-express-se-expande-a-nuevos-paises-de-latinoamerica-y-el-caribe/,/noticias/el-servicio-de-paqueteria-de-ups-worldwide-express-se-expande-a-nuevos-paises-de-latinoamerica-y-el-caribe/,8800,closed,closed,1
5021,/noticias/rokkan-obtiene-la-funcion-de-la-direccion-creativa-para-cafe-de-colombia/,200,0,/noticias/rokkan-obtiene-la-funcion-de-la-direccion-creativa-para-cafe-de-colombia/,/noticias/rokkan-obtiene-la-funcion-de-la-direccion-creativa-para-cafe-de-colombia/,8801,closed,closed,1
5022,/noticias/g2a-junto-con-gaming-for-good-y-save-the-children-activan-a-los-vengadores-de-la-comunidad-de-los-juegos-para-el-humanitarian-emergency-all-out-response-team-heart-en-etiopia/,200,0,/noticias/g2a-junto-con-gaming-for-good-y-save-the-children-activan-a-los-vengadores-de-la-comunidad-de-los-juegos-para-el-humanitarian-emergency-all-out-response-team-heart-en-etiopia/,/noticias/g2a-junto-con-gaming-for-good-y-save-the-children-activan-a-los-vengadores-de-la-comunidad-de-los-juegos-para-el-humanitarian-emergency-all-out-response-team-heart-en-etiopia/,8802,closed,closed,1
5016,/publicidad/guias/lo-que-todo-anunciante-debe-saber-la-mitad-de-la-publicidad-sirve-la-otra-mitad-no/,200,0,/publicidad/guias/lo-que-todo-anunciante-debe-saber-la-mitad-de-la-publicidad-sirve-la-otra-mitad-no/,/publicidad/guias/lo-que-todo-anunciante-debe-saber-la-mitad-de-la-publicidad-sirve-la-otra-mitad-no/,8737,closed,closed,1
5023,/noticias/noche-de-estrellas-en-la-clausura-del-xviii-festival-del-habano/,200,0,/noticias/noche-de-estrellas-en-la-clausura-del-xviii-festival-del-habano/,/noticias/noche-de-estrellas-en-la-clausura-del-xviii-festival-del-habano/,8803,closed,closed,1
5024,/noticias/la-carrera-de-chicharito-en-canciones-de-rock-by-rock-sonico/,200,0,/noticias/la-carrera-de-chicharito-en-canciones-de-rock-by-rock-sonico/,/noticias/la-carrera-de-chicharito-en-canciones-de-rock-by-rock-sonico/,8804,closed,closed,1
5025,/noticias/a-156-ciudades-en-mexico-les-quedan-10-dias-para-ingresar-al-mayors-challenge-2016-de-bloomberg-philanthropies-y-competir-por-9-millones-de-dolares-estadounidenses-para-fondos-de-innovacion/,200,0,/noticias/a-156-ciudades-en-mexico-les-quedan-10-dias-para-ingresar-al-mayors-challenge-2016-de-bloomberg-philanthropies-y-competir-por-9-millones-de-dolares-estadounidenses-para-fondos-de-innovacion/,/noticias/a-156-ciudades-en-mexico-les-quedan-10-dias-para-ingresar-al-mayors-challenge-2016-de-bloomberg-philanthropies-y-competir-por-9-millones-de-dolares-estadounidenses-para-fondos-de-innovacion/,8805,closed,closed,1
5027,/noticias/equipment-spare-parts-de-miami-es-nombrado-vendedor-autorizado-para-el-caribe-por-uno-de-los-principales-suministradores-de-piezas-de-motores-y-maquinaria-del-mundo/,200,0,/noticias/equipment-spare-parts-de-miami-es-nombrado-vendedor-autorizado-para-el-caribe-por-uno-de-los-principales-suministradores-de-piezas-de-motores-y-maquinaria-del-mundo/,/noticias/equipment-spare-parts-de-miami-es-nombrado-vendedor-autorizado-para-el-caribe-por-uno-de-los-principales-suministradores-de-piezas-de-motores-y-maquinaria-del-mundo/,8815,closed,closed,1
5028,/noticias/markets-group-los-principales-bancos-centrales-de-ee-uu-america-latina-y-el-caribe-se-reuniran-en-ciudad-de-panama-con-el-proposito-de-discutir-estrategias-de-inversion/,200,0,/noticias/markets-group-los-principales-bancos-centrales-de-ee-uu-america-latina-y-el-caribe-se-reuniran-en-ciudad-de-panama-con-el-proposito-de-discutir-estrategias-de-inversion/,/noticias/markets-group-los-principales-bancos-centrales-de-ee-uu-america-latina-y-el-caribe-se-reuniran-en-ciudad-de-panama-con-el-proposito-de-discutir-estrategias-de-inversion/,8816,closed,closed,1
5029,/noticias/anuncian-a-los-ganadores-del-premio-harold-w-mcgraw-jr-en-educacion/,200,0,/noticias/anuncian-a-los-ganadores-del-premio-harold-w-mcgraw-jr-en-educacion/,/noticias/anuncian-a-los-ganadores-del-premio-harold-w-mcgraw-jr-en-educacion/,8817,closed,closed,1
5030,/noticias/stadler-director-ejecutivo-de-audi-planeamos-continuar-con-nuestro-crecimiento-en-2016/,200,0,/noticias/stadler-director-ejecutivo-de-audi-planeamos-continuar-con-nuestro-crecimiento-en-2016/,/noticias/stadler-director-ejecutivo-de-audi-planeamos-continuar-con-nuestro-crecimiento-en-2016/,8818,closed,closed,1
5031,/noticias/donde-vamos-a-cenar-hoy-taco-guru-by-yellowlink/,200,0,/noticias/donde-vamos-a-cenar-hoy-taco-guru-by-yellowlink/,/noticias/donde-vamos-a-cenar-hoy-taco-guru-by-yellowlink/,8819,closed,closed,1
5032,/noticias/hola-tv-celebra-a-la-mujer-en-marzo-con-estrenos-y-programacion-especial-de-mujeres-que-inspiran/,200,0,/noticias/hola-tv-celebra-a-la-mujer-en-marzo-con-estrenos-y-programacion-especial-de-mujeres-que-inspiran/,/noticias/hola-tv-celebra-a-la-mujer-en-marzo-con-estrenos-y-programacion-especial-de-mujeres-que-inspiran/,8820,closed,closed,1
5033,/noticias/conoce-las-novedades-four-seasons-para-este-2016/,200,0,/noticias/conoce-las-novedades-four-seasons-para-este-2016/,/noticias/conoce-las-novedades-four-seasons-para-este-2016/,8821,closed,closed,1
5034,/noticias/isuzu-presenta-el-autobus-para-pasajeros-elf-600-bus/,200,0,/noticias/isuzu-presenta-el-autobus-para-pasajeros-elf-600-bus/,/noticias/isuzu-presenta-el-autobus-para-pasajeros-elf-600-bus/,8822,closed,closed,1
5035,/noticias/young-living-nombra-nuevo-coo/,200,0,/noticias/young-living-nombra-nuevo-coo/,/noticias/young-living-nombra-nuevo-coo/,8823,closed,closed,1
5014,/noticias/arisglobal-firma-acuerdo-con-el-primer-cliente-de-arisg-en-china/,200,0,/noticias/arisglobal-firma-acuerdo-con-el-primer-cliente-de-arisg-en-china/,/noticias/arisglobal-firma-acuerdo-con-el-primer-cliente-de-arisg-en-china/,8795,closed,closed,1
5015,/noticias/lcm-partners-gana-en-los-premios-private-debt-investor-2015/,200,0,/noticias/lcm-partners-gana-en-los-premios-private-debt-investor-2015/,/noticias/lcm-partners-gana-en-los-premios-private-debt-investor-2015/,8796,closed,closed,1
5007,/noticias/rackspace-lider-en-nube-gestionada-colabora-con-impartner-para-fortalecer-la-experiencia-de-socios-de-canales/,200,0,/noticias/rackspace-lider-en-nube-gestionada-colabora-con-impartner-para-fortalecer-la-experiencia-de-socios-de-canales/,/noticias/rackspace-lider-en-nube-gestionada-colabora-con-impartner-para-fortalecer-la-experiencia-de-socios-de-canales/,8788,closed,closed,1
5008,/noticias/risen-energy-anuncia-los-resultados-para-el-ano-2015-completo/,200,0,/noticias/risen-energy-anuncia-los-resultados-para-el-ano-2015-completo/,/noticias/risen-energy-anuncia-los-resultados-para-el-ano-2015-completo/,8789,closed,closed,1
5009,/noticias/dentsply-sirona-la-fusion-crea-the-dental-solutions-company/,200,0,/noticias/dentsply-sirona-la-fusion-crea-the-dental-solutions-company/,/noticias/dentsply-sirona-la-fusion-crea-the-dental-solutions-company/,8790,closed,closed,1
5010,/noticias/vichy-anuncia-la-primera-beca-exposoma-de-vichy-anual/,200,0,/noticias/vichy-anuncia-la-primera-beca-exposoma-de-vichy-anual/,/noticias/vichy-anuncia-la-primera-beca-exposoma-de-vichy-anual/,8791,closed,closed,1
5011,/noticias/hikvision-comunica-los-resultados-preliminares-de-sus-ganancias-en-2015-con-un-4697-de-crecimiento/,200,0,/noticias/hikvision-comunica-los-resultados-preliminares-de-sus-ganancias-en-2015-con-un-4697-de-crecimiento/,/noticias/hikvision-comunica-los-resultados-preliminares-de-sus-ganancias-en-2015-con-un-4697-de-crecimiento/,8792,closed,closed,1
5012,/noticias/mohawk-industries-con-record-de-utilidades-en-el-cuarto-trimestre/,200,0,/noticias/mohawk-industries-con-record-de-utilidades-en-el-cuarto-trimestre/,/noticias/mohawk-industries-con-record-de-utilidades-en-el-cuarto-trimestre/,8793,closed,closed,1
5013,/noticias/aeropuerto-salvadoreno-a-la-vanguardia-en-la-region-by-contrapunto-diario-digital/,200,0,/noticias/aeropuerto-salvadoreno-a-la-vanguardia-en-la-region-by-contrapunto-diario-digital/,/noticias/aeropuerto-salvadoreno-a-la-vanguardia-en-la-region-by-contrapunto-diario-digital/,8794,closed,closed,1
4998,/noticias/apr-energy-pone-en-marcha-planta-de-turbina-a-gas-para-cliente-industrial-en-egipto/,200,0,/noticias/apr-energy-pone-en-marcha-planta-de-turbina-a-gas-para-cliente-industrial-en-egipto/,/noticias/apr-energy-pone-en-marcha-planta-de-turbina-a-gas-para-cliente-industrial-en-egipto/,8787,closed,closed,1
4997,/noticias/reed-meriwether-se-incorpora-a-greeley-and-hansen-como-nuevo-director-gerente/,200,0,/noticias/reed-meriwether-se-incorpora-a-greeley-and-hansen-como-nuevo-director-gerente/,/noticias/reed-meriwether-se-incorpora-a-greeley-and-hansen-como-nuevo-director-gerente/,8786,closed,closed,1
4994,/noticias/huawei-y-leica-camera-anuncian-alianza-tecnologica-a-largo-plazo-para-la-reinvencion-de-la-fotografia-en-los-telefonos-inteligentes/,200,0,/noticias/huawei-y-leica-camera-anuncian-alianza-tecnologica-a-largo-plazo-para-la-reinvencion-de-la-fotografia-en-los-telefonos-inteligentes/,/noticias/huawei-y-leica-camera-anuncian-alianza-tecnologica-a-largo-plazo-para-la-reinvencion-de-la-fotografia-en-los-telefonos-inteligentes/,8785,closed,closed,1
4992,/noticias/la-feria-de-canton-establece-un-nuevo-modelo-para-presentar-su-negocio-a-traves-de-una-videoconferencia-remota/,200,0,/noticias/la-feria-de-canton-establece-un-nuevo-modelo-para-presentar-su-negocio-a-traves-de-una-videoconferencia-remota/,/noticias/la-feria-de-canton-establece-un-nuevo-modelo-para-presentar-su-negocio-a-traves-de-una-videoconferencia-remota/,8783,closed,closed,1
4993,/noticias/osteoartritis-de-rodilla-suero-autologo-condicionado-acs-combinado-con-fisioterapia-produjo-una-significativa-mejora-en-el-dolor-y-la-funcion/,200,0,/noticias/osteoartritis-de-rodilla-suero-autologo-condicionado-acs-combinado-con-fisioterapia-produjo-una-significativa-mejora-en-el-dolor-y-la-funcion/,/noticias/osteoartritis-de-rodilla-suero-autologo-condicionado-acs-combinado-con-fisioterapia-produjo-una-significativa-mejora-en-el-dolor-y-la-funcion/,8784,closed,closed,1
4988,/noticias/ecwid-la-solucion-1-de-comercio-electronico-lanza-un-sitio-web-enfocado-en-mexico/,200,0,/noticias/ecwid-la-solucion-1-de-comercio-electronico-lanza-un-sitio-web-enfocado-en-mexico/,/noticias/ecwid-la-solucion-1-de-comercio-electronico-lanza-un-sitio-web-enfocado-en-mexico/,8781,closed,closed,1
4989,/noticias/isagenix-alcanza-los-us4000-millones-en-ventas-globales-acumuladas/,200,0,/noticias/isagenix-alcanza-los-us4000-millones-en-ventas-globales-acumuladas/,/noticias/isagenix-alcanza-los-us4000-millones-en-ventas-globales-acumuladas/,8782,closed,closed,1
4973,/publicidad/creatividad/puedes-haber-sido-victima-de-un-fraude-informate/,200,0,/publicidad/creatividad/puedes-haber-sido-victima-de-un-fraude-informate/,/publicidad/creatividad/puedes-haber-sido-victima-de-un-fraude-informate/,8739,closed,closed,1
4971,/noticias/lutron-presenta-ultimas-innovaciones-en-ela-2016/,200,0,/noticias/lutron-presenta-ultimas-innovaciones-en-ela-2016/,/noticias/lutron-presenta-ultimas-innovaciones-en-ela-2016/,8780,closed,closed,1
4968,/noticias/alimentaria-espera-mas-de-5500-visitantes-latinoamericanos/,200,0,/noticias/alimentaria-espera-mas-de-5500-visitantes-latinoamericanos/,/noticias/alimentaria-espera-mas-de-5500-visitantes-latinoamericanos/,8777,closed,closed,1
4969,/noticias/el-aeropuerto-internacional-numero-uno-del-mundo-ahora-mas-grande-y-mejor/,200,0,/noticias/el-aeropuerto-internacional-numero-uno-del-mundo-ahora-mas-grande-y-mejor/,/noticias/el-aeropuerto-internacional-numero-uno-del-mundo-ahora-mas-grande-y-mejor/,8778,closed,closed,1
4970,/noticias/italtel-lanza-una-nueva-aplicacion-basada-en-sdn-para-la-harmonizacion-de-la-red-de-servicios/,200,0,/noticias/italtel-lanza-una-nueva-aplicacion-basada-en-sdn-para-la-harmonizacion-de-la-red-de-servicios/,/noticias/italtel-lanza-una-nueva-aplicacion-basada-en-sdn-para-la-harmonizacion-de-la-red-de-servicios/,8779,closed,closed,1
4965,/noticias/pacific-brinda-actualizacion-con-respecto-al-bloque-quifa/,200,0,/noticias/pacific-brinda-actualizacion-con-respecto-al-bloque-quifa/,/noticias/pacific-brinda-actualizacion-con-respecto-al-bloque-quifa/,8774,closed,closed,1
4966,/noticias/i2c-y-tis-forman-una-asociacion-estrategica-para-llevar-innovadoras-soluciones-de-pago-a-japon-y-otros-mercados-asiaticos-cruciales/,200,0,/noticias/i2c-y-tis-forman-una-asociacion-estrategica-para-llevar-innovadoras-soluciones-de-pago-a-japon-y-otros-mercados-asiaticos-cruciales/,/noticias/i2c-y-tis-forman-una-asociacion-estrategica-para-llevar-innovadoras-soluciones-de-pago-a-japon-y-otros-mercados-asiaticos-cruciales/,8775,closed,closed,1
4967,/noticias/lexington-partners-inaugura-oficina-en-santiago/,200,0,/noticias/lexington-partners-inaugura-oficina-en-santiago/,/noticias/lexington-partners-inaugura-oficina-en-santiago/,8776,closed,closed,1
4962,/noticias/barbados-adopta-legislacion-sobre-companias-de-celulas-incorporadas/,200,0,/noticias/barbados-adopta-legislacion-sobre-companias-de-celulas-incorporadas/,/noticias/barbados-adopta-legislacion-sobre-companias-de-celulas-incorporadas/,8771,closed,closed,1
4963,/noticias/se-publica-el-estudio-sirflox-en-la-journal-of-clinical-oncology/,200,0,/noticias/se-publica-el-estudio-sirflox-en-la-journal-of-clinical-oncology/,/noticias/se-publica-el-estudio-sirflox-en-la-journal-of-clinical-oncology/,8772,closed,closed,1
4964,/noticias/el-mayor-talento-musical-en-el-xviii-festival-del-habano/,200,0,/noticias/el-mayor-talento-musical-en-el-xviii-festival-del-habano/,/noticias/el-mayor-talento-musical-en-el-xviii-festival-del-habano/,8773,closed,closed,1
4961,/noticias/huawei-y-deutsche-telekom-presentan-la-tecnologia-de-seccionado-de-red-5g-e2e/,200,0,/noticias/huawei-y-deutsche-telekom-presentan-la-tecnologia-de-seccionado-de-red-5g-e2e/,/noticias/huawei-y-deutsche-telekom-presentan-la-tecnologia-de-seccionado-de-red-5g-e2e/,8770,closed,closed,1
4960,/noticias/andes-wines-destaca-que-la-vendimia-argentina-se-atrasara-entre-10-a-30-dias-segun-cepaje/,200,0,/noticias/andes-wines-destaca-que-la-vendimia-argentina-se-atrasara-entre-10-a-30-dias-segun-cepaje/,/noticias/andes-wines-destaca-que-la-vendimia-argentina-se-atrasara-entre-10-a-30-dias-segun-cepaje/,8769,closed,closed,1
4959,/noticias/el-salvador-apuesta-convertir-turismo-en-sector-estrategico-by-contrapunto-diario-digital/,200,0,/noticias/el-salvador-apuesta-convertir-turismo-en-sector-estrategico-by-contrapunto-diario-digital/,/noticias/el-salvador-apuesta-convertir-turismo-en-sector-estrategico-by-contrapunto-diario-digital/,8768,closed,closed,1
4951,/noticias/aprendiendo-autocad-2016-en-3d-para-diseno-arquitectonico-by-iway-magazine/,200,0,/noticias/aprendiendo-autocad-2016-en-3d-para-diseno-arquitectonico-by-iway-magazine/,/noticias/aprendiendo-autocad-2016-en-3d-para-diseno-arquitectonico-by-iway-magazine/,8766,closed,closed,1
4952,/noticias/que-son-las-familias-en-autodesk-revit-by-iway-magazine/,200,0,/noticias/que-son-las-familias-en-autodesk-revit-by-iway-magazine/,/noticias/que-son-las-familias-en-autodesk-revit-by-iway-magazine/,8767,closed,closed,1
4917,/noticias/konica-minolta-sensing-anuncia-su-participacion-en-plastimagen-mexico-2016/,200,0,/noticias/konica-minolta-sensing-anuncia-su-participacion-en-plastimagen-mexico-2016/,/noticias/konica-minolta-sensing-anuncia-su-participacion-en-plastimagen-mexico-2016/,8765,closed,closed,1
4906,/noticias/la-nueva-arcserve-unified-data-protection-udp-elimina-el-tiempo-de-recuperacion-mediante-disponibilidad-continua-recuperacion-instantanea-y-replicacion-en-entornos-en-la-nube-virtuales-y-fisicos/,200,0,/noticias/la-nueva-arcserve-unified-data-protection-udp-elimina-el-tiempo-de-recuperacion-mediante-disponibilidad-continua-recuperacion-instantanea-y-replicacion-en-entornos-en-la-nube-virtuales-y-fisicos/,/noticias/la-nueva-arcserve-unified-data-protection-udp-elimina-el-tiempo-de-recuperacion-mediante-disponibilidad-continua-recuperacion-instantanea-y-replicacion-en-entornos-en-la-nube-virtuales-y-fisicos/,8763,closed,closed,1
4907,/noticias/aplican-ciencia-en-elaboracion-de-tacos-by-juan-carlos-machorro/,200,0,/noticias/aplican-ciencia-en-elaboracion-de-tacos-by-juan-carlos-machorro/,/noticias/aplican-ciencia-en-elaboracion-de-tacos-by-juan-carlos-machorro/,8764,closed,closed,1
4903,/noticias/linedata-anuncia-el-lanzamiento-de-linedata-mobilekip/,200,0,/noticias/linedata-anuncia-el-lanzamiento-de-linedata-mobilekip/,/noticias/linedata-anuncia-el-lanzamiento-de-linedata-mobilekip/,8761,closed,closed,1
4904,/noticias/the-home-depot-anuncia-resultados-record-del-cuarto-trimestre-y-del-ano-fiscal-2015-aumenta-el-dividendo-trimestral-en-un-17-por-ciento-y-proporciona-la-guia-para-el-ano-fiscal-2016/,200,0,/noticias/the-home-depot-anuncia-resultados-record-del-cuarto-trimestre-y-del-ano-fiscal-2015-aumenta-el-dividendo-trimestral-en-un-17-por-ciento-y-proporciona-la-guia-para-el-ano-fiscal-2016/,/noticias/the-home-depot-anuncia-resultados-record-del-cuarto-trimestre-y-del-ano-fiscal-2015-aumenta-el-dividendo-trimestral-en-un-17-por-ciento-y-proporciona-la-guia-para-el-ano-fiscal-2016/,8762,closed,closed,1
4900,/noticias/la-nomina-del-futbol-de-pepsi-2016-introduce-la-tarjeta-azul-en-el-juego-global/,200,0,/noticias/la-nomina-del-futbol-de-pepsi-2016-introduce-la-tarjeta-azul-en-el-juego-global/,/noticias/la-nomina-del-futbol-de-pepsi-2016-introduce-la-tarjeta-azul-en-el-juego-global/,8760,closed,closed,1
4896,/noticias/lanzamiento-mundial-de-la-honourable-order-of-international-hotel-general-managers/,200,0,/noticias/lanzamiento-mundial-de-la-honourable-order-of-international-hotel-general-managers/,/noticias/lanzamiento-mundial-de-la-honourable-order-of-international-hotel-general-managers/,8758,closed,closed,1
4897,/noticias/se-inaugura-el-festival-internacional-de-cortometrajes-mercy-and-justice/,200,0,/noticias/se-inaugura-el-festival-internacional-de-cortometrajes-mercy-and-justice/,/noticias/se-inaugura-el-festival-internacional-de-cortometrajes-mercy-and-justice/,8759,closed,closed,1
4892,/noticias/mas-del-50-de-las-empresas-tienen-dispositivos-moviles-que-no-cumplen-con-las-normativas/,200,0,/noticias/mas-del-50-de-las-empresas-tienen-dispositivos-moviles-que-no-cumplen-con-las-normativas/,/noticias/mas-del-50-de-las-empresas-tienen-dispositivos-moviles-que-no-cumplen-con-las-normativas/,8756,closed,closed,1
4893,/noticias/oh-la-la-deals-de-air-france-las-mejores-ofertas-de-temporada/,200,0,/noticias/oh-la-la-deals-de-air-france-las-mejores-ofertas-de-temporada/,/noticias/oh-la-la-deals-de-air-france-las-mejores-ofertas-de-temporada/,8757,closed,closed,1
4881,/noticias/womens-forum-mexico-2016-girara-en-torno-a-co-creando-junts-co-creating-together/,200,0,/noticias/womens-forum-mexico-2016-girara-en-torno-a-co-creando-junts-co-creating-together/,/noticias/womens-forum-mexico-2016-girara-en-torno-a-co-creando-junts-co-creating-together/,8755,closed,closed,1
4867,/noticias/wincor-nixdorf-y-mahindra-comviva-se-asocian-para-permitir-operaciones-basadas-en-nfc-y-codigo-qr-en-los-cajeros-automaticos-con-la-billetera-mobiquity/,200,0,/noticias/wincor-nixdorf-y-mahindra-comviva-se-asocian-para-permitir-operaciones-basadas-en-nfc-y-codigo-qr-en-los-cajeros-automaticos-con-la-billetera-mobiquity/,/noticias/wincor-nixdorf-y-mahindra-comviva-se-asocian-para-permitir-operaciones-basadas-en-nfc-y-codigo-qr-en-los-cajeros-automaticos-con-la-billetera-mobiquity/,8750,closed,closed,1
4849,/noticias/medico-internista-el-guardian-de-la-salud-en-adultos/,200,0,/noticias/medico-internista-el-guardian-de-la-salud-en-adultos/,/noticias/medico-internista-el-guardian-de-la-salud-en-adultos/,8747,closed,closed,1
4850,/noticias/las-pruebas-con-5g-de-verizon-impulsan-al-ecosistema-hacia-una-rapida-comercializacion/,200,0,/noticias/las-pruebas-con-5g-de-verizon-impulsan-al-ecosistema-hacia-una-rapida-comercializacion/,/noticias/las-pruebas-con-5g-de-verizon-impulsan-al-ecosistema-hacia-una-rapida-comercializacion/,8748,closed,closed,1
4839,/noticias/huawei-impulsa-apertura-colaboracion-y-exito-compartido-para-habilitar-la-transformacion-digital-y-construir-un-mundo-mejor-conectado/,200,0,/noticias/huawei-impulsa-apertura-colaboracion-y-exito-compartido-para-habilitar-la-transformacion-digital-y-construir-un-mundo-mejor-conectado/,/noticias/huawei-impulsa-apertura-colaboracion-y-exito-compartido-para-habilitar-la-transformacion-digital-y-construir-un-mundo-mejor-conectado/,8746,closed,closed,1
4833,/noticias/los-operadores-de-telefonia-movil-aprovechan-los-us12-billones-del-ecosistema-de-los-viajes/,200,0,/noticias/los-operadores-de-telefonia-movil-aprovechan-los-us12-billones-del-ecosistema-de-los-viajes/,/noticias/los-operadores-de-telefonia-movil-aprovechan-los-us12-billones-del-ecosistema-de-los-viajes/,8745,closed,closed,1
