id,slug,url,nombre,categorias
1728,go-virtual,https://www.publi20.com/listing/go-virtual/,Go Virtual,
7973,productoras-planeta-films,https://www.publi20.com/listing/productoras-planeta-films/,Planeta films,
7972,agencia-de-publicidad-lagencita,https://www.publi20.com/listing/agencia-de-publicidad-lagencita/,Lagencita,
7971,agencia-de-marketing-digital-prospect-factory,https://www.publi20.com/listing/agencia-de-marketing-digital-prospect-factory/,Prospect Factory,
7970,agencia-de-marketing-digital-mente-digital,https://www.publi20.com/listing/agencia-de-marketing-digital-mente-digital/,Mente Digital,
7969,agencia-de-marketing-digital-digitalcodemx,https://www.publi20.com/listing/agencia-de-marketing-digital-digitalcodemx/,digitalcodemx,
7968,agencia-de-eventos-eslabon-empresarial,https://www.publi20.com/listing/agencia-de-eventos-eslabon-empresarial/,Eslabon Empresarial,
7967,lonas-j-lonas-l,https://www.publi20.com/listing/lonas-j-lonas-l/,LONAS J LONAS L,
7966,corporativo-vitrodise%c3%b1o-s-a-de-c-v,https://www.publi20.com/listing/corporativo-vitrodise%c3%b1o-s-a-de-c-v/,CORPORATIVO VITRODISEÃ‘O S.A DE C.V.,
7965,saga-del-cupatitzio-s-a-de-c-v,https://www.publi20.com/listing/saga-del-cupatitzio-s-a-de-c-v/,SAGA DEL CUPATITZIO S.A DE C.V,
7964,evolucion-grafica,https://www.publi20.com/listing/evolucion-grafica/,EVOLUCION GRAFICA,
7963,impresos-caba-s-a-de-c-v,https://www.publi20.com/listing/impresos-caba-s-a-de-c-v/,IMPRESOS CABA S.A. DE C.V.,
7962,macrea,https://www.publi20.com/listing/macrea/,MACREA,
7961,silverlight-records-sa-de-cv,https://www.publi20.com/listing/silverlight-records-sa-de-cv/,SILVERLIGHT RECORDS SA DE CV,
7960,west-mex-s-a-de-c-v,https://www.publi20.com/listing/west-mex-s-a-de-c-v/,"WEST MEX, S.A. DE C.V.",
7959,hidaltur-tips,https://www.publi20.com/listing/hidaltur-tips/,hidaltur tips,
7958,comercializadora-publishuttle-sa-de-cv,https://www.publi20.com/listing/comercializadora-publishuttle-sa-de-cv/,COMERCIALIZADORA PUBLISHUTTLE SA DE CV,
7957,viniletras-s-a-de-c-v,https://www.publi20.com/listing/viniletras-s-a-de-c-v/,VINILETRAS S.A. DE C.V.,
7956,gransfeer-ideas-publicidad-impresa-especializada-sa-de-cv,https://www.publi20.com/listing/gransfeer-ideas-publicidad-impresa-especializada-sa-de-cv/,GRANSFEER IDEAS PUBLICIDAD IMPRESA ESPECIALIZADA SA DE CV,
7955,faster-print,https://www.publi20.com/listing/faster-print/,FASTER PRINT,
7954,csd-publicidad,https://www.publi20.com/listing/csd-publicidad/,CSD PUBLICIDAD,
7953,ingra-publicidad-s-de-r-l-de-c-v,https://www.publi20.com/listing/ingra-publicidad-s-de-r-l-de-c-v/,INGRA PUBLICIDAD S. DE R.L. DE C.V.,
7952,rotulen-de-mexico-s-a-de-c-v,https://www.publi20.com/listing/rotulen-de-mexico-s-a-de-c-v/,ROTULEN DE MEXICO S.A. DE C.V.,
7951,exhibit-y-promotion-df,https://www.publi20.com/listing/exhibit-y-promotion-df/,Exhibit y Promotion,
7950,banquetes-extelarys,https://www.publi20.com/listing/banquetes-extelarys/,Banquetes Extelarys,
7949,centro-banamex-df,https://www.publi20.com/listing/centro-banamex-df/,Centro Banamex,
7948,digital-993-df,https://www.publi20.com/listing/digital-993-df/,Digital 99.3,
7947,grupo-acir-df,https://www.publi20.com/listing/grupo-acir-df/,Grupo Acir,
7946,fama-impresos-df,https://www.publi20.com/listing/fama-impresos-df/,FAMA Impresos,
1727,stands-y-displays-stand-123,https://www.publi20.com/listing/stands-y-displays-stand-123/,Stand 123,
1726,stands-y-displays-qualton,https://www.publi20.com/listing/stands-y-displays-qualton/,Qualton,
1724,stands-y-displays-holders,https://www.publi20.com/listing/stands-y-displays-holders/,Holders,
1723,stands-y-displays-grupo-tochijara,https://www.publi20.com/listing/stands-y-displays-grupo-tochijara/,Grupo Tochijara,
1722,stands-y-displays-grupo-om,https://www.publi20.com/listing/stands-y-displays-grupo-om/,Grupo OM,
1721,stands-y-displays-expoquarzo,https://www.publi20.com/listing/stands-y-displays-expoquarzo/,EXPOQUARZO,
1720,stands-y-displays-expoexpress,https://www.publi20.com/listing/stands-y-displays-expoexpress/,expoexpress,
1719,stands-y-displays-eliptic,https://www.publi20.com/listing/stands-y-displays-eliptic/,Eliptic,
1718,stands-y-displays-dm-display,https://www.publi20.com/listing/stands-y-displays-dm-display/,DM Display,
1717,stands-y-displays-cr-rpo-display,https://www.publi20.com/listing/stands-y-displays-cr-rpo-display/,CR RPO DISPLAY,
1716,soporte-tecnico-it-sistemas-tecnocen,https://www.publi20.com/listing/soporte-tecnico-it-sistemas-tecnocen/,Tecnocen,
1715,soporte-tecnico-it-sistemas-sitmexico,https://www.publi20.com/listing/soporte-tecnico-it-sistemas-sitmexico/,SitMéxico,
1714,soporte-tecnico-it-sistemas-savesa-sistemas,https://www.publi20.com/listing/soporte-tecnico-it-sistemas-savesa-sistemas/,Savesa sistemas,
1713,soporte-tecnico-it-sistemas-asisteo-it,https://www.publi20.com/listing/soporte-tecnico-it-sistemas-asisteo-it/,ASISTEO IT,
1712,productoras-zombie-tv,https://www.publi20.com/listing/productoras-zombie-tv/,Zombie TV,
1711,productoras-yellow-films,https://www.publi20.com/listing/productoras-yellow-films/,Yellow Films,
1710,productoras-producciones-por-marca,https://www.publi20.com/listing/productoras-producciones-por-marca/,Producciones por Marca,
1709,productoras-whiskey-films,https://www.publi20.com/listing/productoras-whiskey-films/,whiskey films,
1708,productoras-vietnam-films,https://www.publi20.com/listing/productoras-vietnam-films/,Vietnam Films,
1707,productoras-videotalento,https://www.publi20.com/listing/productoras-videotalento/,Videotalento,
1706,productoras-vdm-casa-productora,https://www.publi20.com/listing/productoras-vdm-casa-productora/,VDM Casa Productora,
1705,productoras-tribu-films-producciones,https://www.publi20.com/listing/productoras-tribu-films-producciones/,Tribu Films Producciones,
1704,productoras-grupo-traziende,https://www.publi20.com/listing/productoras-grupo-traziende/,Grupo Traziende,
1703,productoras-tiempo-y-tono-films,https://www.publi20.com/listing/productoras-tiempo-y-tono-films/,Tiempo y Tono Films,
1702,productoras-the-maestros,https://www.publi20.com/listing/productoras-the-maestros/,The Maestros,
1701,productoras-terciopelo-films,https://www.publi20.com/listing/productoras-terciopelo-films/,terciopelo films,
1700,productoras-surreal-factory,https://www.publi20.com/listing/productoras-surreal-factory/,Surreal Factory,
1699,productoras-suitechocolate,https://www.publi20.com/listing/productoras-suitechocolate/,Suitechocolate,
1698,productoras-suave-films,https://www.publi20.com/listing/productoras-suave-films/,Suave Films,
1697,productoras-ssl,https://www.publi20.com/listing/productoras-ssl/,SSL,
1696,productoras-digital-sprockets,https://www.publi20.com/listing/productoras-digital-sprockets/,Digital Sprockets,
1695,productoras-sprocket-films,https://www.publi20.com/listing/productoras-sprocket-films/,Sprocket Films,
1694,productoras-sinergis,https://www.publi20.com/listing/productoras-sinergis/,Sinergis,
1693,productoras-silver-media-studio,https://www.publi20.com/listing/productoras-silver-media-studio/,Silver Media Studio,
1692,productoras-ryp-producciones,https://www.publi20.com/listing/productoras-ryp-producciones/,RYP Producciones,
1691,productoras-rojo-films,https://www.publi20.com/listing/productoras-rojo-films/,Rojo Films,
1689,productoras-retina,https://www.publi20.com/listing/productoras-retina/,RETINA,
1688,productoras-quantica-studio,https://www.publi20.com/listing/productoras-quantica-studio/,Quantica Studio,
1687,productoras-qiafilms,https://www.publi20.com/listing/productoras-qiafilms/,qiafilms,
1685,productoras-pirana,https://www.publi20.com/listing/productoras-pirana/,Piraña,
1684,productoras-pimienta-films,https://www.publi20.com/listing/productoras-pimienta-films/,Pimienta Films,
1683,productoras-peliculas-imaginarias,https://www.publi20.com/listing/productoras-peliculas-imaginarias/,Películas Imaginarias,
1682,productoras-producciones-carbajo,https://www.publi20.com/listing/productoras-producciones-carbajo/,Producciones Carbajo,
1681,productoras-orange-producers,https://www.publi20.com/listing/productoras-orange-producers/,Orange Producers,
1680,productoras-n-producciones,https://www.publi20.com/listing/productoras-n-producciones/,N Producciones,
1679,productoras-my-goodness,https://www.publi20.com/listing/productoras-my-goodness/,My Goodness,
1678,productoras-muela-producciones,https://www.publi20.com/listing/productoras-muela-producciones/,Muela Producciones,
1677,productoras-metro-producciones,https://www.publi20.com/listing/productoras-metro-producciones/,metro producciones,
1676,productoras-medianaranja,https://www.publi20.com/listing/productoras-medianaranja/,MEDIAnaranja,
1675,productoras-marango-networks,https://www.publi20.com/listing/productoras-marango-networks/,MARANGO NETWORKS,
1674,productoras-araudio,https://www.publi20.com/listing/productoras-araudio/,ARAUDIO,
1673,productoras-los-ojos-de-mi-abuela,https://www.publi20.com/listing/productoras-los-ojos-de-mi-abuela/,Los ojos de mi abuela,
1672,productoras-the-lift,https://www.publi20.com/listing/productoras-the-lift/,The Lift,
1671,productoras-leonis-films,https://www.publi20.com/listing/productoras-leonis-films/,Leonis Films,
1670,productoras-la-ventana-producciones,https://www.publi20.com/listing/productoras-la-ventana-producciones/,La Ventana Producciones,
1669,productoras-la-nave-centro-de-produccion,https://www.publi20.com/listing/productoras-la-nave-centro-de-produccion/,La nave centro de producción,
1668,productoras-la-maripepa-films,https://www.publi20.com/listing/productoras-la-maripepa-films/,La Maripepa Films,
1667,productoras-la-fabrica-films,https://www.publi20.com/listing/productoras-la-fabrica-films/,La Fábrica Films,
1666,productoras-kuter-creativos-exactos,https://www.publi20.com/listing/productoras-kuter-creativos-exactos/,KUTER Creativos Exactos,
1665,productoras-kreatta-producciones,https://www.publi20.com/listing/productoras-kreatta-producciones/,Kreatta Producciones,
1664,productoras-kafer-producciones,https://www.publi20.com/listing/productoras-kafer-producciones/,Käfer Producciones,
1663,productoras-imax-producciones,https://www.publi20.com/listing/productoras-imax-producciones/,Imax Producciones,
1662,productoras-ikarus,https://www.publi20.com/listing/productoras-ikarus/,Ikarus,
1661,productoras-industria-3-studios,https://www.publi20.com/listing/productoras-industria-3-studios/,Industria 3 Studios,
1660,productoras-hormiga-films,https://www.publi20.com/listing/productoras-hormiga-films/,Hormiga Films,
1659,productoras-home,https://www.publi20.com/listing/productoras-home/,HOME,
1658,productoras-grupo-de-leon,https://www.publi20.com/listing/productoras-grupo-de-leon/,Grupo de León,
1657,productoras-gelatina-films,https://www.publi20.com/listing/productoras-gelatina-films/,Gelatina Films,
1656,productoras-garcia-bross-y-asociados,https://www.publi20.com/listing/productoras-garcia-bross-y-asociados/,Garcia Bross y Asociados,
1655,productoras-filmmen,https://www.publi20.com/listing/productoras-filmmen/,filmmen,
1654,productoras-filmmaking,https://www.publi20.com/listing/productoras-filmmaking/,Filmmaking,
1653,productoras-filma,https://www.publi20.com/listing/productoras-filma/,Filma,
1652,productoras-fc-films,https://www.publi20.com/listing/productoras-fc-films/,FC FILMS,
1651,productoras-factory,https://www.publi20.com/listing/productoras-factory/,Factory,
1650,productoras-espejo-y-asociados,https://www.publi20.com/listing/productoras-espejo-y-asociados/,Espejo Y Asociados,
1649,productoras-elote-films,https://www.publi20.com/listing/productoras-elote-films/,Elote Films,
1648,productoras-el-mall,https://www.publi20.com/listing/productoras-el-mall/,El Mall,
1647,productoras-elite-studios,https://www.publi20.com/listing/productoras-elite-studios/,Elite Studios,
1646,productoras-elemento-producciones,https://www.publi20.com/listing/productoras-elemento-producciones/,Elemento Producciones,
1645,productoras-distrito-films,https://www.publi20.com/listing/productoras-distrito-films/,distrito films,
1644,productoras-dr-comunicacion,https://www.publi20.com/listing/productoras-dr-comunicacion/,dR Comunicación,
1643,productoras-dead-astronauts,https://www.publi20.com/listing/productoras-dead-astronauts/,Dead Astronauts,
1642,productoras-corte-y-queda,https://www.publi20.com/listing/productoras-corte-y-queda/,Corte y Queda,
1641,productoras-cineconcepto,https://www.publi20.com/listing/productoras-cineconcepto/,Cineconcepto,
1640,productoras-ciberfilms,https://www.publi20.com/listing/productoras-ciberfilms/,Ciberfilms,
1639,productoras-chilaktazo-films,https://www.publi20.com/listing/productoras-chilaktazo-films/,chilaktazo films,
1638,productoras-chapulte-pictures,https://www.publi20.com/listing/productoras-chapulte-pictures/,Chapulte pictures,
1637,productoras-central-films,https://www.publi20.com/listing/productoras-central-films/,Central Films,
1636,productoras-contenido-neto,https://www.publi20.com/listing/productoras-contenido-neto/,Contenido Neto,
1635,productoras-catatonia-films,https://www.publi20.com/listing/productoras-catatonia-films/,Catatonia Films,
1634,productoras-la-casa-productora,https://www.publi20.com/listing/productoras-la-casa-productora/,La Casa Productora,
1633,productoras-casa-12-producciones,https://www.publi20.com/listing/productoras-casa-12-producciones/,Casa 12 producciones,
1632,productoras-cartucho-films,https://www.publi20.com/listing/productoras-cartucho-films/,Cartucho Films,
1631,productoras-cantarranas-films,https://www.publi20.com/listing/productoras-cantarranas-films/,Cantarranas Films,
1630,productoras-candiani-producciones,https://www.publi20.com/listing/productoras-candiani-producciones/,Candiani Producciones,
1629,productoras-canal-izquierdo,https://www.publi20.com/listing/productoras-canal-izquierdo/,Canal Izquierdo,
1628,productoras-camaleon-films,https://www.publi20.com/listing/productoras-camaleon-films/,Camaleón Films,
1627,productoras-cafepost,https://www.publi20.com/listing/productoras-cafepost/,CafePost,
1626,productoras-byg-studio,https://www.publi20.com/listing/productoras-byg-studio/,BYG STUDIO,
1625,productoras-bulldog-films,https://www.publi20.com/listing/productoras-bulldog-films/,Bulldog Films,
1624,productoras-brixton-films,https://www.publi20.com/listing/productoras-brixton-films/,brixton films,
1623,productoras-bit-produccion-de-medios-digitales,https://www.publi20.com/listing/productoras-bit-produccion-de-medios-digitales/,bit producción de medios digitales,
1622,productoras-bitbang-studio,https://www.publi20.com/listing/productoras-bitbang-studio/,Bitbang Studio,
1621,productoras-betelfilms,https://www.publi20.com/listing/productoras-betelfilms/,betelfilms,
1620,productoras-avanti-pictures,https://www.publi20.com/listing/productoras-avanti-pictures/,Avanti Pictures,
1619,productoras-audioimagen,https://www.publi20.com/listing/productoras-audioimagen/,Audioimagen,
1618,productoras-atomik-cine-y-video,https://www.publi20.com/listing/productoras-atomik-cine-y-video/,Atomik cine y video,
1617,productoras-arts-studios,https://www.publi20.com/listing/productoras-arts-studios/,ARTS STUDIOS,
1616,productoras-armar-producciones,https://www.publi20.com/listing/productoras-armar-producciones/,Armar Producciones,
1615,productoras-producciones-arje,https://www.publi20.com/listing/productoras-producciones-arje/,Producciones Arjé,
1614,productoras-ares-producciones,https://www.publi20.com/listing/productoras-ares-producciones/,Ares Producciones,
1613,productoras-arbol-cine,https://www.publi20.com/listing/productoras-arbol-cine/,Arbol Cine,
1612,productoras-arado-films,https://www.publi20.com/listing/productoras-arado-films/,ARADO Films,
1611,productoras-caponeto,https://www.publi20.com/listing/productoras-caponeto/,caponeto,
1610,productoras-anima-estudios,https://www.publi20.com/listing/productoras-anima-estudios/,Ánima Estudios,
1609,productoras-altavision-producciones-sc,https://www.publi20.com/listing/productoras-altavision-producciones-sc/,Altavisión Producciones SC.,
1608,productoras-alameda-films,https://www.publi20.com/listing/productoras-alameda-films/,Alameda Films,
1607,productoras-advideosmm,https://www.publi20.com/listing/productoras-advideosmm/,AdvideosMM,
1606,productoras-adicta-films,https://www.publi20.com/listing/productoras-adicta-films/,Adicta Films,
1605,productoras-6cero7studios,https://www.publi20.com/listing/productoras-6cero7studios/,6cero7Studios,
1604,productoras-23imedio-films,https://www.publi20.com/listing/productoras-23imedio-films/,23imedio Films,
1603,productoras-1910-films,https://www.publi20.com/listing/productoras-1910-films/,1910 films,
1602,icarus,https://www.publi20.com/listing/icarus/,Icarus,
1601,investigacion-de-mercados-wilbert-sierra-y-asociados,https://www.publi20.com/listing/investigacion-de-mercados-wilbert-sierra-y-asociados/,WILBERT SIERRA Y ASOCIADOS,
1600,investigacion-de-mercados-tns-mexico,https://www.publi20.com/listing/investigacion-de-mercados-tns-mexico/,TNS México,
1599,investigacion-de-mercados-sigmate-research,https://www.publi20.com/listing/investigacion-de-mercados-sigmate-research/,Sigmate Research,
1598,investigacion-de-mercados-questudies,https://www.publi20.com/listing/investigacion-de-mercados-questudies/,Questudies,
1597,investigacion-de-mercados-qualimerc,https://www.publi20.com/listing/investigacion-de-mercados-qualimerc/,Qualimerc,
1596,investigacion-de-mercados-q-solutions,https://www.publi20.com/listing/investigacion-de-mercados-q-solutions/,Q solutions,
1595,investigacion-de-mercados-pulso-mercadologico,https://www.publi20.com/listing/investigacion-de-mercados-pulso-mercadologico/,PULSO MERCADOLóGICO,
1594,investigacion-de-mercados-psyma-latina,https://www.publi20.com/listing/investigacion-de-mercados-psyma-latina/,PSYMA LATINA,
1593,investigacion-de-mercados-planning-antropologico,https://www.publi20.com/listing/investigacion-de-mercados-planning-antropologico/,Planning Antropológico,
1592,investigacion-de-mercados-phenoma,https://www.publi20.com/listing/investigacion-de-mercados-phenoma/,Phenoma,
1591,investigacion-de-mercados-parametria,https://www.publi20.com/listing/investigacion-de-mercados-parametria/,Parametría,
1590,investigacion-de-mercados-nodo-investigacionestrategia,https://www.publi20.com/listing/investigacion-de-mercados-nodo-investigacionestrategia/,NODO Investigación+Estrategia,
1589,investigacion-de-mercados-nielsen,https://www.publi20.com/listing/investigacion-de-mercados-nielsen/,Nielsen,
1588,investigacion-de-mercados-mkt-noroeste,https://www.publi20.com/listing/investigacion-de-mercados-mkt-noroeste/,MKT Noroeste,
1587,investigacion-de-mercados-mgr-marketing-global-research,https://www.publi20.com/listing/investigacion-de-mercados-mgr-marketing-global-research/,MGR Marketing Global Research,
1586,investigacion-de-mercados-merc-gfk,https://www.publi20.com/listing/investigacion-de-mercados-merc-gfk/,Merc GfK,
1585,investigacion-de-mercados-mercaei,https://www.publi20.com/listing/investigacion-de-mercados-mercaei/,Mercaei,
1584,investigacion-de-mercados-master-research,https://www.publi20.com/listing/investigacion-de-mercados-master-research/,Master Research,
1583,investigacion-de-mercados-marketing-group,https://www.publi20.com/listing/investigacion-de-mercados-marketing-group/,Marketing Group,
1582,investigacion-de-mercados-mapor,https://www.publi20.com/listing/investigacion-de-mercados-mapor/,MAPOR,
1581,investigacion-de-mercados-lexia-insights-solutions,https://www.publi20.com/listing/investigacion-de-mercados-lexia-insights-solutions/,Lexia Insights Solutions,
1580,investigacion-de-mercados-kandavarumarken,https://www.publi20.com/listing/investigacion-de-mercados-kandavarumarken/,kandavarumarken,
1579,investigacion-de-mercados-ipsos-bimsa,https://www.publi20.com/listing/investigacion-de-mercados-ipsos-bimsa/,IPSOS BIMSA,
1578,investigacion-de-mercados-innovative-marketing-y-consultants,https://www.publi20.com/listing/investigacion-de-mercados-innovative-marketing-y-consultants/,Innovative Marketing &#038; Consultants,
1577,investigacion-de-mercados-inmega,https://www.publi20.com/listing/investigacion-de-mercados-inmega/,Inmega,
1576,investigacion-de-mercados-ibope-agb,https://www.publi20.com/listing/investigacion-de-mercados-ibope-agb/,IBOPE AGB,
1575,investigacion-de-mercados-gyd-investigacion-de-mercados,https://www.publi20.com/listing/investigacion-de-mercados-gyd-investigacion-de-mercados/,GyD Investigacion de Mercados,
1574,investigacion-de-mercados-grupo-arkho,https://www.publi20.com/listing/investigacion-de-mercados-grupo-arkho/,Grupo Arkho,
1573,investigacion-de-mercados-factum,https://www.publi20.com/listing/investigacion-de-mercados-factum/,Factum,
1572,investigacion-de-mercados-evamerc,https://www.publi20.com/listing/investigacion-de-mercados-evamerc/,Evamerc,
1571,investigacion-de-mercados-de-la-riva-group,https://www.publi20.com/listing/investigacion-de-mercados-de-la-riva-group/,De la Riva Group,
1570,investigacion-de-mercados-consultoria-mkt,https://www.publi20.com/listing/investigacion-de-mercados-consultoria-mkt/,Consultoría MKT,
1569,investigacion-de-mercados-berumen,https://www.publi20.com/listing/investigacion-de-mercados-berumen/,Berumen,
1568,investigacion-de-mercados-analitica-marketing,https://www.publi20.com/listing/investigacion-de-mercados-analitica-marketing/,ANALITICA MARKETING,
1567,investigacion-de-mercados-aljamia,https://www.publi20.com/listing/investigacion-de-mercados-aljamia/,Aljamía,
1566,impresion-digital-grupo-venegraphic,https://www.publi20.com/listing/impresion-digital-grupo-venegraphic/,Grupo Venegraphic,
1565,impresion-digital-litografica-selene,https://www.publi20.com/listing/impresion-digital-litografica-selene/,Litografica Selene,
1564,impresion-digital-grupo-efsa,https://www.publi20.com/listing/impresion-digital-grupo-efsa/,Grupo EFSA,
1563,impresion-digital-geformas,https://www.publi20.com/listing/impresion-digital-geformas/,Geformas,
1562,impresion-digital-avance-publicidad,https://www.publi20.com/listing/impresion-digital-avance-publicidad/,Avance Publicidad,
1560,impresion-digital-argoga-soluciones-avanzadas-en-sistemas,https://www.publi20.com/listing/impresion-digital-argoga-soluciones-avanzadas-en-sistemas/,Argoga Soluciones Avanzadas en Sistemas,
1559,ilustradores-lowbrowmx-alto-diseno,https://www.publi20.com/listing/ilustradores-lowbrowmx-alto-diseno/,lowbrowmx® Alto Diseño,
1558,ilustradores-raul-cruz-figueroa,https://www.publi20.com/listing/ilustradores-raul-cruz-figueroa/,Raúl Cruz Figueroa,
1557,fotografia-tuekphoto,https://www.publi20.com/listing/fotografia-tuekphoto/,Tuekphoto,
1556,fotografia-shaktiprod,https://www.publi20.com/listing/fotografia-shaktiprod/,Shaktiprod,
1555,fotografia-segarra-estudio,https://www.publi20.com/listing/fotografia-segarra-estudio/,Segarra Estudio,
1553,fotografia-paul-brauns-photo,https://www.publi20.com/listing/fotografia-paul-brauns-photo/,Paul Brauns Photo,
1552,fotografia-nasty-danny-studio,https://www.publi20.com/listing/fotografia-nasty-danny-studio/,Nasty Danny Studio,
1551,fotografia-ktc,https://www.publi20.com/listing/fotografia-ktc/,KTC,
1550,fotografia-isaac-ramarti-fotogafia-y-diseno,https://www.publi20.com/listing/fotografia-isaac-ramarti-fotogafia-y-diseno/,Isaac Ramarti &#8211; Fotogafía y diseño,
1549,fotografia-horacio-vasquez,https://www.publi20.com/listing/fotografia-horacio-vasquez/,Horacio Vásquez,
1548,fotografia-hector-paris-fotografia,https://www.publi20.com/listing/fotografia-hector-paris-fotografia/,Héctor Paris Fotografía,
1547,fotografia-fotofilms,https://www.publi20.com/listing/fotografia-fotofilms/,FotoFilms,
1546,fotografia-calavera-studios,https://www.publi20.com/listing/fotografia-calavera-studios/,Calavera Studios,
1545,estudios-y-foros-en-renta-talento-post,https://www.publi20.com/listing/estudios-y-foros-en-renta-talento-post/,Talento Post,
1544,estudios-y-foros-en-renta-squadra,https://www.publi20.com/listing/estudios-y-foros-en-renta-squadra/,Squadra,
1543,estudios-y-foros-en-renta-pixstudio,https://www.publi20.com/listing/estudios-y-foros-en-renta-pixstudio/,pixstudio,
1542,estudios-y-foros-en-renta-palmera-films,https://www.publi20.com/listing/estudios-y-foros-en-renta-palmera-films/,Palmera Films,
1541,estudios-y-foros-en-renta-k-estudio,https://www.publi20.com/listing/estudios-y-foros-en-renta-k-estudio/,K ESTUDIO,
1540,estudios-y-foros-en-renta-56-cinco-punto-seis,https://www.publi20.com/listing/estudios-y-foros-en-renta-56-cinco-punto-seis/,5.6 Cinco punto Seis,
1539,estudio-de-grabacion-septimo-sello,https://www.publi20.com/listing/estudio-de-grabacion-septimo-sello/,Septimo Sello,
1538,estudio-de-grabacion-sala-de-audio,https://www.publi20.com/listing/estudio-de-grabacion-sala-de-audio/,Sala de audio,
1537,estudio-de-grabacion-prado-sur-audio,https://www.publi20.com/listing/estudio-de-grabacion-prado-sur-audio/,Prado Sur Audio,
1536,estudio-de-grabacion-pianica,https://www.publi20.com/listing/estudio-de-grabacion-pianica/,Piánica,
1535,estudio-de-grabacion-mono-aural,https://www.publi20.com/listing/estudio-de-grabacion-mono-aural/,Mono Aural,
1534,estudio-de-grabacion-mixtlan-producciones,https://www.publi20.com/listing/estudio-de-grabacion-mixtlan-producciones/,Mixtlán producciones,
1533,estudio-de-grabacion-lado-a-estudios,https://www.publi20.com/listing/estudio-de-grabacion-lado-a-estudios/,Lado A Estudios,
1532,estudio-de-grabacion-jarpa-studio,https://www.publi20.com/listing/estudio-de-grabacion-jarpa-studio/,JARPA Studio,
1531,estudio-de-grabacion-esound,https://www.publi20.com/listing/estudio-de-grabacion-esound/,E-Sound,
1530,estudio-de-grabacion-el-estudio,https://www.publi20.com/listing/estudio-de-grabacion-el-estudio/,El Estudio,
1529,estudio-de-grabacion-estudio-cuarto-del-fondo,https://www.publi20.com/listing/estudio-de-grabacion-estudio-cuarto-del-fondo/,Estudio Cuarto del Fondo,
1528,estudio-de-grabacion-el-cuarto-de-atras,https://www.publi20.com/listing/estudio-de-grabacion-el-cuarto-de-atras/,El Cuarto de Atrás,
1527,estudio-de-grabacion-dna,https://www.publi20.com/listing/estudio-de-grabacion-dna/,DNA,
1526,estudio-de-grabacion-catapulta-studios,https://www.publi20.com/listing/estudio-de-grabacion-catapulta-studios/,Catapulta Studios,
1525,estudio-de-grabacion-carlos-ortega,https://www.publi20.com/listing/estudio-de-grabacion-carlos-ortega/,Carlos Ortega,
1524,estudio-de-grabacion-bulevard-studio,https://www.publi20.com/listing/estudio-de-grabacion-bulevard-studio/,Bulevard Studio,
1523,estudio-de-grabacion-bulbo,https://www.publi20.com/listing/estudio-de-grabacion-bulbo/,Bulbo,
1522,estudio-de-grabacion-aquasound-studio,https://www.publi20.com/listing/estudio-de-grabacion-aquasound-studio/,AquaSound Studio,
1521,estudio-de-grabacion-aio-estudio,https://www.publi20.com/listing/estudio-de-grabacion-aio-estudio/,AIO ESTUDIO,
1520,estudio-de-grabacion-equis-cosa,https://www.publi20.com/listing/estudio-de-grabacion-equis-cosa/,Equis Cosa,
1519,estudio-de-grabacion-3cnuno-producciones,https://www.publi20.com/listing/estudio-de-grabacion-3cnuno-producciones/,3Cnuno Producciones,
1518,estudio-de-animacion-phenomena,https://www.publi20.com/listing/estudio-de-animacion-phenomena/,Phenomena,
1517,estudio-de-animacion-organika,https://www.publi20.com/listing/estudio-de-animacion-organika/,Organika,
1516,estudio-de-animacion-cluster-studio,https://www.publi20.com/listing/estudio-de-animacion-cluster-studio/,Cluster Studio,
1515,estudio-de-animacion-cinema-fantasma,https://www.publi20.com/listing/estudio-de-animacion-cinema-fantasma/,Cinema Fantasma,
1514,doblaje-y-subtitulaje-subsub-quality-subtitles,https://www.publi20.com/listing/doblaje-y-subtitulaje-subsub-quality-subtitles/,Sub-sub Quality subtitles,
1513,doblaje-y-subtitulaje-rgb-21,https://www.publi20.com/listing/doblaje-y-subtitulaje-rgb-21/,RGB 21,
1512,doblaje-y-subtitulaje-prime-dubb,https://www.publi20.com/listing/doblaje-y-subtitulaje-prime-dubb/,Prime Dubb,
1511,doblaje-y-subtitulaje-new-art-dub,https://www.publi20.com/listing/doblaje-y-subtitulaje-new-art-dub/,New Art Dub,
1510,doblaje-y-subtitulaje-lenguaje-visual,https://www.publi20.com/listing/doblaje-y-subtitulaje-lenguaje-visual/,LENGUAJE VISUAL,
1509,doblaje-y-subtitulaje-ki-audio,https://www.publi20.com/listing/doblaje-y-subtitulaje-ki-audio/,Ki Audio,
1508,doblaje-y-subtitulaje-digifilm,https://www.publi20.com/listing/doblaje-y-subtitulaje-digifilm/,Digifilm,
1507,doblaje-y-subtitulaje-datdoblaje,https://www.publi20.com/listing/doblaje-y-subtitulaje-datdoblaje/,datdoblaje,
1506,doblaje-y-subtitulaje-candiani-dubbing-studios,https://www.publi20.com/listing/doblaje-y-subtitulaje-candiani-dubbing-studios/,Candiani Dubbing Studios,
1505,doblaje-y-subtitulaje-audio-acustica,https://www.publi20.com/listing/doblaje-y-subtitulaje-audio-acustica/,Audio Acústica,
1504,diseno-y-desarrollo-web-zoomlanet-solutions,https://www.publi20.com/listing/diseno-y-desarrollo-web-zoomlanet-solutions/,ZoomLanet Solutions,
1503,diseno-y-desarrollo-web-ytion,https://www.publi20.com/listing/diseno-y-desarrollo-web-ytion/,Ytion,
1502,diseno-y-desarrollo-web-webmastercommx,https://www.publi20.com/listing/diseno-y-desarrollo-web-webmastercommx/,webmaster.com.mx,
1501,diseno-y-desarrollo-web-weblex,https://www.publi20.com/listing/diseno-y-desarrollo-web-weblex/,Weblex,
1500,diseno-y-desarrollo-web-tictoc-studio,https://www.publi20.com/listing/diseno-y-desarrollo-web-tictoc-studio/,Tic-Toc Studio,
1499,diseno-y-desarrollo-web-tdw-two-digit-world,https://www.publi20.com/listing/diseno-y-desarrollo-web-tdw-two-digit-world/,TDW Two Digit World,
1498,diseno-y-desarrollo-web-synergya,https://www.publi20.com/listing/diseno-y-desarrollo-web-synergya/,Synergya,
1497,diseno-y-desarrollo-web-sigmait,https://www.publi20.com/listing/diseno-y-desarrollo-web-sigmait/,Sigma-IT,
1496,diseno-y-desarrollo-web-riss,https://www.publi20.com/listing/diseno-y-desarrollo-web-riss/,Riss,
1495,diseno-y-desarrollo-web-red-light-web-studio,https://www.publi20.com/listing/diseno-y-desarrollo-web-red-light-web-studio/,Red Light Web Studio,
1494,diseno-y-desarrollo-web-quimera-urbana,https://www.publi20.com/listing/diseno-y-desarrollo-web-quimera-urbana/,Quimera Urbana,
1493,diseno-y-desarrollo-web-quantum-family,https://www.publi20.com/listing/diseno-y-desarrollo-web-quantum-family/,Quantum Family,
1492,diseno-y-desarrollo-web-publisearch,https://www.publi20.com/listing/diseno-y-desarrollo-web-publisearch/,Publisearch,
1491,diseno-y-desarrollo-web-pq-design,https://www.publi20.com/listing/diseno-y-desarrollo-web-pq-design/,PQ Design,
1490,diseno-y-desarrollo-web-podernet,https://www.publi20.com/listing/diseno-y-desarrollo-web-podernet/,PoderNet,
1489,diseno-y-desarrollo-web-pixel-dot,https://www.publi20.com/listing/diseno-y-desarrollo-web-pixel-dot/,Pixel &#8211; dot,
1488,diseno-y-desarrollo-web-paginas-web-mexico,https://www.publi20.com/listing/diseno-y-desarrollo-web-paginas-web-mexico/,Páginas web México,
1487,diseno-y-desarrollo-web-orange-studio,https://www.publi20.com/listing/diseno-y-desarrollo-web-orange-studio/,Orange Studio,
1486,diseno-y-desarrollo-web-opalo-negro,https://www.publi20.com/listing/diseno-y-desarrollo-web-opalo-negro/,Opalo Negro,
1485,diseno-y-desarrollo-web-nuts,https://www.publi20.com/listing/diseno-y-desarrollo-web-nuts/,nuts,
1484,diseno-y-desarrollo-web-naranya,https://www.publi20.com/listing/diseno-y-desarrollo-web-naranya/,Naranya,
1483,diseno-y-desarrollo-web-mxigen,https://www.publi20.com/listing/diseno-y-desarrollo-web-mxigen/,MXIGEN,
1482,diseno-y-desarrollo-web-multi-dimension-studio,https://www.publi20.com/listing/diseno-y-desarrollo-web-multi-dimension-studio/,Multi Dimension Studio,
1481,diseno-y-desarrollo-web-meximex,https://www.publi20.com/listing/diseno-y-desarrollo-web-meximex/,Meximex,
1480,diseno-y-desarrollo-web-grupo-meridian,https://www.publi20.com/listing/diseno-y-desarrollo-web-grupo-meridian/,Grupo Meridian,
1479,diseno-y-desarrollo-web-mercatech,https://www.publi20.com/listing/diseno-y-desarrollo-web-mercatech/,Merca-Tech,
1478,diseno-y-desarrollo-web-mebecom,https://www.publi20.com/listing/diseno-y-desarrollo-web-mebecom/,MEBECOM,
1477,diseno-y-desarrollo-web-masclicks,https://www.publi20.com/listing/diseno-y-desarrollo-web-masclicks/,Masclicks,
1476,diseno-y-desarrollo-web-macroidea-web-studio,https://www.publi20.com/listing/diseno-y-desarrollo-web-macroidea-web-studio/,Macroidea Web Studio,
1475,diseno-y-desarrollo-web-licorne,https://www.publi20.com/listing/diseno-y-desarrollo-web-licorne/,Licorne,
1474,diseno-y-desarrollo-web-jpsconceptos,https://www.publi20.com/listing/diseno-y-desarrollo-web-jpsconceptos/,Jpsconceptos,
1473,diseno-y-desarrollo-web-iss,https://www.publi20.com/listing/diseno-y-desarrollo-web-iss/,I.S.S.,
1472,diseno-y-desarrollo-web-intermexico,https://www.publi20.com/listing/diseno-y-desarrollo-web-intermexico/,Intermexico,
1471,diseno-y-desarrollo-web-interactuar-digital,https://www.publi20.com/listing/diseno-y-desarrollo-web-interactuar-digital/,Interactuar Digital,
1470,diseno-y-desarrollo-web-grupo-bfx,https://www.publi20.com/listing/diseno-y-desarrollo-web-grupo-bfx/,Grupo BFX,
1469,diseno-y-desarrollo-web-graffistika,https://www.publi20.com/listing/diseno-y-desarrollo-web-graffistika/,Graffistika,
1468,diseno-y-desarrollo-web-grafico-total,https://www.publi20.com/listing/diseno-y-desarrollo-web-grafico-total/,Gráfico Total ®,
1467,diseno-y-desarrollo-web-gradocero-studio,https://www.publi20.com/listing/diseno-y-desarrollo-web-gradocero-studio/,GradoCero Studio®,
1466,diseno-y-desarrollo-web-go-room-dl,https://www.publi20.com/listing/diseno-y-desarrollo-web-go-room-dl/,Go Room DL,
1465,diseno-y-desarrollo-web-gamol,https://www.publi20.com/listing/diseno-y-desarrollo-web-gamol/,GAMOL,
1464,diseno-y-desarrollo-web-fahrenheit,https://www.publi20.com/listing/diseno-y-desarrollo-web-fahrenheit/,Fahrenheit,
1463,diseno-y-desarrollo-web-ezra,https://www.publi20.com/listing/diseno-y-desarrollo-web-ezra/,EZRA,
1462,diseno-y-desarrollo-web-enfoque3w,https://www.publi20.com/listing/diseno-y-desarrollo-web-enfoque3w/,ENFOQUE3W,
1461,diseno-y-desarrollo-web-el-milagrito,https://www.publi20.com/listing/diseno-y-desarrollo-web-el-milagrito/,El milagrito,
1460,diseno-y-desarrollo-web-ekodeva-design-studio,https://www.publi20.com/listing/diseno-y-desarrollo-web-ekodeva-design-studio/,Ekodeva Design Studio,
1459,diseno-y-desarrollo-web-element-studios,https://www.publi20.com/listing/diseno-y-desarrollo-web-element-studios/,Element studios,
1458,diseno-y-desarrollo-web-dinamico-group,https://www.publi20.com/listing/diseno-y-desarrollo-web-dinamico-group/,Dinámico Group,
1457,diseno-y-desarrollo-web-denumeris-interactive,https://www.publi20.com/listing/diseno-y-desarrollo-web-denumeris-interactive/,Denumeris Interactive,
1456,diseno-y-desarrollo-web-crmen-mexico,https://www.publi20.com/listing/diseno-y-desarrollo-web-crmen-mexico/,crmen mexico,
1455,diseno-y-desarrollo-web-creactivo,https://www.publi20.com/listing/diseno-y-desarrollo-web-creactivo/,CREACTIVO,
1454,diseno-y-desarrollo-web-copyleft-solutions,https://www.publi20.com/listing/diseno-y-desarrollo-web-copyleft-solutions/,Copyleft Solutions,
1453,diseno-y-desarrollo-web-codice,https://www.publi20.com/listing/diseno-y-desarrollo-web-codice/,Códice,
1452,diseno-y-desarrollo-web-cocktail-marketing,https://www.publi20.com/listing/diseno-y-desarrollo-web-cocktail-marketing/,Cocktail Marketing,
1451,diseno-y-desarrollo-web-clise-digital,https://www.publi20.com/listing/diseno-y-desarrollo-web-clise-digital/,clise digital,
1450,diseno-y-desarrollo-web-blu-concept,https://www.publi20.com/listing/diseno-y-desarrollo-web-blu-concept/,Blu Concept,
1449,diseno-y-desarrollo-web-bitlab-interactive,https://www.publi20.com/listing/diseno-y-desarrollo-web-bitlab-interactive/,Bitlab Interactive,
1448,diseno-y-desarrollo-web-azulgris,https://www.publi20.com/listing/diseno-y-desarrollo-web-azulgris/,AzulGris,
1447,diseno-y-desarrollo-web-azul-bambu,https://www.publi20.com/listing/diseno-y-desarrollo-web-azul-bambu/,Azul Bambú,
1446,diseno-y-desarrollo-web-aypinternet,https://www.publi20.com/listing/diseno-y-desarrollo-web-aypinternet/,Aypinternet,
1445,diseno-y-desarrollo-web-asi-diseno-web,https://www.publi20.com/listing/diseno-y-desarrollo-web-asi-diseno-web/,ASI Diseño Web,
1444,diseno-y-desarrollo-web-arroba-system,https://www.publi20.com/listing/diseno-y-desarrollo-web-arroba-system/,Arroba System,
1443,diseno-y-desarrollo-web-area,https://www.publi20.com/listing/diseno-y-desarrollo-web-area/,Area,
1442,diseno-y-desarrollo-web-animala-web,https://www.publi20.com/listing/diseno-y-desarrollo-web-animala-web/,Animala Web,
1441,diseno-y-desarrollo-web-ambigrama-estudio-creativo,https://www.publi20.com/listing/diseno-y-desarrollo-web-ambigrama-estudio-creativo/,ambigrama estudio creativo,
1440,diseno-y-desarrollo-web-albegrafic,https://www.publi20.com/listing/diseno-y-desarrollo-web-albegrafic/,Albegrafic,
1439,diseno-y-desarrollo-web-adivor,https://www.publi20.com/listing/diseno-y-desarrollo-web-adivor/,Adivor,
1438,diseno-y-desarrollo-web-activamente,https://www.publi20.com/listing/diseno-y-desarrollo-web-activamente/,activamente,
1437,diseno-y-desarrollo-web-abargon-evalue-developers,https://www.publi20.com/listing/diseno-y-desarrollo-web-abargon-evalue-developers/,abargon e-value developers,
1436,directorio-de-locutores-rona-fletcher,https://www.publi20.com/listing/directorio-de-locutores-rona-fletcher/,Rona Fletcher,
1435,directorio-de-locutores-ricardo-brust,https://www.publi20.com/listing/directorio-de-locutores-ricardo-brust/,ricardo brust,
1434,directorio-de-locutores-milton-wolch,https://www.publi20.com/listing/directorio-de-locutores-milton-wolch/,Milton Wolch,
1433,directorio-de-locutores-juan-alfonso-puente-arteaga,https://www.publi20.com/listing/directorio-de-locutores-juan-alfonso-puente-arteaga/,Juan Alfonso Puente Arteaga,
1432,directorio-de-locutores-geo-garcia,https://www.publi20.com/listing/directorio-de-locutores-geo-garcia/,Geo García,
1431,directorio-de-locutores-gabriel-munoz-locutor,https://www.publi20.com/listing/directorio-de-locutores-gabriel-munoz-locutor/,Gabriel Muñoz Locutor,
1430,directorio-de-locutores-daniel-cubillo,https://www.publi20.com/listing/directorio-de-locutores-daniel-cubillo/,Daniel Cubillo,
1429,directorio-de-locutores-carlos-reynoso-locutor,https://www.publi20.com/listing/directorio-de-locutores-carlos-reynoso-locutor/,Carlos Reynoso Locutor,
1428,directorio-de-locutores-locutor-antonio-x-sosa,https://www.publi20.com/listing/directorio-de-locutores-locutor-antonio-x-sosa/,Locutor: Antonio X. Sosa,
1427,directorio-de-locutores-ada-sepulveda,https://www.publi20.com/listing/directorio-de-locutores-ada-sepulveda/,Ada Sepúlveda,
1426,despacho-de-diseno-wish-socios-creativos,https://www.publi20.com/listing/despacho-de-diseno-wish-socios-creativos/,"Wish, Socios Creativos",
1425,despacho-de-diseno-vivencia-design,https://www.publi20.com/listing/despacho-de-diseno-vivencia-design/,Vivencia Design,
1424,despacho-de-diseno-torneo-de-ideas,https://www.publi20.com/listing/despacho-de-diseno-torneo-de-ideas/,Torneo de Ideas,
1423,despacho-de-diseno-top-design,https://www.publi20.com/listing/despacho-de-diseno-top-design/,Top Design,
1422,despacho-de-diseno-the-toilettes,https://www.publi20.com/listing/despacho-de-diseno-the-toilettes/,The Toilettes,
1421,despacho-de-diseno-spinozo-diseno,https://www.publi20.com/listing/despacho-de-diseno-spinozo-diseno/,Spinozo diseño,
1420,despacho-de-diseno-sphein-design-studios,https://www.publi20.com/listing/despacho-de-diseno-sphein-design-studios/,Sphein Design Studios,
1419,despacho-de-diseno-solo-idea,https://www.publi20.com/listing/despacho-de-diseno-solo-idea/,Sólo Idea,
1418,despacho-de-diseno-sol-consultores,https://www.publi20.com/listing/despacho-de-diseno-sol-consultores/,Sol Consultores,
1417,despacho-de-diseno-so-diseno,https://www.publi20.com/listing/despacho-de-diseno-so-diseno/,SO Diseño,
1416,despacho-de-diseno-signi,https://www.publi20.com/listing/despacho-de-diseno-signi/,Signi,
1415,despacho-de-diseno-serikat-diseno,https://www.publi20.com/listing/despacho-de-diseno-serikat-diseno/,Serikat Diseño,
1414,despacho-de-diseno-scientika,https://www.publi20.com/listing/despacho-de-diseno-scientika/,Scientika,
1413,despacho-de-diseno-sago-publicidad,https://www.publi20.com/listing/despacho-de-diseno-sago-publicidad/,SaGo Publicidad,
1412,despacho-de-diseno-ruiz-rocha,https://www.publi20.com/listing/despacho-de-diseno-ruiz-rocha/,Ruiz Rocha,
1411,despacho-de-diseno-rigoletti,https://www.publi20.com/listing/despacho-de-diseno-rigoletti/,Rigoletti,
1410,despacho-de-diseno-retorno-tassier,https://www.publi20.com/listing/despacho-de-diseno-retorno-tassier/,Retorno Tassier,
1409,despacho-de-diseno-propositivos,https://www.publi20.com/listing/despacho-de-diseno-propositivos/,Propositivos,
1408,despacho-de-diseno-promomania,https://www.publi20.com/listing/despacho-de-diseno-promomania/,Promomania,
1407,despacho-de-diseno-pong,https://www.publi20.com/listing/despacho-de-diseno-pong/,pong,
1406,despacho-de-diseno-pigmento,https://www.publi20.com/listing/despacho-de-diseno-pigmento/,pigmento,
1405,despacho-de-diseno-pensatori,https://www.publi20.com/listing/despacho-de-diseno-pensatori/,Pensatori,
1404,despacho-de-diseno-momentum-media-design,https://www.publi20.com/listing/despacho-de-diseno-momentum-media-design/,Momentum Media Design,
1403,despacho-de-diseno-musicos-del-titanic,https://www.publi20.com/listing/despacho-de-diseno-musicos-del-titanic/,Músicos del Titanic,
1402,despacho-de-diseno-mira,https://www.publi20.com/listing/despacho-de-diseno-mira/,mira,
1401,despacho-de-diseno-metanoia-publicidad,https://www.publi20.com/listing/despacho-de-diseno-metanoia-publicidad/,METANOIA PUBLICIDAD,
1400,despacho-de-diseno-mba-estudio-de-diseno,https://www.publi20.com/listing/despacho-de-diseno-mba-estudio-de-diseno/,MBA Estudio de Diseño,
1399,despacho-de-diseno-marte-creativos,https://www.publi20.com/listing/despacho-de-diseno-marte-creativos/,Marte creativos,
1398,despacho-de-diseno-lerf-diseno,https://www.publi20.com/listing/despacho-de-diseno-lerf-diseno/,Lerf Diseño,
1397,despacho-de-diseno-litoimagen,https://www.publi20.com/listing/despacho-de-diseno-litoimagen/,Litoimagen,
1396,despacho-de-diseno-leonsteven,https://www.publi20.com/listing/despacho-de-diseno-leonsteven/,León-Steven,
1395,despacho-de-diseno-kolazh-diseno-grafico,https://www.publi20.com/listing/despacho-de-diseno-kolazh-diseno-grafico/,kolazh Diseño gráfico,
1394,despacho-de-diseno-ysunza-santiago-cv,https://www.publi20.com/listing/despacho-de-diseno-ysunza-santiago-cv/,Ysunza Santiago CV,
1393,despacho-de-diseno-id-inteligencia-en-diseno,https://www.publi20.com/listing/despacho-de-diseno-id-inteligencia-en-diseno/,ID Inteligencia en Diseño,
1392,despacho-de-diseno-hs-publicidad,https://www.publi20.com/listing/despacho-de-diseno-hs-publicidad/,HS Publicidad,
1391,despacho-de-diseno-gvisual,https://www.publi20.com/listing/despacho-de-diseno-gvisual/,g-visual,
1390,despacho-de-diseno-gallo-soluciones-graficas,https://www.publi20.com/listing/despacho-de-diseno-gallo-soluciones-graficas/,Gallo Soluciones Gráficas,
1389,despacho-de-diseno-foic-lecanda,https://www.publi20.com/listing/despacho-de-diseno-foic-lecanda/,foic lecanda,
1388,despacho-de-diseno-figura-7,https://www.publi20.com/listing/despacho-de-diseno-figura-7/,Figura 7,
1387,despacho-de-diseno-factortres,https://www.publi20.com/listing/despacho-de-diseno-factortres/,FactorTres,
1386,despacho-de-diseno-estop-diseno,https://www.publi20.com/listing/despacho-de-diseno-estop-diseno/,estop Diseño,
1385,despacho-de-diseno-esferica,https://www.publi20.com/listing/despacho-de-diseno-esferica/,Esférica,
1384,despacho-de-diseno-elite-design-studio,https://www.publi20.com/listing/despacho-de-diseno-elite-design-studio/,Elite Design Studio,
1383,despacho-de-diseno-domino-estudio,https://www.publi20.com/listing/despacho-de-diseno-domino-estudio/,DOMINÓ ESTUDIO,
1382,despacho-de-diseno-diseno-equis,https://www.publi20.com/listing/despacho-de-diseno-diseno-equis/,Diseño Equis,
1381,despacho-de-diseno-diseno-y-publicidad-mexicana,https://www.publi20.com/listing/despacho-de-diseno-diseno-y-publicidad-mexicana/,Diseño y publicidad mexicana,
1380,despacho-de-diseno-dimension,https://www.publi20.com/listing/despacho-de-diseno-dimension/,Dimensión,
1378,despacho-de-diseno-design-bureau,https://www.publi20.com/listing/despacho-de-diseno-design-bureau/,Design Bureau,
1377,despacho-de-diseno-creatividad-inteligente,https://www.publi20.com/listing/despacho-de-diseno-creatividad-inteligente/,Creatividad Inteligente,
1376,despacho-de-diseno-corvin,https://www.publi20.com/listing/despacho-de-diseno-corvin/,Corvin,
1375,despacho-de-diseno-correvedile,https://www.publi20.com/listing/despacho-de-diseno-correvedile/,CorreVeDile,
1374,despacho-de-diseno-cdstudio,https://www.publi20.com/listing/despacho-de-diseno-cdstudio/,CDStudio,
1373,despacho-de-diseno-burak-y-asociados,https://www.publi20.com/listing/despacho-de-diseno-burak-y-asociados/,Burak y Asociados,
1372,despacho-de-diseno-bikreative,https://www.publi20.com/listing/despacho-de-diseno-bikreative/,bikreative,
1371,despacho-de-diseno-beyondit,https://www.publi20.com/listing/despacho-de-diseno-beyondit/,beyondit,
1370,despacho-de-diseno-arg-comunicacion,https://www.publi20.com/listing/despacho-de-diseno-arg-comunicacion/,Arg comunicación,
1369,despacho-de-diseno-al-cuadrado,https://www.publi20.com/listing/despacho-de-diseno-al-cuadrado/,Al cuadrado,
1368,despacho-de-diseno-adc-global-creativity,https://www.publi20.com/listing/despacho-de-diseno-adc-global-creativity/,ADC global creativity,
1367,articulos-promocionales-promoline,https://www.publi20.com/listing/articulos-promocionales-promoline/,promoline,
1366,articulos-promocionales-linkar-publicidad,https://www.publi20.com/listing/articulos-promocionales-linkar-publicidad/,Linkar Publicidad,
1365,articulos-promocionales-imagina-usb,https://www.publi20.com/listing/articulos-promocionales-imagina-usb/,Imagina USB,
1364,articulos-promocionales-gimmick,https://www.publi20.com/listing/articulos-promocionales-gimmick/,Gimmick,
1363,agencias-de-publicidad-pop-grupo-rubrica,https://www.publi20.com/listing/agencias-de-publicidad-pop-grupo-rubrica/,Grupo Rúbrica,
1362,agencias-de-publicidad-pop-pulso-tec,https://www.publi20.com/listing/agencias-de-publicidad-pop-pulso-tec/,PULSO TEC,
1361,agencias-de-publicidad-pop-popmart,https://www.publi20.com/listing/agencias-de-publicidad-pop-popmart/,PopMart,
1360,agencias-de-publicidad-pop-exhibipop,https://www.publi20.com/listing/agencias-de-publicidad-pop-exhibipop/,Exhibipop,
1359,agencias-de-publicidad-pop-solid-image,https://www.publi20.com/listing/agencias-de-publicidad-pop-solid-image/,Solid Image,
1358,agencias-de-publicidad-pop-colorimagen,https://www.publi20.com/listing/agencias-de-publicidad-pop-colorimagen/,Color-imagen,
1357,agencias-de-publicidad-pop-aerotec-publicidad,https://www.publi20.com/listing/agencias-de-publicidad-pop-aerotec-publicidad/,AEROTEC publicidad,
1356,agencias-de-marketing-zogno,https://www.publi20.com/listing/agencias-de-marketing-zogno/,Zogno,
1355,agencias-de-marketing-tematica-creativa,https://www.publi20.com/listing/agencias-de-marketing-tematica-creativa/,Temática Creativa,
1354,agencias-de-marketing-wwbtl,https://www.publi20.com/listing/agencias-de-marketing-wwbtl/,WWBTL,
1353,agencias-de-marketing-waimarketing,https://www.publi20.com/listing/agencias-de-marketing-waimarketing/,waimarketing,
1352,agencias-de-marketing-victoria,https://www.publi20.com/listing/agencias-de-marketing-victoria/,Victoria,
1351,agencias-de-marketing-vandergeist,https://www.publi20.com/listing/agencias-de-marketing-vandergeist/,Vandergeist,
1350,agencias-de-marketing-upgrade-marketing,https://www.publi20.com/listing/agencias-de-marketing-upgrade-marketing/,Upgrade Marketing,
1349,agencias-de-marketing-the-legacy,https://www.publi20.com/listing/agencias-de-marketing-the-legacy/,The Legacy,
1348,agencias-de-marketing-suma-mercadotecnia,https://www.publi20.com/listing/agencias-de-marketing-suma-mercadotecnia/,Suma Mercadotecnia,
1347,agencias-de-marketing-servipromer,https://www.publi20.com/listing/agencias-de-marketing-servipromer/,Servipromer,
1346,agencias-de-marketing-sensorik-mkt,https://www.publi20.com/listing/agencias-de-marketing-sensorik-mkt/,SensoriK MKT,
1345,agencias-de-marketing-ideas-ruizmed,https://www.publi20.com/listing/agencias-de-marketing-ideas-ruizmed/,Ideas Ruizmed,
1344,agencias-de-marketing-rt-marketing,https://www.publi20.com/listing/agencias-de-marketing-rt-marketing/,RT Marketing,
1343,agencias-de-marketing-revolver-radical,https://www.publi20.com/listing/agencias-de-marketing-revolver-radical/,Revolver Radical,
1342,agencias-de-marketing-rapp,https://www.publi20.com/listing/agencias-de-marketing-rapp/,RAPP,
1341,agencias-de-marketing-quarks-consultoria-creativa,https://www.publi20.com/listing/agencias-de-marketing-quarks-consultoria-creativa/,Quarks Consultoría Creativa,
1340,agencias-de-marketing-punto-tres,https://www.publi20.com/listing/agencias-de-marketing-punto-tres/,Punto Tres,
1339,agencias-de-marketing-publiza-marketing,https://www.publi20.com/listing/agencias-de-marketing-publiza-marketing/,Publiza Marketing,
1338,agencias-de-marketing-publisenal,https://www.publi20.com/listing/agencias-de-marketing-publisenal/,Publiseñal,
1337,agencias-de-marketing-porter-novelli,https://www.publi20.com/listing/agencias-de-marketing-porter-novelli/,Porter Novelli,
1336,agencias-de-marketing-pensamiento-creativo,https://www.publi20.com/listing/agencias-de-marketing-pensamiento-creativo/,pensamiento creativo,
1335,agencias-de-marketing-pcc-brand-group-mexico,https://www.publi20.com/listing/agencias-de-marketing-pcc-brand-group-mexico/,PCC Brand Group México,
1334,agencias-de-marketing-orbetech,https://www.publi20.com/listing/agencias-de-marketing-orbetech/,ORBETECH,
1333,agencias-de-marketing-milagro-creativo,https://www.publi20.com/listing/agencias-de-marketing-milagro-creativo/,Milagro Creativo,
1332,agencias-de-marketing-merk4,https://www.publi20.com/listing/agencias-de-marketing-merk4/,merk4,
1331,agencias-de-marketing-merkaresulta,https://www.publi20.com/listing/agencias-de-marketing-merkaresulta/,MERKA-RESULTA,
1330,agencias-de-marketing-mercanz,https://www.publi20.com/listing/agencias-de-marketing-mercanz/,Mercanz,
1329,agencias-de-marketing-melding,https://www.publi20.com/listing/agencias-de-marketing-melding/,melding,
1328,agencias-de-marketing-megadirect,https://www.publi20.com/listing/agencias-de-marketing-megadirect/,MegaDirect,
1327,agencias-de-marketing-medcenter,https://www.publi20.com/listing/agencias-de-marketing-medcenter/,Medcenter,
1326,agencias-de-marketing-matrix-marketing-oob,https://www.publi20.com/listing/agencias-de-marketing-matrix-marketing-oob/,Matrix Marketing OOB,
1325,agencias-de-marketing-materia-gris,https://www.publi20.com/listing/agencias-de-marketing-materia-gris/,Materia Gris,
1324,agencias-de-marketing-mass-marketing-research,https://www.publi20.com/listing/agencias-de-marketing-mass-marketing-research/,Mass Marketing Research,
1323,agencias-de-marketing-maquinaria-creativa,https://www.publi20.com/listing/agencias-de-marketing-maquinaria-creativa/,maquinaria creativa,
1322,agencias-de-marketing-maniac,https://www.publi20.com/listing/agencias-de-marketing-maniac/,maniac,
1321,agencias-de-marketing-loyalty-marketing-services,https://www.publi20.com/listing/agencias-de-marketing-loyalty-marketing-services/,Loyalty Marketing Services,
1320,agencias-de-marketing-litobel,https://www.publi20.com/listing/agencias-de-marketing-litobel/,Litobel,
1319,agencias-de-marketing-kr-mexico,https://www.publi20.com/listing/agencias-de-marketing-kr-mexico/,KR México,
1318,agencias-de-marketing-keep-in-touch-marketing-mexico,https://www.publi20.com/listing/agencias-de-marketing-keep-in-touch-marketing-mexico/,Keep in touch marketing México,
1317,agencias-de-marketing-interbrand,https://www.publi20.com/listing/agencias-de-marketing-interbrand/,interbrand,
1316,agencias-de-marketing-imbora,https://www.publi20.com/listing/agencias-de-marketing-imbora/,Imbora,
1315,agencias-de-marketing-imagine,https://www.publi20.com/listing/agencias-de-marketing-imagine/,Imagine,
1314,agencias-de-marketing-idi-marketing,https://www.publi20.com/listing/agencias-de-marketing-idi-marketing/,IDI Marketing,
1313,agencias-de-marketing-idennto,https://www.publi20.com/listing/agencias-de-marketing-idennto/,idennto,
1312,agencias-de-marketing-how-mkt,https://www.publi20.com/listing/agencias-de-marketing-how-mkt/,How! MKT,
1311,agencias-de-marketing-handelhaus,https://www.publi20.com/listing/agencias-de-marketing-handelhaus/,Handelhaus,
1309,agencias-de-marketing-gideas,https://www.publi20.com/listing/agencias-de-marketing-gideas/,gideas,
1308,agencias-de-marketing-geomarketing,https://www.publi20.com/listing/agencias-de-marketing-geomarketing/,GeoMarketing,
1307,agencias-de-marketing-genes-creativos,https://www.publi20.com/listing/agencias-de-marketing-genes-creativos/,Genes Creativos,
1306,agencias-de-marketing-genera-studio,https://www.publi20.com/listing/agencias-de-marketing-genera-studio/,Genera Studio,
1305,agencias-de-marketing-future-group,https://www.publi20.com/listing/agencias-de-marketing-future-group/,future group,
1304,agencias-de-marketing-forza-creativa,https://www.publi20.com/listing/agencias-de-marketing-forza-creativa/,Forza Creativa,
1303,agencias-de-marketing-forward,https://www.publi20.com/listing/agencias-de-marketing-forward/,Forward,
1302,agencias-de-marketing-fidelity-marketing,https://www.publi20.com/listing/agencias-de-marketing-fidelity-marketing/,Fidelity Marketing,
1301,agencias-de-marketing-exotic-marketing-group,https://www.publi20.com/listing/agencias-de-marketing-exotic-marketing-group/,Exotic Marketing Group,
1300,agencias-de-marketing-marketing911,https://www.publi20.com/listing/agencias-de-marketing-marketing911/,Marketing911,
1299,agencias-de-marketing-estacion-central,https://www.publi20.com/listing/agencias-de-marketing-estacion-central/,Estación Central,
1298,agencias-de-marketing-enmarca,https://www.publi20.com/listing/agencias-de-marketing-enmarca/,enmarca,
1297,agencias-de-marketing-el-tintero-boutique-creativa,https://www.publi20.com/listing/agencias-de-marketing-el-tintero-boutique-creativa/,El Tintero Boutique Creativa,
1296,agencias-de-marketing-el-orfanato-ideas-sin-madre,https://www.publi20.com/listing/agencias-de-marketing-el-orfanato-ideas-sin-madre/,"El Orfanato, ideas sin madre",
1295,agencias-de-marketing-ede,https://www.publi20.com/listing/agencias-de-marketing-ede/,e:de,
1294,agencias-de-marketing-dlb-group-mexico,https://www.publi20.com/listing/agencias-de-marketing-dlb-group-mexico/,DLB Group México,
1293,agencias-de-marketing-dialogo-boutique-creativa,https://www.publi20.com/listing/agencias-de-marketing-dialogo-boutique-creativa/,Diálogo Boutique Creativa,
1292,agencias-de-marketing-diablo-comunicacion,https://www.publi20.com/listing/agencias-de-marketing-diablo-comunicacion/,Diablo Comunicación,
1291,agencias-de-marketing-dharma-publicidad,https://www.publi20.com/listing/agencias-de-marketing-dharma-publicidad/,dharma publicidad,
1290,agencias-de-marketing-dergalyco,https://www.publi20.com/listing/agencias-de-marketing-dergalyco/,Dergal&#038;Co,
1289,agencias-de-marketing-csi-mexico,https://www.publi20.com/listing/agencias-de-marketing-csi-mexico/,CSI MÉXICO,
1288,agencias-de-marketing-conceptmkt,https://www.publi20.com/listing/agencias-de-marketing-conceptmkt/,ConceptMKT,
1287,agencias-de-marketing-cmv,https://www.publi20.com/listing/agencias-de-marketing-cmv/,CMV,
1286,agencias-de-marketing-circulo-de-ideas-btl,https://www.publi20.com/listing/agencias-de-marketing-circulo-de-ideas-btl/,Círculo De Ideas Btl,
1285,agencias-de-marketing-capuano,https://www.publi20.com/listing/agencias-de-marketing-capuano/,Capuano,
1284,agencias-de-marketing-campus-marketing,https://www.publi20.com/listing/agencias-de-marketing-campus-marketing/,Campus Marketing,
1283,agencias-de-marketing-camaleon-marketing,https://www.publi20.com/listing/agencias-de-marketing-camaleon-marketing/,Camaleón Marketing,
1282,agencias-de-marketing-business-landing-mexico,https://www.publi20.com/listing/agencias-de-marketing-business-landing-mexico/,Business Landing México,
1281,agencias-de-marketing-brand-advertising-and-design,https://www.publi20.com/listing/agencias-de-marketing-brand-advertising-and-design/,Brand Advertising and design,
1280,agencias-de-marketing-branch-branding,https://www.publi20.com/listing/agencias-de-marketing-branch-branding/,Branch Branding®,
1279,agencias-de-marketing-bombay,https://www.publi20.com/listing/agencias-de-marketing-bombay/,Bombay +,
1278,agencias-de-marketing-asylum-mexico,https://www.publi20.com/listing/agencias-de-marketing-asylum-mexico/,ASYLUM MÉXICO,
1277,agencias-de-marketing-arista,https://www.publi20.com/listing/agencias-de-marketing-arista/,Arista,
1276,agencias-de-marketing-alternativa-integral,https://www.publi20.com/listing/agencias-de-marketing-alternativa-integral/,Alternativa Integral,
1275,agencias-de-marketing-alternativa-mdi,https://www.publi20.com/listing/agencias-de-marketing-alternativa-mdi/,Alternativa MDI,
1274,agencias-de-marketing-aaltaan,https://www.publi20.com/listing/agencias-de-marketing-aaltaan/,Aaltaan,
1273,agencias-de-marketing-0800-a-m,https://www.publi20.com/listing/agencias-de-marketing-0800-a-m/,08:00 a. m.,
1272,agencia-multimedia-sietegrados-agencia,https://www.publi20.com/listing/agencia-multimedia-sietegrados-agencia/,Sietegrados Agencia,
1271,agencia-multimedia-proyecktoweb,https://www.publi20.com/listing/agencia-multimedia-proyecktoweb/,Proyecktoweb,
1270,agencia-multimedia-mobalis,https://www.publi20.com/listing/agencia-multimedia-mobalis/,Mobalis,
1269,agencia-multimedia-kinnetic-studio,https://www.publi20.com/listing/agencia-multimedia-kinnetic-studio/,Kinnetic Studio,
1268,agencia-multimedia-rengo-renders,https://www.publi20.com/listing/agencia-multimedia-rengo-renders/,Rengo Renders,
1267,agencia-multimedia-goblin-creative,https://www.publi20.com/listing/agencia-multimedia-goblin-creative/,Goblin Creative,
1266,agencia-multimedia-elixir-creativo,https://www.publi20.com/listing/agencia-multimedia-elixir-creativo/,Elixir Creativo,
1265,agencia-multimedia-dinamica-generica,https://www.publi20.com/listing/agencia-multimedia-dinamica-generica/,Dinámica Genérica,
1264,agencia-multimedia-concepto-movil,https://www.publi20.com/listing/agencia-multimedia-concepto-movil/,Concepto Móvil,
1263,agencia-interactiva-substance,https://www.publi20.com/listing/agencia-interactiva-substance/,Substance,
1262,agencia-interactiva-mockup-studio,https://www.publi20.com/listing/agencia-interactiva-mockup-studio/,Mockup Studio,
1261,agencia-interactiva-ingenia-group,https://www.publi20.com/listing/agencia-interactiva-ingenia-group/,Ingenia Group,
1260,agencia-interactiva-estrategas-digitales,https://www.publi20.com/listing/agencia-interactiva-estrategas-digitales/,Estrategas Digitales,
1259,agencia-interactiva-atomo-interactive,https://www.publi20.com/listing/agencia-interactiva-atomo-interactive/,Atomo Interactive,
1258,agencia-interactiva-adp,https://www.publi20.com/listing/agencia-interactiva-adp/,adp,
1257,agencia-digital-zetabe,https://www.publi20.com/listing/agencia-digital-zetabe/,Zetabe,
1256,agencia-digital-toro-digital,https://www.publi20.com/listing/agencia-digital-toro-digital/,TORO Digital,
1255,agencia-digital-tanai-cruz,https://www.publi20.com/listing/agencia-digital-tanai-cruz/,TANAI CRUZ,
1254,agencia-digital-smartclip-mexico,https://www.publi20.com/listing/agencia-digital-smartclip-mexico/,Smartclip México,
1253,agencia-digital-render-farm-studios,https://www.publi20.com/listing/agencia-digital-render-farm-studios/,Render Farm Studios,
1252,agencia-digital-rancho-digital,https://www.publi20.com/listing/agencia-digital-rancho-digital/,Rancho Digital,
1251,agencia-digital-radical-testa,https://www.publi20.com/listing/agencia-digital-radical-testa/,Radical Testa,
1250,agencia-digital-otromexico-sc,https://www.publi20.com/listing/agencia-digital-otromexico-sc/,"Otromexico, sc",
1249,agencia-digital-p1stache,https://www.publi20.com/listing/agencia-digital-p1stache/,p1stache,
1248,agencia-digital-noir-digital,https://www.publi20.com/listing/agencia-digital-noir-digital/,Noir Digital,
1247,agencia-digital-mustard,https://www.publi20.com/listing/agencia-digital-mustard/,Mustard,
1246,agencia-digital-mediagency,https://www.publi20.com/listing/agencia-digital-mediagency/,mediagency,
1245,agencia-digital-lunave,https://www.publi20.com/listing/agencia-digital-lunave/,Lunave,
1244,agencia-digital-lightdesign,https://www.publi20.com/listing/agencia-digital-lightdesign/,Lightdesign,
1243,agencia-digital-lead2action,https://www.publi20.com/listing/agencia-digital-lead2action/,lead2action,
1242,agencia-digital-kontrabando,https://www.publi20.com/listing/agencia-digital-kontrabando/,Kontrabando,
1241,agencia-digital-kml-media,https://www.publi20.com/listing/agencia-digital-kml-media/,KML Media,
1240,agencia-digital-virtual-inflexion-software,https://www.publi20.com/listing/agencia-digital-virtual-inflexion-software/,Virtual Inflexion Software,
1239,agencia-digital-imagia-creativa,https://www.publi20.com/listing/agencia-digital-imagia-creativa/,Imagia Creativa,
1238,agencia-digital-digital-solutions,https://www.publi20.com/listing/agencia-digital-digital-solutions/,Digital Solutions,
1237,agencia-digital-hello-mexico,https://www.publi20.com/listing/agencia-digital-hello-mexico/,Hello México,
1236,agencia-digital-hashtag,https://www.publi20.com/listing/agencia-digital-hashtag/,Hashtag,
1235,agencia-digital-grupo-smart,https://www.publi20.com/listing/agencia-digital-grupo-smart/,Grupo Smart,
1234,agencia-digital-espora-estudio,https://www.publi20.com/listing/agencia-digital-espora-estudio/,Espora Estudio,
1233,agencia-digital-efecinco,https://www.publi20.com/listing/agencia-digital-efecinco/,EfeCinco,
1232,agencia-digital-di-paola-marquez,https://www.publi20.com/listing/agencia-digital-di-paola-marquez/,di Paola Márquez,
1231,agencia-digital-digital-coaster,https://www.publi20.com/listing/agencia-digital-digital-coaster/,digital coaster,
1230,agencia-digital-dialogo-comunicacion,https://www.publi20.com/listing/agencia-digital-dialogo-comunicacion/,Diálogo Comunicación,
1229,agencia-digital-the-cluster-agency,https://www.publi20.com/listing/agencia-digital-the-cluster-agency/,The Cluster Agency,
1228,agencia-digital-clarus-digital,https://www.publi20.com/listing/agencia-digital-clarus-digital/,Clarus Digital,
1227,agencia-digital-axiona,https://www.publi20.com/listing/agencia-digital-axiona/,Axiona,
1226,agencia-digital-altusmedia,https://www.publi20.com/listing/agencia-digital-altusmedia/,Altusmedia,
1225,agencia-digital-ada-mexico,https://www.publi20.com/listing/agencia-digital-ada-mexico/,ADA México,
1224,agencia-de-tecnologia-tkinov,https://www.publi20.com/listing/agencia-de-tecnologia-tkinov/,TKINOV,
1223,agencia-de-tecnologia-pyramid,https://www.publi20.com/listing/agencia-de-tecnologia-pyramid/,Pyramid,
1222,agencia-de-tecnologia-opentec,https://www.publi20.com/listing/agencia-de-tecnologia-opentec/,OpenTec,
1221,agencia-de-tecnologia-monere-business,https://www.publi20.com/listing/agencia-de-tecnologia-monere-business/,Monere Business,
1220,agencia-de-tecnologia-intelisis,https://www.publi20.com/listing/agencia-de-tecnologia-intelisis/,Intelisis,
1219,agencia-de-tecnologia-intruder-consulting,https://www.publi20.com/listing/agencia-de-tecnologia-intruder-consulting/,Intruder Consulting,
1218,agencia-de-tecnologia-grupo-fidalex,https://www.publi20.com/listing/agencia-de-tecnologia-grupo-fidalex/,Grupo Fidalex,
1217,agencia-de-tecnologia-factor-evolucion,https://www.publi20.com/listing/agencia-de-tecnologia-factor-evolucion/,Factor evolución,
1216,agencia-de-tecnologia-daysoft,https://www.publi20.com/listing/agencia-de-tecnologia-daysoft/,DAYSOFT,
1215,agencia-de-tecnologia-abd-systems,https://www.publi20.com/listing/agencia-de-tecnologia-abd-systems/,ABD Systems,
1214,agencia-de-tecnologia-4fsystems,https://www.publi20.com/listing/agencia-de-tecnologia-4fsystems/,4Fsystems,
1213,agencia-de-relaciones-publicas-sara-cuellar-comunicacion,https://www.publi20.com/listing/agencia-de-relaciones-publicas-sara-cuellar-comunicacion/,Sara Cuéllar Comunicación,
1212,agencia-de-relaciones-publicas-prmind-group,https://www.publi20.com/listing/agencia-de-relaciones-publicas-prmind-group/,PRmind Group,
1211,agencia-de-relaciones-publicas-planeco,https://www.publi20.com/listing/agencia-de-relaciones-publicas-planeco/,Planeco,
1210,agencia-de-relaciones-publicas-31416r-relaciones-publicas,https://www.publi20.com/listing/agencia-de-relaciones-publicas-31416r-relaciones-publicas/,3.1416r Relaciones Públicas,
1209,agencia-de-relaciones-publicas-penagos-comunicacion,https://www.publi20.com/listing/agencia-de-relaciones-publicas-penagos-comunicacion/,Penagos Comunicación,
1208,agencia-de-relaciones-publicas-nucleus-by-crm,https://www.publi20.com/listing/agencia-de-relaciones-publicas-nucleus-by-crm/,Nucleus by CRM,
1207,agencia-de-relaciones-publicas-newcom,https://www.publi20.com/listing/agencia-de-relaciones-publicas-newcom/,NewCom,
1206,agencia-de-relaciones-publicas-mun-logic,https://www.publi20.com/listing/agencia-de-relaciones-publicas-mun-logic/,Mun Logic,
1205,agencia-de-relaciones-publicas-massideas,https://www.publi20.com/listing/agencia-de-relaciones-publicas-massideas/,Massideas,
1204,agencia-de-relaciones-publicas-marketing-q,https://www.publi20.com/listing/agencia-de-relaciones-publicas-marketing-q/,Marketing Q,
1203,agencia-de-relaciones-publicas-makken-rrpp,https://www.publi20.com/listing/agencia-de-relaciones-publicas-makken-rrpp/,Makken RRPP,
1202,agencia-de-relaciones-publicas-macias-pr,https://www.publi20.com/listing/agencia-de-relaciones-publicas-macias-pr/,Macias PR,
1201,agencia-de-relaciones-publicas-litio-bmp,https://www.publi20.com/listing/agencia-de-relaciones-publicas-litio-bmp/,LITIO BMP,
1200,agencia-de-relaciones-publicas-lithiumpr,https://www.publi20.com/listing/agencia-de-relaciones-publicas-lithiumpr/,Lithiumpr,
1199,agencia-de-relaciones-publicas-lead-image,https://www.publi20.com/listing/agencia-de-relaciones-publicas-lead-image/,Lead Image,
1198,agencia-de-relaciones-publicas-keep-engaged,https://www.publi20.com/listing/agencia-de-relaciones-publicas-keep-engaged/,Keep Engaged,
1197,agencia-de-relaciones-publicas-kaleidoscopio-pr,https://www.publi20.com/listing/agencia-de-relaciones-publicas-kaleidoscopio-pr/,Kaleidoscopio PR,
1196,agencia-de-relaciones-publicas-iq-pr,https://www.publi20.com/listing/agencia-de-relaciones-publicas-iq-pr/,IQ PR,
1195,agencia-de-relaciones-publicas-international-consulting-and-marketing-icym,https://www.publi20.com/listing/agencia-de-relaciones-publicas-international-consulting-and-marketing-icym/,International Consulting and Marketing (IC&#038;M),
1194,agencia-de-relaciones-publicas-grupo-public,https://www.publi20.com/listing/agencia-de-relaciones-publicas-grupo-public/,Grupo Public,
1193,agencia-de-relaciones-publicas-fleishmanhillard-mexico,https://www.publi20.com/listing/agencia-de-relaciones-publicas-fleishmanhillard-mexico/,Fleishman-Hillard México,
1192,agencia-de-relaciones-publicas-fabrik,https://www.publi20.com/listing/agencia-de-relaciones-publicas-fabrik/,Fabrik,
1191,agencia-de-relaciones-publicas-euroamerica,https://www.publi20.com/listing/agencia-de-relaciones-publicas-euroamerica/,Euroamérica,
1190,agencia-de-relaciones-publicas-eureka-y-co,https://www.publi20.com/listing/agencia-de-relaciones-publicas-eureka-y-co/,Eureka &#038; Co.,
1189,agencia-de-relaciones-publicas-enlace-integral,https://www.publi20.com/listing/agencia-de-relaciones-publicas-enlace-integral/,Enlace Integral,
1188,agencia-de-relaciones-publicas-edelman,https://www.publi20.com/listing/agencia-de-relaciones-publicas-edelman/,Edelman,
1187,agencia-de-relaciones-publicas-ebeaconcommunication,https://www.publi20.com/listing/agencia-de-relaciones-publicas-ebeaconcommunication/,eBeaconCommunication,
1186,agencia-de-relaciones-publicas-dickins-y-asociados,https://www.publi20.com/listing/agencia-de-relaciones-publicas-dickins-y-asociados/,Dickins &#038; Asociados,
1185,agencia-de-relaciones-publicas-cohn-y-wolfe-mexico,https://www.publi20.com/listing/agencia-de-relaciones-publicas-cohn-y-wolfe-mexico/,Cohn &#038; Wolfe Mexico,
1184,agencia-de-relaciones-publicas-bluemind-creative-works,https://www.publi20.com/listing/agencia-de-relaciones-publicas-bluemind-creative-works/,BlueMind Creative Works,
1183,agencia-de-relaciones-publicas-audacia-comunicacion,https://www.publi20.com/listing/agencia-de-relaciones-publicas-audacia-comunicacion/,Audacia Comunicación,
1182,agencia-de-relaciones-publicas-atelier,https://www.publi20.com/listing/agencia-de-relaciones-publicas-atelier/,Atelier,
1181,agencia-de-relaciones-publicas-arvizu,https://www.publi20.com/listing/agencia-de-relaciones-publicas-arvizu/,Arvizu,
1180,agencia-de-relaciones-publicas-alterpraxis,https://www.publi20.com/listing/agencia-de-relaciones-publicas-alterpraxis/,Alterpraxis,
1179,agencia-de-relaciones-publicas-aldebaran-comunicacion,https://www.publi20.com/listing/agencia-de-relaciones-publicas-aldebaran-comunicacion/,Aldebarán Comunicación,
1178,agencia-de-relaciones-publicas-ache-entretenimiento,https://www.publi20.com/listing/agencia-de-relaciones-publicas-ache-entretenimiento/,Ache Entretenimiento,
1177,agencia-de-recursos-humanos-suplementos-corporativos,https://www.publi20.com/listing/agencia-de-recursos-humanos-suplementos-corporativos/,Suplementos Corporativos,
1176,agencia-de-recursos-humanos-staffing-personal,https://www.publi20.com/listing/agencia-de-recursos-humanos-staffing-personal/,Staffing Personal,
1175,agencia-de-recursos-humanos-rolling-personnel,https://www.publi20.com/listing/agencia-de-recursos-humanos-rolling-personnel/,Rolling Personnel,
1174,agencia-de-recursos-humanos-red-ring,https://www.publi20.com/listing/agencia-de-recursos-humanos-red-ring/,Red Ring,
1173,agencia-de-recursos-humanos-randstad,https://www.publi20.com/listing/agencia-de-recursos-humanos-randstad/,Randstad,
1172,agencia-de-recursos-humanos-people-value,https://www.publi20.com/listing/agencia-de-recursos-humanos-people-value/,People Value,
1171,agencia-de-recursos-humanos-mexidooro-internacional,https://www.publi20.com/listing/agencia-de-recursos-humanos-mexidooro-internacional/,Mexidooro Internacional,
1170,agencia-de-recursos-humanos-mercury-data,https://www.publi20.com/listing/agencia-de-recursos-humanos-mercury-data/,Mercury Data,
1169,agencia-de-recursos-humanos-ips,https://www.publi20.com/listing/agencia-de-recursos-humanos-ips/,IPS,
1168,agencia-de-recursos-humanos-human-sourcing,https://www.publi20.com/listing/agencia-de-recursos-humanos-human-sourcing/,HUMA-N Sourcing,
1167,agencia-de-recursos-humanos-human-kind,https://www.publi20.com/listing/agencia-de-recursos-humanos-human-kind/,Human Kind,
1166,agencia-de-recursos-humanos-human-dynamics-bureau,https://www.publi20.com/listing/agencia-de-recursos-humanos-human-dynamics-bureau/,Human Dynamics Bureau,
1165,agencia-de-recursos-humanos-hm-consultores,https://www.publi20.com/listing/agencia-de-recursos-humanos-hm-consultores/,HM Consultores,
1164,agencia-de-recursos-humanos-great-team,https://www.publi20.com/listing/agencia-de-recursos-humanos-great-team/,GREAT TEAM,
1163,agencia-de-recursos-humanos-direccion-humana,https://www.publi20.com/listing/agencia-de-recursos-humanos-direccion-humana/,Dirección Humana,
1162,agencia-de-recursos-humanos-delta-middle-management,https://www.publi20.com/listing/agencia-de-recursos-humanos-delta-middle-management/,Delta Middle Management,
1161,agencia-de-recursos-humanos-corporativo-yebiah,https://www.publi20.com/listing/agencia-de-recursos-humanos-corporativo-yebiah/,Corporativo Yebiah,
1160,agencia-de-recursos-humanos-cm-talent-y-development,https://www.publi20.com/listing/agencia-de-recursos-humanos-cm-talent-y-development/,CM Talent &#038; Development,
1159,agencia-de-publicidad-farmaceutica-timspa,https://www.publi20.com/listing/agencia-de-publicidad-farmaceutica-timspa/,Timspa,
1158,agencia-de-publicidad-farmaceutica-el-taller-de-las-ideas,https://www.publi20.com/listing/agencia-de-publicidad-farmaceutica-el-taller-de-las-ideas/,El Taller de las Ideas,
1157,agencia-de-publicidad-farmaceutica-queruva,https://www.publi20.com/listing/agencia-de-publicidad-farmaceutica-queruva/,Queruva,
1156,agencia-de-publicidad-farmaceutica-punto-pen,https://www.publi20.com/listing/agencia-de-publicidad-farmaceutica-punto-pen/,Punto Pen,
1155,agencia-de-publicidad-farmaceutica-medicacf,https://www.publi20.com/listing/agencia-de-publicidad-farmaceutica-medicacf/,Medicacf,
1154,agencia-de-publicidad-farmaceutica-marketing-latino,https://www.publi20.com/listing/agencia-de-publicidad-farmaceutica-marketing-latino/,Marketing Latino,
1153,agencia-de-publicidad-farmaceutica-ifloat-mexico,https://www.publi20.com/listing/agencia-de-publicidad-farmaceutica-ifloat-mexico/,iFloat México,
1152,agencia-de-publicidad-farmaceutica-designing-advertising,https://www.publi20.com/listing/agencia-de-publicidad-farmaceutica-designing-advertising/,Designing Advertising,
1151,agencia-de-publicidad-farmaceutica-cdyp-concepto-diseno-y-publicidad,https://www.publi20.com/listing/agencia-de-publicidad-farmaceutica-cdyp-concepto-diseno-y-publicidad/,"CD&#038;P. CONCEPTO, DISEÑO Y PUBLICIDAD",
1150,agencia-de-publicidad-farmaceutica-carlos-ascobereta-publicidad,https://www.publi20.com/listing/agencia-de-publicidad-farmaceutica-carlos-ascobereta-publicidad/,Carlos Ascobereta Publicidad,
1149,agencia-de-publicidad-farmaceutica-baktun-13-comunicacion,https://www.publi20.com/listing/agencia-de-publicidad-farmaceutica-baktun-13-comunicacion/,baktun 13 comunicación,
1148,agencia-de-publicidad-farmaceutica-asterisco-healthcare-communications,https://www.publi20.com/listing/agencia-de-publicidad-farmaceutica-asterisco-healthcare-communications/,Asterisco healthcare communications,
1147,agencia-de-publicidad-farmaceutica-asesores-en-prensa-y-comunicacion,https://www.publi20.com/listing/agencia-de-publicidad-farmaceutica-asesores-en-prensa-y-comunicacion/,Asesores en Prensa y Comunicación,
1146,agencia-de-publicidad-farmaceutica-adacosta,https://www.publi20.com/listing/agencia-de-publicidad-farmaceutica-adacosta/,AD/Acosta,
1145,agencia-de-publicidad-exterior-wachovia,https://www.publi20.com/listing/agencia-de-publicidad-exterior-wachovia/,Wachovia,
1144,agencia-de-publicidad-exterior-vendor,https://www.publi20.com/listing/agencia-de-publicidad-exterior-vendor/,Vendor,
1143,agencia-de-publicidad-exterior-vanguardia-publicitaria,https://www.publi20.com/listing/agencia-de-publicidad-exterior-vanguardia-publicitaria/,Vanguardia Publicitaria,
1142,agencia-de-publicidad-exterior-strada-publicidad,https://www.publi20.com/listing/agencia-de-publicidad-exterior-strada-publicidad/,Strada Publicidad,
1141,agencia-de-publicidad-exterior-grupo-atm,https://www.publi20.com/listing/agencia-de-publicidad-exterior-grupo-atm/,grupo ATM,
1140,agencia-de-publicidad-exterior-publisitios,https://www.publi20.com/listing/agencia-de-publicidad-exterior-publisitios/,PubliSitios,
1139,agencia-de-publicidad-exterior-publicarteleras,https://www.publi20.com/listing/agencia-de-publicidad-exterior-publicarteleras/,publicarteleras,
1138,agencia-de-publicidad-exterior-pm-on-street,https://www.publi20.com/listing/agencia-de-publicidad-exterior-pm-on-street/,pm on street,
1137,agencia-de-publicidad-exterior-mepexsa,https://www.publi20.com/listing/agencia-de-publicidad-exterior-mepexsa/,Mepexsa,
1136,agencia-de-publicidad-exterior-medios-populares,https://www.publi20.com/listing/agencia-de-publicidad-exterior-medios-populares/,Medios Populares,
1135,agencia-de-publicidad-exterior-marcavision,https://www.publi20.com/listing/agencia-de-publicidad-exterior-marcavision/,Marcavisión,
1134,agencia-de-publicidad-exterior-ledies,https://www.publi20.com/listing/agencia-de-publicidad-exterior-ledies/,Ledies,
1133,agencia-de-publicidad-exterior-publicidad-exterior-lagunas,https://www.publi20.com/listing/agencia-de-publicidad-exterior-publicidad-exterior-lagunas/,publicidad exterior lagunas,
1132,agencia-de-publicidad-exterior-isa-corporativo,https://www.publi20.com/listing/agencia-de-publicidad-exterior-isa-corporativo/,Isa Corporativo,
1131,agencia-de-publicidad-exterior-grupo-imu,https://www.publi20.com/listing/agencia-de-publicidad-exterior-grupo-imu/,Grupo IMU,
1130,agencia-de-publicidad-exterior-impacto-capital,https://www.publi20.com/listing/agencia-de-publicidad-exterior-impacto-capital/,Impacto Capital,
1129,agencia-de-publicidad-exterior-grupo-rentable,https://www.publi20.com/listing/agencia-de-publicidad-exterior-grupo-rentable/,Grupo Rentable,
1128,agencia-de-publicidad-exterior-cencom,https://www.publi20.com/listing/agencia-de-publicidad-exterior-cencom/,CENCOM,
1127,agencia-de-publicidad-exterior-clear-channel,https://www.publi20.com/listing/agencia-de-publicidad-exterior-clear-channel/,Clear Channel,
1126,agencia-de-publicidad-exterior-5m2,https://www.publi20.com/listing/agencia-de-publicidad-exterior-5m2/,5M2,
1125,agencia-de-publicidad-exterior-casa-publicidad-y-asociados,https://www.publi20.com/listing/agencia-de-publicidad-exterior-casa-publicidad-y-asociados/,Casa Publicidad y Asociados,
1124,agencia-de-publicidad-exterior-cartelerascom,https://www.publi20.com/listing/agencia-de-publicidad-exterior-cartelerascom/,carteleras.com,
1123,agencia-de-publicidad-exterior-cadpro-vallas-moviles,https://www.publi20.com/listing/agencia-de-publicidad-exterior-cadpro-vallas-moviles/,CADPRO Vallas Móviles,
1122,agencia-de-publicidad-exterior-actives-btl,https://www.publi20.com/listing/agencia-de-publicidad-exterior-actives-btl/,Actives BTL,
1121,agencia-de-publicidad-zoo,https://www.publi20.com/listing/agencia-de-publicidad-zoo/,Zoo,
1120,agencia-de-publicidad-zeta-publicidad,https://www.publi20.com/listing/agencia-de-publicidad-zeta-publicidad/,Zeta Publicidad,
1119,agencia-de-publicidad-zaga-consulting,https://www.publi20.com/listing/agencia-de-publicidad-zaga-consulting/,Zaga Consulting,
1118,agencia-de-publicidad-young-y-rubicam,https://www.publi20.com/listing/agencia-de-publicidad-young-y-rubicam/,Young &#038; Rubicam,
1117,agencia-de-publicidad-xpand-marketing-group,https://www.publi20.com/listing/agencia-de-publicidad-xpand-marketing-group/,Xpand Marketing Group,
1116,agencia-de-publicidad-wunderman-mexico,https://www.publi20.com/listing/agencia-de-publicidad-wunderman-mexico/,Wunderman México,
1115,agencia-de-publicidad-agency-world-services,https://www.publi20.com/listing/agencia-de-publicidad-agency-world-services/,Agency World Services,
1114,agencia-de-publicidad-w-marketing,https://www.publi20.com/listing/agencia-de-publicidad-w-marketing/,W Marketing,
1113,agencia-de-publicidad-ar-weitzner-y-asociados,https://www.publi20.com/listing/agencia-de-publicidad-ar-weitzner-y-asociados/,A.R. Weitzner &#038; Asociados,
1112,agencia-de-publicidad-w-comunicacion,https://www.publi20.com/listing/agencia-de-publicidad-w-comunicacion/,W Comunicación,
1111,agencia-de-publicidad-w360,https://www.publi20.com/listing/agencia-de-publicidad-w360/,W360°,
1110,agencia-de-publicidad-vux,https://www.publi20.com/listing/agencia-de-publicidad-vux/,VUX,
1108,agencia-de-publicidad-visual-latina,https://www.publi20.com/listing/agencia-de-publicidad-visual-latina/,Visual Latina,
1107,agencia-de-publicidad-grupo-vale-euro-rscg,https://www.publi20.com/listing/agencia-de-publicidad-grupo-vale-euro-rscg/,Grupo Vale Euro RSCG,
1106,agencia-de-publicidad-tovar-mina-y-asociados,https://www.publi20.com/listing/agencia-de-publicidad-tovar-mina-y-asociados/,Tovar Mina y Asociados,
1105,agencia-de-publicidad-todolocontrario,https://www.publi20.com/listing/agencia-de-publicidad-todolocontrario/,Todolocontrario,
1104,agencia-de-publicidad-titan-mexico,https://www.publi20.com/listing/agencia-de-publicidad-titan-mexico/,Titán Mexico,
1103,agencia-de-publicidad-teran-tbwa,https://www.publi20.com/listing/agencia-de-publicidad-teran-tbwa/,Terán TBWA,
1102,agencia-de-publicidad-target-gbm,https://www.publi20.com/listing/agencia-de-publicidad-target-gbm/,Target GBM,
1101,agencia-de-publicidad-tanquegroup,https://www.publi20.com/listing/agencia-de-publicidad-tanquegroup/,Tanquegroup,
1100,agencia-de-publicidad-synapsis-de-mexico,https://www.publi20.com/listing/agencia-de-publicidad-synapsis-de-mexico/,Synapsis de México,
1099,agencia-de-publicidad-starbrands,https://www.publi20.com/listing/agencia-de-publicidad-starbrands/,Starbrands,
1098,agencia-de-publicidad-sprim,https://www.publi20.com/listing/agencia-de-publicidad-sprim/,SPRIM,
1097,agencia-de-publicidad-spot-lite-sa-de-cv,https://www.publi20.com/listing/agencia-de-publicidad-spot-lite-sa-de-cv/,Spot Lite SA de CV,
1096,agencia-de-publicidad-spora-publicidad-y-diseno-grafico,https://www.publi20.com/listing/agencia-de-publicidad-spora-publicidad-y-diseno-grafico/,Spora Publicidad &#038; Diseño Gráfico,
1095,agencia-de-publicidad-sparkling,https://www.publi20.com/listing/agencia-de-publicidad-sparkling/,Sparkling,
1094,agencia-de-publicidad-slogan-publicidad,https://www.publi20.com/listing/agencia-de-publicidad-slogan-publicidad/,Slogan Publicidad,
1093,agencia-de-publicidad-silverlight-cbs,https://www.publi20.com/listing/agencia-de-publicidad-silverlight-cbs/,Silverlight CBS,
1092,agencia-de-publicidad-seis-grados,https://www.publi20.com/listing/agencia-de-publicidad-seis-grados/,Seis grados,
1091,agencia-de-publicidad-sbtl,https://www.publi20.com/listing/agencia-de-publicidad-sbtl/,SBTL,
1090,agencia-de-publicidad-nazca-saatchi-y-saatchi,https://www.publi20.com/listing/agencia-de-publicidad-nazca-saatchi-y-saatchi/,Nazca Saatchi &#038; Saatchi,
1089,agencia-de-publicidad-resolucion-pixel,https://www.publi20.com/listing/agencia-de-publicidad-resolucion-pixel/,Resolucion Pixel,
1088,agencia-de-publicidad-el-recreo-comunicacion,https://www.publi20.com/listing/agencia-de-publicidad-el-recreo-comunicacion/,El Recreo comunicación,
1087,agencia-de-publicidad-pw-agency,https://www.publi20.com/listing/agencia-de-publicidad-pw-agency/,pw agency,
1086,agencia-de-publicidad-publycity,https://www.publi20.com/listing/agencia-de-publicidad-publycity/,Publycity,
1085,agencia-de-publicidad-publicis-mexico,https://www.publi20.com/listing/agencia-de-publicidad-publicis-mexico/,Publicis Mexico,
1084,agencia-de-publicidad-publicidad-global-mexico,https://www.publi20.com/listing/agencia-de-publicidad-publicidad-global-mexico/,Publicidad Global Mexico,
1083,agencia-de-publicidad-proyecta-publicidad,https://www.publi20.com/listing/agencia-de-publicidad-proyecta-publicidad/,Proyecta Publicidad,
1082,agencia-de-publicidad-proyecta-live-brand,https://www.publi20.com/listing/agencia-de-publicidad-proyecta-live-brand/,proyecta live brand,
1081,agencia-de-publicidad-promo-express,https://www.publi20.com/listing/agencia-de-publicidad-promo-express/,Promo express,
1080,agencia-de-publicidad-promarket,https://www.publi20.com/listing/agencia-de-publicidad-promarket/,Promarket,
1079,agencia-de-publicidad-primitivo-publicidad,https://www.publi20.com/listing/agencia-de-publicidad-primitivo-publicidad/,Primitivo Publicidad,
1078,agencia-de-publicidad-postermedia,https://www.publi20.com/listing/agencia-de-publicidad-postermedia/,Postermedia,
1077,agencia-de-publicidad-pool-creativo,https://www.publi20.com/listing/agencia-de-publicidad-pool-creativo/,Pool Creativo,
1076,agencia-de-publicidad-pico-adworks,https://www.publi20.com/listing/agencia-de-publicidad-pico-adworks/,Pico Adworks,
1075,agencia-de-publicidad-phi-comunicaciones,https://www.publi20.com/listing/agencia-de-publicidad-phi-comunicaciones/,PHI Comunicaciones,
1074,agencia-de-publicidad-pgiovascom,https://www.publi20.com/listing/agencia-de-publicidad-pgiovascom/,PGIOVAS.COM,
1073,agencia-de-publicidad-perspectiva-cym,https://www.publi20.com/listing/agencia-de-publicidad-perspectiva-cym/,Perspectiva C&#038;M,
1072,agencia-de-publicidad-panacea-comunicacion,https://www.publi20.com/listing/agencia-de-publicidad-panacea-comunicacion/,Panacea Comunicación,
1071,agencia-de-publicidad-ophium,https://www.publi20.com/listing/agencia-de-publicidad-ophium/,OPHIUM,
1070,agencia-de-publicidad-on-cue,https://www.publi20.com/listing/agencia-de-publicidad-on-cue/,On Cue,
1069,agencia-de-publicidad-olabuenaga-chemistri,https://www.publi20.com/listing/agencia-de-publicidad-olabuenaga-chemistri/,Olabuenaga Chemistri,
1068,agencia-de-publicidad-ogilvy-y-mather,https://www.publi20.com/listing/agencia-de-publicidad-ogilvy-y-mather/,Ogilvy &#038; Mather,
1067,agencia-de-publicidad-nucleo-publicidad,https://www.publi20.com/listing/agencia-de-publicidad-nucleo-publicidad/,Nucleo Publicidad,
1066,agencia-de-publicidad-ninja,https://www.publi20.com/listing/agencia-de-publicidad-ninja/,NINJA*,
1065,agencia-de-publicidad-neutech,https://www.publi20.com/listing/agencia-de-publicidad-neutech/,Neutech,
1064,agencia-de-publicidad-la-agencia,https://www.publi20.com/listing/agencia-de-publicidad-la-agencia/,La Agencia,
1063,agencia-de-publicidad-martinez-fresan,https://www.publi20.com/listing/agencia-de-publicidad-martinez-fresan/,Martínez Fresán,
1062,agencia-de-publicidad-montenegro-comunicacion,https://www.publi20.com/listing/agencia-de-publicidad-montenegro-comunicacion/,Montenegro comunicación,
1061,agencia-de-publicidad-moller-comunicacion-de-marcas,https://www.publi20.com/listing/agencia-de-publicidad-moller-comunicacion-de-marcas/,Möller Comunicación de Marcas,
1060,agencia-de-publicidad-medellin-publicistas,https://www.publi20.com/listing/agencia-de-publicidad-medellin-publicistas/,MEDELLÍN Publicistas,
1059,agencia-de-publicidad-mccann-worldgroup,https://www.publi20.com/listing/agencia-de-publicidad-mccann-worldgroup/,McCann Worldgroup,
1058,agencia-de-publicidad-marioni,https://www.publi20.com/listing/agencia-de-publicidad-marioni/,Marioni,
1057,agencia-de-publicidad-mala-conducta,https://www.publi20.com/listing/agencia-de-publicidad-mala-conducta/,Mala Conducta,
1056,agencia-de-publicidad-magnus-mccoy,https://www.publi20.com/listing/agencia-de-publicidad-magnus-mccoy/,Magnus McCoy,
1055,agencia-de-publicidad-lowe,https://www.publi20.com/listing/agencia-de-publicidad-lowe/,Lowe,
1054,agencia-de-publicidad-leo-burnett-mexico,https://www.publi20.com/listing/agencia-de-publicidad-leo-burnett-mexico/,Leo Burnett México,
1053,agencia-de-publicidad-lebrija-rubio-publicidad,https://www.publi20.com/listing/agencia-de-publicidad-lebrija-rubio-publicidad/,"Lebrija, Rubio Publicidad",
1051,agencia-de-publicidad-la-fraternidad,https://www.publi20.com/listing/agencia-de-publicidad-la-fraternidad/,La Fraternidad,
1050,agencia-de-publicidad-la-doble-vida,https://www.publi20.com/listing/agencia-de-publicidad-la-doble-vida/,La doble vida,
1049,agencia-de-publicidad-la-despensa,https://www.publi20.com/listing/agencia-de-publicidad-la-despensa/,La Despensa,
1048,agencia-de-publicidad-jwt-mexico,https://www.publi20.com/listing/agencia-de-publicidad-jwt-mexico/,JWT Mexico,
1047,agencia-de-publicidad-grupo-inventiva,https://www.publi20.com/listing/agencia-de-publicidad-grupo-inventiva/,Grupo Inventiva,
1046,agencia-de-publicidad-in-situ-publicidad,https://www.publi20.com/listing/agencia-de-publicidad-in-situ-publicidad/,In Situ Publicidad,
1045,agencia-de-publicidad-inmotion-productions,https://www.publi20.com/listing/agencia-de-publicidad-inmotion-productions/,Inmotion Productions,
1044,agencia-de-publicidad-increapublicidad,https://www.publi20.com/listing/agencia-de-publicidad-increapublicidad/,increapublicidad,
1043,agencia-de-publicidad-imagic-group,https://www.publi20.com/listing/agencia-de-publicidad-imagic-group/,Imagic Group,
1042,agencia-de-publicidad-imagogenia,https://www.publi20.com/listing/agencia-de-publicidad-imagogenia/,Imagogenia,
1041,agencia-de-publicidad-ike,https://www.publi20.com/listing/agencia-de-publicidad-ike/,IKÉ?,
1040,agencia-de-publicidad-haz-comunicacion,https://www.publi20.com/listing/agencia-de-publicidad-haz-comunicacion/,Haz Comunicación,
1039,agencia-de-publicidad-havas-worldwide-mexico,https://www.publi20.com/listing/agencia-de-publicidad-havas-worldwide-mexico/,Havas Worldwide México,
1038,agencia-de-publicidad-guru-market,https://www.publi20.com/listing/agencia-de-publicidad-guru-market/,Guru Market,
1037,agencia-de-publicidad-grupo-difusion,https://www.publi20.com/listing/agencia-de-publicidad-grupo-difusion/,Grupo Difusión,
1036,agencia-de-publicidad-grey-global-group-mexico,https://www.publi20.com/listing/agencia-de-publicidad-grey-global-group-mexico/,Grey Global Group México,
1035,agencia-de-publicidad-gibert,https://www.publi20.com/listing/agencia-de-publicidad-gibert/,Gibert,
1034,agencia-de-publicidad-gaudelli-mcw,https://www.publi20.com/listing/agencia-de-publicidad-gaudelli-mcw/,Gaudelli MCW,
1033,agencia-de-publicidad-gangagency,https://www.publi20.com/listing/agencia-de-publicidad-gangagency/,GangAgency,
1032,agencia-de-publicidad-ganem-group,https://www.publi20.com/listing/agencia-de-publicidad-ganem-group/,Ganem Group,
1031,agencia-de-publicidad-frente-btl,https://www.publi20.com/listing/agencia-de-publicidad-frente-btl/,Frente BTL,
1030,agencia-de-publicidad-figallo-comunicaciones,https://www.publi20.com/listing/agencia-de-publicidad-figallo-comunicaciones/,Figallo Comunicaciones,
1029,agencia-de-publicidad-grupo-ferrer,https://www.publi20.com/listing/agencia-de-publicidad-grupo-ferrer/,Grupo Ferrer,
1028,agencia-de-publicidad-euro-beker-rscg,https://www.publi20.com/listing/agencia-de-publicidad-euro-beker-rscg/,Euro Beker RSCG,
1027,agencia-de-publicidad-e99-branding,https://www.publi20.com/listing/agencia-de-publicidad-e99-branding/,E99 BRANDING,
1026,agencia-de-publicidad-draftfcb,https://www.publi20.com/listing/agencia-de-publicidad-draftfcb/,Draftfcb,
1025,agencia-de-publicidad-dendrita-publicidad,https://www.publi20.com/listing/agencia-de-publicidad-dendrita-publicidad/,Dendrita Publicidad,
1024,agencia-de-publicidad-delta-group,https://www.publi20.com/listing/agencia-de-publicidad-delta-group/,Delta Group,
1023,agencia-de-publicidad-de-haro-publicidad,https://www.publi20.com/listing/agencia-de-publicidad-de-haro-publicidad/,De Haro Publicidad,
1022,agencia-de-publicidad-ddb-mexico,https://www.publi20.com/listing/agencia-de-publicidad-ddb-mexico/,DDB México,
1021,agencia-de-publicidad-dcastrum,https://www.publi20.com/listing/agencia-de-publicidad-dcastrum/,d&#8217;castrum,
1020,agencia-de-publicidad-darwin-ad,https://www.publi20.com/listing/agencia-de-publicidad-darwin-ad/,Darwin AD,
1019,agencia-de-publicidad-dada-publicidad,https://www.publi20.com/listing/agencia-de-publicidad-dada-publicidad/,Dadá Publicidad,
1018,agencia-de-publicidad-crecere-quorum,https://www.publi20.com/listing/agencia-de-publicidad-crecere-quorum/,Crecere Quorum,
1017,agencia-de-publicidad-creativos-y-co,https://www.publi20.com/listing/agencia-de-publicidad-creativos-y-co/,Creativos &#038; Co.,
1016,agencia-de-publicidad-com-comunicacion-integral,https://www.publi20.com/listing/agencia-de-publicidad-com-comunicacion-integral/,Com Comunicación Integral,
1015,agencia-de-publicidad-click-publicidad,https://www.publi20.com/listing/agencia-de-publicidad-click-publicidad/,Click Publicidad,
1014,agencia-de-publicidad-clemente-camara-y-asociados,https://www.publi20.com/listing/agencia-de-publicidad-clemente-camara-y-asociados/,Clemente Cámara y Asociados,
1013,agencia-de-publicidad-circulo-diseno,https://www.publi20.com/listing/agencia-de-publicidad-circulo-diseno/,Círculo Diseño,
1012,agencia-de-publicidad-chilaquile-btl,https://www.publi20.com/listing/agencia-de-publicidad-chilaquile-btl/,Chilaquile BTL,
1011,agencia-de-publicidad-cheil-mexico,https://www.publi20.com/listing/agencia-de-publicidad-cheil-mexico/,Cheil México,
1010,agencia-de-publicidad-centro-creativo,https://www.publi20.com/listing/agencia-de-publicidad-centro-creativo/,Centro Creativo,
1009,agencia-de-publicidad-central-de-ideas,https://www.publi20.com/listing/agencia-de-publicidad-central-de-ideas/,Central de Ideas,
1008,agencia-de-publicidad-bolivar-cisneros,https://www.publi20.com/listing/agencia-de-publicidad-bolivar-cisneros/,Bolivar Cisneros,
1007,agencia-de-publicidad-bypower,https://www.publi20.com/listing/agencia-de-publicidad-bypower/,ByPower,
1006,agencia-de-publicidad-btl-innova,https://www.publi20.com/listing/agencia-de-publicidad-btl-innova/,BTL Innova,
1005,agencia-de-publicidad-bbdo-mexico,https://www.publi20.com/listing/agencia-de-publicidad-bbdo-mexico/,BBDO MÉXICO,
1004,agencia-de-publicidad-barsobea,https://www.publi20.com/listing/agencia-de-publicidad-barsobea/,Barsobea,
1003,agencia-de-publicidad-banana-btl,https://www.publi20.com/listing/agencia-de-publicidad-banana-btl/,Banana btl,
1002,agencia-de-publicidad-autoconsulting-y-merchandising,https://www.publi20.com/listing/agencia-de-publicidad-autoconsulting-y-merchandising/,Autoconsulting &#038; Merchandising,
1001,agencia-de-publicidad-arroyo-publicidad,https://www.publi20.com/listing/agencia-de-publicidad-arroyo-publicidad/,Arroyo Publicidad,
1000,agencia-de-publicidad-arrechedera-claverol,https://www.publi20.com/listing/agencia-de-publicidad-arrechedera-claverol/,Arrechedera Claverol,
999,agencia-de-publicidad-archer-troy,https://www.publi20.com/listing/agencia-de-publicidad-archer-troy/,Archer Troy,
998,agencia-de-publicidad-anonimo,https://www.publi20.com/listing/agencia-de-publicidad-anonimo/,anónimo,
997,agencia-de-publicidad-amk-healthcare,https://www.publi20.com/listing/agencia-de-publicidad-amk-healthcare/,AMK Healthcare,
996,agencia-de-publicidad-apositivo,https://www.publi20.com/listing/agencia-de-publicidad-apositivo/,a+positivo,
995,agencia-de-publicidad-alx-design,https://www.publi20.com/listing/agencia-de-publicidad-alx-design/,Alx Design,
994,agencia-de-publicidad-alvarado-molina,https://www.publi20.com/listing/agencia-de-publicidad-alvarado-molina/,Alvarado Molina,
993,agencia-de-publicidad-alex-design,https://www.publi20.com/listing/agencia-de-publicidad-alex-design/,Alex Design,
992,agencia-de-publicidad-alazraki-y-asociados,https://www.publi20.com/listing/agencia-de-publicidad-alazraki-y-asociados/,Alazraki y Asociados,
991,agencia-de-publicidad-agencia-vainilla,https://www.publi20.com/listing/agencia-de-publicidad-agencia-vainilla/,Agencia Vainilla,
990,agencia-de-publicidad-augusto-elias,https://www.publi20.com/listing/agencia-de-publicidad-augusto-elias/,Augusto Elías,
989,agencia-de-publicidad-ad-livitum,https://www.publi20.com/listing/agencia-de-publicidad-ad-livitum/,Ad Livitum,
988,agencia-de-publicidad-addivina,https://www.publi20.com/listing/agencia-de-publicidad-addivina/,Addivina,
987,agencia-de-publicidad-adcafe-publicidad,https://www.publi20.com/listing/agencia-de-publicidad-adcafe-publicidad/,adcafe publicidad,
986,agencia-de-publicidad-accse-accion-social-empresarial,https://www.publi20.com/listing/agencia-de-publicidad-accse-accion-social-empresarial/,ACCSE &#8211; Acción Social Empresarial,
985,agencia-de-publicidad-area6,https://www.publi20.com/listing/agencia-de-publicidad-area6/,Area6,
984,agencia-de-publicidad-64seis-consultores,https://www.publi20.com/listing/agencia-de-publicidad-64seis-consultores/,64seis consultores,
983,agencia-de-publicidad-360btl,https://www.publi20.com/listing/agencia-de-publicidad-360btl/,360BTL,
982,agencia-de-publicidad-021-comunicaciones,https://www.publi20.com/listing/agencia-de-publicidad-021-comunicaciones/,021 Comunicaciones,
981,agencia-de-promocion-unlimited-ideas,https://www.publi20.com/listing/agencia-de-promocion-unlimited-ideas/,Unlimited Ideas,
980,agencia-de-promocion-topping-ttl,https://www.publi20.com/listing/agencia-de-promocion-topping-ttl/,Topping TTL,
979,agencia-de-promocion-grupo-todo-promo,https://www.publi20.com/listing/agencia-de-promocion-grupo-todo-promo/,Grupo Todo Promo,
978,agencia-de-promocion-sp-group,https://www.publi20.com/listing/agencia-de-promocion-sp-group/,SP Group,
977,agencia-de-promocion-sip,https://www.publi20.com/listing/agencia-de-promocion-sip/,SIP,
976,agencia-de-promocion-sinergia-xxi,https://www.publi20.com/listing/agencia-de-promocion-sinergia-xxi/,Sinergia XXI,
975,agencia-de-promocion-silva-corporativo,https://www.publi20.com/listing/agencia-de-promocion-silva-corporativo/,silva corporativo,
974,agencia-de-promocion-shark-btl,https://www.publi20.com/listing/agencia-de-promocion-shark-btl/,Shark BTL,
973,agencia-de-promocion-sepreom,https://www.publi20.com/listing/agencia-de-promocion-sepreom/,Sepreom,
972,agencia-de-promocion-rua-mkt,https://www.publi20.com/listing/agencia-de-promocion-rua-mkt/,RUA mkt,
971,agencia-de-promocion-ronin7,https://www.publi20.com/listing/agencia-de-promocion-ronin7/,RONIN7,
970,agencia-de-promocion-red-promex,https://www.publi20.com/listing/agencia-de-promocion-red-promex/,Red Promex,
969,agencia-de-promocion-raya2,https://www.publi20.com/listing/agencia-de-promocion-raya2/,Raya2,
968,agencia-de-promocion-ratpack,https://www.publi20.com/listing/agencia-de-promocion-ratpack/,Ratpack,
967,agencia-de-promocion-protarget,https://www.publi20.com/listing/agencia-de-promocion-protarget/,Protarget,
966,agencia-de-promocion-proprom,https://www.publi20.com/listing/agencia-de-promocion-proprom/,proprom,
965,agencia-de-promocion-promotion,https://www.publi20.com/listing/agencia-de-promocion-promotion/,Promotion,
964,agencia-de-promocion-promolatina,https://www.publi20.com/listing/agencia-de-promocion-promolatina/,Promolatina,
963,agencia-de-promocion-marketing-y-promotion,https://www.publi20.com/listing/agencia-de-promocion-marketing-y-promotion/,Marketing &#038; Promotion,
962,agencia-de-promocion-promerc,https://www.publi20.com/listing/agencia-de-promocion-promerc/,Promerc,
961,agencia-de-promocion-promosapiens,https://www.publi20.com/listing/agencia-de-promocion-promosapiens/,Promosapiens,
960,agencia-de-promocion-primer-nivel,https://www.publi20.com/listing/agencia-de-promocion-primer-nivel/,Primer Nivel,
959,agencia-de-promocion-promo-conceptos,https://www.publi20.com/listing/agencia-de-promocion-promo-conceptos/,Promo Conceptos,
958,agencia-de-promocion-payroling,https://www.publi20.com/listing/agencia-de-promocion-payroling/,Payroling,
957,agencia-de-promocion-pauta-creativa,https://www.publi20.com/listing/agencia-de-promocion-pauta-creativa/,Pauta Creativa,
956,agencia-de-promocion-msprom,https://www.publi20.com/listing/agencia-de-promocion-msprom/,MS-Prom,
955,agencia-de-promocion-mp-marketing-group,https://www.publi20.com/listing/agencia-de-promocion-mp-marketing-group/,MP Marketing Group,
954,agencia-de-promocion-mercalogic,https://www.publi20.com/listing/agencia-de-promocion-mercalogic/,Mercalogic,
953,agencia-de-promocion-menta-producciones,https://www.publi20.com/listing/agencia-de-promocion-menta-producciones/,Menta Producciones,
952,agencia-de-promocion-market-pro-lideres-de-mercado,https://www.publi20.com/listing/agencia-de-promocion-market-pro-lideres-de-mercado/,Market Pro Líderes de Mercado,
951,agencia-de-promocion-grupo-interlinks,https://www.publi20.com/listing/agencia-de-promocion-grupo-interlinks/,Grupo Interlinks,
950,agencia-de-promocion-inteligencia-avanzada,https://www.publi20.com/listing/agencia-de-promocion-inteligencia-avanzada/,Inteligencia Avanzada,
949,agencia-de-promocion-integra-mercadotecnia-y-promocion,https://www.publi20.com/listing/agencia-de-promocion-integra-mercadotecnia-y-promocion/,Integra Mercadotecnia &#038; Promoción,
948,agencia-de-promocion-ifahto,https://www.publi20.com/listing/agencia-de-promocion-ifahto/,IFAHTO,
947,agencia-de-promocion-grupo-sur-promociones,https://www.publi20.com/listing/agencia-de-promocion-grupo-sur-promociones/,Grupo Sur Promociones,
946,agencia-de-promocion-grupo-top,https://www.publi20.com/listing/agencia-de-promocion-grupo-top/,Grupo Top,
945,agencia-de-promocion-integramerk,https://www.publi20.com/listing/agencia-de-promocion-integramerk/,Integramerk,
944,agencia-de-promocion-grupo-cepron,https://www.publi20.com/listing/agencia-de-promocion-grupo-cepron/,Grupo CePron,
943,agencia-de-promocion-glow-y-grow,https://www.publi20.com/listing/agencia-de-promocion-glow-y-grow/,GLOW &#038; GROW,
942,agencia-de-promocion-grupo-cosmic,https://www.publi20.com/listing/agencia-de-promocion-grupo-cosmic/,Grupo COSMIC,
941,agencia-de-promocion-gap,https://www.publi20.com/listing/agencia-de-promocion-gap/,GAP,
940,agencia-de-promocion-expresa,https://www.publi20.com/listing/agencia-de-promocion-expresa/,Expresa,
939,agencia-de-promocion-engloba,https://www.publi20.com/listing/agencia-de-promocion-engloba/,Engloba,
938,agencia-de-promocion-enfoque-creativo,https://www.publi20.com/listing/agencia-de-promocion-enfoque-creativo/,Enfoque Creativo,
937,agencia-de-promocion-ejecutando-ideas,https://www.publi20.com/listing/agencia-de-promocion-ejecutando-ideas/,Ejecutando Ideas,
936,agencia-de-promocion-dinamerc,https://www.publi20.com/listing/agencia-de-promocion-dinamerc/,Dinamerc,
935,agencia-de-promocion-dinamica-en-mercadotecnia,https://www.publi20.com/listing/agencia-de-promocion-dinamica-en-mercadotecnia/,Dinámica en Mercadotecnia,
934,agencia-de-promocion-grupo-ctp,https://www.publi20.com/listing/agencia-de-promocion-grupo-ctp/,Grupo CTP,
933,agencia-de-promocion-grupo-creatica,https://www.publi20.com/listing/agencia-de-promocion-grupo-creatica/,Grupo Creatica,
932,agencia-de-promocion-corporativo-pedrote,https://www.publi20.com/listing/agencia-de-promocion-corporativo-pedrote/,Corporativo Pedrote,
931,agencia-de-promocion-circus-marketing,https://www.publi20.com/listing/agencia-de-promocion-circus-marketing/,Circus Marketing,
930,agencia-de-promocion-cartepsa,https://www.publi20.com/listing/agencia-de-promocion-cartepsa/,Cartepsa,
929,agencia-de-promocion-brand-promotion,https://www.publi20.com/listing/agencia-de-promocion-brand-promotion/,Brand Promotion,
928,agencia-de-promocion-biruzz,https://www.publi20.com/listing/agencia-de-promocion-biruzz/,Biruzz,
927,agencia-de-promocion-bilou-btl,https://www.publi20.com/listing/agencia-de-promocion-bilou-btl/,Bilou BTL,
926,agencia-de-promocion-business-insight-group,https://www.publi20.com/listing/agencia-de-promocion-business-insight-group/,Business Insight Group,
925,agencia-de-promocion-grupo-bahlcasa,https://www.publi20.com/listing/agencia-de-promocion-grupo-bahlcasa/,GRUPO BAHLCASA,
924,agencia-de-promocion-art-kingdom,https://www.publi20.com/listing/agencia-de-promocion-art-kingdom/,Art Kingdom,
923,agencia-de-promocion-alterna-dinamica-btl,https://www.publi20.com/listing/agencia-de-promocion-alterna-dinamica-btl/,Alterna Dinámica BTL,
922,agencia-de-promocion-advertising-and-promotion,https://www.publi20.com/listing/agencia-de-promocion-advertising-and-promotion/,Advertising and Promotion,
921,agencia-de-modelos-voala-models,https://www.publi20.com/listing/agencia-de-modelos-voala-models/,Voala Models,
920,agencia-de-modelos-tandem-modelos,https://www.publi20.com/listing/agencia-de-modelos-tandem-modelos/,Tandem Modelos,
919,agencia-de-modelos-modelsite,https://www.publi20.com/listing/agencia-de-modelos-modelsite/,ModelSite,
918,agencia-de-modelos-look-models-mexico,https://www.publi20.com/listing/agencia-de-modelos-look-models-mexico/,look models México,
917,agencia-de-modelos-lmnts-promotions,https://www.publi20.com/listing/agencia-de-modelos-lmnts-promotions/,LMNTS Promotions,
916,agencia-de-modelos-id-corporativo,https://www.publi20.com/listing/agencia-de-modelos-id-corporativo/,ID Corporativo,
915,agencia-de-modelos-gli-attori-casting,https://www.publi20.com/listing/agencia-de-modelos-gli-attori-casting/,Gli Attori Casting,
914,agencia-de-modelos-gamodels,https://www.publi20.com/listing/agencia-de-modelos-gamodels/,GaModels,
913,agencia-de-modelos-eventa,https://www.publi20.com/listing/agencia-de-modelos-eventa/,Eventa,
912,agencia-de-modelos-eleganza,https://www.publi20.com/listing/agencia-de-modelos-eleganza/,Eleganza,
911,agencia-de-modelos-conceptos-mexico,https://www.publi20.com/listing/agencia-de-modelos-conceptos-mexico/,Conceptos México,
910,agencia-de-modelos-captura-models,https://www.publi20.com/listing/agencia-de-modelos-captura-models/,Captura Models,
909,agencia-de-modelos-bravo-model,https://www.publi20.com/listing/agencia-de-modelos-bravo-model/,Bravo! Model,
908,agencia-de-modelos-baxt-modelos,https://www.publi20.com/listing/agencia-de-modelos-baxt-modelos/,Baxt Modelos,
907,agencia-de-modelos-agencia-de-modelos-mexico,https://www.publi20.com/listing/agencia-de-modelos-agencia-de-modelos-mexico/,Agencia de Modelos México,
906,agencia-de-medios-zenithoptimedia,https://www.publi20.com/listing/agencia-de-medios-zenithoptimedia/,Zenithoptimedia,
905,agencia-de-medios-quiroga-agencia-de-medios,https://www.publi20.com/listing/agencia-de-medios-quiroga-agencia-de-medios/,Quiroga Agencia de Medios,
904,agencia-de-medios-promosat,https://www.publi20.com/listing/agencia-de-medios-promosat/,Promosat,
903,agencia-de-medios-omd-mexico,https://www.publi20.com/listing/agencia-de-medios-omd-mexico/,OMD México,
902,agencia-de-medios-nuklear,https://www.publi20.com/listing/agencia-de-medios-nuklear/,Nuklear,
901,agencia-de-medios-mpg-media,https://www.publi20.com/listing/agencia-de-medios-mpg-media/,MPG Media,
900,agencia-de-medios-medios-masivos-mexicanos,https://www.publi20.com/listing/agencia-de-medios-medios-masivos-mexicanos/,Medios Masivos Mexicanos,
899,agencia-de-medios-mediacorp,https://www.publi20.com/listing/agencia-de-medios-mediacorp/,MediaCorp,
898,agencia-de-medios-initiative,https://www.publi20.com/listing/agencia-de-medios-initiative/,initiative,
897,agencia-de-marketing-digital-zon-agencia-digital,https://www.publi20.com/listing/agencia-de-marketing-digital-zon-agencia-digital/,Zon Agencia Digital,
896,agencia-de-marketing-digital-wulf-media,https://www.publi20.com/listing/agencia-de-marketing-digital-wulf-media/,Wulf Media,
895,agencia-de-marketing-digital-wsibsns,https://www.publi20.com/listing/agencia-de-marketing-digital-wsibsns/,WSIBSNS,
894,agencia-de-marketing-digital-virket,https://www.publi20.com/listing/agencia-de-marketing-digital-virket/,VirKet,
893,agencia-de-marketing-digital-trimcode,https://www.publi20.com/listing/agencia-de-marketing-digital-trimcode/,Trimcode,
892,agencia-de-marketing-digital-the-project-agency,https://www.publi20.com/listing/agencia-de-marketing-digital-the-project-agency/,The Project Agency,
891,agencia-de-marketing-digital-tagcloud,https://www.publi20.com/listing/agencia-de-marketing-digital-tagcloud/,TagCloud,
890,agencia-de-marketing-digital-t2o-media-mexico,https://www.publi20.com/listing/agencia-de-marketing-digital-t2o-media-mexico/,T2O media Mexico,
889,agencia-de-marketing-digital-social-y-web-marketing,https://www.publi20.com/listing/agencia-de-marketing-digital-social-y-web-marketing/,Social &#038; Web Marketing,
888,agencia-de-marketing-digital-socialmetrix,https://www.publi20.com/listing/agencia-de-marketing-digital-socialmetrix/,Socialmetrix,
887,agencia-de-marketing-digital-socialand,https://www.publi20.com/listing/agencia-de-marketing-digital-socialand/,Socialand,
886,agencia-de-marketing-digital-sb-magazine,https://www.publi20.com/listing/agencia-de-marketing-digital-sb-magazine/,Sb Magazine,
885,agencia-de-marketing-digital-retuit,https://www.publi20.com/listing/agencia-de-marketing-digital-retuit/,retuit,
884,agencia-de-marketing-digital-resultics,https://www.publi20.com/listing/agencia-de-marketing-digital-resultics/,resultics,
883,agencia-de-marketing-digital-qark-digital,https://www.publi20.com/listing/agencia-de-marketing-digital-qark-digital/,Q/ark Digital,
882,agencia-de-marketing-digital-publiclick,https://www.publi20.com/listing/agencia-de-marketing-digital-publiclick/,PubliClick,
880,agencia-de-marketing-digital-pixart,https://www.publi20.com/listing/agencia-de-marketing-digital-pixart/,Pixart,
879,agencia-de-marketing-digital-pentagrama,https://www.publi20.com/listing/agencia-de-marketing-digital-pentagrama/,Pentagrama,
878,agencia-de-marketing-digital-paxzu,https://www.publi20.com/listing/agencia-de-marketing-digital-paxzu/,PAXZU,
877,agencia-de-marketing-digital-overtake,https://www.publi20.com/listing/agencia-de-marketing-digital-overtake/,Overtake,
876,agencia-de-marketing-digital-out-of-the-box,https://www.publi20.com/listing/agencia-de-marketing-digital-out-of-the-box/,Out of the box,
875,agencia-de-marketing-digital-orangeline,https://www.publi20.com/listing/agencia-de-marketing-digital-orangeline/,Orange.line,
874,agencia-de-marketing-digital-ontwice-interactive-marketing,https://www.publi20.com/listing/agencia-de-marketing-digital-ontwice-interactive-marketing/,Ontwice Interactive Marketing,
873,agencia-de-marketing-digital-neo-red,https://www.publi20.com/listing/agencia-de-marketing-digital-neo-red/,Neo Red,
872,agencia-de-marketing-digital-nativo-digital,https://www.publi20.com/listing/agencia-de-marketing-digital-nativo-digital/,Nativo Digital,
871,agencia-de-marketing-digital-minfinito,https://www.publi20.com/listing/agencia-de-marketing-digital-minfinito/,Minfinito,
870,agencia-de-marketing-digital-metrica-btl-y-digital,https://www.publi20.com/listing/agencia-de-marketing-digital-metrica-btl-y-digital/,Métrica BTL &#038; Digital,
869,agencia-de-marketing-digital-merka,https://www.publi20.com/listing/agencia-de-marketing-digital-merka/,Merka,
868,agencia-de-marketing-digital-merca-3w,https://www.publi20.com/listing/agencia-de-marketing-digital-merca-3w/,Merca 3W,
866,agencia-de-marketing-digital-mediatika,https://www.publi20.com/listing/agencia-de-marketing-digital-mediatika/,Mediatika,
865,agencia-de-marketing-digital-mediasource,https://www.publi20.com/listing/agencia-de-marketing-digital-mediasource/,MEDIASOURCE,
864,agencia-de-marketing-digital-meca,https://www.publi20.com/listing/agencia-de-marketing-digital-meca/,MECA,
863,agencia-de-marketing-digital-mboost,https://www.publi20.com/listing/agencia-de-marketing-digital-mboost/,MBoost,
862,agencia-de-marketing-digital-masoko,https://www.publi20.com/listing/agencia-de-marketing-digital-masoko/,Masoko,
861,agencia-de-marketing-digital-marnie-agency-mexico,https://www.publi20.com/listing/agencia-de-marketing-digital-marnie-agency-mexico/,Marnie Agency México,
860,agencia-de-marketing-digital-liceadmp,https://www.publi20.com/listing/agencia-de-marketing-digital-liceadmp/,liceadmp,
859,agencia-de-marketing-digital-labelium,https://www.publi20.com/listing/agencia-de-marketing-digital-labelium/,labelium,
858,agencia-de-marketing-digital-konzeppt,https://www.publi20.com/listing/agencia-de-marketing-digital-konzeppt/,konzeppt,
857,agencia-de-marketing-digital-klein-und-gross,https://www.publi20.com/listing/agencia-de-marketing-digital-klein-und-gross/,Klein und Gross,
856,agencia-de-marketing-digital-kamikaze-lab,https://www.publi20.com/listing/agencia-de-marketing-digital-kamikaze-lab/,Kamikaze Lab,
855,agencia-de-marketing-digital-jetclic,https://www.publi20.com/listing/agencia-de-marketing-digital-jetclic/,JetClic,
854,agencia-de-marketing-digital-interalia,https://www.publi20.com/listing/agencia-de-marketing-digital-interalia/,interalia,
853,agencia-de-marketing-digital-interactive-art-marketing,https://www.publi20.com/listing/agencia-de-marketing-digital-interactive-art-marketing/,Interactive Art Marketing,
852,agencia-de-marketing-digital-intempestivo-comunicacion-digital,https://www.publi20.com/listing/agencia-de-marketing-digital-intempestivo-comunicacion-digital/,Intempestivo Comunicación Digital,
851,agencia-de-marketing-digital-insistec-web,https://www.publi20.com/listing/agencia-de-marketing-digital-insistec-web/,Insistec Web,
850,agencia-de-marketing-digital-icrossing,https://www.publi20.com/listing/agencia-de-marketing-digital-icrossing/,iCrossing,
849,agencia-de-marketing-digital-gloop,https://www.publi20.com/listing/agencia-de-marketing-digital-gloop/,Gloop,
848,agencia-de-marketing-digital-garritz-online-media,https://www.publi20.com/listing/agencia-de-marketing-digital-garritz-online-media/,Garritz Online Media,
847,agencia-de-marketing-digital-foostudio,https://www.publi20.com/listing/agencia-de-marketing-digital-foostudio/,foostudio,
846,agencia-de-marketing-digital-follow-me-brand,https://www.publi20.com/listing/agencia-de-marketing-digital-follow-me-brand/,follow me brand,
845,agencia-de-marketing-digital-figment,https://www.publi20.com/listing/agencia-de-marketing-digital-figment/,Figment,
844,agencia-de-marketing-digital-existes,https://www.publi20.com/listing/agencia-de-marketing-digital-existes/,E-xistes,
843,agencia-de-marketing-digital-ensight-mexico,https://www.publi20.com/listing/agencia-de-marketing-digital-ensight-mexico/,Ensight México,
842,agencia-de-marketing-digital-emarketing-total,https://www.publi20.com/listing/agencia-de-marketing-digital-emarketing-total/,eMarketing Total,
841,agencia-de-marketing-digital-elogia-mexico,https://www.publi20.com/listing/agencia-de-marketing-digital-elogia-mexico/,elogia México,
840,agencia-de-marketing-digital-dm-playbook,https://www.publi20.com/listing/agencia-de-marketing-digital-dm-playbook/,DM Playbook,
838,agencia-de-marketing-digital-digilant,https://www.publi20.com/listing/agencia-de-marketing-digital-digilant/,DIGILANT,
837,agencia-de-marketing-digital-cubos-web,https://www.publi20.com/listing/agencia-de-marketing-digital-cubos-web/,Cubos web,
836,agencia-de-marketing-digital-crossmedia,https://www.publi20.com/listing/agencia-de-marketing-digital-crossmedia/,Crossmedia,
835,agencia-de-marketing-digital-creative-works,https://www.publi20.com/listing/agencia-de-marketing-digital-creative-works/,Creative Works,
834,agencia-de-marketing-digital-coco-marketing,https://www.publi20.com/listing/agencia-de-marketing-digital-coco-marketing/,Coco Marketing,
833,agencia-de-marketing-digital-cliento,https://www.publi20.com/listing/agencia-de-marketing-digital-cliento/,Cliento,
832,agencia-de-marketing-digital-clicker-360,https://www.publi20.com/listing/agencia-de-marketing-digital-clicker-360/,Clicker 360,
831,agencia-de-marketing-digital-catorce-dias,https://www.publi20.com/listing/agencia-de-marketing-digital-catorce-dias/,Catorce Dias,
830,agencia-de-marketing-digital-catom,https://www.publi20.com/listing/agencia-de-marketing-digital-catom/,Cátom,
829,agencia-de-marketing-digital-carbono,https://www.publi20.com/listing/agencia-de-marketing-digital-carbono/,Carbono,
828,agencia-de-marketing-digital-brandigital,https://www.publi20.com/listing/agencia-de-marketing-digital-brandigital/,Brandigital,
827,agencia-de-marketing-digital-bnn,https://www.publi20.com/listing/agencia-de-marketing-digital-bnn/,BNN,
826,agencia-de-marketing-digital-blue-web-marketing,https://www.publi20.com/listing/agencia-de-marketing-digital-blue-web-marketing/,Blue Web Marketing,
825,agencia-de-marketing-digital-beleri,https://www.publi20.com/listing/agencia-de-marketing-digital-beleri/,Beleri,
824,agencia-de-marketing-digital-attaph,https://www.publi20.com/listing/agencia-de-marketing-digital-attaph/,Attaph,
823,agencia-de-marketing-digital-arena-media,https://www.publi20.com/listing/agencia-de-marketing-digital-arena-media/,Arena Media,
822,agencia-de-marketing-digital-antevenio-mexico,https://www.publi20.com/listing/agencia-de-marketing-digital-antevenio-mexico/,Antevenio México,
821,agencia-de-marketing-digital-ainity,https://www.publi20.com/listing/agencia-de-marketing-digital-ainity/,Ainity,
820,agencia-de-marketing-digital-adssociales,https://www.publi20.com/listing/agencia-de-marketing-digital-adssociales/,AdsSociales,
819,agencia-de-marketing-digital-abaco-digital,https://www.publi20.com/listing/agencia-de-marketing-digital-abaco-digital/,Ábaco Digital,
818,agencia-de-locutores-tm-locutores,https://www.publi20.com/listing/agencia-de-locutores-tm-locutores/,TM. Locutores,
817,agencia-de-locutores-palestino-y-asociados,https://www.publi20.com/listing/agencia-de-locutores-palestino-y-asociados/,Palestino y Asociados (Spot),
816,agencia-de-locutores-ronin-locutores,https://www.publi20.com/listing/agencia-de-locutores-ronin-locutores/,RONIN LOCUTORES,
815,agencia-de-locutores-produccion-coordinada,https://www.publi20.com/listing/agencia-de-locutores-produccion-coordinada/,Producción Coordinada,
814,agencia-de-locutores-manhattan-beat,https://www.publi20.com/listing/agencia-de-locutores-manhattan-beat/,MANHATTAN BEAT,
813,agencia-de-locutores-locutorescom,https://www.publi20.com/listing/agencia-de-locutores-locutorescom/,Locutores.com,
812,agencia-de-locutores-la-cuarta-pared,https://www.publi20.com/listing/agencia-de-locutores-la-cuarta-pared/,La Cuarta Pared,
811,agencia-de-locutores-fvlocutorescom,https://www.publi20.com/listing/agencia-de-locutores-fvlocutorescom/,fvlocutores.com,
810,agencia-de-locutores-bomberazostv,https://www.publi20.com/listing/agencia-de-locutores-bomberazostv/,BOMBERAZOS.TV,
809,agencia-de-locutores-audiomarketing,https://www.publi20.com/listing/agencia-de-locutores-audiomarketing/,AUDIOMARKETING,
808,agencia-de-locutores-allegro-publicitario,https://www.publi20.com/listing/agencia-de-locutores-allegro-publicitario/,Allegro Publicitario,
807,agencia-de-imagen-publica-imagen-publica,https://www.publi20.com/listing/agencia-de-imagen-publica-imagen-publica/,Imagen Pública,
806,agencia-de-imagen-publica-image-design,https://www.publi20.com/listing/agencia-de-imagen-publica-image-design/,Image Design,
805,agencia-de-eventos-zc-eventos-y-publicidad,https://www.publi20.com/listing/agencia-de-eventos-zc-eventos-y-publicidad/,ZC Eventos y Publicidad,
804,agencia-de-eventos-we-love-party,https://www.publi20.com/listing/agencia-de-eventos-we-love-party/,We Love Party,
803,agencia-de-eventos-eventos-vb,https://www.publi20.com/listing/agencia-de-eventos-eventos-vb/,Eventos VB,
802,agencia-de-eventos-synergia-eventos,https://www.publi20.com/listing/agencia-de-eventos-synergia-eventos/,Synergia eventos,
801,agencia-de-eventos-sync,https://www.publi20.com/listing/agencia-de-eventos-sync/,Sync,
800,agencia-de-eventos-servem,https://www.publi20.com/listing/agencia-de-eventos-servem/,Servem,
799,agencia-de-eventos-punto-eventos,https://www.publi20.com/listing/agencia-de-eventos-punto-eventos/,Punto eventos,
798,agencia-de-eventos-pspm,https://www.publi20.com/listing/agencia-de-eventos-pspm/,PSPM,
797,agencia-de-eventos-promotion-mexico,https://www.publi20.com/listing/agencia-de-eventos-promotion-mexico/,Pro-Motion México,
796,agencia-de-eventos-premier-meetings,https://www.publi20.com/listing/agencia-de-eventos-premier-meetings/,Premier Meetings,
795,agencia-de-eventos-pae-publicidad,https://www.publi20.com/listing/agencia-de-eventos-pae-publicidad/,PAE PUBLICIDAD,
794,agencia-de-eventos-next-motiv,https://www.publi20.com/listing/agencia-de-eventos-next-motiv/,Next Motiv,
793,agencia-de-eventos-motion-comunicacion,https://www.publi20.com/listing/agencia-de-eventos-motion-comunicacion/,Motion Comunicación,
792,agencia-de-eventos-mh-producciones,https://www.publi20.com/listing/agencia-de-eventos-mh-producciones/,MH PRODUCCIONES,
791,agencia-de-eventos-macllam-producciones,https://www.publi20.com/listing/agencia-de-eventos-macllam-producciones/,MACLLAM PRODUCCIONES,
790,agencia-de-eventos-kuatro-producciones,https://www.publi20.com/listing/agencia-de-eventos-kuatro-producciones/,Kuatro Producciones,
789,agencia-de-eventos-jyj-eventos,https://www.publi20.com/listing/agencia-de-eventos-jyj-eventos/,J&#038;J eventos,
788,agencia-de-eventos-gurus-creativos,https://www.publi20.com/listing/agencia-de-eventos-gurus-creativos/,Gurús Creativos,
787,agencia-de-eventos-grupo-nicte,https://www.publi20.com/listing/agencia-de-eventos-grupo-nicte/,Grupo Nicte,
786,agencia-de-eventos-grupo-probaco,https://www.publi20.com/listing/agencia-de-eventos-grupo-probaco/,GRUPO PROBACO,
784,agencia-de-eventos-elektro-mood,https://www.publi20.com/listing/agencia-de-eventos-elektro-mood/,Elektro MOOD,
783,agencia-de-eventos-design-tecnologia-audiovisual,https://www.publi20.com/listing/agencia-de-eventos-design-tecnologia-audiovisual/,Design Tecnología Audiovisual,
782,agencia-de-eventos-csf-av-productions,https://www.publi20.com/listing/agencia-de-eventos-csf-av-productions/,CSF AV PRODUCTIONS,
781,agencia-de-eventos-creatividad,https://www.publi20.com/listing/agencia-de-eventos-creatividad/,Creatividad,
780,agencia-de-eventos-conferencistas-mexico,https://www.publi20.com/listing/agencia-de-eventos-conferencistas-mexico/,Conferencistas México,
779,agencia-de-eventos-conceptual-holding,https://www.publi20.com/listing/agencia-de-eventos-conceptual-holding/,Conceptual Holding,
778,agencia-de-eventos-blend-producciones,https://www.publi20.com/listing/agencia-de-eventos-blend-producciones/,Blend Producciones,
777,agencia-de-diseno-industrial-traktor-lab,https://www.publi20.com/listing/agencia-de-diseno-industrial-traktor-lab/,Traktor Lab,
776,agencia-de-comunicacion-y-marketing-la-agencia-viva,https://www.publi20.com/listing/agencia-de-comunicacion-y-marketing-la-agencia-viva/,La Agencia Viva!,
775,agencia-de-comunicacion-y-marketing-vinter-marketing-vibrations,https://www.publi20.com/listing/agencia-de-comunicacion-y-marketing-vinter-marketing-vibrations/,Vinter Marketing Vibrations,
774,agencia-de-comunicacion-y-marketing-the-jeffrey-group,https://www.publi20.com/listing/agencia-de-comunicacion-y-marketing-the-jeffrey-group/,THE JEFFREY GROUP,
773,agencia-de-comunicacion-y-marketing-teorus,https://www.publi20.com/listing/agencia-de-comunicacion-y-marketing-teorus/,TEORUS,
772,agencia-de-comunicacion-y-marketing-tengo-una-idea,https://www.publi20.com/listing/agencia-de-comunicacion-y-marketing-tengo-una-idea/,Tengo una idea,
771,agencia-de-comunicacion-y-marketing-tangerine-soul-pr,https://www.publi20.com/listing/agencia-de-comunicacion-y-marketing-tangerine-soul-pr/,Tangerine Soul P.R.,
770,agencia-de-comunicacion-y-marketing-t7marketing,https://www.publi20.com/listing/agencia-de-comunicacion-y-marketing-t7marketing/,T7marketing,
769,agencia-de-comunicacion-y-marketing-spalancati,https://www.publi20.com/listing/agencia-de-comunicacion-y-marketing-spalancati/,Spalancati,
768,agencia-de-comunicacion-y-marketing-revolucion0,https://www.publi20.com/listing/agencia-de-comunicacion-y-marketing-revolucion0/,Revolución.0,
767,agencia-de-comunicacion-y-marketing-random-interactive,https://www.publi20.com/listing/agencia-de-comunicacion-y-marketing-random-interactive/,Random Interactive,
766,agencia-de-comunicacion-y-marketing-pixel-siete,https://www.publi20.com/listing/agencia-de-comunicacion-y-marketing-pixel-siete/,Pixel Siete,
765,agencia-de-comunicacion-y-marketing-llorente-y-cuenca,https://www.publi20.com/listing/agencia-de-comunicacion-y-marketing-llorente-y-cuenca/,LLORENTE &#038; CUENCA,
764,agencia-de-comunicacion-y-marketing-labase,https://www.publi20.com/listing/agencia-de-comunicacion-y-marketing-labase/,Labase,
763,agencia-de-comunicacion-y-marketing-ion-comunicacion,https://www.publi20.com/listing/agencia-de-comunicacion-y-marketing-ion-comunicacion/,*ion comunicación,
762,agencia-de-comunicacion-y-marketing-intravox,https://www.publi20.com/listing/agencia-de-comunicacion-y-marketing-intravox/,Intravox,
761,agencia-de-comunicacion-y-marketing-idyllium,https://www.publi20.com/listing/agencia-de-comunicacion-y-marketing-idyllium/,Idyllium,
760,agencia-de-comunicacion-y-marketing-hdo-ideas-realidad,https://www.publi20.com/listing/agencia-de-comunicacion-y-marketing-hdo-ideas-realidad/,HDO Ideas Realidad,
759,agencia-de-comunicacion-y-marketing-grupo-axius,https://www.publi20.com/listing/agencia-de-comunicacion-y-marketing-grupo-axius/,Grupo Axius,
758,agencia-de-comunicacion-y-marketing-godisruptive,https://www.publi20.com/listing/agencia-de-comunicacion-y-marketing-godisruptive/,GODisruptive,
757,agencia-de-comunicacion-y-marketing-guru-estudio,https://www.publi20.com/listing/agencia-de-comunicacion-y-marketing-guru-estudio/,Gurú Estudio,
756,agencia-de-comunicacion-y-marketing-doubleyou,https://www.publi20.com/listing/agencia-de-comunicacion-y-marketing-doubleyou/,Doubleyou,
755,agencia-de-comunicacion-y-marketing-contenidos-web,https://www.publi20.com/listing/agencia-de-comunicacion-y-marketing-contenidos-web/,Contenidos Web,
754,agencia-de-comunicacion-y-marketing-concepto-total,https://www.publi20.com/listing/agencia-de-comunicacion-y-marketing-concepto-total/,Concepto Total,
753,agencia-de-comunicacion-y-marketing-cliente-y-medio,https://www.publi20.com/listing/agencia-de-comunicacion-y-marketing-cliente-y-medio/,Cliente &#038; Medio,
752,agencia-de-comunicacion-y-marketing-central-media,https://www.publi20.com/listing/agencia-de-comunicacion-y-marketing-central-media/,Central Media,
751,agencia-de-comunicacion-y-marketing-blue-marketing,https://www.publi20.com/listing/agencia-de-comunicacion-y-marketing-blue-marketing/,Blue Marketing,
750,agencia-de-comunicacion-y-marketing-bbdagency,https://www.publi20.com/listing/agencia-de-comunicacion-y-marketing-bbdagency/,BBDAgency,
749,agencia-de-comunicacion-y-marketing-agencia-i,https://www.publi20.com/listing/agencia-de-comunicacion-y-marketing-agencia-i/,Agencia i,
748,agencia-de-comunicacion-y-marketing-abc-digital,https://www.publi20.com/listing/agencia-de-comunicacion-y-marketing-abc-digital/,ABC DIGITAL,
747,agencia-de-capacitacion-ascentium,https://www.publi20.com/listing/agencia-de-capacitacion-ascentium/,Ascentium,
746,agencia-de-capacitacion-percepcion-e-imagen,https://www.publi20.com/listing/agencia-de-capacitacion-percepcion-e-imagen/,Percepción e Imagen,
745,agencia-de-capacitacion-evolve,https://www.publi20.com/listing/agencia-de-capacitacion-evolve/,evolve!,
744,agencia-de-capacitacion-esther-gurrion-estrategia-y-liderazgo-creativo,https://www.publi20.com/listing/agencia-de-capacitacion-esther-gurrion-estrategia-y-liderazgo-creativo/,Esther Gurrión: Estrategia y liderazgo creativo,
743,agencia-de-capacitacion-efectus,https://www.publi20.com/listing/agencia-de-capacitacion-efectus/,Efectus,
742,agencia-de-capacitacion-alef-consultores,https://www.publi20.com/listing/agencia-de-capacitacion-alef-consultores/,Alef Consultores,
741,agencia-de-capacitacion-achieveglobal,https://www.publi20.com/listing/agencia-de-capacitacion-achieveglobal/,AchieveGlobal,
740,agencia-de-capacitacion-acervus,https://www.publi20.com/listing/agencia-de-capacitacion-acervus/,Acervus,
739,agencia-de-capacitacion-acelerant-consulting-group,https://www.publi20.com/listing/agencia-de-capacitacion-acelerant-consulting-group/,Acelerânt Consulting Group,
738,agencia-de-capacitacion-acc-consultores,https://www.publi20.com/listing/agencia-de-capacitacion-acc-consultores/,ACC Consultores,
737,quinque-foto-diseno,https://www.publi20.com/listing/quinque-foto-diseno/,quinque foto&#038;diseño,
736,inbound,https://www.publi20.com/listing/inbound/,Inbound México,
735,publimedios,https://www.publi20.com/listing/publimedios/,Publimedios,
734,fernando-arturo-martinez-aguilar,https://www.publi20.com/listing/fernando-arturo-martinez-aguilar/,Fernando Arturo Martínez Aguilar,
733,estudio-mixi,https://www.publi20.com/listing/estudio-mixi/,Estudio Mixi,
732,publiplaya,https://www.publi20.com/listing/publiplaya/,PUBLIPLAYA,
731,nyksa-print,https://www.publi20.com/listing/nyksa-print/,NYKSA PRINT,
730,publi-1000,https://www.publi20.com/listing/publi-1000/,PUBLI 1000,
729,ptm-mx-sa-de-cv,https://www.publi20.com/listing/ptm-mx-sa-de-cv/,PTM MX SA DE CV,
728,records-music,https://www.publi20.com/listing/records-music/,RECORDS MUSIC,
725,el-notichero,https://www.publi20.com/listing/el-notichero/,EL NOTICHERO,
724,led-tec-y-beyond-s-de-rl-de-c-v,https://www.publi20.com/listing/led-tec-y-beyond-s-de-rl-de-c-v/,"LED, TEC Y BEYOND S DE RL DE C.V.",
721,graficos,https://www.publi20.com/listing/graficos/,GRAFICOS,
720,radio-comunicacion-de-mexico,https://www.publi20.com/listing/radio-comunicacion-de-mexico/,RADIO COMUNICACION DE MEXICO,
719,go-print,https://www.publi20.com/listing/go-print/,GO PRINT,
716,gmb-comunicaciones-sa-de-cv,https://www.publi20.com/listing/gmb-comunicaciones-sa-de-cv/,GMB COMUNICACIONES SA DE CV,
715,inpressit,https://www.publi20.com/listing/inpressit/,INPRESSIT,
713,eye-publicity,https://www.publi20.com/listing/eye-publicity/,EYE PUBLICITY,
712,publicidad-creativa,https://www.publi20.com/listing/publicidad-creativa/,PUBLICIDAD CREATIVA,
709,proyectame-publicidad-y-papeleria-s-a-de-c-v,https://www.publi20.com/listing/proyectame-publicidad-y-papeleria-s-a-de-c-v/,PROYECTAME PUBLICIDAD Y PAPELERIA S.A. DE C.V.,
706,imagen-impresa-de-occidente-s-a-de-c-v,https://www.publi20.com/listing/imagen-impresa-de-occidente-s-a-de-c-v/,IMAGEN IMPRESA DE OCCIDENTE S.A. DE C.V.,
705,crea,https://www.publi20.com/listing/crea/,CREA,
703,imaginaci%c3%b3n-en-arte-visual-sa-de-cv,https://www.publi20.com/listing/imaginaci%c3%b3n-en-arte-visual-sa-de-cv/,IMAGINACIÃ“N EN ARTE VISUAL SA DE CV,
701,grafinsa-grafica-s-a-de-c-v,https://www.publi20.com/listing/grafinsa-grafica-s-a-de-c-v/,GRAFINSA GRAFICA S.A. DE C.V.,
700,espacios-gigantes-s-a-de-c-v,https://www.publi20.com/listing/espacios-gigantes-s-a-de-c-v/,ESPACIOS GIGANTES S.A DE C.V,
699,servicios-de-publicidad-y-comunicacion,https://www.publi20.com/listing/servicios-de-publicidad-y-comunicacion/,SERVICIOS DE PUBLICIDAD Y COMUNICACION,
697,agdi-publicidad,https://www.publi20.com/listing/agdi-publicidad/,AGDI PUBLICIDAD,
695,el-circulo-rojo,https://www.publi20.com/listing/el-circulo-rojo/,EL CIRCULO ROJO,
693,el-real-de-chihuahua,https://www.publi20.com/listing/el-real-de-chihuahua/,EL REAL DE CHIHUAHUA,
692,profesionales-de-playa-mujeres-sa-de-cv,https://www.publi20.com/listing/profesionales-de-playa-mujeres-sa-de-cv/,PROFESIONALES DE PLAYA MUJERES SA DE CV,
691,dynamic-displaydd,https://www.publi20.com/listing/dynamic-displaydd/,DYNAMIC DISPLAYÂ´DD,
690,jnn-publicidad-y-buro-de-publicidad-y-dise%c3%b1o,https://www.publi20.com/listing/jnn-publicidad-y-buro-de-publicidad-y-dise%c3%b1o/,JNN PUBLICIDAD Y BURO DE PUBLICIDAD Y DISEÃ‘O,
689,grupo-dado,https://www.publi20.com/listing/grupo-dado/,GRUPO DADO,
686,dario-del-centro-sa-de-cv,https://www.publi20.com/listing/dario-del-centro-sa-de-cv/,DARIO DEL CENTRO SA DE CV,
685,atm-espectaculares-s-a-de-c-v,https://www.publi20.com/listing/atm-espectaculares-s-a-de-c-v/,"ATM ESPECTACULARES, S.A. DE C.V.",
683,sendos,https://www.publi20.com/listing/sendos/,SENDOS,
682,el-angel,https://www.publi20.com/listing/el-angel/,EL ANGEL,
680,contreras-publicidad,https://www.publi20.com/listing/contreras-publicidad/,CONTRERAS PUBLICIDAD,
679,publix,https://www.publi20.com/listing/publix/,PUBLIX,
677,casa-publicidad-y-asociados-s-a-de-c-v,https://www.publi20.com/listing/casa-publicidad-y-asociados-s-a-de-c-v/,"CASA PUBLICIDAD Y ASOCIADOS, S.A. DE C.V.",
676,inovacion-de-fabricas-de-rl-de-c-v,https://www.publi20.com/listing/inovacion-de-fabricas-de-rl-de-c-v/,INOVACION DE FABRICAS DE RL DE C.V.,
675,el-horno-de-las-noticias,https://www.publi20.com/listing/el-horno-de-las-noticias/,EL HORNO DE LAS NOTICIAS,
674,onilix-s-a-de-c-v,https://www.publi20.com/listing/onilix-s-a-de-c-v/,ONILIX S.A. DE C.V.,
673,capaco-sa-de-cv,https://www.publi20.com/listing/capaco-sa-de-cv/,CAPACO SA DE CV,
672,sonido-digital-cotzver,https://www.publi20.com/listing/sonido-digital-cotzver/,SONIDO DIGITAL COTZVER,
671,todo-es-politica-noticias-s-a-de-c-v,https://www.publi20.com/listing/todo-es-politica-noticias-s-a-de-c-v/,TODO ES POLITICA NOTICIAS S.A. DE C.V.,
670,ideas-publicidad,https://www.publi20.com/listing/ideas-publicidad/,IDEAS PUBLICIDAD,
669,imprenta-siglo-xxv-s-a-de-c-v,https://www.publi20.com/listing/imprenta-siglo-xxv-s-a-de-c-v/,IMPRENTA SIGLO XXV S.A. DE C.V.,
668,paranoide,https://www.publi20.com/listing/paranoide/,PARANOIDE,
666,graphic-lab,https://www.publi20.com/listing/graphic-lab/,GRAPHIC LAB,
665,megamovil,https://www.publi20.com/listing/megamovil/,MEGAMOVIL,
664,creativa,https://www.publi20.com/listing/creativa/,CREATIVA,
661,servicios-de-publicidad,https://www.publi20.com/listing/servicios-de-publicidad/,SERVICIOS DE PUBLICIDAD,
659,publicidad-plastivei,https://www.publi20.com/listing/publicidad-plastivei/,PUBLICIDAD PLASTIVEI,
657,orlandoz-publicidad,https://www.publi20.com/listing/orlandoz-publicidad/,ORLANDO`Z PUBLICIDAD,
654,en-vivo-radio-y-tv-sa-de-cv,https://www.publi20.com/listing/en-vivo-radio-y-tv-sa-de-cv/,EN VIVO RADIO Y TV SA DE CV,
653,grupo-multimedia-la-otra-plana-sa-de-cv,https://www.publi20.com/listing/grupo-multimedia-la-otra-plana-sa-de-cv/,GRUPO MULTIMEDIA LA OTRA PLANA SA DE CV,
652,servicios-de-asesoria-y-marketing-de-tamaulipas-sa-de-cv,https://www.publi20.com/listing/servicios-de-asesoria-y-marketing-de-tamaulipas-sa-de-cv/,SERVICIOS DE ASESORIA Y MARKETING DE TAMAULIPAS SA DE CV,
650,pyn-radio-publicidad-s-a-de-c-v,https://www.publi20.com/listing/pyn-radio-publicidad-s-a-de-c-v/,PYN RADIO PUBLICIDAD S.A. DE C.V.,
649,empresa-de-tecnologia-virtual-sa-de-cv,https://www.publi20.com/listing/empresa-de-tecnologia-virtual-sa-de-cv/,EMPRESA DE TECNOLOGIA VIRTUAL SA DE CV,
648,imagen-empresarial,https://www.publi20.com/listing/imagen-empresarial/,IMAGEN EMPRESARIAL,
647,alroja-medios-sa-de-cv,https://www.publi20.com/listing/alroja-medios-sa-de-cv/,ALROJA MEDIOS SA DE CV,
646,el-matutino-sa-de-cv,https://www.publi20.com/listing/el-matutino-sa-de-cv/,EL MATUTINO SA DE CV,
644,comercializadora-copasi-publicidad,https://www.publi20.com/listing/comercializadora-copasi-publicidad/,COMERCIALIZADORA COPASI PUBLICIDAD,
642,webstation-s-a-de-c-v,https://www.publi20.com/listing/webstation-s-a-de-c-v/,WEBSTATION S.A. DE C.V.,
641,reyes-cano-publicidad-sa-de-cv,https://www.publi20.com/listing/reyes-cano-publicidad-sa-de-cv/,REYES CANO PUBLICIDAD SA DE CV,
639,impacto-publicitario-de-tamaulipas-s-a-de-c-v,https://www.publi20.com/listing/impacto-publicitario-de-tamaulipas-s-a-de-c-v/,IMPACTO PUBLICITARIO DE TAMAULIPAS S.A. DE C.V.,
638,magneta-graficas,https://www.publi20.com/listing/magneta-graficas/,MAGNETA GRAFICAS,
637,grupo-namis-negocios-alianzas-medios-interactivos-sa-de-cv,https://www.publi20.com/listing/grupo-namis-negocios-alianzas-medios-interactivos-sa-de-cv/,"GRUPO NAMIS, NEGOCIOS ALIANZAS MEDIOS INTERACTIVOS SA DE CV",
636,multiservicios-y-publicidad,https://www.publi20.com/listing/multiservicios-y-publicidad/,MULTISERVICIOS Y PUBLICIDAD,
635,branding-five,https://www.publi20.com/listing/branding-five/,BRANDING FIVE,
634,dise%c3%b1o-y-publicidad,https://www.publi20.com/listing/dise%c3%b1o-y-publicidad/,DISEÃ‘O Y PUBLICIDAD,
630,servicios-publicitarios-publiram,https://www.publi20.com/listing/servicios-publicitarios-publiram/,SERVICIOS PUBLICITARIOS PUBLIRAM,
629,viny-laser,https://www.publi20.com/listing/viny-laser/,VINY LASER,
628,bimad-publicidad-s-a-de-c-v,https://www.publi20.com/listing/bimad-publicidad-s-a-de-c-v/,"BIMAD PUBLICIDAD, S.A. DE C.V.",
627,ideas-graficas,https://www.publi20.com/listing/ideas-graficas/,IDEAS GRAFICAS,
626,corporativo-medios-en-movimiento-s-a-de-c-v,https://www.publi20.com/listing/corporativo-medios-en-movimiento-s-a-de-c-v/,CORPORATIVO MEDIOS EN MOVIMIENTO S.A. DE C.V.,
625,trazo-corporativo-en-publicidad-sa-de-cv,https://www.publi20.com/listing/trazo-corporativo-en-publicidad-sa-de-cv/,TRAZO CORPORATIVO EN PUBLICIDAD SA DE CV,
624,graphics-sistem-print,https://www.publi20.com/listing/graphics-sistem-print/,GRAPHICS SISTEM PRINT,
623,graxtes-publicidad,https://www.publi20.com/listing/graxtes-publicidad/,GRAXTES PUBLICIDAD,
622,grupo-radio-mexico-cuidad-juarez-s-a-de-c-v,https://www.publi20.com/listing/grupo-radio-mexico-cuidad-juarez-s-a-de-c-v/,GRUPO RADIO MEXICO CUIDAD JUAREZ S.A. DE C.V.,
621,publicidad-augusto-elias-s-a-de-c-v,https://www.publi20.com/listing/publicidad-augusto-elias-s-a-de-c-v/,"PUBLICIDAD AUGUSTO ELIAS, S.A. DE C.V.",
620,tricomia-dise%c3%b1o-y-publicidad,https://www.publi20.com/listing/tricomia-dise%c3%b1o-y-publicidad/,TRICOMIA DISEÃ‘O Y PUBLICIDAD,
619,ab-kam,https://www.publi20.com/listing/ab-kam/,AB KAM,
618,tisca-publicidad,https://www.publi20.com/listing/tisca-publicidad/,TISCA PUBLICIDAD,
617,top-model,https://www.publi20.com/listing/top-model/,TOP MODEL,
616,jaqueline,https://www.publi20.com/listing/jaqueline/,JAQUELINE,
615,kreativos,https://www.publi20.com/listing/kreativos/,KREATIVOS,
614,real-image,https://www.publi20.com/listing/real-image/,REAL IMAGE,
611,a-publicidad,https://www.publi20.com/listing/a-publicidad/,A Publicidad,
610,blog-creativo,https://www.publi20.com/listing/blog-creativo/,BLOG CREATIVO,
609,ayje-imprenta-s-a-de-c-v,https://www.publi20.com/listing/ayje-imprenta-s-a-de-c-v/,AYJE IMPRENTA S.A DE C.V.,
608,anuncios-luminosos-neon-america,https://www.publi20.com/listing/anuncios-luminosos-neon-america/,ANUNCIOS LUMINOSOS NEON AMERICA,
607,publicidad-y-medios-asociados,https://www.publi20.com/listing/publicidad-y-medios-asociados/,PUBLICIDAD Y MEDIOS ASOCIADOS,
605,quiality-and-permance-it-sc,https://www.publi20.com/listing/quiality-and-permance-it-sc/,QUIALITY AND PERMANCE IT SC,
603,comercabos-sa-de-cv,https://www.publi20.com/listing/comercabos-sa-de-cv/,COMERCABOS SA DE CV,
602,comercializadora-gps-2000-sa-de-cv,https://www.publi20.com/listing/comercializadora-gps-2000-sa-de-cv/,COMERCIALIZADORA GPS 2000 SA DE CV,
601,g4-de-mexico-s-a-de-c-v,https://www.publi20.com/listing/g4-de-mexico-s-a-de-c-v/,G4 DE MEXICO S.A. DE C.V.,
600,snell-ventures-s-de-rl-de-cv,https://www.publi20.com/listing/snell-ventures-s-de-rl-de-cv/,SNELL VENTURES S DE RL DE CV,
599,corporacion-publicitaria-rg-sa-de-cv,https://www.publi20.com/listing/corporacion-publicitaria-rg-sa-de-cv/,CORPORACION PUBLICITARIA RG SA DE CV,
597,publicidad-hermanos-rojas,https://www.publi20.com/listing/publicidad-hermanos-rojas/,PUBLICIDAD HERMANOS ROJAS,
596,jorge,https://www.publi20.com/listing/jorge/,JORGE,
595,top-medios-s-a-de-c-v,https://www.publi20.com/listing/top-medios-s-a-de-c-v/,TOP MEDIOS S.A. DE C.V.,
593,24-grafics-s-a-de-c-v,https://www.publi20.com/listing/24-grafics-s-a-de-c-v/,"24 GRAFICS, S.A. DE C.V.",
592,publicidad-en-transporte,https://www.publi20.com/listing/publicidad-en-transporte/,PUBLICIDAD EN TRANSPORTE,
591,optimizacion-en-medios-s-a-de-c-v,https://www.publi20.com/listing/optimizacion-en-medios-s-a-de-c-v/,"OPTIMIZACION EN MEDIOS, S.A. DE C.V.",
590,efeckto-urbano,https://www.publi20.com/listing/efeckto-urbano/,EFECKTO URBANO,
589,consultoria-y-asesoria-en-publicidad-sa-de-cv,https://www.publi20.com/listing/consultoria-y-asesoria-en-publicidad-sa-de-cv/,CONSULTORIA Y ASESORIA EN PUBLICIDAD SA DE CV,
588,aseco-sa-de-cv,https://www.publi20.com/listing/aseco-sa-de-cv/,ASECO SA DE CV,
587,rotulos-computarizados-e-impuresos-del-surestes-s-a-de-c-v,https://www.publi20.com/listing/rotulos-computarizados-e-impuresos-del-surestes-s-a-de-c-v/,ROTULOS COMPUTARIZADOS E IMPURESOS DEL SURESTES S.A DE C.V,
586,creaciones-720,https://www.publi20.com/listing/creaciones-720/,CREACIONES 720,
585,sv-comunicacion-sc,https://www.publi20.com/listing/sv-comunicacion-sc/,SV COMUNICACION SC,
584,imanes,https://www.publi20.com/listing/imanes/,IMANES,
582,orlandos-publicidad,https://www.publi20.com/listing/orlandos-publicidad/,ORLANDOS PUBLICIDAD,
580,bunker-y-taylor-s-a-de-c-v,https://www.publi20.com/listing/bunker-y-taylor-s-a-de-c-v/,BUNKER Y TAYLOR S.A. DE C.V.,
579,power-torner,https://www.publi20.com/listing/power-torner/,POWER TORNER,
578,xl-taller-de-dise%c3%b1o,https://www.publi20.com/listing/xl-taller-de-dise%c3%b1o/,XL TALLER DE DISEÃ‘O,
577,penta-dise%c3%b1o-y-publicidad,https://www.publi20.com/listing/penta-dise%c3%b1o-y-publicidad/,PENTA DISEÃ‘O Y PUBLICIDAD,
576,piblic-city,https://www.publi20.com/listing/piblic-city/,PIBLIC CITY,
575,milgraf-puebla-s-a-de-c-v,https://www.publi20.com/listing/milgraf-puebla-s-a-de-c-v/,MILGRAF PUEBLA S.A DE C.V,
574,agencia-interal-capital-mix-sa-de-cv,https://www.publi20.com/listing/agencia-interal-capital-mix-sa-de-cv/,AGENCIA INTERAL CAPITAL MIX SA DE CV,
573,market,https://www.publi20.com/listing/market/,MARKET,
571,facilite,https://www.publi20.com/listing/facilite/,FACILITE,
569,xpress-gift,https://www.publi20.com/listing/xpress-gift/,XPRESS GIFT,
568,revista-progreso,https://www.publi20.com/listing/revista-progreso/,REVISTA PROGRESO,
567,rodco,https://www.publi20.com/listing/rodco/,RODCO,
566,gastro-media-s-a-de-c-v,https://www.publi20.com/listing/gastro-media-s-a-de-c-v/,"GASTRO MEDIA, S.A. DE C.V.",
565,publicidad-dise%c3%b1o-y-mercadotecnia,https://www.publi20.com/listing/publicidad-dise%c3%b1o-y-mercadotecnia/,"PUBLICIDAD, DISEÃ‘O Y MERCADOTECNIA",
564,sri-publicidad,https://www.publi20.com/listing/sri-publicidad/,SRI PUBLICIDAD,
563,estrategia-inteligente-de-medios-s-a-de-c-v,https://www.publi20.com/listing/estrategia-inteligente-de-medios-s-a-de-c-v/,ESTRATEGIA INTELIGENTE DE MEDIOS S.A DE C.V.,
562,tecnoprint,https://www.publi20.com/listing/tecnoprint/,TECNOPRINT,
561,comercializadora-megaprint-s-de-r-l-de-c-v,https://www.publi20.com/listing/comercializadora-megaprint-s-de-r-l-de-c-v/,COMERCIALIZADORA MEGAPRINT S DE R.L. DE C.V.,
560,ponme-imagen-s-a-de-c-v,https://www.publi20.com/listing/ponme-imagen-s-a-de-c-v/,PONME IMAGEN S.A DE C.V.,
559,grupo-herlezq-s-a-de-c-v,https://www.publi20.com/listing/grupo-herlezq-s-a-de-c-v/,GRUPO HERLEZQ S.A. DE C.V.,
557,producciones-signaleticas-mexicanas-s-a-de-c-v,https://www.publi20.com/listing/producciones-signaleticas-mexicanas-s-a-de-c-v/,"PRODUCCIONES SIGNALETICAS MEXICANAS, S.A. DE C.V",
556,north-american-mailing-services-s-de-r-l-de-c-v,https://www.publi20.com/listing/north-american-mailing-services-s-de-r-l-de-c-v/,NORTH AMERICAN MAILING SERVICES S. DE R.L DE C.V.,
555,mass-pub-sa-de-cv,https://www.publi20.com/listing/mass-pub-sa-de-cv/,MASS PUB SA DE CV,
554,lym,https://www.publi20.com/listing/lym/,LYM,
553,marketing-y-dise%c3%b1o-dob-sa-de-cv,https://www.publi20.com/listing/marketing-y-dise%c3%b1o-dob-sa-de-cv/,MARKETING Y DISEÃ‘O DOB SA DE CV,
552,duranyork,https://www.publi20.com/listing/duranyork/,DURANYORK,
551,publicaciones-del-chuviscar-s-a-de-c-v,https://www.publi20.com/listing/publicaciones-del-chuviscar-s-a-de-c-v/,PUBLICACIONES DEL CHUVISCAR S.A. DE C.V.,
549,paralelo-20-comunicacion-y-medios-s-a-de-c-v,https://www.publi20.com/listing/paralelo-20-comunicacion-y-medios-s-a-de-c-v/,PARALELO 20 COMUNICACION Y MEDIOS S.A. DE C.V.,
547,out-world-media-systems-s-a-de-cv,https://www.publi20.com/listing/out-world-media-systems-s-a-de-cv/,"OUT WORLD MEDIA SYSTEMS S.A DE. CV,",
546,servicios-letonia-s-de-rl-de-cv,https://www.publi20.com/listing/servicios-letonia-s-de-rl-de-cv/,SERVICIOS LETONIA S DE RL DE CV,
544,distribuidora-bratley-s-a-de-c-v,https://www.publi20.com/listing/distribuidora-bratley-s-a-de-c-v/,DISTRIBUIDORA BRATLEY S.A. DE C.V.,
543,comercializadora-chester-s-a-de-c-v,https://www.publi20.com/listing/comercializadora-chester-s-a-de-c-v/,COMERCIALIZADORA CHESTER S.A. DE C.V.,
542,sign-fussion-s-a-de-c-v,https://www.publi20.com/listing/sign-fussion-s-a-de-c-v/,"SIGN FUSSION, S.A. DE C.V.",
541,pluvilivl,https://www.publi20.com/listing/pluvilivl/,PLUVILIVL,
540,imagen-kreativa,https://www.publi20.com/listing/imagen-kreativa/,IMAGEN KREATIVA,
539,publicidad-coherente-sa-de-cv,https://www.publi20.com/listing/publicidad-coherente-sa-de-cv/,PUBLICIDAD COHERENTE SA DE CV,
538,agl-publicidad-y-textiles-s-a-de-c-v,https://www.publi20.com/listing/agl-publicidad-y-textiles-s-a-de-c-v/,AGL PUBLICIDAD Y TEXTILES S.A. DE C.V.,
535,inspirando-ideas-sa-de-cv,https://www.publi20.com/listing/inspirando-ideas-sa-de-cv/,INSPIRANDO IDEAS SA DE CV,
534,imprimiendo-estilo,https://www.publi20.com/listing/imprimiendo-estilo/,IMPRIMIENDO ESTILO,
533,publitotal-sa-de-cv,https://www.publi20.com/listing/publitotal-sa-de-cv/,PUBLITOTAL SA DE CV,
532,publicidad-ojo-cielo-dise%c3%b1adores,https://www.publi20.com/listing/publicidad-ojo-cielo-dise%c3%b1adores/,PUBLICIDAD OJO CIELO DISEÃ‘ADORES,
531,click-articulos-promocionales-s-a-de-c-v,https://www.publi20.com/listing/click-articulos-promocionales-s-a-de-c-v/,CLICK ARTICULOS PROMOCIONALES S.A. DE C.V.,
530,matisse-publicidad,https://www.publi20.com/listing/matisse-publicidad/,MATISSE PUBLICIDAD,
529,xpresate-publicidad,https://www.publi20.com/listing/xpresate-publicidad/,XPRESATE PUBLICIDAD,
528,graba2,https://www.publi20.com/listing/graba2/,GRABA2,
527,ideas-impresos,https://www.publi20.com/listing/ideas-impresos/,IDEAS IMPRESOS,
526,unipolares-y-espectaculares-del-norte-s-a-de-c-v,https://www.publi20.com/listing/unipolares-y-espectaculares-del-norte-s-a-de-c-v/,UNIPOLARES Y ESPECTACULARES DEL NORTE S.A. DE C.V.,
525,iconico,https://www.publi20.com/listing/iconico/,ICONICO,
521,sublimarte-s-a-de-c-v,https://www.publi20.com/listing/sublimarte-s-a-de-c-v/,SUBLIMARTE S.A. DE C.V.,
518,giro-promocional-de-occidente-s-a-de-c-v,https://www.publi20.com/listing/giro-promocional-de-occidente-s-a-de-c-v/,"GIRO PROMOCIONAL DE OCCIDENTE, S.A. DE C.V.",
517,hve-creativo,https://www.publi20.com/listing/hve-creativo/,HVE CREATIVO,
516,marsan-publicidad,https://www.publi20.com/listing/marsan-publicidad/,marsan publicidad,
515,campa%c3%b1a-productora-de-acciones-sa-de-cv,https://www.publi20.com/listing/campa%c3%b1a-productora-de-acciones-sa-de-cv/,CAMPAÃ‘A PRODUCTORA DE ACCIONES SA DE CV,
514,impresi%c3%b3n-digital,https://www.publi20.com/listing/impresi%c3%b3n-digital/,IMPRESIÃ“N DIGITAL,
513,creatividad-y-dise%c3%b1o-de-hidalgo-s-a-de-c-v,https://www.publi20.com/listing/creatividad-y-dise%c3%b1o-de-hidalgo-s-a-de-c-v/,CREATIVIDAD Y DISEÃ‘O DE HIDALGO S.A DE C.V,
511,dragon-grafix,https://www.publi20.com/listing/dragon-grafix/,DRAGON GRAFIX,
510,calendarios-len,https://www.publi20.com/listing/calendarios-len/,CALENDARIOS LEN,
509,nyksa,https://www.publi20.com/listing/nyksa/,NYKSA,
508,graficos-campos,https://www.publi20.com/listing/graficos-campos/,GRAFICOS CAMPOS,
507,claro-oscuro-digital,https://www.publi20.com/listing/claro-oscuro-digital/,CLARO OSCURO DIGITAL,
505,x4-y-asociados-publicidad,https://www.publi20.com/listing/x4-y-asociados-publicidad/,X4 Y ASOCIADOS PUBLICIDAD,
502,directo-agencia-s-a-de-c-v,https://www.publi20.com/listing/directo-agencia-s-a-de-c-v/,DIRECTO AGENCIA S.A. DE C.V.,
501,innovaciones-tecnologicas-para-impresion-y-pulicidad-s-a-de-c-v,https://www.publi20.com/listing/innovaciones-tecnologicas-para-impresion-y-pulicidad-s-a-de-c-v/,"INNOVACIONES TECNOLOGICAS PARA IMPRESION Y PULICIDAD, S.A. DE C.V.",
500,kromaxima-publicidad-s-a-de-c-v,https://www.publi20.com/listing/kromaxima-publicidad-s-a-de-c-v/,"KROMAXIMA PUBLICIDAD, S.A. DE C.V.",
498,grupo-comercial-coagsa-digital-sa-de-cv,https://www.publi20.com/listing/grupo-comercial-coagsa-digital-sa-de-cv/,GRUPO COMERCIAL COAGSA DIGITAL SA DE CV,
497,computadoras-y-publicidad-s-a-de-c-v,https://www.publi20.com/listing/computadoras-y-publicidad-s-a-de-c-v/,COMPUTADORAS Y PUBLICIDAD S.A. DE C.V.,
496,agencia-de-comunicacion-nivel-ocho-sa-de-cv,https://www.publi20.com/listing/agencia-de-comunicacion-nivel-ocho-sa-de-cv/,AGENCIA DE COMUNICACION NIVEL OCHO SA DE CV,
495,fazt-proveedor-de-publiservicios-sa-de-cv,https://www.publi20.com/listing/fazt-proveedor-de-publiservicios-sa-de-cv/,FAZT PROVEEDOR DE PUBLISERVICIOS SA DE CV,
494,publi-imagen,https://www.publi20.com/listing/publi-imagen/,PUBLI IMAGEN,
492,ramirez,https://www.publi20.com/listing/ramirez/,RAMIREZ,
491,publimaya,https://www.publi20.com/listing/publimaya/,PUBLIMAYA,
490,luna-piblicidad,https://www.publi20.com/listing/luna-piblicidad/,LUNA PIBLICIDAD,
489,radiodifusoras-y-televisoras-de-occidente-s-a-de-c-v,https://www.publi20.com/listing/radiodifusoras-y-televisoras-de-occidente-s-a-de-c-v/,RADIODIFUSORAS Y TELEVISORAS DE OCCIDENTE S.A. DE C.V.,
487,con-100-cia-estrategica-s-de-r-l-de-c-v,https://www.publi20.com/listing/con-100-cia-estrategica-s-de-r-l-de-c-v/,CON 100 CIA ESTRATEGICA S. DE R.L. DE C.V.,
486,jugo-de-tomate-s-a-de-c-v,https://www.publi20.com/listing/jugo-de-tomate-s-a-de-c-v/,JUGO DE TOMATE S.A. DE C.V.,
485,rapicolor,https://www.publi20.com/listing/rapicolor/,RAPICOLOR,
482,krearte,https://www.publi20.com/listing/krearte/,KREARTE,
481,dise%c3%b1o-impreso-en-movimiento-s-a-de-c-v-2,https://www.publi20.com/listing/dise%c3%b1o-impreso-en-movimiento-s-a-de-c-v-2/,DISEÃ‘O IMPRESO EN MOVIMIENTO S.A. DE C.V.,
480,noved-arte,https://www.publi20.com/listing/noved-arte/,NOVED ARTE,
479,cratimagen,https://www.publi20.com/listing/cratimagen/,CRATIMAGEN,
478,las-10,https://www.publi20.com/listing/las-10/,LAS 10,
477,grabarte,https://www.publi20.com/listing/grabarte/,GRABARTE,
476,numeros-creativos-s-c,https://www.publi20.com/listing/numeros-creativos-s-c/,NUMEROS CREATIVOS S.C.,
474,display-publicidad-exterior-s-a-de-c-v,https://www.publi20.com/listing/display-publicidad-exterior-s-a-de-c-v/,"DISPLAY PUBLICIDAD EXTERIOR, S.A. DE C.V.",
473,spectradyne-international-inc,https://www.publi20.com/listing/spectradyne-international-inc/,SPECTRADYNE INTERNATIONAL INC,
471,blue-caps,https://www.publi20.com/listing/blue-caps/,BLUE CAPS,
468,tu-arte,https://www.publi20.com/listing/tu-arte/,TU ARTE,
467,nuve-marketing,https://www.publi20.com/listing/nuve-marketing/,NUVE MARKETING,
466,conforma-digital-s-a-de-c-v,https://www.publi20.com/listing/conforma-digital-s-a-de-c-v/,CONFORMA DIGITAL S.A. DE C.V.,
463,provideo,https://www.publi20.com/listing/provideo/,PROVIDEO,
462,ml-y-co,https://www.publi20.com/listing/ml-y-co/,ML Y CO,
459,revista-fieston,https://www.publi20.com/listing/revista-fieston/,REVISTA FIESTON,
458,publicidad-digital-colors,https://www.publi20.com/listing/publicidad-digital-colors/,PUBLICIDAD DIGITAL COLORS,
457,promotora-de-medios-de-comunicacion-sa-de-cv,https://www.publi20.com/listing/promotora-de-medios-de-comunicacion-sa-de-cv/,PROMOTORA DE MEDIOS DE COMUNICACION SA DE CV,
456,publicidad-arte,https://www.publi20.com/listing/publicidad-arte/,PUBLICIDAD ARTE,
455,promoser-grupo-publicitario-s-r-l-de-c-v,https://www.publi20.com/listing/promoser-grupo-publicitario-s-r-l-de-c-v/,"PROMOSER GRUPO PUBLICITARIO, S. R.L DE C.V",
454,sign-mex-publicidad,https://www.publi20.com/listing/sign-mex-publicidad/,SIGN MEX PUBLICIDAD,
452,creando,https://www.publi20.com/listing/creando/,CREANDO,
451,volta,https://www.publi20.com/listing/volta/,VOLTA,
450,grupo-plata,https://www.publi20.com/listing/grupo-plata/,GRUPO PLATA,
449,beltran-y-bernal-stoopen-sc,https://www.publi20.com/listing/beltran-y-bernal-stoopen-sc/,BELTRAN Y BERNAL STOOPEN SC,
448,arthe-grafiko,https://www.publi20.com/listing/arthe-grafiko/,ARTHE GRAFIKO,
447,expresi%c3%b3n-gr%c3%a1fica,https://www.publi20.com/listing/expresi%c3%b3n-gr%c3%a1fica/,EXPRESIÃ“N GRÃFICA,
446,il-evento-s-c,https://www.publi20.com/listing/il-evento-s-c/,IL EVENTO S.C.,
445,organizacion-radiofonica-de-chihuahua-s-a,https://www.publi20.com/listing/organizacion-radiofonica-de-chihuahua-s-a/,ORGANIZACION RADIOFONICA DE CHIHUAHUA S.A.,
444,grupo-hiperformas-del-bajio-s-a-de-c-v,https://www.publi20.com/listing/grupo-hiperformas-del-bajio-s-a-de-c-v/,"GRUPO HIPERFORMAS DEL BAJIO, S.A. DE C.V.",
443,fusion-grafica,https://www.publi20.com/listing/fusion-grafica/,FUSION GRAFICA,
442,daisa-proyectos,https://www.publi20.com/listing/daisa-proyectos/,DAISA PROYECTOS,
441,spacio,https://www.publi20.com/listing/spacio/,SPACIO,
440,fusion-publicidad,https://www.publi20.com/listing/fusion-publicidad/,FUSION PUBLICIDAD,
439,imagen-digital,https://www.publi20.com/listing/imagen-digital/,IMAGEN DIGITAL,
438,promotex-publicidad,https://www.publi20.com/listing/promotex-publicidad/,PROMOTEX PUBLICIDAD,
435,grabados-gira,https://www.publi20.com/listing/grabados-gira/,GRABADOS GIRA,
432,grupo-intermedios,https://www.publi20.com/listing/grupo-intermedios/,GRUPO INTERMEDIOS,
431,grupo-signos-s-a-de-c-v,https://www.publi20.com/listing/grupo-signos-s-a-de-c-v/,GRUPO SIGNOS S.A. DE C.V.,
430,promoshape-s-de-rl-de-cv,https://www.publi20.com/listing/promoshape-s-de-rl-de-cv/,PROMOSHAPE S DE RL DE CV,
429,empresas-isal-s-de-rl-de-cv,https://www.publi20.com/listing/empresas-isal-s-de-rl-de-cv/,EMPRESAS ISAL S DE RL DE CV,
428,miltibordados,https://www.publi20.com/listing/miltibordados/,MILTIBORDADOS,
427,cajeme-flash,https://www.publi20.com/listing/cajeme-flash/,CAJEME FLASH,
422,arclad-de-mexico-sa-de-cv-oficinas,https://www.publi20.com/listing/arclad-de-mexico-sa-de-cv-oficinas/,ARCLAD DE MEXICO SA DE CV (OFICINAS),
421,soluciones-creyt-sa-de-cv,https://www.publi20.com/listing/soluciones-creyt-sa-de-cv/,SOLUCIONES CREYT SA DE CV,
420,impresiones-san-luis,https://www.publi20.com/listing/impresiones-san-luis/,IMPRESIONES SAN LUIS,
419,screencast-s-a-p-i-de-cv,https://www.publi20.com/listing/screencast-s-a-p-i-de-cv/,SCREENCAST S.A.P.I DE CV,
418,grupo-mistica-sa-de-cv,https://www.publi20.com/listing/grupo-mistica-sa-de-cv/,GRUPO MISTICA SA DE CV,
417,dise%c3%b1os-de-altura-s-a-de-c-v,https://www.publi20.com/listing/dise%c3%b1os-de-altura-s-a-de-c-v/,DISEÃ‘OS DE ALTURA S.A. DE C.V.,
416,radio-america-de-mexico-sa-de-cv,https://www.publi20.com/listing/radio-america-de-mexico-sa-de-cv/,RADIO AMERICA DE MEXICO SA DE CV,
415,publitec,https://www.publi20.com/listing/publitec/,PUBLITEC,
414,publicidad-grafica-sa-de-cv,https://www.publi20.com/listing/publicidad-grafica-sa-de-cv/,PUBLICIDAD GRAFICA SA DE CV,
413,mentor-s-a-de-c-v,https://www.publi20.com/listing/mentor-s-a-de-c-v/,"MENTOR, S.A. DE C.V.",
412,mcs-consultores-s-c,https://www.publi20.com/listing/mcs-consultores-s-c/,MCS CONSULTORES S.C.,
411,informacion-del-noreste-s-a-de-c-v,https://www.publi20.com/listing/informacion-del-noreste-s-a-de-c-v/,INFORMACION DEL NORESTE S.A. DE C.V.,
410,publicidad-digital-ramirez,https://www.publi20.com/listing/publicidad-digital-ramirez/,PUBLICIDAD DIGITAL RAMIREZ,
409,syes,https://www.publi20.com/listing/syes/,SYES,
408,corporativo-mi-ciudad-sa-de-cv,https://www.publi20.com/listing/corporativo-mi-ciudad-sa-de-cv/,"CORPORATIVO MI CIUDAD, SA. DE CV",
407,publiport-sa-de-cv,https://www.publi20.com/listing/publiport-sa-de-cv/,Publiport Sa De Cv,
406,publimedia-los-cabos-sa-de-cv,https://www.publi20.com/listing/publimedia-los-cabos-sa-de-cv/,Publimedia Los Cabos Sa De Cv,
404,formula-radiofonica-s-a-de-c-v,https://www.publi20.com/listing/formula-radiofonica-s-a-de-c-v/,"FORMULA RADIOFONICA, S.A. DE C.V.",
403,publiservicios-vanguardia-s-a-de-c-v,https://www.publi20.com/listing/publiservicios-vanguardia-s-a-de-c-v/,PUBLISERVICIOS VANGUARDIA S.A. DE C.V.,
401,memetica-dise%c3%b1o-e-impresion,https://www.publi20.com/listing/memetica-dise%c3%b1o-e-impresion/,MEMETICA DISEÃ‘O E IMPRESION,
398,publicidad-y-rotulacion-por-computadora,https://www.publi20.com/listing/publicidad-y-rotulacion-por-computadora/,PUBLICIDAD Y ROTULACION POR COMPUTADORA,
397,digital-multimedios,https://www.publi20.com/listing/digital-multimedios/,DIGITAL MULTIMEDIOS,
396,mazpubliman,https://www.publi20.com/listing/mazpubliman/,MAZPUBLIMAN,
394,anuncios-en-directorios-s-a-de-c-v-2,https://www.publi20.com/listing/anuncios-en-directorios-s-a-de-c-v-2/,ANUNCIOS EN DIRECTORIOS S.A. DE C.V.,
390,creatimex-publicidad-sa-de-cv,https://www.publi20.com/listing/creatimex-publicidad-sa-de-cv/,CREATIMEX PUBLICIDAD SA DE CV,
389,publimar,https://www.publi20.com/listing/publimar/,PUBLIMAR,
388,guia-conurbada,https://www.publi20.com/listing/guia-conurbada/,GUIA CONURBADA,
387,inku,https://www.publi20.com/listing/inku/,INKU,
384,oh-publicidad-y-negocios,https://www.publi20.com/listing/oh-publicidad-y-negocios/,OH PUBLICIDAD Y NEGOCIOS,
383,esperanza-astrid-casta%c3%b1eda-ruiz,https://www.publi20.com/listing/esperanza-astrid-casta%c3%b1eda-ruiz/,ESPERANZA ASTRID CASTAÃ‘EDA RUIZ,
380,isi-publicidad,https://www.publi20.com/listing/isi-publicidad/,ISI PUBLICIDAD,
378,anuncios-en-directorioss-a-de-c-v,https://www.publi20.com/listing/anuncios-en-directorioss-a-de-c-v/,"ANUNCIOS EN DIRECTORIOS,S A.DE C.V",
377,publicaciones-metropolitanas-s-a-de-c-v,https://www.publi20.com/listing/publicaciones-metropolitanas-s-a-de-c-v/,PUBLICACIONES METROPOLITANAS S.A DE C.V,
376,creaciones-artisticas-publicitrias-sa,https://www.publi20.com/listing/creaciones-artisticas-publicitrias-sa/,CREACIONES ARTISTICAS PUBLICITRIAS SA,
375,sistemas-interactivos-de-juarez-s-a-de-c-v,https://www.publi20.com/listing/sistemas-interactivos-de-juarez-s-a-de-c-v/,"SISTEMAS INTERACTIVOS DE JUAREZ, S.A. DE C.V.",
374,clarol-publicidad-exterior-s-c,https://www.publi20.com/listing/clarol-publicidad-exterior-s-c/,"CLAROL PUBLICIDAD EXTERIOR, S.C.",
373,laya-comunica,https://www.publi20.com/listing/laya-comunica/,laya comunica,
372,las-lonas,https://www.publi20.com/listing/las-lonas/,LAS LONAS,
371,global-producciones-and-marketing-sa-de-cv,https://www.publi20.com/listing/global-producciones-and-marketing-sa-de-cv/,GLOBAL PRODUCCIONES AND MARKETING SA DE CV,
370,grafiko-publicidad,https://www.publi20.com/listing/grafiko-publicidad/,GRAFIKO PUBLICIDAD,
369,descar-s-a-de-c-v,https://www.publi20.com/listing/descar-s-a-de-c-v/,DESCAR S.A. DE C.V.,
368,graphics,https://www.publi20.com/listing/graphics/,GRAPHICS,
367,maxima-publicidad,https://www.publi20.com/listing/maxima-publicidad/,MAXIMA PUBLICIDAD,
365,el-comerciante,https://www.publi20.com/listing/el-comerciante/,EL COMERCIANTE,
364,televisora-peninsular-s-a-de-c-v,https://www.publi20.com/listing/televisora-peninsular-s-a-de-c-v/,"TELEVISORA PENINSULAR, S.A. DE C.V.",
363,multimedia-del-sureste-s-a-de-c-v,https://www.publi20.com/listing/multimedia-del-sureste-s-a-de-c-v/,"MULTIMEDIA DEL SURESTE, S.A. DE C.V.",
361,dise%c3%b1o-publicidad-pixemania,https://www.publi20.com/listing/dise%c3%b1o-publicidad-pixemania/,DISEÃ‘O PUBLICIDAD PIXEMANIA,
360,blau-publicidad,https://www.publi20.com/listing/blau-publicidad/,BLAU PUBLICIDAD,
359,comercializadora-trudi-s-de-rl-de-cv,https://www.publi20.com/listing/comercializadora-trudi-s-de-rl-de-cv/,COMERCIALIZADORA TRUDI S DE RL DE CV,
358,ncyg-marketing-publicidad-y-producciones-sa-de-c-v,https://www.publi20.com/listing/ncyg-marketing-publicidad-y-producciones-sa-de-c-v/,"NCYG MARKETING PUBLICIDAD Y PRODUCCIONES, SA DE C.V.",
357,artigraf,https://www.publi20.com/listing/artigraf/,ARTIGRAF,
356,hildetex-s-a-de-c-v,https://www.publi20.com/listing/hildetex-s-a-de-c-v/,"HILDETEX, S.A. DE C.V.",
355,art-y-tec-s-a-de-c-v,https://www.publi20.com/listing/art-y-tec-s-a-de-c-v/,ART Y TEC S.A. DE C.V.,
354,sacale-jugo-a-tu-marca-is-de-r-l-de-c-v,https://www.publi20.com/listing/sacale-jugo-a-tu-marca-is-de-r-l-de-c-v/,SACALE JUGO A TU MARCA IS. DE R.L. DE C.V.,
353,publitrucks,https://www.publi20.com/listing/publitrucks/,PUBLITRUCKS,
351,umbrella-marketing-s-c,https://www.publi20.com/listing/umbrella-marketing-s-c/,"UMBRELLA MARKETING, S.C.",
349,display,https://www.publi20.com/listing/display/,DISPLAY,
348,creamedia-s-a-de-c-v,https://www.publi20.com/listing/creamedia-s-a-de-c-v/,"CREAMEDIA, S.A. DE C.V.",
346,promo-rigba-internacional-s-de-rl-de-cv,https://www.publi20.com/listing/promo-rigba-internacional-s-de-rl-de-cv/,PROMO RIGBA INTERNACIONAL S DE RL DE CV,
345,firecol,https://www.publi20.com/listing/firecol/,FIRECOL,
341,anuncios-en-directorios-sa-de-cv-2,https://www.publi20.com/listing/anuncios-en-directorios-sa-de-cv-2/,ANUNCIOS EN DIRECTORIOS SA DE CV,
340,marketing-and-promotion-s-a-de-c-v,https://www.publi20.com/listing/marketing-and-promotion-s-a-de-c-v/,"MARKETING AND PROMOTION, S.A. DE C.V.",
339,editora-tiempo-nuevo,https://www.publi20.com/listing/editora-tiempo-nuevo/,EDITORA TIEMPO NUEVO,
338,promoser-grupo-publicitario-s-de-r-l-de-c-v,https://www.publi20.com/listing/promoser-grupo-publicitario-s-de-r-l-de-c-v/,PROMOSER GRUPO PUBLICITARIO S DE R.L. DE C.V.,
337,grafia-publicidad,https://www.publi20.com/listing/grafia-publicidad/,GRAFIA PUBLICIDAD,
336,sos-web-s-a-de-c-v,https://www.publi20.com/listing/sos-web-s-a-de-c-v/,SOS WEB S.A. DE C.V.,
335,aka-imagen-impresa,https://www.publi20.com/listing/aka-imagen-impresa/,AKA IMAGEN IMPRESA,
334,media-noticias,https://www.publi20.com/listing/media-noticias/,MEDIA NOTICIAS,
332,servicios-medios-visuales-y-publicidad-s-a-de-c-v,https://www.publi20.com/listing/servicios-medios-visuales-y-publicidad-s-a-de-c-v/,"SERVICIOS, MEDIOS VISUALES Y PUBLICIDAD S.A DE C.V",
331,grupo-c-y-c-del-caribe-sa-de-cv,https://www.publi20.com/listing/grupo-c-y-c-del-caribe-sa-de-cv/,GRUPO C Y C DEL CARIBE SA DE CV,
330,radio-difusoras-y-televisoras-de-occidente-sa-de-c-v,https://www.publi20.com/listing/radio-difusoras-y-televisoras-de-occidente-sa-de-c-v/,"RADIO DIFUSORAS Y TELEVISORAS DE OCCIDENTE, SA DE C V",
329,nuevo-estilo-publicidad-y-decoracion,https://www.publi20.com/listing/nuevo-estilo-publicidad-y-decoracion/,NUEVO ESTILO PUBLICIDAD Y DECORACION,
328,imprenta,https://www.publi20.com/listing/imprenta/,IMPRENTA,
326,ads-publicidad-total-srl-de-cv,https://www.publi20.com/listing/ads-publicidad-total-srl-de-cv/,ADS PUBLICIDAD TOTAL SRL DE CV,
325,vinil-de-zacatecas-sc-de-p-de-rl,https://www.publi20.com/listing/vinil-de-zacatecas-sc-de-p-de-rl/,VINIL DE ZACATECAS SC DE P DE RL,
323,publi-maya,https://www.publi20.com/listing/publi-maya/,PUBLI MAYA,
322,grupo-estratega-de-publicidad-sa-de-cv,https://www.publi20.com/listing/grupo-estratega-de-publicidad-sa-de-cv/,GRUPO ESTRATEGA DE PUBLICIDAD SA DE CV,
321,otero-27,https://www.publi20.com/listing/otero-27/,OTERO 27,
320,publicidad-y-dise%c3%b1o-anka-digital,https://www.publi20.com/listing/publicidad-y-dise%c3%b1o-anka-digital/,PUBLICIDAD Y DISEÃ‘O ANKA DIGITAL,
318,publidigital,https://www.publi20.com/listing/publidigital/,PUBLIDIGITAL,
316,perfiles-e-impresos-s-a-de-c-v,https://www.publi20.com/listing/perfiles-e-impresos-s-a-de-c-v/,"PERFILES E IMPRESOS, S.A. DE C.V.",
315,solucion-digital-empresarial-sa-de-cv,https://www.publi20.com/listing/solucion-digital-empresarial-sa-de-cv/,SOLUCION DIGITAL EMPRESARIAL SA DE CV,
314,vendor-publicidad-exterior-s-de-rl-de-c-v,https://www.publi20.com/listing/vendor-publicidad-exterior-s-de-rl-de-c-v/,VENDOR PUBLICIDAD EXTERIOR S. DE RL. DE C.V.,
313,publicity,https://www.publi20.com/listing/publicity/,PUBLICITY,
312,goduva-publicidad,https://www.publi20.com/listing/goduva-publicidad/,GODUVA PUBLICIDAD,
311,lonas-y-etiquetas,https://www.publi20.com/listing/lonas-y-etiquetas/,LONAS Y ETIQUETAS,
310,servicios-de-administracion-e-informatica-sa-de-cv,https://www.publi20.com/listing/servicios-de-administracion-e-informatica-sa-de-cv/,SERVICIOS DE ADMINISTRACION E INFORMATICA SA DE CV,
309,servicios-de-administracion-e-informatrica-sa-de-cv,https://www.publi20.com/listing/servicios-de-administracion-e-informatrica-sa-de-cv/,SERVICIOS DE ADMINISTRACION E INFORMATRICA SA DE CV,
308,publi-liui,https://www.publi20.com/listing/publi-liui/,PUBLI LIUI,
307,grafika-publicidad,https://www.publi20.com/listing/grafika-publicidad/,GRAFIKA PUBLICIDAD,
305,promociones-acevedo,https://www.publi20.com/listing/promociones-acevedo/,PROMOCIONES ACEVEDO,
304,forward-multimedia,https://www.publi20.com/listing/forward-multimedia/,FORWARD MULTIMEDIA,
303,creasunn-s-a-de-cv,https://www.publi20.com/listing/creasunn-s-a-de-cv/,CREASUNN S.A DE CV.,
302,csm-publicidad-s-a-de-c-v,https://www.publi20.com/listing/csm-publicidad-s-a-de-c-v/,CSM PUBLICIDAD S.A. DE C.V.,
301,publi-anuncios,https://www.publi20.com/listing/publi-anuncios/,PUBLI ANUNCIOS,
300,chis-mx,https://www.publi20.com/listing/chis-mx/,CHIS.MX,
298,habitat-creativo-sa-de-cv,https://www.publi20.com/listing/habitat-creativo-sa-de-cv/,HABITAT CREATIVO SA DE CV,
297,publicidad-textil-corona,https://www.publi20.com/listing/publicidad-textil-corona/,PUBLICIDAD TEXTIL CORONA,
296,publicidad-activa-mobil-s-a-de-c-v,https://www.publi20.com/listing/publicidad-activa-mobil-s-a-de-c-v/,"PUBLICIDAD ACTIVA MOBIL, S.A. DE C.V.",
295,grupo-sandoval,https://www.publi20.com/listing/grupo-sandoval/,GRUPO SANDOVAL,
294,lira,https://www.publi20.com/listing/lira/,LIRA,
293,aram-y-asociados-s-a-de-c-v,https://www.publi20.com/listing/aram-y-asociados-s-a-de-c-v/,ARAM Y ASOCIADOS S. A DE C.V,
292,soltar-impresores-s-a-de-c-v,https://www.publi20.com/listing/soltar-impresores-s-a-de-c-v/,"SOLTAR IMPRESORES, S.A. DE C.V",
291,multi-signos-s-a-de-c-v,https://www.publi20.com/listing/multi-signos-s-a-de-c-v/,MULTI SIGNOS S.A. DE C.V.,
290,extra-publicidad,https://www.publi20.com/listing/extra-publicidad/,EXTRA PUBLICIDAD,
289,pix-color-publicidad,https://www.publi20.com/listing/pix-color-publicidad/,PIX COLOR PUBLICIDAD,
288,paes-publicidad,https://www.publi20.com/listing/paes-publicidad/,PAES PUBLICIDAD,
287,rumbo-publicaciones-s-c,https://www.publi20.com/listing/rumbo-publicaciones-s-c/,RUMBO PUBLICACIONES S.C.,
284,dise%c3%b1o-impreso-en-movimiento-s-a-de-c-v,https://www.publi20.com/listing/dise%c3%b1o-impreso-en-movimiento-s-a-de-c-v/,DISEÃ‘O IMPRESO EN MOVIMIENTO S.A DE C.V,
283,corpporacion-lagunera-s-a-de-c-v,https://www.publi20.com/listing/corpporacion-lagunera-s-a-de-c-v/,CORPPORACION LAGUNERA S.A. DE C.V.,
281,paileria-del-golfo-s-a-de-c-v,https://www.publi20.com/listing/paileria-del-golfo-s-a-de-c-v/,"PAILERIA DEL GOLFO, S.A. DE C.V.",
280,doble-l-comunicacion-e-informacion,https://www.publi20.com/listing/doble-l-comunicacion-e-informacion/,DOBLE L COMUNICACION E INFORMACION,
279,ingenieria-creativa-en-medios-s-c,https://www.publi20.com/listing/ingenieria-creativa-en-medios-s-c/,INGENIERIA CREATIVA EN MEDIOS S.C.,
278,grupo-integra,https://www.publi20.com/listing/grupo-integra/,GRUPO INTEGRA,
275,jhony-productions,https://www.publi20.com/listing/jhony-productions/,JHONY PRODUCTIONS,
273,servicios-andes,https://www.publi20.com/listing/servicios-andes/,SERVICIOS ANDES,
272,artec-de-morelia-s-c,https://www.publi20.com/listing/artec-de-morelia-s-c/,ARTEC DE MORELIA S C,
271,o-k-publicidad,https://www.publi20.com/listing/o-k-publicidad/,O.K. PUBLICIDAD,
270,in-marketing,https://www.publi20.com/listing/in-marketing/,IN- MARKETING,
269,hyc-trade-business-s-a-de-c-v,https://www.publi20.com/listing/hyc-trade-business-s-a-de-c-v/,HYC TRADE BUSINESS S.A DE C.V,
268,publi-pac,https://www.publi20.com/listing/publi-pac/,PUBLI-PAC,
260,anuncios-en-directorios-sa-de-cv,https://www.publi20.com/listing/anuncios-en-directorios-sa-de-cv/,"ANUNCIOS EN DIRECTORIOS, SA DE CV",
259,publiex-pressions-s-a-de-c-v,https://www.publi20.com/listing/publiex-pressions-s-a-de-c-v/,PUBLIEX PRESSIONS S.A. DE C.V.,
257,grupo-publicitario-cerle-s-de-rl-de-cv,https://www.publi20.com/listing/grupo-publicitario-cerle-s-de-rl-de-cv/,GRUPO PUBLICITARIO CERLE S DE RL DE CV,
256,5w-mexico-sa-cv,https://www.publi20.com/listing/5w-mexico-sa-cv/,5W MEXICO SA CV,
255,dima-studios,https://www.publi20.com/listing/dima-studios/,DIMA STUDIOS,
254,maxi-grafica,https://www.publi20.com/listing/maxi-grafica/,MAXI GRAFICA,
253,dise%c3%b1arte-publicidad,https://www.publi20.com/listing/dise%c3%b1arte-publicidad/,DISEÃ‘ARTE PUBLICIDAD,
252,contcast,https://www.publi20.com/listing/contcast/,CONTCAST,
251,arte-integral-expresion-sa-de-cv,https://www.publi20.com/listing/arte-integral-expresion-sa-de-cv/,ARTE INTEGRAL EXPRESION SA DE CV,
250,difusion-exterior-s-a-de-c-v,https://www.publi20.com/listing/difusion-exterior-s-a-de-c-v/,DIFUSION EXTERIOR S.A DE C.V.,
249,publimerc,https://www.publi20.com/listing/publimerc/,PUBLIMERC,
247,la-roca-publicidad,https://www.publi20.com/listing/la-roca-publicidad/,LA ROCA PUBLICIDAD,
246,dsimple,https://www.publi20.com/listing/dsimple/,DSIMPLE,
243,seriart-publicidad,https://www.publi20.com/listing/seriart-publicidad/,SERIART PUBLICIDAD,
242,mega-color,https://www.publi20.com/listing/mega-color/,mega color,
241,negativos-lara-castillo-sa-de-cv,https://www.publi20.com/listing/negativos-lara-castillo-sa-de-cv/,NEGATIVOS LARA CASTILLO SA DE CV,
240,megapantallas-de-mexico-s-a-de-c-v,https://www.publi20.com/listing/megapantallas-de-mexico-s-a-de-c-v/,MEGAPANTALLAS DE MEXICO S.A. DE C.V.,
239,isa-corporativo-s-a-de-c-v,https://www.publi20.com/listing/isa-corporativo-s-a-de-c-v/,ISA CORPORATIVO S.A DE C.V,
238,d-mentes-creativas-s-de-rl,https://www.publi20.com/listing/d-mentes-creativas-s-de-rl/,D MENTES CREATIVAS S DE RL,
237,secorp-vision-publicitaria-s-de-rl-de-cv,https://www.publi20.com/listing/secorp-vision-publicitaria-s-de-rl-de-cv/,SECORP VISION PUBLICITARIA S DE RL DE CV,
236,expo-display-de-queretaro-renta-sa-de-cv,https://www.publi20.com/listing/expo-display-de-queretaro-renta-sa-de-cv/,EXPO DISPLAY DE QUERETARO RENTA SA DE CV,
235,reconocimientos-y-promocionales-mexcio-sa-de-cv,https://www.publi20.com/listing/reconocimientos-y-promocionales-mexcio-sa-de-cv/,"RECONOCIMIENTOS Y PROMOCIONALES MEXCIO, SA DE CV",
234,vendor-publicidad-exterior-s-de-r-l-de-cv,https://www.publi20.com/listing/vendor-publicidad-exterior-s-de-r-l-de-cv/,"VENDOR PUBLICIDAD EXTERIOR, S. DE R.L. DE CV.",
233,raya-impresion-digital,https://www.publi20.com/listing/raya-impresion-digital/,RAYA IMPRESION DIGITAL,
232,mr-publicidad-s-a-de-c-v,https://www.publi20.com/listing/mr-publicidad-s-a-de-c-v/,MR PUBLICIDAD S.A. DE C.V.,
231,impactos-frecuencia-y-cobertura-en-medios-sa-de-cv,https://www.publi20.com/listing/impactos-frecuencia-y-cobertura-en-medios-sa-de-cv/,IMPACTOS FRECUENCIA Y COBERTURA EN MEDIOS SA DE CV,
230,yahoo-de-mexico-s-a-de-c-v,https://www.publi20.com/listing/yahoo-de-mexico-s-a-de-c-v/,"YAHOO DE MEXICO, S.A. DE C.V.",
229,bordados-publicidad-javar,https://www.publi20.com/listing/bordados-publicidad-javar/,BORDADOS PUBLICIDAD JAVAR,
227,publi-express,https://www.publi20.com/listing/publi-express/,PUBLI EXPRESS,
225,trazo-vinil-publicidad-sa-de-cv,https://www.publi20.com/listing/trazo-vinil-publicidad-sa-de-cv/,TRAZO VINIL PUBLICIDAD SA DE CV,
223,sign-solutions-s-a-de-c-v,https://www.publi20.com/listing/sign-solutions-s-a-de-c-v/,SIGN SOLUTIONS S.A. DE C.V.,
221,eficolor,https://www.publi20.com/listing/eficolor/,EFICOLOR,
220,calcom-de-mexico,https://www.publi20.com/listing/calcom-de-mexico/,CALCOM DE MEXICO,
219,intermediacion-publicitaria-s-a-de-c-v,https://www.publi20.com/listing/intermediacion-publicitaria-s-a-de-c-v/,INTERMEDIACION PUBLICITARIA S.A. DE C.V.,
217,se-habla-nobabels-s-c,https://www.publi20.com/listing/se-habla-nobabels-s-c/,SE HABLA NOBABELS S.C.,
216,corporativo-mi-livdad-s-a-de-c-v,https://www.publi20.com/listing/corporativo-mi-livdad-s-a-de-c-v/,CORPORATIVO MI LIVDAD S.A DE C.V,
214,boomeran-dise%c3%b1o-y-publicidad,https://www.publi20.com/listing/boomeran-dise%c3%b1o-y-publicidad/,BOOMERAN DISEÃ‘O Y PUBLICIDAD,
212,poder-visual-sa-de-cv,https://www.publi20.com/listing/poder-visual-sa-de-cv/,PODER VISUAL SA DE CV,
210,rcg-espectaculares-sa-de-cv,https://www.publi20.com/listing/rcg-espectaculares-sa-de-cv/,RCG ESPECTACULARES SA DE CV,
209,business-y-medios-s-a-de-c-v,https://www.publi20.com/listing/business-y-medios-s-a-de-c-v/,business Y medios s.a. de c.v.,
208,publicidad-vector,https://www.publi20.com/listing/publicidad-vector/,PUBLICIDAD VECTOR,
206,fucar-arte-y-dise%c3%b1o,https://www.publi20.com/listing/fucar-arte-y-dise%c3%b1o/,FUCAR ARTE Y DISEÃ‘O,
205,mi-publicidad,https://www.publi20.com/listing/mi-publicidad/,MI PUBLICIDAD,
202,admira-brand,https://www.publi20.com/listing/admira-brand/,ADMIRA BRAND,
200,questa-de-mexico-s-a-de-c-v,https://www.publi20.com/listing/questa-de-mexico-s-a-de-c-v/,QUESTA DE MEXICO S.A DE C.V,
199,imago-publicidad,https://www.publi20.com/listing/imago-publicidad/,IMAGO PUBLICIDAD,
198,creativ-dise%c3%b1o-y-publicidad,https://www.publi20.com/listing/creativ-dise%c3%b1o-y-publicidad/,CREATIV DISEÃ‘O Y PUBLICIDAD,
197,guias-exclusivas-s-a-de-c-v,https://www.publi20.com/listing/guias-exclusivas-s-a-de-c-v/,GUIAS EXCLUSIVAS S.A. DE C.V.,
195,frantouch-s-a-de-c-v,https://www.publi20.com/listing/frantouch-s-a-de-c-v/,FRANTOUCH S.A DE C.V,
194,cyflex-s-a-de-c-v,https://www.publi20.com/listing/cyflex-s-a-de-c-v/,"CYFLEX, S.A. DE C.V.",
192,dise%c3%b1os-le-fame-s-a-de-c-v,https://www.publi20.com/listing/dise%c3%b1os-le-fame-s-a-de-c-v/,"DISEÃ‘OS LE FAME, S.A. DE C.V",
191,articulos-publicitarios-del-bajio,https://www.publi20.com/listing/articulos-publicitarios-del-bajio/,ARTICULOS PUBLICITARIOS DEL BAJIO,
190,contraste,https://www.publi20.com/listing/contraste/,CONTRASTE,
189,studio-arte-visual,https://www.publi20.com/listing/studio-arte-visual/,STUDIO ARTE VISUAL,
188,proyectos-publicitarios,https://www.publi20.com/listing/proyectos-publicitarios/,PROYECTOS PUBLICITARIOS,
187,playeras-joshua,https://www.publi20.com/listing/playeras-joshua/,PLAYERAS JOSHUA,
186,comercializadora-de-promocionales-ideas-de-puebla-sa-de-cv,https://www.publi20.com/listing/comercializadora-de-promocionales-ideas-de-puebla-sa-de-cv/,COMERCIALIZADORA DE PROMOCIONALES IDEAS DE PUEBLA SA DE CV,
185,anuncios-de-directorios-s-a-de-c-v,https://www.publi20.com/listing/anuncios-de-directorios-s-a-de-c-v/,ANUNCIOS DE DIRECTORIOS S.A DE C.V,
184,syma-3,https://www.publi20.com/listing/syma-3/,SYMA 3,
183,grupo-impresor-litografico,https://www.publi20.com/listing/grupo-impresor-litografico/,GRUPO IMPRESOR LITOGRAFICO,
182,publicidad-y-rotulos,https://www.publi20.com/listing/publicidad-y-rotulos/,PUBLICIDAD Y ROTULOS,
181,impacto-lonas-y-toldos-y-publicidad,https://www.publi20.com/listing/impacto-lonas-y-toldos-y-publicidad/,IMPACTO LONAS Y TOLDOS Y PUBLICIDAD,
180,anuncios-en-directorio-s-a-de-c-v,https://www.publi20.com/listing/anuncios-en-directorio-s-a-de-c-v/,ANUNCIOS EN DIRECTORIO S.A. DE. C.V.,
179,mano-vallarta-s-a-de-c-v,https://www.publi20.com/listing/mano-vallarta-s-a-de-c-v/,MANO VALLARTA S.A DE C.V.,
178,gsi-fabril-sa-de-cv,https://www.publi20.com/listing/gsi-fabril-sa-de-cv/,GSI FABRIL SA DE CV,
177,grupo-doxa,https://www.publi20.com/listing/grupo-doxa/,GRUPO DOXA,
176,anuncios-exitosos-en-internet-s-a-de-c-v,https://www.publi20.com/listing/anuncios-exitosos-en-internet-s-a-de-c-v/,ANUNCIOS EXITOSOS EN INTERNET S.A. DE C.V.,
174,muray,https://www.publi20.com/listing/muray/,MURAY,
173,seminario-sin-censura,https://www.publi20.com/listing/seminario-sin-censura/,SEMINARIO SIN CENSURA,
171,publisitios-de-mexico-sa-de-cv,https://www.publi20.com/listing/publisitios-de-mexico-sa-de-cv/,PUBLISITIOS DE MEXICO SA DE CV,
170,publicom,https://www.publi20.com/listing/publicom/,PUBLICOM,
169,sak,https://www.publi20.com/listing/sak/,SAK,
168,mpro,https://www.publi20.com/listing/mpro/,MPRO,
167,promover-publicidad-y-dise%c3%b1o,https://www.publi20.com/listing/promover-publicidad-y-dise%c3%b1o/,PROMOVER PUBLICIDAD Y DISEÃ‘O,
166,xtreme-media-s-a-de-c-v,https://www.publi20.com/listing/xtreme-media-s-a-de-c-v/,XTREME MEDIA S.A. DE C.V.,
165,publicolor,https://www.publi20.com/listing/publicolor/,PUBLICOLOR,
164,active-promotions-s-a-de-c-v,https://www.publi20.com/listing/active-promotions-s-a-de-c-v/,"ACTIVE PROMOTIONS, S.A. DE C.V.",
163,publicidad-de-aguinaga-sa-de-cv,https://www.publi20.com/listing/publicidad-de-aguinaga-sa-de-cv/,PUBLICIDAD DE AGUINAGA SA DE CV,
161,xpres-xpresate-sa-de-cv,https://www.publi20.com/listing/xpres-xpresate-sa-de-cv/,XPRES XPRESATE SA DE CV,
160,imagenes-de-guadalajara-s-a-de-c-v,https://www.publi20.com/listing/imagenes-de-guadalajara-s-a-de-c-v/,IMAGENES DE GUADALAJARA S.A. DE C.V.,
159,fusion-media-s-a-de-c-v,https://www.publi20.com/listing/fusion-media-s-a-de-c-v/,"FUSION MEDIA, S.A. DE C.V.",
158,graphics-signs-s-a-de-c-v,https://www.publi20.com/listing/graphics-signs-s-a-de-c-v/,"GRAPHICS SIGNS, S.A. DE C.V.",
157,adrian,https://www.publi20.com/listing/adrian/,ADRIAN,
155,publicidad-industrial-mtelecomm-s-a-de-c-v,https://www.publi20.com/listing/publicidad-industrial-mtelecomm-s-a-de-c-v/,"PUBLICIDAD INDUSTRIAL MTELECOMM, S.A. DE C.V.",
153,exfera-mexico-sa-de-cv,https://www.publi20.com/listing/exfera-mexico-sa-de-cv/,EXFERA MEXICO SA DE CV,
152,camaleon-films-sa-de-cv,https://www.publi20.com/listing/camaleon-films-sa-de-cv/,CAMALEON FILMS SA DE CV,
151,santa-rosalia-imagen-creativa-s-a-de-c-v,https://www.publi20.com/listing/santa-rosalia-imagen-creativa-s-a-de-c-v/,SANTA ROSALIA IMAGEN CREATIVA S.A. DE C.V.,
150,corporacion-interpublic-mexicana-sa-de-cv,https://www.publi20.com/listing/corporacion-interpublic-mexicana-sa-de-cv/,CORPORACION INTERPUBLIC MEXICANA SA DE CV,
148,jcm-publicidad,https://www.publi20.com/listing/jcm-publicidad/,JCM PUBLICIDAD,
146,imaginacion-promocional-s-a-de-c-v,https://www.publi20.com/listing/imaginacion-promocional-s-a-de-c-v/,IMAGINACION PROMOCIONAL S.A. DE C.V.,
145,grupo-stiletto-s-a-de-c-v,https://www.publi20.com/listing/grupo-stiletto-s-a-de-c-v/,GRUPO STILETTO S.A. DE C.V.,
144,questa-publicidad,https://www.publi20.com/listing/questa-publicidad/,QUESTA PUBLICIDAD,
143,dis%c3%b1o-grafico,https://www.publi20.com/listing/dis%c3%b1o-grafico/,DISÃ‘O GRAFICO,
142,espacios-publicitarios-estrategicos-s-a-de-c-v,https://www.publi20.com/listing/espacios-publicitarios-estrategicos-s-a-de-c-v/,"ESPACIOS PUBLICITARIOS ESTRATEGICOS, S.A DE C.V.",
141,pimsa-publicidad-s-a-de-c-v,https://www.publi20.com/listing/pimsa-publicidad-s-a-de-c-v/,"PIMSA PUBLICIDAD, S.A. DE C.V.",
140,playerytess,https://www.publi20.com/listing/playerytess/,PLAYERYTESS,
138,radio-xevu-s-a-de-c-v,https://www.publi20.com/listing/radio-xevu-s-a-de-c-v/,"RADIO XEVU, S.A. DE C.V.",
137,radio-xefil-s-a-de-c-v,https://www.publi20.com/listing/radio-xefil-s-a-de-c-v/,"RADIO XEFIL, S.A. DE C.V.",
136,agencia-total-s-a-de-c-v,https://www.publi20.com/listing/agencia-total-s-a-de-c-v/,AGENCIA TOTAL S.A. DE C.V.,
134,cm-publicidad,https://www.publi20.com/listing/cm-publicidad/,CM PUBLICIDAD,
133,cmyk-modelo-de-color,https://www.publi20.com/listing/cmyk-modelo-de-color/,CMYK MODELO DE COLOR,
132,zega-exhibit-design-s-a-de-c-v,https://www.publi20.com/listing/zega-exhibit-design-s-a-de-c-v/,ZEGA EXHIBIT DESIGN S.A. DE C.V.,
131,distribuidora-parroquial-de-san-antonio-sa-de-cv,https://www.publi20.com/listing/distribuidora-parroquial-de-san-antonio-sa-de-cv/,DISTRIBUIDORA PARROQUIAL DE SAN ANTONIO SA DE CV,
129,neo-x-publicidad,https://www.publi20.com/listing/neo-x-publicidad/,NEO X PUBLICIDAD,
127,publicitarios-del-norte-de-mexico-s-a-de-c-v,https://www.publi20.com/listing/publicitarios-del-norte-de-mexico-s-a-de-c-v/,PUBLICITARIOS DEL NORTE DE MEXICO S.A. DE .C.V,
126,radar-servicios-especializados-de-mercadotecnia-s-a-de-c-v,https://www.publi20.com/listing/radar-servicios-especializados-de-mercadotecnia-s-a-de-c-v/,"RADAR SERVICIOS ESPECIALIZADOS DE MERCADOTECNIA, S.A. DE C.V.",
125,intersexion-queretaro-s-c,https://www.publi20.com/listing/intersexion-queretaro-s-c/,INTERSEXION QUERETARO S.C.,
123,comercializadora-vocafys-s-a-de-c-v,https://www.publi20.com/listing/comercializadora-vocafys-s-a-de-c-v/,COMERCIALIZADORA VOCAFYS S.A. DE C.V.,
122,la-voz-de-michoacan-s-a-de-c-v,https://www.publi20.com/listing/la-voz-de-michoacan-s-a-de-c-v/,"LA VOZ DE MICHOACAN, S.A. DE C.V.",
120,grupo-alparied-s-a-de-c-v,https://www.publi20.com/listing/grupo-alparied-s-a-de-c-v/,GRUPO ALPARIED S.A. DE C.V.,
119,kubica,https://www.publi20.com/listing/kubica/,KUBICA,
118,impresion-digital-azuara,https://www.publi20.com/listing/impresion-digital-azuara/,IMPRESION DIGITAL AZUARA,
117,protarget-estrategia-profesional-s-a-de-c-v,https://www.publi20.com/listing/protarget-estrategia-profesional-s-a-de-c-v/,PROTARGET ESTRATEGIA PROFESIONAL S.A DE C.V,
116,grupo-ublicitario-del-golfo-s-a-de-c-v,https://www.publi20.com/listing/grupo-ublicitario-del-golfo-s-a-de-c-v/,GRUPO UBLICITARIO DEL GOLFO S.A. DE C.V.,
115,706-design,https://www.publi20.com/listing/706-design/,706 DESIGN,
114,amfar-sa-de-cv,https://www.publi20.com/listing/amfar-sa-de-cv/,AMFAR SA DE CV,
112,publicum-consultores-s-a-de-c-v,https://www.publi20.com/listing/publicum-consultores-s-a-de-c-v/,PUBLICUM CONSULTORES S.A DE C.V,
111,promo-mer,https://www.publi20.com/listing/promo-mer/,PROMO-MER,
110,publicidad-osorio,https://www.publi20.com/listing/publicidad-osorio/,PUBLICIDAD OSORIO,
109,cetilia,https://www.publi20.com/listing/cetilia/,CETILIA,
108,zale-graphic-s-a-de-c-v,https://www.publi20.com/listing/zale-graphic-s-a-de-c-v/,"ZALE GRAPHIC, S.A. DE C.V.",
107,imagen-y-dise%c3%b1o-publicitario,https://www.publi20.com/listing/imagen-y-dise%c3%b1o-publicitario/,IMAGEN Y DISEÃ‘O PUBLICITARIO,
106,intersexion-monterrey-s-c,https://www.publi20.com/listing/intersexion-monterrey-s-c/,"INTERSEXION MONTERREY, S.C.",
105,spacio-grafico,https://www.publi20.com/listing/spacio-grafico/,SPACIO GRAFICO,
104,xpresiones,https://www.publi20.com/listing/xpresiones/,XPRESIONES,
103,audio-visuales-de-valdes-sa-de-cv,https://www.publi20.com/listing/audio-visuales-de-valdes-sa-de-cv/,AUDIO VISUALES DE VALDES SA DE CV,
102,xm-comunicacion-sc,https://www.publi20.com/listing/xm-comunicacion-sc/,XM COMUNICACION SC,
101,ingenio-dise%c3%b1o-y-publicidad,https://www.publi20.com/listing/ingenio-dise%c3%b1o-y-publicidad/,"INGENIO, DISEÃ‘O Y PUBLICIDAD",
100,vendor-publicidad-exterior-s-de-rl-de-cv,https://www.publi20.com/listing/vendor-publicidad-exterior-s-de-rl-de-cv/,VENDOR PUBLICIDAD EXTERIOR S DE RL DE CV,
99,angelus-producciones-s-a-de-c-v,https://www.publi20.com/listing/angelus-producciones-s-a-de-c-v/,ANGELUS PRODUCCIONES S.A. DE C.V.,
98,publi-gisma-sa-de-cv,https://www.publi20.com/listing/publi-gisma-sa-de-cv/,PUBLI GISMA SA DE CV,
97,editorial-magesa-s-a-de-c-v,https://www.publi20.com/listing/editorial-magesa-s-a-de-c-v/,"EDITORIAL MAGESA, S.A. DE C.V.",
96,grafic-quin-s-a-de-c-v,https://www.publi20.com/listing/grafic-quin-s-a-de-c-v/,"GRAFIC QUIN, S.A. DE C.V.",
95,quiero-media-s-a-de-c-v,https://www.publi20.com/listing/quiero-media-s-a-de-c-v/,QUIERO MEDIA S.A. DE C.V.,
94,ad-medios-s-a-de-c-v,https://www.publi20.com/listing/ad-medios-s-a-de-c-v/,AD MEDIOS S.A. DE C.V.,
93,triciclo,https://www.publi20.com/listing/triciclo/,triciclo,
92,global-media-asesores-s-a-de-c-v,https://www.publi20.com/listing/global-media-asesores-s-a-de-c-v/,GLOBAL MEDIA ASESORES S.A. DE C.V.,
91,publicidad-de-aguinaga-s-a-de-c-v,https://www.publi20.com/listing/publicidad-de-aguinaga-s-a-de-c-v/,PUBLICIDAD DE AGUINAGA S.A. DE C.V.,
90,publi-shine-s-a-de-c-v,https://www.publi20.com/listing/publi-shine-s-a-de-c-v/,PUBLI SHINE S.A. DE C.V.,
89,grupo-ojeda,https://www.publi20.com/listing/grupo-ojeda/,GRUPO OJEDA,
87,licon-y-asociados-s-a-de-c-v,https://www.publi20.com/listing/licon-y-asociados-s-a-de-c-v/,"LICON Y ASOCIADOS, S.A. DE C.V.",
85,bni-mexico-s-a-de-c-v,https://www.publi20.com/listing/bni-mexico-s-a-de-c-v/,BNI MEXICO S.A. DE C.V.,
84,integra-tu-publicidad-sc,https://www.publi20.com/listing/integra-tu-publicidad-sc/,INTEGRA TU PUBLICIDAD SC,
83,jgy-servicios-profecionales-sa-de-cv,https://www.publi20.com/listing/jgy-servicios-profecionales-sa-de-cv/,JGY SERVICIOS PROFECIONALES SA DE CV,
81,promopad,https://www.publi20.com/listing/promopad/,PROMOPAD,
79,rotulaciones-de-chihuahua-sa-de-cv,https://www.publi20.com/listing/rotulaciones-de-chihuahua-sa-de-cv/,ROTULACIONES DE CHIHUAHUA SA DE CV,
78,carteleras-y-neon-espectaculares-sa-cv,https://www.publi20.com/listing/carteleras-y-neon-espectaculares-sa-cv/,CARTELERAS Y NEON ESPECTACULARES SA CV,
77,publicidad-y-dise%c3%b1o,https://www.publi20.com/listing/publicidad-y-dise%c3%b1o/,PUBLICIDAD Y DISEÃ‘O,
76,new-image-comercial-sa-de-cv,https://www.publi20.com/listing/new-image-comercial-sa-de-cv/,NEW IMAGE COMERCIAL SA DE CV,
75,qbsoluciones-sa-de-cv,https://www.publi20.com/listing/qbsoluciones-sa-de-cv/,QBSOLUCIONES SA DE CV,
74,grupo-chong-signs,https://www.publi20.com/listing/grupo-chong-signs/,GRUPO CHONG SIGNS,
73,logica-en-medios-sa-de-cv,https://www.publi20.com/listing/logica-en-medios-sa-de-cv/,LOGICA EN MEDIOS SA DE CV,
71,medios-publicitarios-e-investigacion-sa-de-cv,https://www.publi20.com/listing/medios-publicitarios-e-investigacion-sa-de-cv/,MEDIOS PUBLICITARIOS E INVESTIGACION SA DE CV,
70,publycom-s-a-de-c-v,https://www.publi20.com/listing/publycom-s-a-de-c-v/,PUBLYCOM S.A. DE C.V.,
69,veloga-sa-de-cv,https://www.publi20.com/listing/veloga-sa-de-cv/,VELOGA SA DE CV,
68,cortina-tagle-isoard-y-cia-sc,https://www.publi20.com/listing/cortina-tagle-isoard-y-cia-sc/,CORTINA TAGLE ISOARD Y CIA SC,
67,enfiestate-com,https://www.publi20.com/listing/enfiestate-com/,ENFIESTATE ! COM,
66,anuncios-en-directorios-s-a-de-c-v,https://www.publi20.com/listing/anuncios-en-directorios-s-a-de-c-v/,"ANUNCIOS EN DIRECTORIOS, S.A. DE C.V.",
64,vea-de-occidente-s-a-de-c-v,https://www.publi20.com/listing/vea-de-occidente-s-a-de-c-v/,VEA DE OCCIDENTE S.A. DE C.V,
63,abyp-sa-de-cv,https://www.publi20.com/listing/abyp-sa-de-cv/,ABYP SA DE CV,
62,instituto-de-mercadotecnia-y-publicidad-sc,https://www.publi20.com/listing/instituto-de-mercadotecnia-y-publicidad-sc/,INSTITUTO DE MERCADOTECNIA Y PUBLICIDAD SC,
60,liselot-s-a-de-c-v,https://www.publi20.com/listing/liselot-s-a-de-c-v/,"LISELOT, S.A. DE C.V.",
59,vel-mart,https://www.publi20.com/listing/vel-mart/,VEL-MART,
58,digital-audio-2000,https://www.publi20.com/listing/digital-audio-2000/,DIGITAL AUDIO 2000,
57,aztral-publicidad-exterior-s-a-de-c-v,https://www.publi20.com/listing/aztral-publicidad-exterior-s-a-de-c-v/,AZTRAL PUBLICIDAD EXTERIOR S.A. DE C.V.,
56,grupo-creativos,https://www.publi20.com/listing/grupo-creativos/,GRUPO CREATIVOS,
54,tv-promo-s-a-de-c-v,https://www.publi20.com/listing/tv-promo-s-a-de-c-v/,"TV PROMO, S.A. DE C.V.",
53,telepersonal-s-a-d-e-c-v,https://www.publi20.com/listing/telepersonal-s-a-d-e-c-v/,"TELEPERSONAL, S.A.D E C.V.",
52,organizacion-de-servicios-corporativos-mexicanos-sc,https://www.publi20.com/listing/organizacion-de-servicios-corporativos-mexicanos-sc/,ORGANIZACION DE SERVICIOS CORPORATIVOS MEXICANOS SC,
51,nucleo-radio-mil-s-a-de-c-v,https://www.publi20.com/listing/nucleo-radio-mil-s-a-de-c-v/,NUCLEO RADIO MIL S.A. DE C.V.,
50,maquilas-artisticas-publicitarias-sa-de-cv,https://www.publi20.com/listing/maquilas-artisticas-publicitarias-sa-de-cv/,MAQUILAS ARTISTICAS PUBLICITARIAS SA DE CV,
49,monsadria-s-a,https://www.publi20.com/listing/monsadria-s-a/,MONSADRIA S.A.,
48,impresos-proppim-s-a-de-c-v,https://www.publi20.com/listing/impresos-proppim-s-a-de-c-v/,IMPRESOS PROPPIM S.A. DE C.V.,
47,flexo-print-s-a-de-c-v,https://www.publi20.com/listing/flexo-print-s-a-de-c-v/,"FLEXO PRINT, S.A. DE C.V.",
46,cap-servicios-empresariales-sa-de-cv,https://www.publi20.com/listing/cap-servicios-empresariales-sa-de-cv/,CAP SERVICIOS EMPRESARIALES SA DE CV,
45,creaciones-artisticas-publicitarias-sa-de-cv,https://www.publi20.com/listing/creaciones-artisticas-publicitarias-sa-de-cv/,CREACIONES ARTISTICAS PUBLICITARIAS SA DE CV,
44,fdfoco,https://www.publi20.com/listing/fdfoco/,FDFoco,
43,brain-firma-creativa,https://www.publi20.com/listing/brain-firma-creativa/,Brain Firma Creativa,
41,volaris,https://www.publi20.com/listing/volaris/,Volaris,
39,expomex,https://www.publi20.com/listing/expomex/,Expomex,
38,emkt-mx,https://www.publi20.com/listing/emkt-mx/,emkt.mx,
37,aeromexico,https://www.publi20.com/listing/aeromexico/,Aeroméxico,
36,actioncoach,https://www.publi20.com/listing/actioncoach/,ActionCOACH,
32,gorilla,https://www.publi20.com/listing/gorilla/,Gorilla,
31,espacio,https://www.publi20.com/listing/espacio/,Espacio,
30,mvs-radio-df,https://www.publi20.com/listing/mvs-radio-df/,MVS Radio,
29,expopublicitas-df,https://www.publi20.com/listing/expopublicitas-df/,EXPOPUBLICITAS 2015,
28,carteleras-df,https://www.publi20.com/listing/carteleras-df/,Carteleras,
27,arquero-ediciones-df,https://www.publi20.com/listing/arquero-ediciones-df/,Arquero Ediciones (DF),
26,herramientas-para-el-cambio-df,https://www.publi20.com/listing/herramientas-para-el-cambio-df/,Herramientas para el cambio,
25,manpower-df,https://www.publi20.com/listing/manpower-df/,Manpower,
24,boga-promotion-df,https://www.publi20.com/listing/boga-promotion-df/,Boga Promotion,
23,mix-106-5-df,https://www.publi20.com/listing/mix-106-5-df/,106.5 Mix,
22,amor-953-df,https://www.publi20.com/listing/amor-953-df/,Amor 95.3,
21,889-noticias-df,https://www.publi20.com/listing/889-noticias-df/,88.9 Noticias,
20,la-1260-am-df,https://www.publi20.com/listing/la-1260-am-df/,La 1260 AM,
19,radio-felicidad-df,https://www.publi20.com/listing/radio-felicidad-df/,Radio Felicidad,
18,instintos-creativos-df,https://www.publi20.com/listing/instintos-creativos-df/,Instintos Creativos,
17,retro-studio-df,https://www.publi20.com/listing/retro-studio-df/,Retro Studio,
16,dinamic-direct-df,https://www.publi20.com/listing/dinamic-direct-df/,Dinamic Direct,
15,opcion-b-df,https://www.publi20.com/listing/opcion-b-df/,Opcion B,
14,photobooth-mexico-df,https://www.publi20.com/listing/photobooth-mexico-df/,Photobooth Mexico,
13,somos-anahuac-df,https://www.publi20.com/listing/somos-anahuac-df/,Somos Anahuac,
12,integra-df,https://www.publi20.com/listing/integra-df/,Integra,
11,espect-arte-df,https://www.publi20.com/listing/espect-arte-df/,espect-arte,
10,the-premium-machine-df,https://www.publi20.com/listing/the-premium-machine-df/,The Premium Machine,
9,boga-models-df,https://www.publi20.com/listing/boga-models-df/,Boga Models,
8,grupo-vantah-df,https://www.publi20.com/listing/grupo-vantah-df/,Grupo Vantah,
7,soluciones-en-publicidad-df,https://www.publi20.com/listing/soluciones-en-publicidad-df/,Soluciones en Publicidad,
