origen,destino,motivo,nombre_ficha
/listing/go-virtual/,/rankings/productoras-de-eventos-mexico/,ficha del directorio,Go Virtual
/listing/productoras-planeta-films/,/rankings/casas-productoras-mexico/,ficha del directorio,Planeta films
/listing/agencia-de-publicidad-lagencita/,/rankings/agencias-inbound-marketing-mexico/,ficha del directorio,Lagencita
/listing/agencia-de-marketing-digital-prospect-factory/,/rankings/agencias-inbound-marketing-mexico/,ficha del directorio,Prospect Factory
/listing/agencia-de-marketing-digital-mente-digital/,/rankings/agencias-inbound-marketing-mexico/,ficha del directorio,Mente Digital
/listing/agencia-de-marketing-digital-digitalcodemx/,/rankings/agencias-inbound-marketing-mexico/,ficha del directorio,digitalcodemx
/listing/agencia-de-eventos-eslabon-empresarial/,/rankings/productoras-de-eventos-mexico/,ficha del directorio,Eslabon Empresarial
/listing/lonas-j-lonas-l/,/rankings/proveedores-pop-promocionales-mexico/,ficha del directorio,LONAS J LONAS L
/listing/corporativo-vitrodise%c3%b1o-s-a-de-c-v/,/rankings/estudios-diseno-branding-mexico/,ficha del directorio,CORPORATIVO VITRODISEÃ‘O S.A DE C.V.
/listing/saga-del-cupatitzio-s-a-de-c-v/,/rankings/grupos-radiofonicos-mexico/,ficha del directorio,SAGA DEL CUPATITZIO S.A DE C.V
/listing/evolucion-grafica/,/rankings/proveedores-pop-promocionales-mexico/,ficha del directorio,EVOLUCION GRAFICA
/listing/impresos-caba-s-a-de-c-v/,/rankings/proveedores-pop-promocionales-mexico/,ficha del directorio,IMPRESOS CABA S.A. DE C.V.
/listing/macrea/,/rankings/agencias-inbound-marketing-mexico/,ficha del directorio,MACREA
/listing/silverlight-records-sa-de-cv/,/rankings/agencias-inbound-marketing-mexico/,ficha del directorio,SILVERLIGHT RECORDS SA DE CV
/listing/west-mex-s-a-de-c-v/,/rankings/agencias-inbound-marketing-mexico/,ficha del directorio,"WEST MEX, S.A. DE C.V."
/listing/hidaltur-tips/,/rankings/agencias-inbound-marketing-mexico/,ficha del directorio,hidaltur tips
/listing/comercializadora-publishuttle-sa-de-cv/,/rankings/agencias-inbound-marketing-mexico/,ficha del directorio,COMERCIALIZADORA PUBLISHUTTLE SA DE CV
/listing/viniletras-s-a-de-c-v/,/rankings/agencias-inbound-marketing-mexico/,ficha del directorio,VINILETRAS S.A. DE C.V.
/listing/gransfeer-ideas-publicidad-impresa-especializada-sa-de-cv/,/rankings/proveedores-pop-promocionales-mexico/,ficha del directorio,GRANSFEER IDEAS PUBLICIDAD IMPRESA ESPECIALIZADA SA DE CV
/listing/faster-print/,/rankings/agencias-inbound-marketing-mexico/,ficha del directorio,FASTER PRINT
/listing/csd-publicidad/,/rankings/agencias-inbound-marketing-mexico/,ficha del directorio,CSD PUBLICIDAD
/listing/ingra-publicidad-s-de-r-l-de-c-v/,/rankings/agencias-inbound-marketing-mexico/,ficha del directorio,INGRA PUBLICIDAD S. DE R.L. DE C.V.
/listing/rotulen-de-mexico-s-a-de-c-v/,/rankings/agencias-inbound-marketing-mexico/,ficha del directorio,ROTULEN DE MEXICO S.A. DE C.V.
/listing/exhibit-y-promotion-df/,/rankings/agencias-btl-promotoria-mexico/,ficha del directorio,Exhibit y Promotion
/listing/banquetes-extelarys/,/rankings/productoras-de-eventos-mexico/,ficha del directorio,Banquetes Extelarys
/listing/centro-banamex-df/,/rankings/agencias-inbound-marketing-mexico/,ficha del directorio,Centro Banamex
/listing/digital-993-df/,/rankings/grupos-radiofonicos-mexico/,ficha del directorio,Digital 99.3
/listing/grupo-acir-df/,/rankings/grupos-radiofonicos-mexico/,ficha del directorio,Grupo Acir
/listing/fama-impresos-df/,/rankings/proveedores-pop-promocionales-mexico/,ficha del directorio,FAMA Impresos
/listing/stands-y-displays-stand-123/,/rankings/proveedores-pop-promocionales-mexico/,ficha del directorio,Stand 123
/listing/stands-y-displays-qualton/,/rankings/proveedores-pop-promocionales-mexico/,ficha del directorio,Qualton
/listing/stands-y-displays-holders/,/rankings/proveedores-pop-promocionales-mexico/,ficha del directorio,Holders
/listing/stands-y-displays-grupo-tochijara/,/rankings/proveedores-pop-promocionales-mexico/,ficha del directorio,Grupo Tochijara
/listing/stands-y-displays-grupo-om/,/rankings/proveedores-pop-promocionales-mexico/,ficha del directorio,Grupo OM
/listing/stands-y-displays-expoquarzo/,/rankings/proveedores-pop-promocionales-mexico/,ficha del directorio,EXPOQUARZO
/listing/stands-y-displays-expoexpress/,/rankings/proveedores-pop-promocionales-mexico/,ficha del directorio,expoexpress
/listing/stands-y-displays-eliptic/,/rankings/proveedores-pop-promocionales-mexico/,ficha del directorio,Eliptic
/listing/stands-y-displays-dm-display/,/rankings/proveedores-pop-promocionales-mexico/,ficha del directorio,DM Display
/listing/stands-y-displays-cr-rpo-display/,/rankings/proveedores-pop-promocionales-mexico/,ficha del directorio,CR RPO DISPLAY
/listing/soporte-tecnico-it-sistemas-tecnocen/,/rankings/casas-productoras-mexico/,ficha del directorio,Tecnocen
/listing/soporte-tecnico-it-sistemas-sitmexico/,/rankings/agencias-de-medios-mexico/,ficha del directorio,SitMéxico
/listing/soporte-tecnico-it-sistemas-savesa-sistemas/,/rankings/agencias-inbound-marketing-mexico/,ficha del directorio,Savesa sistemas
/listing/soporte-tecnico-it-sistemas-asisteo-it/,/rankings/agencias-inbound-marketing-mexico/,ficha del directorio,ASISTEO IT
/listing/productoras-zombie-tv/,/rankings/casas-productoras-mexico/,ficha del directorio,Zombie TV
/listing/productoras-yellow-films/,/rankings/casas-productoras-mexico/,ficha del directorio,Yellow Films
/listing/productoras-producciones-por-marca/,/rankings/casas-productoras-mexico/,ficha del directorio,Producciones por Marca
/listing/productoras-whiskey-films/,/rankings/casas-productoras-mexico/,ficha del directorio,whiskey films
/listing/productoras-vietnam-films/,/rankings/casas-productoras-mexico/,ficha del directorio,Vietnam Films
/listing/productoras-videotalento/,/rankings/productoras-de-eventos-mexico/,ficha del directorio,Videotalento
/listing/productoras-vdm-casa-productora/,/rankings/casas-productoras-mexico/,ficha del directorio,VDM Casa Productora
/listing/productoras-tribu-films-producciones/,/rankings/casas-productoras-mexico/,ficha del directorio,Tribu Films Producciones
/listing/productoras-grupo-traziende/,/rankings/casas-productoras-mexico/,ficha del directorio,Grupo Traziende
/listing/productoras-tiempo-y-tono-films/,/rankings/casas-productoras-mexico/,ficha del directorio,Tiempo y Tono Films
/listing/productoras-the-maestros/,/rankings/casas-productoras-mexico/,ficha del directorio,The Maestros
/listing/productoras-terciopelo-films/,/rankings/casas-productoras-mexico/,ficha del directorio,terciopelo films
/listing/productoras-surreal-factory/,/rankings/casas-productoras-mexico/,ficha del directorio,Surreal Factory
/listing/productoras-suitechocolate/,/rankings/casas-productoras-mexico/,ficha del directorio,Suitechocolate
/listing/productoras-suave-films/,/rankings/casas-productoras-mexico/,ficha del directorio,Suave Films
/listing/productoras-ssl/,/rankings/casas-productoras-mexico/,ficha del directorio,SSL
/listing/productoras-digital-sprockets/,/rankings/casas-productoras-mexico/,ficha del directorio,Digital Sprockets
/listing/productoras-sprocket-films/,/rankings/casas-productoras-mexico/,ficha del directorio,Sprocket Films
/listing/productoras-sinergis/,/rankings/casas-productoras-mexico/,ficha del directorio,Sinergis
/listing/productoras-silver-media-studio/,/rankings/casas-productoras-mexico/,ficha del directorio,Silver Media Studio
/listing/productoras-ryp-producciones/,/rankings/casas-productoras-mexico/,ficha del directorio,RYP Producciones
/listing/productoras-rojo-films/,/rankings/casas-productoras-mexico/,ficha del directorio,Rojo Films
/listing/productoras-retina/,/rankings/casas-productoras-mexico/,ficha del directorio,RETINA
/listing/productoras-quantica-studio/,/rankings/casas-productoras-mexico/,ficha del directorio,Quantica Studio
/listing/productoras-qiafilms/,/rankings/casas-productoras-mexico/,ficha del directorio,qiafilms
/listing/productoras-pirana/,/rankings/casas-productoras-mexico/,ficha del directorio,Piraña
/listing/productoras-pimienta-films/,/rankings/casas-productoras-mexico/,ficha del directorio,Pimienta Films
/listing/productoras-peliculas-imaginarias/,/rankings/casas-productoras-mexico/,ficha del directorio,Películas Imaginarias
/listing/productoras-producciones-carbajo/,/rankings/casas-productoras-mexico/,ficha del directorio,Producciones Carbajo
/listing/productoras-orange-producers/,/rankings/casas-productoras-mexico/,ficha del directorio,Orange Producers
/listing/productoras-n-producciones/,/rankings/casas-productoras-mexico/,ficha del directorio,N Producciones
/listing/productoras-my-goodness/,/rankings/casas-productoras-mexico/,ficha del directorio,My Goodness
/listing/productoras-muela-producciones/,/rankings/casas-productoras-mexico/,ficha del directorio,Muela Producciones
/listing/productoras-metro-producciones/,/rankings/casas-productoras-mexico/,ficha del directorio,metro producciones
/listing/productoras-medianaranja/,/rankings/casas-productoras-mexico/,ficha del directorio,MEDIAnaranja
/listing/productoras-marango-networks/,/rankings/casas-productoras-mexico/,ficha del directorio,MARANGO NETWORKS
/listing/productoras-araudio/,/rankings/casas-productoras-mexico/,ficha del directorio,ARAUDIO
/listing/productoras-los-ojos-de-mi-abuela/,/rankings/casas-productoras-mexico/,ficha del directorio,Los ojos de mi abuela
/listing/productoras-the-lift/,/rankings/casas-productoras-mexico/,ficha del directorio,The Lift
/listing/productoras-leonis-films/,/rankings/casas-productoras-mexico/,ficha del directorio,Leonis Films
/listing/productoras-la-ventana-producciones/,/rankings/casas-productoras-mexico/,ficha del directorio,La Ventana Producciones
/listing/productoras-la-nave-centro-de-produccion/,/rankings/casas-productoras-mexico/,ficha del directorio,La nave centro de producción
/listing/productoras-la-maripepa-films/,/rankings/casas-productoras-mexico/,ficha del directorio,La Maripepa Films
/listing/productoras-la-fabrica-films/,/rankings/casas-productoras-mexico/,ficha del directorio,La Fábrica Films
/listing/productoras-kuter-creativos-exactos/,/rankings/casas-productoras-mexico/,ficha del directorio,KUTER Creativos Exactos
/listing/productoras-kreatta-producciones/,/rankings/casas-productoras-mexico/,ficha del directorio,Kreatta Producciones
/listing/productoras-kafer-producciones/,/rankings/casas-productoras-mexico/,ficha del directorio,Käfer Producciones
/listing/productoras-imax-producciones/,/rankings/casas-productoras-mexico/,ficha del directorio,Imax Producciones
/listing/productoras-ikarus/,/rankings/casas-productoras-mexico/,ficha del directorio,Ikarus
/listing/productoras-industria-3-studios/,/rankings/casas-productoras-mexico/,ficha del directorio,Industria 3 Studios
/listing/productoras-hormiga-films/,/rankings/casas-productoras-mexico/,ficha del directorio,Hormiga Films
/listing/productoras-home/,/rankings/casas-productoras-mexico/,ficha del directorio,HOME
/listing/productoras-grupo-de-leon/,/rankings/casas-productoras-mexico/,ficha del directorio,Grupo de León
/listing/productoras-gelatina-films/,/rankings/casas-productoras-mexico/,ficha del directorio,Gelatina Films
/listing/productoras-garcia-bross-y-asociados/,/rankings/casas-productoras-mexico/,ficha del directorio,Garcia Bross y Asociados
/listing/productoras-filmmen/,/rankings/casas-productoras-mexico/,ficha del directorio,filmmen
/listing/productoras-filmmaking/,/rankings/casas-productoras-mexico/,ficha del directorio,Filmmaking
/listing/productoras-filma/,/rankings/casas-productoras-mexico/,ficha del directorio,Filma
/listing/productoras-fc-films/,/rankings/casas-productoras-mexico/,ficha del directorio,FC FILMS
/listing/productoras-factory/,/rankings/casas-productoras-mexico/,ficha del directorio,Factory
/listing/productoras-espejo-y-asociados/,/rankings/casas-productoras-mexico/,ficha del directorio,Espejo Y Asociados
/listing/productoras-elote-films/,/rankings/casas-productoras-mexico/,ficha del directorio,Elote Films
/listing/productoras-el-mall/,/rankings/casas-productoras-mexico/,ficha del directorio,El Mall
/listing/productoras-elite-studios/,/rankings/casas-productoras-mexico/,ficha del directorio,Elite Studios
/listing/productoras-elemento-producciones/,/rankings/casas-productoras-mexico/,ficha del directorio,Elemento Producciones
/listing/productoras-distrito-films/,/rankings/casas-productoras-mexico/,ficha del directorio,distrito films
/listing/productoras-dr-comunicacion/,/rankings/casas-productoras-mexico/,ficha del directorio,dR Comunicación
/listing/productoras-dead-astronauts/,/rankings/casas-productoras-mexico/,ficha del directorio,Dead Astronauts
/listing/productoras-corte-y-queda/,/rankings/casas-productoras-mexico/,ficha del directorio,Corte y Queda
/listing/productoras-cineconcepto/,/rankings/casas-productoras-mexico/,ficha del directorio,Cineconcepto
/listing/productoras-ciberfilms/,/rankings/casas-productoras-mexico/,ficha del directorio,Ciberfilms
/listing/productoras-chilaktazo-films/,/rankings/casas-productoras-mexico/,ficha del directorio,chilaktazo films
/listing/productoras-chapulte-pictures/,/rankings/casas-productoras-mexico/,ficha del directorio,Chapulte pictures
/listing/productoras-central-films/,/rankings/casas-productoras-mexico/,ficha del directorio,Central Films
/listing/productoras-contenido-neto/,/rankings/casas-productoras-mexico/,ficha del directorio,Contenido Neto
/listing/productoras-catatonia-films/,/rankings/casas-productoras-mexico/,ficha del directorio,Catatonia Films
/listing/productoras-la-casa-productora/,/rankings/casas-productoras-mexico/,ficha del directorio,La Casa Productora
/listing/productoras-casa-12-producciones/,/rankings/casas-productoras-mexico/,ficha del directorio,Casa 12 producciones
/listing/productoras-cartucho-films/,/rankings/casas-productoras-mexico/,ficha del directorio,Cartucho Films
/listing/productoras-cantarranas-films/,/rankings/casas-productoras-mexico/,ficha del directorio,Cantarranas Films
/listing/productoras-candiani-producciones/,/rankings/casas-productoras-mexico/,ficha del directorio,Candiani Producciones
/listing/productoras-canal-izquierdo/,/rankings/casas-productoras-mexico/,ficha del directorio,Canal Izquierdo
/listing/productoras-camaleon-films/,/rankings/casas-productoras-mexico/,ficha del directorio,Camaleón Films
/listing/productoras-cafepost/,/rankings/casas-productoras-mexico/,ficha del directorio,CafePost
/listing/productoras-byg-studio/,/rankings/casas-productoras-mexico/,ficha del directorio,BYG STUDIO
/listing/productoras-bulldog-films/,/rankings/casas-productoras-mexico/,ficha del directorio,Bulldog Films
/listing/productoras-brixton-films/,/rankings/casas-productoras-mexico/,ficha del directorio,brixton films
/listing/productoras-bit-produccion-de-medios-digitales/,/rankings/casas-productoras-mexico/,ficha del directorio,bit producción de medios digitales
/listing/productoras-bitbang-studio/,/rankings/casas-productoras-mexico/,ficha del directorio,Bitbang Studio
/listing/productoras-betelfilms/,/rankings/casas-productoras-mexico/,ficha del directorio,betelfilms
/listing/productoras-avanti-pictures/,/rankings/casas-productoras-mexico/,ficha del directorio,Avanti Pictures
/listing/productoras-audioimagen/,/rankings/casas-productoras-mexico/,ficha del directorio,Audioimagen
/listing/productoras-atomik-cine-y-video/,/rankings/casas-productoras-mexico/,ficha del directorio,Atomik cine y video
/listing/productoras-arts-studios/,/rankings/casas-productoras-mexico/,ficha del directorio,ARTS STUDIOS
/listing/productoras-armar-producciones/,/rankings/casas-productoras-mexico/,ficha del directorio,Armar Producciones
/listing/productoras-producciones-arje/,/rankings/casas-productoras-mexico/,ficha del directorio,Producciones Arjé
/listing/productoras-ares-producciones/,/rankings/casas-productoras-mexico/,ficha del directorio,Ares Producciones
/listing/productoras-arbol-cine/,/rankings/casas-productoras-mexico/,ficha del directorio,Arbol Cine
/listing/productoras-arado-films/,/rankings/casas-productoras-mexico/,ficha del directorio,ARADO Films
/listing/productoras-caponeto/,/rankings/casas-productoras-mexico/,ficha del directorio,caponeto
/listing/productoras-anima-estudios/,/rankings/casas-productoras-mexico/,ficha del directorio,Ánima Estudios
/listing/productoras-altavision-producciones-sc/,/rankings/casas-productoras-mexico/,ficha del directorio,Altavisión Producciones SC.
/listing/productoras-alameda-films/,/rankings/casas-productoras-mexico/,ficha del directorio,Alameda Films
/listing/productoras-advideosmm/,/rankings/casas-productoras-mexico/,ficha del directorio,AdvideosMM
/listing/productoras-adicta-films/,/rankings/casas-productoras-mexico/,ficha del directorio,Adicta Films
/listing/productoras-6cero7studios/,/rankings/casas-productoras-mexico/,ficha del directorio,6cero7Studios
/listing/productoras-23imedio-films/,/rankings/casas-productoras-mexico/,ficha del directorio,23imedio Films
/listing/productoras-1910-films/,/rankings/casas-productoras-mexico/,ficha del directorio,1910 films
/listing/icarus/,/rankings/agencias-inbound-marketing-mexico/,ficha del directorio,Icarus
/listing/investigacion-de-mercados-wilbert-sierra-y-asociados/,/rankings/agencias-investigacion-de-mercados-mexico/,ficha del directorio,WILBERT SIERRA Y ASOCIADOS
/listing/investigacion-de-mercados-tns-mexico/,/rankings/agencias-investigacion-de-mercados-mexico/,ficha del directorio,TNS México
/listing/investigacion-de-mercados-sigmate-research/,/rankings/agencias-investigacion-de-mercados-mexico/,ficha del directorio,Sigmate Research
/listing/investigacion-de-mercados-questudies/,/rankings/agencias-investigacion-de-mercados-mexico/,ficha del directorio,Questudies
/listing/investigacion-de-mercados-qualimerc/,/rankings/agencias-investigacion-de-mercados-mexico/,ficha del directorio,Qualimerc
/listing/investigacion-de-mercados-q-solutions/,/rankings/agencias-investigacion-de-mercados-mexico/,ficha del directorio,Q solutions
/listing/investigacion-de-mercados-pulso-mercadologico/,/rankings/agencias-investigacion-de-mercados-mexico/,ficha del directorio,PULSO MERCADOLóGICO
/listing/investigacion-de-mercados-psyma-latina/,/rankings/agencias-investigacion-de-mercados-mexico/,ficha del directorio,PSYMA LATINA
/listing/investigacion-de-mercados-planning-antropologico/,/rankings/agencias-investigacion-de-mercados-mexico/,ficha del directorio,Planning Antropológico
/listing/investigacion-de-mercados-phenoma/,/rankings/agencias-investigacion-de-mercados-mexico/,ficha del directorio,Phenoma
/listing/investigacion-de-mercados-parametria/,/rankings/agencias-investigacion-de-mercados-mexico/,ficha del directorio,Parametría
/listing/investigacion-de-mercados-nodo-investigacionestrategia/,/rankings/agencias-investigacion-de-mercados-mexico/,ficha del directorio,NODO Investigación+Estrategia
/listing/investigacion-de-mercados-nielsen/,/rankings/agencias-investigacion-de-mercados-mexico/,ficha del directorio,Nielsen
/listing/investigacion-de-mercados-mkt-noroeste/,/rankings/agencias-investigacion-de-mercados-mexico/,ficha del directorio,MKT Noroeste
/listing/investigacion-de-mercados-mgr-marketing-global-research/,/rankings/agencias-investigacion-de-mercados-mexico/,ficha del directorio,MGR Marketing Global Research
/listing/investigacion-de-mercados-merc-gfk/,/rankings/agencias-investigacion-de-mercados-mexico/,ficha del directorio,Merc GfK
/listing/investigacion-de-mercados-mercaei/,/rankings/agencias-investigacion-de-mercados-mexico/,ficha del directorio,Mercaei
/listing/investigacion-de-mercados-master-research/,/rankings/agencias-investigacion-de-mercados-mexico/,ficha del directorio,Master Research
/listing/investigacion-de-mercados-marketing-group/,/rankings/agencias-investigacion-de-mercados-mexico/,ficha del directorio,Marketing Group
/listing/investigacion-de-mercados-mapor/,/rankings/agencias-investigacion-de-mercados-mexico/,ficha del directorio,MAPOR
/listing/investigacion-de-mercados-lexia-insights-solutions/,/rankings/agencias-investigacion-de-mercados-mexico/,ficha del directorio,Lexia Insights Solutions
/listing/investigacion-de-mercados-kandavarumarken/,/rankings/agencias-investigacion-de-mercados-mexico/,ficha del directorio,kandavarumarken
/listing/investigacion-de-mercados-ipsos-bimsa/,/rankings/agencias-investigacion-de-mercados-mexico/,ficha del directorio,IPSOS BIMSA
/listing/investigacion-de-mercados-innovative-marketing-y-consultants/,/rankings/agencias-investigacion-de-mercados-mexico/,ficha del directorio,Innovative Marketing &#038; Consultants
/listing/investigacion-de-mercados-inmega/,/rankings/agencias-investigacion-de-mercados-mexico/,ficha del directorio,Inmega
/listing/investigacion-de-mercados-ibope-agb/,/rankings/agencias-investigacion-de-mercados-mexico/,ficha del directorio,IBOPE AGB
/listing/investigacion-de-mercados-gyd-investigacion-de-mercados/,/rankings/agencias-investigacion-de-mercados-mexico/,ficha del directorio,GyD Investigacion de Mercados
/listing/investigacion-de-mercados-grupo-arkho/,/rankings/agencias-investigacion-de-mercados-mexico/,ficha del directorio,Grupo Arkho
/listing/investigacion-de-mercados-factum/,/rankings/agencias-investigacion-de-mercados-mexico/,ficha del directorio,Factum
/listing/investigacion-de-mercados-evamerc/,/rankings/agencias-investigacion-de-mercados-mexico/,ficha del directorio,Evamerc
/listing/investigacion-de-mercados-de-la-riva-group/,/rankings/agencias-investigacion-de-mercados-mexico/,ficha del directorio,De la Riva Group
/listing/investigacion-de-mercados-consultoria-mkt/,/rankings/agencias-investigacion-de-mercados-mexico/,ficha del directorio,Consultoría MKT
/listing/investigacion-de-mercados-berumen/,/rankings/agencias-investigacion-de-mercados-mexico/,ficha del directorio,Berumen
/listing/investigacion-de-mercados-analitica-marketing/,/rankings/agencias-investigacion-de-mercados-mexico/,ficha del directorio,ANALITICA MARKETING
/listing/investigacion-de-mercados-aljamia/,/rankings/agencias-investigacion-de-mercados-mexico/,ficha del directorio,Aljamía
/listing/impresion-digital-grupo-venegraphic/,/rankings/agencias-inbound-marketing-mexico/,ficha del directorio,Grupo Venegraphic
/listing/impresion-digital-litografica-selene/,/rankings/agencias-inbound-marketing-mexico/,ficha del directorio,Litografica Selene
/listing/impresion-digital-grupo-efsa/,/rankings/agencias-inbound-marketing-mexico/,ficha del directorio,Grupo EFSA
/listing/impresion-digital-geformas/,/rankings/agencias-inbound-marketing-mexico/,ficha del directorio,Geformas
/listing/impresion-digital-avance-publicidad/,/rankings/agencias-inbound-marketing-mexico/,ficha del directorio,Avance Publicidad
/listing/impresion-digital-argoga-soluciones-avanzadas-en-sistemas/,/rankings/agencias-inbound-marketing-mexico/,ficha del directorio,Argoga Soluciones Avanzadas en Sistemas
/listing/ilustradores-lowbrowmx-alto-diseno/,/rankings/estudios-diseno-branding-mexico/,ficha del directorio,lowbrowmx® Alto Diseño
/listing/ilustradores-raul-cruz-figueroa/,/rankings/agencias-inbound-marketing-mexico/,ficha del directorio,Raúl Cruz Figueroa
/listing/fotografia-tuekphoto/,/rankings/casas-productoras-mexico/,ficha del directorio,Tuekphoto
/listing/fotografia-shaktiprod/,/rankings/casas-productoras-mexico/,ficha del directorio,Shaktiprod
/listing/fotografia-segarra-estudio/,/rankings/casas-productoras-mexico/,ficha del directorio,Segarra Estudio
/listing/fotografia-paul-brauns-photo/,/rankings/casas-productoras-mexico/,ficha del directorio,Paul Brauns Photo
/listing/fotografia-nasty-danny-studio/,/rankings/casas-productoras-mexico/,ficha del directorio,Nasty Danny Studio
/listing/fotografia-ktc/,/rankings/casas-productoras-mexico/,ficha del directorio,KTC
/listing/fotografia-isaac-ramarti-fotogafia-y-diseno/,/rankings/casas-productoras-mexico/,ficha del directorio,Isaac Ramarti &#8211; Fotogafía y diseño
/listing/fotografia-horacio-vasquez/,/rankings/casas-productoras-mexico/,ficha del directorio,Horacio Vásquez
/listing/fotografia-hector-paris-fotografia/,/rankings/casas-productoras-mexico/,ficha del directorio,Héctor Paris Fotografía
/listing/fotografia-fotofilms/,/rankings/casas-productoras-mexico/,ficha del directorio,FotoFilms
/listing/fotografia-calavera-studios/,/rankings/casas-productoras-mexico/,ficha del directorio,Calavera Studios
/listing/estudios-y-foros-en-renta-talento-post/,/rankings/productoras-de-eventos-mexico/,ficha del directorio,Talento Post
/listing/estudios-y-foros-en-renta-squadra/,/rankings/productoras-de-eventos-mexico/,ficha del directorio,Squadra
/listing/estudios-y-foros-en-renta-pixstudio/,/rankings/casas-productoras-mexico/,ficha del directorio,pixstudio
/listing/estudios-y-foros-en-renta-palmera-films/,/rankings/casas-productoras-mexico/,ficha del directorio,Palmera Films
/listing/estudios-y-foros-en-renta-k-estudio/,/rankings/agencias-inbound-marketing-mexico/,ficha del directorio,K ESTUDIO
/listing/estudios-y-foros-en-renta-56-cinco-punto-seis/,/rankings/casas-productoras-mexico/,ficha del directorio,5.6 Cinco punto Seis
/listing/estudio-de-grabacion-septimo-sello/,/rankings/estudios-doblaje-locucion-mexico/,ficha del directorio,Septimo Sello
/listing/estudio-de-grabacion-sala-de-audio/,/rankings/estudios-doblaje-locucion-mexico/,ficha del directorio,Sala de audio
/listing/estudio-de-grabacion-prado-sur-audio/,/rankings/estudios-doblaje-locucion-mexico/,ficha del directorio,Prado Sur Audio
/listing/estudio-de-grabacion-pianica/,/rankings/estudios-doblaje-locucion-mexico/,ficha del directorio,Piánica
/listing/estudio-de-grabacion-mono-aural/,/rankings/estudios-doblaje-locucion-mexico/,ficha del directorio,Mono Aural
/listing/estudio-de-grabacion-mixtlan-producciones/,/rankings/estudios-doblaje-locucion-mexico/,ficha del directorio,Mixtlán producciones
/listing/estudio-de-grabacion-lado-a-estudios/,/rankings/estudios-doblaje-locucion-mexico/,ficha del directorio,Lado A Estudios
/listing/estudio-de-grabacion-jarpa-studio/,/rankings/estudios-doblaje-locucion-mexico/,ficha del directorio,JARPA Studio
/listing/estudio-de-grabacion-esound/,/rankings/estudios-doblaje-locucion-mexico/,ficha del directorio,E-Sound
/listing/estudio-de-grabacion-el-estudio/,/rankings/estudios-doblaje-locucion-mexico/,ficha del directorio,El Estudio
/listing/estudio-de-grabacion-estudio-cuarto-del-fondo/,/rankings/estudios-doblaje-locucion-mexico/,ficha del directorio,Estudio Cuarto del Fondo
/listing/estudio-de-grabacion-el-cuarto-de-atras/,/rankings/estudios-doblaje-locucion-mexico/,ficha del directorio,El Cuarto de Atrás
/listing/estudio-de-grabacion-dna/,/rankings/estudios-doblaje-locucion-mexico/,ficha del directorio,DNA
/listing/estudio-de-grabacion-catapulta-studios/,/rankings/estudios-doblaje-locucion-mexico/,ficha del directorio,Catapulta Studios
/listing/estudio-de-grabacion-carlos-ortega/,/rankings/estudios-doblaje-locucion-mexico/,ficha del directorio,Carlos Ortega
/listing/estudio-de-grabacion-bulevard-studio/,/rankings/estudios-doblaje-locucion-mexico/,ficha del directorio,Bulevard Studio
/listing/estudio-de-grabacion-bulbo/,/rankings/estudios-doblaje-locucion-mexico/,ficha del directorio,Bulbo
/listing/estudio-de-grabacion-aquasound-studio/,/rankings/estudios-doblaje-locucion-mexico/,ficha del directorio,AquaSound Studio
/listing/estudio-de-grabacion-aio-estudio/,/rankings/estudios-doblaje-locucion-mexico/,ficha del directorio,AIO ESTUDIO
/listing/estudio-de-grabacion-equis-cosa/,/rankings/estudios-doblaje-locucion-mexico/,ficha del directorio,Equis Cosa
/listing/estudio-de-grabacion-3cnuno-producciones/,/rankings/estudios-doblaje-locucion-mexico/,ficha del directorio,3Cnuno Producciones
/listing/estudio-de-animacion-phenomena/,/rankings/casas-productoras-mexico/,ficha del directorio,Phenomena
/listing/estudio-de-animacion-organika/,/rankings/casas-productoras-mexico/,ficha del directorio,Organika
/listing/estudio-de-animacion-cluster-studio/,/rankings/casas-productoras-mexico/,ficha del directorio,Cluster Studio
/listing/estudio-de-animacion-cinema-fantasma/,/rankings/casas-productoras-mexico/,ficha del directorio,Cinema Fantasma
/listing/doblaje-y-subtitulaje-subsub-quality-subtitles/,/rankings/estudios-doblaje-locucion-mexico/,ficha del directorio,Sub-sub Quality subtitles
/listing/doblaje-y-subtitulaje-rgb-21/,/rankings/estudios-doblaje-locucion-mexico/,ficha del directorio,RGB 21
/listing/doblaje-y-subtitulaje-prime-dubb/,/rankings/estudios-doblaje-locucion-mexico/,ficha del directorio,Prime Dubb
/listing/doblaje-y-subtitulaje-new-art-dub/,/rankings/estudios-doblaje-locucion-mexico/,ficha del directorio,New Art Dub
/listing/doblaje-y-subtitulaje-lenguaje-visual/,/rankings/estudios-doblaje-locucion-mexico/,ficha del directorio,LENGUAJE VISUAL
/listing/doblaje-y-subtitulaje-ki-audio/,/rankings/estudios-doblaje-locucion-mexico/,ficha del directorio,Ki Audio
/listing/doblaje-y-subtitulaje-digifilm/,/rankings/estudios-doblaje-locucion-mexico/,ficha del directorio,Digifilm
/listing/doblaje-y-subtitulaje-datdoblaje/,/rankings/estudios-doblaje-locucion-mexico/,ficha del directorio,datdoblaje
/listing/doblaje-y-subtitulaje-candiani-dubbing-studios/,/rankings/estudios-doblaje-locucion-mexico/,ficha del directorio,Candiani Dubbing Studios
/listing/doblaje-y-subtitulaje-audio-acustica/,/rankings/estudios-doblaje-locucion-mexico/,ficha del directorio,Audio Acústica
/listing/diseno-y-desarrollo-web-zoomlanet-solutions/,/rankings/agencias-inbound-marketing-mexico/,ficha del directorio,ZoomLanet Solutions
/listing/diseno-y-desarrollo-web-ytion/,/rankings/agencias-inbound-marketing-mexico/,ficha del directorio,Ytion
/listing/diseno-y-desarrollo-web-webmastercommx/,/rankings/agencias-inbound-marketing-mexico/,ficha del directorio,webmaster.com.mx
/listing/diseno-y-desarrollo-web-weblex/,/rankings/agencias-inbound-marketing-mexico/,ficha del directorio,Weblex
/listing/diseno-y-desarrollo-web-tictoc-studio/,/rankings/agencias-inbound-marketing-mexico/,ficha del directorio,Tic-Toc Studio
/listing/diseno-y-desarrollo-web-tdw-two-digit-world/,/rankings/agencias-inbound-marketing-mexico/,ficha del directorio,TDW Two Digit World
/listing/diseno-y-desarrollo-web-synergya/,/rankings/agencias-inbound-marketing-mexico/,ficha del directorio,Synergya
/listing/diseno-y-desarrollo-web-sigmait/,/rankings/agencias-inbound-marketing-mexico/,ficha del directorio,Sigma-IT
/listing/diseno-y-desarrollo-web-riss/,/rankings/agencias-inbound-marketing-mexico/,ficha del directorio,Riss
/listing/diseno-y-desarrollo-web-red-light-web-studio/,/rankings/agencias-inbound-marketing-mexico/,ficha del directorio,Red Light Web Studio
/listing/diseno-y-desarrollo-web-quimera-urbana/,/rankings/agencias-inbound-marketing-mexico/,ficha del directorio,Quimera Urbana
/listing/diseno-y-desarrollo-web-quantum-family/,/rankings/agencias-inbound-marketing-mexico/,ficha del directorio,Quantum Family
/listing/diseno-y-desarrollo-web-publisearch/,/rankings/agencias-inbound-marketing-mexico/,ficha del directorio,Publisearch
/listing/diseno-y-desarrollo-web-pq-design/,/rankings/agencias-inbound-marketing-mexico/,ficha del directorio,PQ Design
/listing/diseno-y-desarrollo-web-podernet/,/rankings/agencias-inbound-marketing-mexico/,ficha del directorio,PoderNet
/listing/diseno-y-desarrollo-web-pixel-dot/,/rankings/agencias-inbound-marketing-mexico/,ficha del directorio,Pixel &#8211; dot
/listing/diseno-y-desarrollo-web-paginas-web-mexico/,/rankings/agencias-inbound-marketing-mexico/,ficha del directorio,Páginas web México
/listing/diseno-y-desarrollo-web-orange-studio/,/rankings/agencias-inbound-marketing-mexico/,ficha del directorio,Orange Studio
/listing/diseno-y-desarrollo-web-opalo-negro/,/rankings/agencias-inbound-marketing-mexico/,ficha del directorio,Opalo Negro
/listing/diseno-y-desarrollo-web-nuts/,/rankings/agencias-inbound-marketing-mexico/,ficha del directorio,nuts
/listing/diseno-y-desarrollo-web-naranya/,/rankings/agencias-inbound-marketing-mexico/,ficha del directorio,Naranya
/listing/diseno-y-desarrollo-web-mxigen/,/rankings/agencias-inbound-marketing-mexico/,ficha del directorio,MXIGEN
/listing/diseno-y-desarrollo-web-multi-dimension-studio/,/rankings/agencias-inbound-marketing-mexico/,ficha del directorio,Multi Dimension Studio
/listing/diseno-y-desarrollo-web-meximex/,/rankings/agencias-inbound-marketing-mexico/,ficha del directorio,Meximex
/listing/diseno-y-desarrollo-web-grupo-meridian/,/rankings/agencias-inbound-marketing-mexico/,ficha del directorio,Grupo Meridian
/listing/diseno-y-desarrollo-web-mercatech/,/rankings/agencias-inbound-marketing-mexico/,ficha del directorio,Merca-Tech
/listing/diseno-y-desarrollo-web-mebecom/,/rankings/agencias-inbound-marketing-mexico/,ficha del directorio,MEBECOM
/listing/diseno-y-desarrollo-web-masclicks/,/rankings/agencias-inbound-marketing-mexico/,ficha del directorio,Masclicks
/listing/diseno-y-desarrollo-web-macroidea-web-studio/,/rankings/agencias-inbound-marketing-mexico/,ficha del directorio,Macroidea Web Studio
/listing/diseno-y-desarrollo-web-licorne/,/rankings/agencias-inbound-marketing-mexico/,ficha del directorio,Licorne
/listing/diseno-y-desarrollo-web-jpsconceptos/,/rankings/agencias-inbound-marketing-mexico/,ficha del directorio,Jpsconceptos
/listing/diseno-y-desarrollo-web-iss/,/rankings/agencias-inbound-marketing-mexico/,ficha del directorio,I.S.S.
/listing/diseno-y-desarrollo-web-intermexico/,/rankings/agencias-inbound-marketing-mexico/,ficha del directorio,Intermexico
/listing/diseno-y-desarrollo-web-interactuar-digital/,/rankings/agencias-inbound-marketing-mexico/,ficha del directorio,Interactuar Digital
/listing/diseno-y-desarrollo-web-grupo-bfx/,/rankings/agencias-inbound-marketing-mexico/,ficha del directorio,Grupo BFX
/listing/diseno-y-desarrollo-web-graffistika/,/rankings/agencias-inbound-marketing-mexico/,ficha del directorio,Graffistika
/listing/diseno-y-desarrollo-web-grafico-total/,/rankings/agencias-inbound-marketing-mexico/,ficha del directorio,Gráfico Total ®
/listing/diseno-y-desarrollo-web-gradocero-studio/,/rankings/agencias-inbound-marketing-mexico/,ficha del directorio,GradoCero Studio®
/listing/diseno-y-desarrollo-web-go-room-dl/,/rankings/agencias-inbound-marketing-mexico/,ficha del directorio,Go Room DL
/listing/diseno-y-desarrollo-web-gamol/,/rankings/agencias-inbound-marketing-mexico/,ficha del directorio,GAMOL
/listing/diseno-y-desarrollo-web-fahrenheit/,/rankings/agencias-inbound-marketing-mexico/,ficha del directorio,Fahrenheit
/listing/diseno-y-desarrollo-web-ezra/,/rankings/agencias-inbound-marketing-mexico/,ficha del directorio,EZRA
/listing/diseno-y-desarrollo-web-enfoque3w/,/rankings/agencias-inbound-marketing-mexico/,ficha del directorio,ENFOQUE3W
/listing/diseno-y-desarrollo-web-el-milagrito/,/rankings/agencias-inbound-marketing-mexico/,ficha del directorio,El milagrito
/listing/diseno-y-desarrollo-web-ekodeva-design-studio/,/rankings/agencias-inbound-marketing-mexico/,ficha del directorio,Ekodeva Design Studio
/listing/diseno-y-desarrollo-web-element-studios/,/rankings/agencias-inbound-marketing-mexico/,ficha del directorio,Element studios
/listing/diseno-y-desarrollo-web-dinamico-group/,/rankings/agencias-inbound-marketing-mexico/,ficha del directorio,Dinámico Group
/listing/diseno-y-desarrollo-web-denumeris-interactive/,/rankings/agencias-inbound-marketing-mexico/,ficha del directorio,Denumeris Interactive
/listing/diseno-y-desarrollo-web-crmen-mexico/,/rankings/agencias-inbound-marketing-mexico/,ficha del directorio,crmen mexico
/listing/diseno-y-desarrollo-web-creactivo/,/rankings/agencias-inbound-marketing-mexico/,ficha del directorio,CREACTIVO
/listing/diseno-y-desarrollo-web-copyleft-solutions/,/rankings/agencias-inbound-marketing-mexico/,ficha del directorio,Copyleft Solutions
/listing/diseno-y-desarrollo-web-codice/,/rankings/agencias-inbound-marketing-mexico/,ficha del directorio,Códice
/listing/diseno-y-desarrollo-web-cocktail-marketing/,/rankings/agencias-inbound-marketing-mexico/,ficha del directorio,Cocktail Marketing
/listing/diseno-y-desarrollo-web-clise-digital/,/rankings/agencias-inbound-marketing-mexico/,ficha del directorio,clise digital
/listing/diseno-y-desarrollo-web-blu-concept/,/rankings/agencias-inbound-marketing-mexico/,ficha del directorio,Blu Concept
/listing/diseno-y-desarrollo-web-bitlab-interactive/,/rankings/agencias-inbound-marketing-mexico/,ficha del directorio,Bitlab Interactive
/listing/diseno-y-desarrollo-web-azulgris/,/rankings/agencias-inbound-marketing-mexico/,ficha del directorio,AzulGris
/listing/diseno-y-desarrollo-web-azul-bambu/,/rankings/agencias-inbound-marketing-mexico/,ficha del directorio,Azul Bambú
/listing/diseno-y-desarrollo-web-aypinternet/,/rankings/agencias-inbound-marketing-mexico/,ficha del directorio,Aypinternet
/listing/diseno-y-desarrollo-web-asi-diseno-web/,/rankings/agencias-inbound-marketing-mexico/,ficha del directorio,ASI Diseño Web
/listing/diseno-y-desarrollo-web-arroba-system/,/rankings/agencias-inbound-marketing-mexico/,ficha del directorio,Arroba System
/listing/diseno-y-desarrollo-web-area/,/rankings/agencias-inbound-marketing-mexico/,ficha del directorio,Area
/listing/diseno-y-desarrollo-web-animala-web/,/rankings/agencias-inbound-marketing-mexico/,ficha del directorio,Animala Web
/listing/diseno-y-desarrollo-web-ambigrama-estudio-creativo/,/rankings/agencias-inbound-marketing-mexico/,ficha del directorio,ambigrama estudio creativo
/listing/diseno-y-desarrollo-web-albegrafic/,/rankings/agencias-inbound-marketing-mexico/,ficha del directorio,Albegrafic
/listing/diseno-y-desarrollo-web-adivor/,/rankings/agencias-inbound-marketing-mexico/,ficha del directorio,Adivor
/listing/diseno-y-desarrollo-web-activamente/,/rankings/agencias-inbound-marketing-mexico/,ficha del directorio,activamente
/listing/diseno-y-desarrollo-web-abargon-evalue-developers/,/rankings/agencias-inbound-marketing-mexico/,ficha del directorio,abargon e-value developers
/listing/directorio-de-locutores-rona-fletcher/,/rankings/estudios-doblaje-locucion-mexico/,ficha del directorio,Rona Fletcher
/listing/directorio-de-locutores-ricardo-brust/,/rankings/estudios-doblaje-locucion-mexico/,ficha del directorio,ricardo brust
/listing/directorio-de-locutores-milton-wolch/,/rankings/estudios-doblaje-locucion-mexico/,ficha del directorio,Milton Wolch
/listing/directorio-de-locutores-juan-alfonso-puente-arteaga/,/rankings/estudios-doblaje-locucion-mexico/,ficha del directorio,Juan Alfonso Puente Arteaga
/listing/directorio-de-locutores-geo-garcia/,/rankings/estudios-doblaje-locucion-mexico/,ficha del directorio,Geo García
/listing/directorio-de-locutores-gabriel-munoz-locutor/,/rankings/estudios-doblaje-locucion-mexico/,ficha del directorio,Gabriel Muñoz Locutor
/listing/directorio-de-locutores-daniel-cubillo/,/rankings/estudios-doblaje-locucion-mexico/,ficha del directorio,Daniel Cubillo
/listing/directorio-de-locutores-carlos-reynoso-locutor/,/rankings/estudios-doblaje-locucion-mexico/,ficha del directorio,Carlos Reynoso Locutor
/listing/directorio-de-locutores-locutor-antonio-x-sosa/,/rankings/estudios-doblaje-locucion-mexico/,ficha del directorio,Locutor: Antonio X. Sosa
/listing/directorio-de-locutores-ada-sepulveda/,/rankings/estudios-doblaje-locucion-mexico/,ficha del directorio,Ada Sepúlveda
/listing/despacho-de-diseno-wish-socios-creativos/,/rankings/estudios-diseno-branding-mexico/,ficha del directorio,"Wish, Socios Creativos"
/listing/despacho-de-diseno-vivencia-design/,/rankings/estudios-diseno-branding-mexico/,ficha del directorio,Vivencia Design
/listing/despacho-de-diseno-torneo-de-ideas/,/rankings/estudios-diseno-branding-mexico/,ficha del directorio,Torneo de Ideas
/listing/despacho-de-diseno-top-design/,/rankings/estudios-diseno-branding-mexico/,ficha del directorio,Top Design
/listing/despacho-de-diseno-the-toilettes/,/rankings/estudios-diseno-branding-mexico/,ficha del directorio,The Toilettes
/listing/despacho-de-diseno-spinozo-diseno/,/rankings/estudios-diseno-branding-mexico/,ficha del directorio,Spinozo diseño
/listing/despacho-de-diseno-sphein-design-studios/,/rankings/estudios-diseno-branding-mexico/,ficha del directorio,Sphein Design Studios
/listing/despacho-de-diseno-solo-idea/,/rankings/estudios-diseno-branding-mexico/,ficha del directorio,Sólo Idea
/listing/despacho-de-diseno-sol-consultores/,/rankings/estudios-diseno-branding-mexico/,ficha del directorio,Sol Consultores
/listing/despacho-de-diseno-so-diseno/,/rankings/estudios-diseno-branding-mexico/,ficha del directorio,SO Diseño
/listing/despacho-de-diseno-signi/,/rankings/estudios-diseno-branding-mexico/,ficha del directorio,Signi
/listing/despacho-de-diseno-serikat-diseno/,/rankings/estudios-diseno-branding-mexico/,ficha del directorio,Serikat Diseño
/listing/despacho-de-diseno-scientika/,/rankings/estudios-diseno-branding-mexico/,ficha del directorio,Scientika
/listing/despacho-de-diseno-sago-publicidad/,/rankings/estudios-diseno-branding-mexico/,ficha del directorio,SaGo Publicidad
/listing/despacho-de-diseno-ruiz-rocha/,/rankings/estudios-diseno-branding-mexico/,ficha del directorio,Ruiz Rocha
/listing/despacho-de-diseno-rigoletti/,/rankings/estudios-diseno-branding-mexico/,ficha del directorio,Rigoletti
/listing/despacho-de-diseno-retorno-tassier/,/rankings/estudios-diseno-branding-mexico/,ficha del directorio,Retorno Tassier
/listing/despacho-de-diseno-propositivos/,/rankings/estudios-diseno-branding-mexico/,ficha del directorio,Propositivos
/listing/despacho-de-diseno-promomania/,/rankings/estudios-diseno-branding-mexico/,ficha del directorio,Promomania
/listing/despacho-de-diseno-pong/,/rankings/estudios-diseno-branding-mexico/,ficha del directorio,pong
/listing/despacho-de-diseno-pigmento/,/rankings/estudios-diseno-branding-mexico/,ficha del directorio,pigmento
/listing/despacho-de-diseno-pensatori/,/rankings/estudios-diseno-branding-mexico/,ficha del directorio,Pensatori
/listing/despacho-de-diseno-momentum-media-design/,/rankings/agencias-de-medios-mexico/,ficha del directorio,Momentum Media Design
/listing/despacho-de-diseno-musicos-del-titanic/,/rankings/estudios-diseno-branding-mexico/,ficha del directorio,Músicos del Titanic
/listing/despacho-de-diseno-mira/,/rankings/estudios-diseno-branding-mexico/,ficha del directorio,mira
/listing/despacho-de-diseno-metanoia-publicidad/,/rankings/estudios-diseno-branding-mexico/,ficha del directorio,METANOIA PUBLICIDAD
/listing/despacho-de-diseno-mba-estudio-de-diseno/,/rankings/estudios-diseno-branding-mexico/,ficha del directorio,MBA Estudio de Diseño
/listing/despacho-de-diseno-marte-creativos/,/rankings/estudios-diseno-branding-mexico/,ficha del directorio,Marte creativos
/listing/despacho-de-diseno-lerf-diseno/,/rankings/estudios-diseno-branding-mexico/,ficha del directorio,Lerf Diseño
/listing/despacho-de-diseno-litoimagen/,/rankings/estudios-diseno-branding-mexico/,ficha del directorio,Litoimagen
/listing/despacho-de-diseno-leonsteven/,/rankings/estudios-diseno-branding-mexico/,ficha del directorio,León-Steven
/listing/despacho-de-diseno-kolazh-diseno-grafico/,/rankings/proveedores-pop-promocionales-mexico/,ficha del directorio,kolazh Diseño gráfico
/listing/despacho-de-diseno-ysunza-santiago-cv/,/rankings/estudios-diseno-branding-mexico/,ficha del directorio,Ysunza Santiago CV
/listing/despacho-de-diseno-id-inteligencia-en-diseno/,/rankings/estudios-diseno-branding-mexico/,ficha del directorio,ID Inteligencia en Diseño
/listing/despacho-de-diseno-hs-publicidad/,/rankings/estudios-diseno-branding-mexico/,ficha del directorio,HS Publicidad
/listing/despacho-de-diseno-gvisual/,/rankings/estudios-diseno-branding-mexico/,ficha del directorio,g-visual
/listing/despacho-de-diseno-gallo-soluciones-graficas/,/rankings/proveedores-pop-promocionales-mexico/,ficha del directorio,Gallo Soluciones Gráficas
/listing/despacho-de-diseno-foic-lecanda/,/rankings/estudios-diseno-branding-mexico/,ficha del directorio,foic lecanda
/listing/despacho-de-diseno-figura-7/,/rankings/estudios-diseno-branding-mexico/,ficha del directorio,Figura 7
/listing/despacho-de-diseno-factortres/,/rankings/estudios-diseno-branding-mexico/,ficha del directorio,FactorTres
/listing/despacho-de-diseno-estop-diseno/,/rankings/estudios-diseno-branding-mexico/,ficha del directorio,estop Diseño
/listing/despacho-de-diseno-esferica/,/rankings/estudios-diseno-branding-mexico/,ficha del directorio,Esférica
/listing/despacho-de-diseno-elite-design-studio/,/rankings/estudios-diseno-branding-mexico/,ficha del directorio,Elite Design Studio
/listing/despacho-de-diseno-domino-estudio/,/rankings/estudios-diseno-branding-mexico/,ficha del directorio,DOMINÓ ESTUDIO
/listing/despacho-de-diseno-diseno-equis/,/rankings/estudios-diseno-branding-mexico/,ficha del directorio,Diseño Equis
/listing/despacho-de-diseno-diseno-y-publicidad-mexicana/,/rankings/estudios-diseno-branding-mexico/,ficha del directorio,Diseño y publicidad mexicana
/listing/despacho-de-diseno-dimension/,/rankings/estudios-diseno-branding-mexico/,ficha del directorio,Dimensión
/listing/despacho-de-diseno-design-bureau/,/rankings/estudios-diseno-branding-mexico/,ficha del directorio,Design Bureau
/listing/despacho-de-diseno-creatividad-inteligente/,/rankings/estudios-diseno-branding-mexico/,ficha del directorio,Creatividad Inteligente
/listing/despacho-de-diseno-corvin/,/rankings/estudios-diseno-branding-mexico/,ficha del directorio,Corvin
/listing/despacho-de-diseno-correvedile/,/rankings/estudios-diseno-branding-mexico/,ficha del directorio,CorreVeDile
/listing/despacho-de-diseno-cdstudio/,/rankings/estudios-diseno-branding-mexico/,ficha del directorio,CDStudio
/listing/despacho-de-diseno-burak-y-asociados/,/rankings/estudios-diseno-branding-mexico/,ficha del directorio,Burak y Asociados
/listing/despacho-de-diseno-bikreative/,/rankings/estudios-diseno-branding-mexico/,ficha del directorio,bikreative
/listing/despacho-de-diseno-beyondit/,/rankings/estudios-diseno-branding-mexico/,ficha del directorio,beyondit
/listing/despacho-de-diseno-arg-comunicacion/,/rankings/estudios-diseno-branding-mexico/,ficha del directorio,Arg comunicación
/listing/despacho-de-diseno-al-cuadrado/,/rankings/estudios-diseno-branding-mexico/,ficha del directorio,Al cuadrado
/listing/despacho-de-diseno-adc-global-creativity/,/rankings/estudios-diseno-branding-mexico/,ficha del directorio,ADC global creativity
/listing/articulos-promocionales-promoline/,/rankings/agencias-btl-promotoria-mexico/,ficha del directorio,promoline
/listing/articulos-promocionales-linkar-publicidad/,/rankings/agencias-btl-promotoria-mexico/,ficha del directorio,Linkar Publicidad
/listing/articulos-promocionales-imagina-usb/,/rankings/agencias-btl-promotoria-mexico/,ficha del directorio,Imagina USB
/listing/articulos-promocionales-gimmick/,/rankings/agencias-btl-promotoria-mexico/,ficha del directorio,Gimmick
/listing/agencias-de-publicidad-pop-grupo-rubrica/,/rankings/proveedores-pop-promocionales-mexico/,ficha del directorio,Grupo Rúbrica
/listing/agencias-de-publicidad-pop-pulso-tec/,/rankings/proveedores-pop-promocionales-mexico/,ficha del directorio,PULSO TEC
/listing/agencias-de-publicidad-pop-popmart/,/rankings/proveedores-pop-promocionales-mexico/,ficha del directorio,PopMart
/listing/agencias-de-publicidad-pop-exhibipop/,/rankings/proveedores-pop-promocionales-mexico/,ficha del directorio,Exhibipop
/listing/agencias-de-publicidad-pop-solid-image/,/rankings/proveedores-pop-promocionales-mexico/,ficha del directorio,Solid Image
/listing/agencias-de-publicidad-pop-colorimagen/,/rankings/proveedores-pop-promocionales-mexico/,ficha del directorio,Color-imagen
/listing/agencias-de-publicidad-pop-aerotec-publicidad/,/rankings/proveedores-pop-promocionales-mexico/,ficha del directorio,AEROTEC publicidad
/listing/agencias-de-marketing-zogno/,/rankings/agencias-de-marketing-mexico/,ficha del directorio,Zogno
/listing/agencias-de-marketing-tematica-creativa/,/rankings/estudios-diseno-branding-mexico/,ficha del directorio,Temática Creativa
/listing/agencias-de-marketing-wwbtl/,/rankings/agencias-btl-promotoria-mexico/,ficha del directorio,WWBTL
/listing/agencias-de-marketing-waimarketing/,/rankings/agencias-de-marketing-mexico/,ficha del directorio,waimarketing
/listing/agencias-de-marketing-victoria/,/rankings/agencias-de-marketing-mexico/,ficha del directorio,Victoria
/listing/agencias-de-marketing-vandergeist/,/rankings/agencias-de-marketing-mexico/,ficha del directorio,Vandergeist
/listing/agencias-de-marketing-upgrade-marketing/,/rankings/agencias-de-marketing-mexico/,ficha del directorio,Upgrade Marketing
/listing/agencias-de-marketing-the-legacy/,/rankings/agencias-de-marketing-mexico/,ficha del directorio,The Legacy
/listing/agencias-de-marketing-suma-mercadotecnia/,/rankings/agencias-de-marketing-mexico/,ficha del directorio,Suma Mercadotecnia
/listing/agencias-de-marketing-servipromer/,/rankings/agencias-de-marketing-mexico/,ficha del directorio,Servipromer
/listing/agencias-de-marketing-sensorik-mkt/,/rankings/agencias-de-marketing-mexico/,ficha del directorio,SensoriK MKT
/listing/agencias-de-marketing-ideas-ruizmed/,/rankings/agencias-de-marketing-mexico/,ficha del directorio,Ideas Ruizmed
/listing/agencias-de-marketing-rt-marketing/,/rankings/agencias-de-marketing-mexico/,ficha del directorio,RT Marketing
/listing/agencias-de-marketing-revolver-radical/,/rankings/agencias-de-marketing-mexico/,ficha del directorio,Revolver Radical
/listing/agencias-de-marketing-rapp/,/rankings/agencias-de-marketing-mexico/,ficha del directorio,RAPP
/listing/agencias-de-marketing-quarks-consultoria-creativa/,/rankings/estudios-diseno-branding-mexico/,ficha del directorio,Quarks Consultoría Creativa
/listing/agencias-de-marketing-punto-tres/,/rankings/agencias-de-marketing-mexico/,ficha del directorio,Punto Tres
/listing/agencias-de-marketing-publiza-marketing/,/rankings/agencias-de-marketing-mexico/,ficha del directorio,Publiza Marketing
/listing/agencias-de-marketing-publisenal/,/rankings/proveedores-pop-promocionales-mexico/,ficha del directorio,Publiseñal
/listing/agencias-de-marketing-porter-novelli/,/rankings/agencias-de-marketing-mexico/,ficha del directorio,Porter Novelli
/listing/agencias-de-marketing-pensamiento-creativo/,/rankings/estudios-diseno-branding-mexico/,ficha del directorio,pensamiento creativo
/listing/agencias-de-marketing-pcc-brand-group-mexico/,/rankings/agencias-de-marketing-mexico/,ficha del directorio,PCC Brand Group México
/listing/agencias-de-marketing-orbetech/,/rankings/agencias-de-marketing-mexico/,ficha del directorio,ORBETECH
/listing/agencias-de-marketing-milagro-creativo/,/rankings/estudios-diseno-branding-mexico/,ficha del directorio,Milagro Creativo
/listing/agencias-de-marketing-merk4/,/rankings/agencias-de-marketing-mexico/,ficha del directorio,merk4
/listing/agencias-de-marketing-merkaresulta/,/rankings/agencias-de-marketing-mexico/,ficha del directorio,MERKA-RESULTA
/listing/agencias-de-marketing-mercanz/,/rankings/agencias-de-marketing-mexico/,ficha del directorio,Mercanz
/listing/agencias-de-marketing-melding/,/rankings/agencias-de-marketing-mexico/,ficha del directorio,melding
/listing/agencias-de-marketing-megadirect/,/rankings/agencias-de-marketing-mexico/,ficha del directorio,MegaDirect
/listing/agencias-de-marketing-medcenter/,/rankings/agencias-de-marketing-mexico/,ficha del directorio,Medcenter
/listing/agencias-de-marketing-matrix-marketing-oob/,/rankings/agencias-de-marketing-mexico/,ficha del directorio,Matrix Marketing OOB
/listing/agencias-de-marketing-materia-gris/,/rankings/agencias-de-marketing-mexico/,ficha del directorio,Materia Gris
/listing/agencias-de-marketing-mass-marketing-research/,/rankings/agencias-investigacion-de-mercados-mexico/,ficha del directorio,Mass Marketing Research
/listing/agencias-de-marketing-maquinaria-creativa/,/rankings/estudios-diseno-branding-mexico/,ficha del directorio,maquinaria creativa
/listing/agencias-de-marketing-maniac/,/rankings/agencias-de-marketing-mexico/,ficha del directorio,maniac
/listing/agencias-de-marketing-loyalty-marketing-services/,/rankings/agencias-de-marketing-mexico/,ficha del directorio,Loyalty Marketing Services
/listing/agencias-de-marketing-litobel/,/rankings/agencias-de-marketing-mexico/,ficha del directorio,Litobel
/listing/agencias-de-marketing-kr-mexico/,/rankings/agencias-de-marketing-mexico/,ficha del directorio,KR México
/listing/agencias-de-marketing-keep-in-touch-marketing-mexico/,/rankings/agencias-de-marketing-mexico/,ficha del directorio,Keep in touch marketing México
/listing/agencias-de-marketing-interbrand/,/rankings/agencias-de-marketing-mexico/,ficha del directorio,interbrand
/listing/agencias-de-marketing-imbora/,/rankings/agencias-de-marketing-mexico/,ficha del directorio,Imbora
/listing/agencias-de-marketing-imagine/,/rankings/agencias-de-marketing-mexico/,ficha del directorio,Imagine
/listing/agencias-de-marketing-idi-marketing/,/rankings/agencias-de-marketing-mexico/,ficha del directorio,IDI Marketing
/listing/agencias-de-marketing-idennto/,/rankings/agencias-de-marketing-mexico/,ficha del directorio,idennto
/listing/agencias-de-marketing-how-mkt/,/rankings/agencias-de-marketing-mexico/,ficha del directorio,How! MKT
/listing/agencias-de-marketing-handelhaus/,/rankings/agencias-de-marketing-mexico/,ficha del directorio,Handelhaus
/listing/agencias-de-marketing-gideas/,/rankings/agencias-de-marketing-mexico/,ficha del directorio,gideas
/listing/agencias-de-marketing-geomarketing/,/rankings/agencias-de-marketing-mexico/,ficha del directorio,GeoMarketing
/listing/agencias-de-marketing-genes-creativos/,/rankings/estudios-diseno-branding-mexico/,ficha del directorio,Genes Creativos
/listing/agencias-de-marketing-genera-studio/,/rankings/agencias-de-marketing-mexico/,ficha del directorio,Genera Studio
/listing/agencias-de-marketing-future-group/,/rankings/agencias-de-marketing-mexico/,ficha del directorio,future group
/listing/agencias-de-marketing-forza-creativa/,/rankings/estudios-diseno-branding-mexico/,ficha del directorio,Forza Creativa
/listing/agencias-de-marketing-forward/,/rankings/agencias-de-marketing-mexico/,ficha del directorio,Forward
/listing/agencias-de-marketing-fidelity-marketing/,/rankings/agencias-de-marketing-mexico/,ficha del directorio,Fidelity Marketing
/listing/agencias-de-marketing-exotic-marketing-group/,/rankings/agencias-de-marketing-mexico/,ficha del directorio,Exotic Marketing Group
/listing/agencias-de-marketing-marketing911/,/rankings/agencias-de-marketing-mexico/,ficha del directorio,Marketing911
/listing/agencias-de-marketing-estacion-central/,/rankings/agencias-de-medios-mexico/,ficha del directorio,Estación Central
/listing/agencias-de-marketing-enmarca/,/rankings/estudios-diseno-branding-mexico/,ficha del directorio,enmarca
/listing/agencias-de-marketing-el-tintero-boutique-creativa/,/rankings/estudios-diseno-branding-mexico/,ficha del directorio,El Tintero Boutique Creativa
/listing/agencias-de-marketing-el-orfanato-ideas-sin-madre/,/rankings/agencias-de-marketing-mexico/,ficha del directorio,"El Orfanato, ideas sin madre"
/listing/agencias-de-marketing-ede/,/rankings/agencias-de-marketing-mexico/,ficha del directorio,e:de
/listing/agencias-de-marketing-dlb-group-mexico/,/rankings/agencias-de-marketing-mexico/,ficha del directorio,DLB Group México
/listing/agencias-de-marketing-dialogo-boutique-creativa/,/rankings/estudios-diseno-branding-mexico/,ficha del directorio,Diálogo Boutique Creativa
/listing/agencias-de-marketing-diablo-comunicacion/,/rankings/agencias-de-marketing-mexico/,ficha del directorio,Diablo Comunicación
/listing/agencias-de-marketing-dharma-publicidad/,/rankings/agencias-de-marketing-mexico/,ficha del directorio,dharma publicidad
/listing/agencias-de-marketing-dergalyco/,/rankings/agencias-de-marketing-mexico/,ficha del directorio,Dergal&#038;Co
/listing/agencias-de-marketing-csi-mexico/,/rankings/agencias-de-marketing-mexico/,ficha del directorio,CSI MÉXICO
/listing/agencias-de-marketing-conceptmkt/,/rankings/agencias-de-marketing-mexico/,ficha del directorio,ConceptMKT
/listing/agencias-de-marketing-cmv/,/rankings/agencias-de-marketing-mexico/,ficha del directorio,CMV
/listing/agencias-de-marketing-circulo-de-ideas-btl/,/rankings/agencias-btl-promotoria-mexico/,ficha del directorio,Círculo De Ideas Btl
/listing/agencias-de-marketing-capuano/,/rankings/agencias-de-marketing-mexico/,ficha del directorio,Capuano
/listing/agencias-de-marketing-campus-marketing/,/rankings/agencias-de-marketing-mexico/,ficha del directorio,Campus Marketing
/listing/agencias-de-marketing-camaleon-marketing/,/rankings/agencias-de-marketing-mexico/,ficha del directorio,Camaleón Marketing
/listing/agencias-de-marketing-business-landing-mexico/,/rankings/agencias-de-marketing-mexico/,ficha del directorio,Business Landing México
/listing/agencias-de-marketing-brand-advertising-and-design/,/rankings/estudios-diseno-branding-mexico/,ficha del directorio,Brand Advertising and design
/listing/agencias-de-marketing-branch-branding/,/rankings/estudios-diseno-branding-mexico/,ficha del directorio,Branch Branding®
/listing/agencias-de-marketing-bombay/,/rankings/agencias-de-marketing-mexico/,ficha del directorio,Bombay +
/listing/agencias-de-marketing-asylum-mexico/,/rankings/agencias-de-marketing-mexico/,ficha del directorio,ASYLUM MÉXICO
/listing/agencias-de-marketing-arista/,/rankings/agencias-de-marketing-mexico/,ficha del directorio,Arista
/listing/agencias-de-marketing-alternativa-integral/,/rankings/agencias-de-marketing-mexico/,ficha del directorio,Alternativa Integral
/listing/agencias-de-marketing-alternativa-mdi/,/rankings/agencias-de-marketing-mexico/,ficha del directorio,Alternativa MDI
/listing/agencias-de-marketing-aaltaan/,/rankings/agencias-de-marketing-mexico/,ficha del directorio,Aaltaan
/listing/agencias-de-marketing-0800-a-m/,/rankings/agencias-de-marketing-mexico/,ficha del directorio,08:00 a. m.
/listing/agencia-multimedia-sietegrados-agencia/,/rankings/agencias-de-medios-mexico/,ficha del directorio,Sietegrados Agencia
/listing/agencia-multimedia-proyecktoweb/,/rankings/agencias-de-medios-mexico/,ficha del directorio,Proyecktoweb
/listing/agencia-multimedia-mobalis/,/rankings/agencias-de-medios-mexico/,ficha del directorio,Mobalis
/listing/agencia-multimedia-kinnetic-studio/,/rankings/agencias-de-medios-mexico/,ficha del directorio,Kinnetic Studio
/listing/agencia-multimedia-rengo-renders/,/rankings/agencias-de-medios-mexico/,ficha del directorio,Rengo Renders
/listing/agencia-multimedia-goblin-creative/,/rankings/agencias-de-medios-mexico/,ficha del directorio,Goblin Creative
/listing/agencia-multimedia-elixir-creativo/,/rankings/agencias-de-medios-mexico/,ficha del directorio,Elixir Creativo
/listing/agencia-multimedia-dinamica-generica/,/rankings/agencias-de-medios-mexico/,ficha del directorio,Dinámica Genérica
/listing/agencia-multimedia-concepto-movil/,/rankings/agencias-de-medios-mexico/,ficha del directorio,Concepto Móvil
/listing/agencia-interactiva-substance/,/rankings/agencias-de-medios-mexico/,ficha del directorio,Substance
/listing/agencia-interactiva-mockup-studio/,/rankings/agencias-inbound-marketing-mexico/,ficha del directorio,Mockup Studio
/listing/agencia-interactiva-ingenia-group/,/rankings/agencias-inbound-marketing-mexico/,ficha del directorio,Ingenia Group
/listing/agencia-interactiva-estrategas-digitales/,/rankings/agencias-inbound-marketing-mexico/,ficha del directorio,Estrategas Digitales
/listing/agencia-interactiva-atomo-interactive/,/rankings/agencias-inbound-marketing-mexico/,ficha del directorio,Atomo Interactive
/listing/agencia-interactiva-adp/,/rankings/agencias-inbound-marketing-mexico/,ficha del directorio,adp
/listing/agencia-digital-zetabe/,/rankings/agencias-inbound-marketing-mexico/,ficha del directorio,Zetabe
/listing/agencia-digital-toro-digital/,/rankings/agencias-inbound-marketing-mexico/,ficha del directorio,TORO Digital
/listing/agencia-digital-tanai-cruz/,/rankings/agencias-inbound-marketing-mexico/,ficha del directorio,TANAI CRUZ
/listing/agencia-digital-smartclip-mexico/,/rankings/agencias-inbound-marketing-mexico/,ficha del directorio,Smartclip México
/listing/agencia-digital-render-farm-studios/,/rankings/agencias-inbound-marketing-mexico/,ficha del directorio,Render Farm Studios
/listing/agencia-digital-rancho-digital/,/rankings/agencias-inbound-marketing-mexico/,ficha del directorio,Rancho Digital
/listing/agencia-digital-radical-testa/,/rankings/agencias-inbound-marketing-mexico/,ficha del directorio,Radical Testa
/listing/agencia-digital-otromexico-sc/,/rankings/agencias-inbound-marketing-mexico/,ficha del directorio,"Otromexico, sc"
/listing/agencia-digital-p1stache/,/rankings/agencias-inbound-marketing-mexico/,ficha del directorio,p1stache
/listing/agencia-digital-noir-digital/,/rankings/agencias-inbound-marketing-mexico/,ficha del directorio,Noir Digital
/listing/agencia-digital-mustard/,/rankings/agencias-inbound-marketing-mexico/,ficha del directorio,Mustard
/listing/agencia-digital-mediagency/,/rankings/agencias-de-medios-mexico/,ficha del directorio,mediagency
/listing/agencia-digital-lunave/,/rankings/agencias-inbound-marketing-mexico/,ficha del directorio,Lunave
/listing/agencia-digital-lightdesign/,/rankings/agencias-inbound-marketing-mexico/,ficha del directorio,Lightdesign
/listing/agencia-digital-lead2action/,/rankings/agencias-inbound-marketing-mexico/,ficha del directorio,lead2action
/listing/agencia-digital-kontrabando/,/rankings/agencias-inbound-marketing-mexico/,ficha del directorio,Kontrabando
/listing/agencia-digital-kml-media/,/rankings/agencias-de-medios-mexico/,ficha del directorio,KML Media
/listing/agencia-digital-virtual-inflexion-software/,/rankings/agencias-inbound-marketing-mexico/,ficha del directorio,Virtual Inflexion Software
/listing/agencia-digital-imagia-creativa/,/rankings/agencias-inbound-marketing-mexico/,ficha del directorio,Imagia Creativa
/listing/agencia-digital-digital-solutions/,/rankings/agencias-inbound-marketing-mexico/,ficha del directorio,Digital Solutions
/listing/agencia-digital-hello-mexico/,/rankings/agencias-inbound-marketing-mexico/,ficha del directorio,Hello México
/listing/agencia-digital-hashtag/,/rankings/agencias-inbound-marketing-mexico/,ficha del directorio,Hashtag
/listing/agencia-digital-grupo-smart/,/rankings/agencias-inbound-marketing-mexico/,ficha del directorio,Grupo Smart
/listing/agencia-digital-espora-estudio/,/rankings/agencias-inbound-marketing-mexico/,ficha del directorio,Espora Estudio
/listing/agencia-digital-efecinco/,/rankings/agencias-inbound-marketing-mexico/,ficha del directorio,EfeCinco
/listing/agencia-digital-di-paola-marquez/,/rankings/agencias-inbound-marketing-mexico/,ficha del directorio,di Paola Márquez
/listing/agencia-digital-digital-coaster/,/rankings/agencias-inbound-marketing-mexico/,ficha del directorio,digital coaster
/listing/agencia-digital-dialogo-comunicacion/,/rankings/agencias-inbound-marketing-mexico/,ficha del directorio,Diálogo Comunicación
/listing/agencia-digital-the-cluster-agency/,/rankings/agencias-inbound-marketing-mexico/,ficha del directorio,The Cluster Agency
/listing/agencia-digital-clarus-digital/,/rankings/agencias-inbound-marketing-mexico/,ficha del directorio,Clarus Digital
/listing/agencia-digital-axiona/,/rankings/agencias-inbound-marketing-mexico/,ficha del directorio,Axiona
/listing/agencia-digital-altusmedia/,/rankings/agencias-de-medios-mexico/,ficha del directorio,Altusmedia
/listing/agencia-digital-ada-mexico/,/rankings/agencias-inbound-marketing-mexico/,ficha del directorio,ADA México
/listing/agencia-de-tecnologia-tkinov/,/rankings/agencias-inbound-marketing-mexico/,ficha del directorio,TKINOV
/listing/agencia-de-tecnologia-pyramid/,/rankings/agencias-inbound-marketing-mexico/,ficha del directorio,Pyramid
/listing/agencia-de-tecnologia-opentec/,/rankings/agencias-inbound-marketing-mexico/,ficha del directorio,OpenTec
/listing/agencia-de-tecnologia-monere-business/,/rankings/agencias-inbound-marketing-mexico/,ficha del directorio,Monere Business
/listing/agencia-de-tecnologia-intelisis/,/rankings/agencias-inbound-marketing-mexico/,ficha del directorio,Intelisis
/listing/agencia-de-tecnologia-intruder-consulting/,/rankings/agencias-inbound-marketing-mexico/,ficha del directorio,Intruder Consulting
/listing/agencia-de-tecnologia-grupo-fidalex/,/rankings/agencias-de-publicidad-mexico/,ficha del directorio,Grupo Fidalex
/listing/agencia-de-tecnologia-factor-evolucion/,/rankings/agencias-inbound-marketing-mexico/,ficha del directorio,Factor evolución
/listing/agencia-de-tecnologia-daysoft/,/rankings/agencias-inbound-marketing-mexico/,ficha del directorio,DAYSOFT
/listing/agencia-de-tecnologia-abd-systems/,/rankings/agencias-inbound-marketing-mexico/,ficha del directorio,ABD Systems
/listing/agencia-de-tecnologia-4fsystems/,/rankings/productoras-de-eventos-mexico/,ficha del directorio,4Fsystems
/listing/agencia-de-relaciones-publicas-sara-cuellar-comunicacion/,/rankings/agencias-relaciones-publicas-mexico/,ficha del directorio,Sara Cuéllar Comunicación
/listing/agencia-de-relaciones-publicas-prmind-group/,/rankings/agencias-relaciones-publicas-mexico/,ficha del directorio,PRmind Group
/listing/agencia-de-relaciones-publicas-planeco/,/rankings/agencias-relaciones-publicas-mexico/,ficha del directorio,Planeco
/listing/agencia-de-relaciones-publicas-31416r-relaciones-publicas/,/rankings/agencias-relaciones-publicas-mexico/,ficha del directorio,3.1416r Relaciones Públicas
/listing/agencia-de-relaciones-publicas-penagos-comunicacion/,/rankings/agencias-relaciones-publicas-mexico/,ficha del directorio,Penagos Comunicación
/listing/agencia-de-relaciones-publicas-nucleus-by-crm/,/rankings/agencias-relaciones-publicas-mexico/,ficha del directorio,Nucleus by CRM
/listing/agencia-de-relaciones-publicas-newcom/,/rankings/agencias-relaciones-publicas-mexico/,ficha del directorio,NewCom
/listing/agencia-de-relaciones-publicas-mun-logic/,/rankings/agencias-relaciones-publicas-mexico/,ficha del directorio,Mun Logic
/listing/agencia-de-relaciones-publicas-massideas/,/rankings/agencias-relaciones-publicas-mexico/,ficha del directorio,Massideas
/listing/agencia-de-relaciones-publicas-marketing-q/,/rankings/agencias-relaciones-publicas-mexico/,ficha del directorio,Marketing Q
/listing/agencia-de-relaciones-publicas-makken-rrpp/,/rankings/agencias-relaciones-publicas-mexico/,ficha del directorio,Makken RRPP
/listing/agencia-de-relaciones-publicas-macias-pr/,/rankings/agencias-relaciones-publicas-mexico/,ficha del directorio,Macias PR
/listing/agencia-de-relaciones-publicas-litio-bmp/,/rankings/agencias-relaciones-publicas-mexico/,ficha del directorio,LITIO BMP
/listing/agencia-de-relaciones-publicas-lithiumpr/,/rankings/agencias-relaciones-publicas-mexico/,ficha del directorio,Lithiumpr
/listing/agencia-de-relaciones-publicas-lead-image/,/rankings/agencias-relaciones-publicas-mexico/,ficha del directorio,Lead Image
/listing/agencia-de-relaciones-publicas-keep-engaged/,/rankings/agencias-relaciones-publicas-mexico/,ficha del directorio,Keep Engaged
/listing/agencia-de-relaciones-publicas-kaleidoscopio-pr/,/rankings/agencias-relaciones-publicas-mexico/,ficha del directorio,Kaleidoscopio PR
/listing/agencia-de-relaciones-publicas-iq-pr/,/rankings/agencias-relaciones-publicas-mexico/,ficha del directorio,IQ PR
/listing/agencia-de-relaciones-publicas-international-consulting-and-marketing-icym/,/rankings/agencias-relaciones-publicas-mexico/,ficha del directorio,International Consulting and Marketing (IC&#038;M)
/listing/agencia-de-relaciones-publicas-grupo-public/,/rankings/agencias-relaciones-publicas-mexico/,ficha del directorio,Grupo Public
/listing/agencia-de-relaciones-publicas-fleishmanhillard-mexico/,/rankings/agencias-relaciones-publicas-mexico/,ficha del directorio,Fleishman-Hillard México
/listing/agencia-de-relaciones-publicas-fabrik/,/rankings/agencias-relaciones-publicas-mexico/,ficha del directorio,Fabrik
/listing/agencia-de-relaciones-publicas-euroamerica/,/rankings/agencias-relaciones-publicas-mexico/,ficha del directorio,Euroamérica
/listing/agencia-de-relaciones-publicas-eureka-y-co/,/rankings/agencias-relaciones-publicas-mexico/,ficha del directorio,Eureka &#038; Co.
/listing/agencia-de-relaciones-publicas-enlace-integral/,/rankings/agencias-relaciones-publicas-mexico/,ficha del directorio,Enlace Integral
/listing/agencia-de-relaciones-publicas-edelman/,/rankings/agencias-relaciones-publicas-mexico/,ficha del directorio,Edelman
/listing/agencia-de-relaciones-publicas-ebeaconcommunication/,/rankings/agencias-relaciones-publicas-mexico/,ficha del directorio,eBeaconCommunication
/listing/agencia-de-relaciones-publicas-dickins-y-asociados/,/rankings/agencias-relaciones-publicas-mexico/,ficha del directorio,Dickins &#038; Asociados
/listing/agencia-de-relaciones-publicas-cohn-y-wolfe-mexico/,/rankings/agencias-relaciones-publicas-mexico/,ficha del directorio,Cohn &#038; Wolfe Mexico
/listing/agencia-de-relaciones-publicas-bluemind-creative-works/,/rankings/agencias-relaciones-publicas-mexico/,ficha del directorio,BlueMind Creative Works
/listing/agencia-de-relaciones-publicas-audacia-comunicacion/,/rankings/agencias-relaciones-publicas-mexico/,ficha del directorio,Audacia Comunicación
/listing/agencia-de-relaciones-publicas-atelier/,/rankings/agencias-relaciones-publicas-mexico/,ficha del directorio,Atelier
/listing/agencia-de-relaciones-publicas-arvizu/,/rankings/agencias-relaciones-publicas-mexico/,ficha del directorio,Arvizu
/listing/agencia-de-relaciones-publicas-alterpraxis/,/rankings/agencias-relaciones-publicas-mexico/,ficha del directorio,Alterpraxis
/listing/agencia-de-relaciones-publicas-aldebaran-comunicacion/,/rankings/agencias-relaciones-publicas-mexico/,ficha del directorio,Aldebarán Comunicación
/listing/agencia-de-relaciones-publicas-ache-entretenimiento/,/rankings/agencias-relaciones-publicas-mexico/,ficha del directorio,Ache Entretenimiento
/listing/agencia-de-recursos-humanos-suplementos-corporativos/,/rankings/agencias-inbound-marketing-mexico/,ficha del directorio,Suplementos Corporativos
/listing/agencia-de-recursos-humanos-staffing-personal/,/rankings/agencias-inbound-marketing-mexico/,ficha del directorio,Staffing Personal
/listing/agencia-de-recursos-humanos-rolling-personnel/,/rankings/agencias-inbound-marketing-mexico/,ficha del directorio,Rolling Personnel
/listing/agencia-de-recursos-humanos-red-ring/,/rankings/agencias-inbound-marketing-mexico/,ficha del directorio,Red Ring
/listing/agencia-de-recursos-humanos-randstad/,/rankings/productoras-de-eventos-mexico/,ficha del directorio,Randstad
/listing/agencia-de-recursos-humanos-people-value/,/rankings/agencias-inbound-marketing-mexico/,ficha del directorio,People Value
/listing/agencia-de-recursos-humanos-mexidooro-internacional/,/rankings/agencias-inbound-marketing-mexico/,ficha del directorio,Mexidooro Internacional
/listing/agencia-de-recursos-humanos-mercury-data/,/rankings/agencias-inbound-marketing-mexico/,ficha del directorio,Mercury Data
/listing/agencia-de-recursos-humanos-ips/,/rankings/agencias-inbound-marketing-mexico/,ficha del directorio,IPS
/listing/agencia-de-recursos-humanos-human-sourcing/,/rankings/productoras-de-eventos-mexico/,ficha del directorio,HUMA-N Sourcing
/listing/agencia-de-recursos-humanos-human-kind/,/rankings/agencias-inbound-marketing-mexico/,ficha del directorio,Human Kind
/listing/agencia-de-recursos-humanos-human-dynamics-bureau/,/rankings/agencias-inbound-marketing-mexico/,ficha del directorio,Human Dynamics Bureau
/listing/agencia-de-recursos-humanos-hm-consultores/,/rankings/agencias-de-marketing-mexico/,ficha del directorio,HM Consultores
/listing/agencia-de-recursos-humanos-great-team/,/rankings/productoras-de-eventos-mexico/,ficha del directorio,GREAT TEAM
/listing/agencia-de-recursos-humanos-direccion-humana/,/rankings/agencias-inbound-marketing-mexico/,ficha del directorio,Dirección Humana
/listing/agencia-de-recursos-humanos-delta-middle-management/,/rankings/agencias-de-medios-mexico/,ficha del directorio,Delta Middle Management
/listing/agencia-de-recursos-humanos-corporativo-yebiah/,/rankings/agencias-inbound-marketing-mexico/,ficha del directorio,Corporativo Yebiah
/listing/agencia-de-recursos-humanos-cm-talent-y-development/,/rankings/productoras-de-eventos-mexico/,ficha del directorio,CM Talent &#038; Development
/listing/agencia-de-publicidad-farmaceutica-timspa/,/rankings/agencias-investigacion-de-mercados-mexico/,ficha del directorio,Timspa
/listing/agencia-de-publicidad-farmaceutica-el-taller-de-las-ideas/,/rankings/agencias-inbound-marketing-mexico/,ficha del directorio,El Taller de las Ideas
/listing/agencia-de-publicidad-farmaceutica-queruva/,/rankings/agencias-inbound-marketing-mexico/,ficha del directorio,Queruva
/listing/agencia-de-publicidad-farmaceutica-punto-pen/,/rankings/agencias-de-medios-mexico/,ficha del directorio,Punto Pen
/listing/agencia-de-publicidad-farmaceutica-medicacf/,/rankings/agencias-de-medios-mexico/,ficha del directorio,Medicacf
/listing/agencia-de-publicidad-farmaceutica-marketing-latino/,/rankings/agencias-de-marketing-mexico/,ficha del directorio,Marketing Latino
/listing/agencia-de-publicidad-farmaceutica-ifloat-mexico/,/rankings/agencias-de-medios-mexico/,ficha del directorio,iFloat México
/listing/agencia-de-publicidad-farmaceutica-designing-advertising/,/rankings/estudios-diseno-branding-mexico/,ficha del directorio,Designing Advertising
/listing/agencia-de-publicidad-farmaceutica-cdyp-concepto-diseno-y-publicidad/,/rankings/estudios-diseno-branding-mexico/,ficha del directorio,"CD&#038;P. CONCEPTO, DISEÑO Y PUBLICIDAD"
/listing/agencia-de-publicidad-farmaceutica-carlos-ascobereta-publicidad/,/rankings/agencias-inbound-marketing-mexico/,ficha del directorio,Carlos Ascobereta Publicidad
/listing/agencia-de-publicidad-farmaceutica-baktun-13-comunicacion/,/rankings/agencias-de-marketing-mexico/,ficha del directorio,baktun 13 comunicación
/listing/agencia-de-publicidad-farmaceutica-asterisco-healthcare-communications/,/rankings/agencias-inbound-marketing-mexico/,ficha del directorio,Asterisco healthcare communications
/listing/agencia-de-publicidad-farmaceutica-asesores-en-prensa-y-comunicacion/,/rankings/agencias-relaciones-publicas-mexico/,ficha del directorio,Asesores en Prensa y Comunicación
/listing/agencia-de-publicidad-farmaceutica-adacosta/,/rankings/agencias-inbound-marketing-mexico/,ficha del directorio,AD/Acosta
/listing/agencia-de-publicidad-exterior-wachovia/,/rankings/empresas-publicidad-exterior-mexico/,ficha del directorio,Wachovia
/listing/agencia-de-publicidad-exterior-vendor/,/rankings/empresas-publicidad-exterior-mexico/,ficha del directorio,Vendor
/listing/agencia-de-publicidad-exterior-vanguardia-publicitaria/,/rankings/empresas-publicidad-exterior-mexico/,ficha del directorio,Vanguardia Publicitaria
/listing/agencia-de-publicidad-exterior-strada-publicidad/,/rankings/empresas-publicidad-exterior-mexico/,ficha del directorio,Strada Publicidad
/listing/agencia-de-publicidad-exterior-grupo-atm/,/rankings/empresas-publicidad-exterior-mexico/,ficha del directorio,grupo ATM
/listing/agencia-de-publicidad-exterior-publisitios/,/rankings/empresas-publicidad-exterior-mexico/,ficha del directorio,PubliSitios
/listing/agencia-de-publicidad-exterior-publicarteleras/,/rankings/empresas-publicidad-exterior-mexico/,ficha del directorio,publicarteleras
/listing/agencia-de-publicidad-exterior-pm-on-street/,/rankings/empresas-publicidad-exterior-mexico/,ficha del directorio,pm on street
/listing/agencia-de-publicidad-exterior-mepexsa/,/rankings/empresas-publicidad-exterior-mexico/,ficha del directorio,Mepexsa
/listing/agencia-de-publicidad-exterior-medios-populares/,/rankings/agencias-de-medios-mexico/,ficha del directorio,Medios Populares
/listing/agencia-de-publicidad-exterior-marcavision/,/rankings/empresas-publicidad-exterior-mexico/,ficha del directorio,Marcavisión
/listing/agencia-de-publicidad-exterior-ledies/,/rankings/empresas-publicidad-exterior-mexico/,ficha del directorio,Ledies
/listing/agencia-de-publicidad-exterior-publicidad-exterior-lagunas/,/rankings/empresas-publicidad-exterior-mexico/,ficha del directorio,publicidad exterior lagunas
/listing/agencia-de-publicidad-exterior-isa-corporativo/,/rankings/empresas-publicidad-exterior-mexico/,ficha del directorio,Isa Corporativo
/listing/agencia-de-publicidad-exterior-grupo-imu/,/rankings/empresas-publicidad-exterior-mexico/,ficha del directorio,Grupo IMU
/listing/agencia-de-publicidad-exterior-impacto-capital/,/rankings/empresas-publicidad-exterior-mexico/,ficha del directorio,Impacto Capital
/listing/agencia-de-publicidad-exterior-grupo-rentable/,/rankings/empresas-publicidad-exterior-mexico/,ficha del directorio,Grupo Rentable
/listing/agencia-de-publicidad-exterior-cencom/,/rankings/empresas-publicidad-exterior-mexico/,ficha del directorio,CENCOM
/listing/agencia-de-publicidad-exterior-clear-channel/,/rankings/empresas-publicidad-exterior-mexico/,ficha del directorio,Clear Channel
/listing/agencia-de-publicidad-exterior-5m2/,/rankings/empresas-publicidad-exterior-mexico/,ficha del directorio,5M2
/listing/agencia-de-publicidad-exterior-casa-publicidad-y-asociados/,/rankings/empresas-publicidad-exterior-mexico/,ficha del directorio,Casa Publicidad y Asociados
/listing/agencia-de-publicidad-exterior-cartelerascom/,/rankings/empresas-publicidad-exterior-mexico/,ficha del directorio,carteleras.com
/listing/agencia-de-publicidad-exterior-cadpro-vallas-moviles/,/rankings/empresas-publicidad-exterior-mexico/,ficha del directorio,CADPRO Vallas Móviles
/listing/agencia-de-publicidad-exterior-actives-btl/,/rankings/empresas-publicidad-exterior-mexico/,ficha del directorio,Actives BTL
/listing/agencia-de-publicidad-zoo/,/rankings/agencias-inbound-marketing-mexico/,ficha del directorio,Zoo
/listing/agencia-de-publicidad-zeta-publicidad/,/rankings/productoras-de-eventos-mexico/,ficha del directorio,Zeta Publicidad
/listing/agencia-de-publicidad-zaga-consulting/,/rankings/agencias-inbound-marketing-mexico/,ficha del directorio,Zaga Consulting
/listing/agencia-de-publicidad-young-y-rubicam/,/rankings/agencias-inbound-marketing-mexico/,ficha del directorio,Young &#038; Rubicam
/listing/agencia-de-publicidad-xpand-marketing-group/,/rankings/agencias-de-marketing-mexico/,ficha del directorio,Xpand Marketing Group
/listing/agencia-de-publicidad-wunderman-mexico/,/rankings/agencias-inbound-marketing-mexico/,ficha del directorio,Wunderman México
/listing/agencia-de-publicidad-agency-world-services/,/rankings/agencias-inbound-marketing-mexico/,ficha del directorio,Agency World Services
/listing/agencia-de-publicidad-w-marketing/,/rankings/agencias-de-marketing-mexico/,ficha del directorio,W Marketing
/listing/agencia-de-publicidad-ar-weitzner-y-asociados/,/rankings/agencias-inbound-marketing-mexico/,ficha del directorio,A.R. Weitzner &#038; Asociados
/listing/agencia-de-publicidad-w-comunicacion/,/rankings/agencias-de-marketing-mexico/,ficha del directorio,W Comunicación
/listing/agencia-de-publicidad-w360/,/rankings/agencias-de-marketing-mexico/,ficha del directorio,W360°
/listing/agencia-de-publicidad-vux/,/rankings/agencias-de-medios-mexico/,ficha del directorio,VUX
/listing/agencia-de-publicidad-visual-latina/,/rankings/agencias-inbound-marketing-mexico/,ficha del directorio,Visual Latina
/listing/agencia-de-publicidad-grupo-vale-euro-rscg/,/rankings/agencias-inbound-marketing-mexico/,ficha del directorio,Grupo Vale Euro RSCG
/listing/agencia-de-publicidad-tovar-mina-y-asociados/,/rankings/agencias-inbound-marketing-mexico/,ficha del directorio,Tovar Mina y Asociados
/listing/agencia-de-publicidad-todolocontrario/,/rankings/agencias-inbound-marketing-mexico/,ficha del directorio,Todolocontrario
/listing/agencia-de-publicidad-titan-mexico/,/rankings/agencias-de-medios-mexico/,ficha del directorio,Titán Mexico
/listing/agencia-de-publicidad-teran-tbwa/,/rankings/agencias-de-medios-mexico/,ficha del directorio,Terán TBWA
/listing/agencia-de-publicidad-target-gbm/,/rankings/agencias-investigacion-de-mercados-mexico/,ficha del directorio,Target GBM
/listing/agencia-de-publicidad-tanquegroup/,/rankings/agencias-de-medios-mexico/,ficha del directorio,Tanquegroup
/listing/agencia-de-publicidad-synapsis-de-mexico/,/rankings/agencias-inbound-marketing-mexico/,ficha del directorio,Synapsis de México
/listing/agencia-de-publicidad-starbrands/,/rankings/agencias-inbound-marketing-mexico/,ficha del directorio,Starbrands
/listing/agencia-de-publicidad-sprim/,/rankings/agencias-inbound-marketing-mexico/,ficha del directorio,SPRIM
/listing/agencia-de-publicidad-spot-lite-sa-de-cv/,/rankings/agencias-inbound-marketing-mexico/,ficha del directorio,Spot Lite SA de CV
/listing/agencia-de-publicidad-spora-publicidad-y-diseno-grafico/,/rankings/proveedores-pop-promocionales-mexico/,ficha del directorio,Spora Publicidad &#038; Diseño Gráfico
/listing/agencia-de-publicidad-sparkling/,/rankings/agencias-inbound-marketing-mexico/,ficha del directorio,Sparkling
/listing/agencia-de-publicidad-slogan-publicidad/,/rankings/agencias-inbound-marketing-mexico/,ficha del directorio,Slogan Publicidad
/listing/agencia-de-publicidad-silverlight-cbs/,/rankings/agencias-inbound-marketing-mexico/,ficha del directorio,Silverlight CBS
/listing/agencia-de-publicidad-seis-grados/,/rankings/agencias-inbound-marketing-mexico/,ficha del directorio,Seis grados
/listing/agencia-de-publicidad-sbtl/,/rankings/agencias-btl-promotoria-mexico/,ficha del directorio,SBTL
/listing/agencia-de-publicidad-nazca-saatchi-y-saatchi/,/rankings/agencias-inbound-marketing-mexico/,ficha del directorio,Nazca Saatchi &#038; Saatchi
/listing/agencia-de-publicidad-resolucion-pixel/,/rankings/casas-productoras-mexico/,ficha del directorio,Resolucion Pixel
/listing/agencia-de-publicidad-el-recreo-comunicacion/,/rankings/agencias-de-marketing-mexico/,ficha del directorio,El Recreo comunicación
/listing/agencia-de-publicidad-pw-agency/,/rankings/agencias-inbound-marketing-mexico/,ficha del directorio,pw agency
/listing/agencia-de-publicidad-publycity/,/rankings/agencias-inbound-marketing-mexico/,ficha del directorio,Publycity
/listing/agencia-de-publicidad-publicis-mexico/,/rankings/agencias-inbound-marketing-mexico/,ficha del directorio,Publicis Mexico
/listing/agencia-de-publicidad-publicidad-global-mexico/,/rankings/agencias-inbound-marketing-mexico/,ficha del directorio,Publicidad Global Mexico
/listing/agencia-de-publicidad-proyecta-publicidad/,/rankings/agencias-inbound-marketing-mexico/,ficha del directorio,Proyecta Publicidad
/listing/agencia-de-publicidad-proyecta-live-brand/,/rankings/agencias-inbound-marketing-mexico/,ficha del directorio,proyecta live brand
/listing/agencia-de-publicidad-promo-express/,/rankings/agencias-btl-promotoria-mexico/,ficha del directorio,Promo express
/listing/agencia-de-publicidad-promarket/,/rankings/agencias-inbound-marketing-mexico/,ficha del directorio,Promarket
/listing/agencia-de-publicidad-primitivo-publicidad/,/rankings/agencias-inbound-marketing-mexico/,ficha del directorio,Primitivo Publicidad
/listing/agencia-de-publicidad-postermedia/,/rankings/agencias-de-medios-mexico/,ficha del directorio,Postermedia
/listing/agencia-de-publicidad-pool-creativo/,/rankings/estudios-diseno-branding-mexico/,ficha del directorio,Pool Creativo
/listing/agencia-de-publicidad-pico-adworks/,/rankings/agencias-inbound-marketing-mexico/,ficha del directorio,Pico Adworks
/listing/agencia-de-publicidad-phi-comunicaciones/,/rankings/agencias-de-marketing-mexico/,ficha del directorio,PHI Comunicaciones
/listing/agencia-de-publicidad-pgiovascom/,/rankings/agencias-inbound-marketing-mexico/,ficha del directorio,PGIOVAS.COM
/listing/agencia-de-publicidad-perspectiva-cym/,/rankings/agencias-inbound-marketing-mexico/,ficha del directorio,Perspectiva C&#038;M
/listing/agencia-de-publicidad-panacea-comunicacion/,/rankings/agencias-de-marketing-mexico/,ficha del directorio,Panacea Comunicación
/listing/agencia-de-publicidad-ophium/,/rankings/agencias-inbound-marketing-mexico/,ficha del directorio,OPHIUM
/listing/agencia-de-publicidad-on-cue/,/rankings/agencias-inbound-marketing-mexico/,ficha del directorio,On Cue
/listing/agencia-de-publicidad-olabuenaga-chemistri/,/rankings/agencias-inbound-marketing-mexico/,ficha del directorio,Olabuenaga Chemistri
/listing/agencia-de-publicidad-ogilvy-y-mather/,/rankings/agencias-investigacion-de-mercados-mexico/,ficha del directorio,Ogilvy &#038; Mather
/listing/agencia-de-publicidad-nucleo-publicidad/,/rankings/agencias-inbound-marketing-mexico/,ficha del directorio,Nucleo Publicidad
/listing/agencia-de-publicidad-ninja/,/rankings/agencias-inbound-marketing-mexico/,ficha del directorio,NINJA*
/listing/agencia-de-publicidad-neutech/,/rankings/agencias-inbound-marketing-mexico/,ficha del directorio,Neutech
/listing/agencia-de-publicidad-la-agencia/,/rankings/agencias-inbound-marketing-mexico/,ficha del directorio,La Agencia
/listing/agencia-de-publicidad-martinez-fresan/,/rankings/agencias-inbound-marketing-mexico/,ficha del directorio,Martínez Fresán
/listing/agencia-de-publicidad-montenegro-comunicacion/,/rankings/agencias-de-marketing-mexico/,ficha del directorio,Montenegro comunicación
/listing/agencia-de-publicidad-moller-comunicacion-de-marcas/,/rankings/estudios-diseno-branding-mexico/,ficha del directorio,Möller Comunicación de Marcas
/listing/agencia-de-publicidad-medellin-publicistas/,/rankings/agencias-inbound-marketing-mexico/,ficha del directorio,MEDELLÍN Publicistas
/listing/agencia-de-publicidad-mccann-worldgroup/,/rankings/agencias-inbound-marketing-mexico/,ficha del directorio,McCann Worldgroup
/listing/agencia-de-publicidad-marioni/,/rankings/agencias-inbound-marketing-mexico/,ficha del directorio,Marioni
/listing/agencia-de-publicidad-mala-conducta/,/rankings/agencias-inbound-marketing-mexico/,ficha del directorio,Mala Conducta
/listing/agencia-de-publicidad-magnus-mccoy/,/rankings/agencias-inbound-marketing-mexico/,ficha del directorio,Magnus McCoy
/listing/agencia-de-publicidad-lowe/,/rankings/agencias-inbound-marketing-mexico/,ficha del directorio,Lowe
/listing/agencia-de-publicidad-leo-burnett-mexico/,/rankings/agencias-inbound-marketing-mexico/,ficha del directorio,Leo Burnett México
/listing/agencia-de-publicidad-lebrija-rubio-publicidad/,/rankings/agencias-inbound-marketing-mexico/,ficha del directorio,"Lebrija, Rubio Publicidad"
/listing/agencia-de-publicidad-la-fraternidad/,/rankings/agencias-de-medios-mexico/,ficha del directorio,La Fraternidad
/listing/agencia-de-publicidad-la-doble-vida/,/rankings/agencias-inbound-marketing-mexico/,ficha del directorio,La doble vida
/listing/agencia-de-publicidad-la-despensa/,/rankings/agencias-inbound-marketing-mexico/,ficha del directorio,La Despensa
/listing/agencia-de-publicidad-jwt-mexico/,/rankings/agencias-inbound-marketing-mexico/,ficha del directorio,JWT Mexico
/listing/agencia-de-publicidad-grupo-inventiva/,/rankings/agencias-inbound-marketing-mexico/,ficha del directorio,Grupo Inventiva
/listing/agencia-de-publicidad-in-situ-publicidad/,/rankings/agencias-inbound-marketing-mexico/,ficha del directorio,In Situ Publicidad
/listing/agencia-de-publicidad-inmotion-productions/,/rankings/agencias-inbound-marketing-mexico/,ficha del directorio,Inmotion Productions
/listing/agencia-de-publicidad-increapublicidad/,/rankings/agencias-investigacion-de-mercados-mexico/,ficha del directorio,increapublicidad
/listing/agencia-de-publicidad-imagic-group/,/rankings/agencias-inbound-marketing-mexico/,ficha del directorio,Imagic Group
/listing/agencia-de-publicidad-imagogenia/,/rankings/agencias-inbound-marketing-mexico/,ficha del directorio,Imagogenia
/listing/agencia-de-publicidad-ike/,/rankings/agencias-inbound-marketing-mexico/,ficha del directorio,IKÉ?
/listing/agencia-de-publicidad-haz-comunicacion/,/rankings/agencias-de-marketing-mexico/,ficha del directorio,Haz Comunicación
/listing/agencia-de-publicidad-havas-worldwide-mexico/,/rankings/agencias-inbound-marketing-mexico/,ficha del directorio,Havas Worldwide México
/listing/agencia-de-publicidad-guru-market/,/rankings/productoras-de-eventos-mexico/,ficha del directorio,Guru Market
/listing/agencia-de-publicidad-grupo-difusion/,/rankings/agencias-de-medios-mexico/,ficha del directorio,Grupo Difusión
/listing/agencia-de-publicidad-grey-global-group-mexico/,/rankings/agencias-inbound-marketing-mexico/,ficha del directorio,Grey Global Group México
/listing/agencia-de-publicidad-gibert/,/rankings/agencias-inbound-marketing-mexico/,ficha del directorio,Gibert
/listing/agencia-de-publicidad-gaudelli-mcw/,/rankings/agencias-inbound-marketing-mexico/,ficha del directorio,Gaudelli MCW
/listing/agencia-de-publicidad-gangagency/,/rankings/agencias-inbound-marketing-mexico/,ficha del directorio,GangAgency
/listing/agencia-de-publicidad-ganem-group/,/rankings/agencias-inbound-marketing-mexico/,ficha del directorio,Ganem Group
/listing/agencia-de-publicidad-frente-btl/,/rankings/agencias-btl-promotoria-mexico/,ficha del directorio,Frente BTL
/listing/agencia-de-publicidad-figallo-comunicaciones/,/rankings/agencias-de-marketing-mexico/,ficha del directorio,Figallo Comunicaciones
/listing/agencia-de-publicidad-grupo-ferrer/,/rankings/agencias-inbound-marketing-mexico/,ficha del directorio,Grupo Ferrer
/listing/agencia-de-publicidad-euro-beker-rscg/,/rankings/productoras-de-eventos-mexico/,ficha del directorio,Euro Beker RSCG
/listing/agencia-de-publicidad-e99-branding/,/rankings/estudios-diseno-branding-mexico/,ficha del directorio,E99 BRANDING
/listing/agencia-de-publicidad-draftfcb/,/rankings/agencias-inbound-marketing-mexico/,ficha del directorio,Draftfcb
/listing/agencia-de-publicidad-dendrita-publicidad/,/rankings/agencias-inbound-marketing-mexico/,ficha del directorio,Dendrita Publicidad
/listing/agencia-de-publicidad-delta-group/,/rankings/agencias-inbound-marketing-mexico/,ficha del directorio,Delta Group
/listing/agencia-de-publicidad-de-haro-publicidad/,/rankings/agencias-inbound-marketing-mexico/,ficha del directorio,De Haro Publicidad
/listing/agencia-de-publicidad-ddb-mexico/,/rankings/agencias-inbound-marketing-mexico/,ficha del directorio,DDB México
/listing/agencia-de-publicidad-dcastrum/,/rankings/agencias-inbound-marketing-mexico/,ficha del directorio,d&#8217;castrum
/listing/agencia-de-publicidad-darwin-ad/,/rankings/agencias-inbound-marketing-mexico/,ficha del directorio,Darwin AD
/listing/agencia-de-publicidad-dada-publicidad/,/rankings/agencias-inbound-marketing-mexico/,ficha del directorio,Dadá Publicidad
/listing/agencia-de-publicidad-crecere-quorum/,/rankings/agencias-inbound-marketing-mexico/,ficha del directorio,Crecere Quorum
/listing/agencia-de-publicidad-creativos-y-co/,/rankings/estudios-diseno-branding-mexico/,ficha del directorio,Creativos &#038; Co.
/listing/agencia-de-publicidad-com-comunicacion-integral/,/rankings/agencias-de-marketing-mexico/,ficha del directorio,Com Comunicación Integral
/listing/agencia-de-publicidad-click-publicidad/,/rankings/agencias-inbound-marketing-mexico/,ficha del directorio,Click Publicidad
/listing/agencia-de-publicidad-clemente-camara-y-asociados/,/rankings/agencias-inbound-marketing-mexico/,ficha del directorio,Clemente Cámara y Asociados
/listing/agencia-de-publicidad-circulo-diseno/,/rankings/estudios-diseno-branding-mexico/,ficha del directorio,Círculo Diseño
/listing/agencia-de-publicidad-chilaquile-btl/,/rankings/agencias-btl-promotoria-mexico/,ficha del directorio,Chilaquile BTL
/listing/agencia-de-publicidad-cheil-mexico/,/rankings/agencias-inbound-marketing-mexico/,ficha del directorio,Cheil México
/listing/agencia-de-publicidad-centro-creativo/,/rankings/estudios-diseno-branding-mexico/,ficha del directorio,Centro Creativo
/listing/agencia-de-publicidad-central-de-ideas/,/rankings/agencias-de-medios-mexico/,ficha del directorio,Central de Ideas
/listing/agencia-de-publicidad-bolivar-cisneros/,/rankings/agencias-relaciones-publicas-mexico/,ficha del directorio,Bolivar Cisneros
/listing/agencia-de-publicidad-bypower/,/rankings/agencias-de-medios-mexico/,ficha del directorio,ByPower
/listing/agencia-de-publicidad-btl-innova/,/rankings/agencias-btl-promotoria-mexico/,ficha del directorio,BTL Innova
/listing/agencia-de-publicidad-bbdo-mexico/,/rankings/agencias-inbound-marketing-mexico/,ficha del directorio,BBDO MÉXICO
/listing/agencia-de-publicidad-barsobea/,/rankings/agencias-inbound-marketing-mexico/,ficha del directorio,Barsobea
/listing/agencia-de-publicidad-banana-btl/,/rankings/agencias-btl-promotoria-mexico/,ficha del directorio,Banana btl
/listing/agencia-de-publicidad-autoconsulting-y-merchandising/,/rankings/agencias-inbound-marketing-mexico/,ficha del directorio,Autoconsulting &#038; Merchandising
/listing/agencia-de-publicidad-arroyo-publicidad/,/rankings/agencias-de-medios-mexico/,ficha del directorio,Arroyo Publicidad
/listing/agencia-de-publicidad-arrechedera-claverol/,/rankings/agencias-inbound-marketing-mexico/,ficha del directorio,Arrechedera Claverol
/listing/agencia-de-publicidad-archer-troy/,/rankings/agencias-inbound-marketing-mexico/,ficha del directorio,Archer Troy
/listing/agencia-de-publicidad-anonimo/,/rankings/agencias-inbound-marketing-mexico/,ficha del directorio,anónimo
/listing/agencia-de-publicidad-amk-healthcare/,/rankings/agencias-inbound-marketing-mexico/,ficha del directorio,AMK Healthcare
/listing/agencia-de-publicidad-apositivo/,/rankings/agencias-inbound-marketing-mexico/,ficha del directorio,a+positivo
/listing/agencia-de-publicidad-alx-design/,/rankings/estudios-diseno-branding-mexico/,ficha del directorio,Alx Design
/listing/agencia-de-publicidad-alvarado-molina/,/rankings/agencias-inbound-marketing-mexico/,ficha del directorio,Alvarado Molina
/listing/agencia-de-publicidad-alex-design/,/rankings/estudios-diseno-branding-mexico/,ficha del directorio,Alex Design
/listing/agencia-de-publicidad-alazraki-y-asociados/,/rankings/casas-productoras-mexico/,ficha del directorio,Alazraki y Asociados
/listing/agencia-de-publicidad-agencia-vainilla/,/rankings/agencias-inbound-marketing-mexico/,ficha del directorio,Agencia Vainilla
/listing/agencia-de-publicidad-augusto-elias/,/rankings/agencias-inbound-marketing-mexico/,ficha del directorio,Augusto Elías
/listing/agencia-de-publicidad-ad-livitum/,/rankings/agencias-inbound-marketing-mexico/,ficha del directorio,Ad Livitum
/listing/agencia-de-publicidad-addivina/,/rankings/agencias-inbound-marketing-mexico/,ficha del directorio,Addivina
/listing/agencia-de-publicidad-adcafe-publicidad/,/rankings/agencias-inbound-marketing-mexico/,ficha del directorio,adcafe publicidad
/listing/agencia-de-publicidad-accse-accion-social-empresarial/,/rankings/agencias-inbound-marketing-mexico/,ficha del directorio,ACCSE &#8211; Acción Social Empresarial
/listing/agencia-de-publicidad-area6/,/rankings/agencias-inbound-marketing-mexico/,ficha del directorio,Area6
/listing/agencia-de-publicidad-64seis-consultores/,/rankings/agencias-de-marketing-mexico/,ficha del directorio,64seis consultores
/listing/agencia-de-publicidad-360btl/,/rankings/agencias-btl-promotoria-mexico/,ficha del directorio,360BTL
/listing/agencia-de-publicidad-021-comunicaciones/,/rankings/agencias-de-marketing-mexico/,ficha del directorio,021 Comunicaciones
/listing/agencia-de-promocion-unlimited-ideas/,/rankings/agencias-btl-promotoria-mexico/,ficha del directorio,Unlimited Ideas
/listing/agencia-de-promocion-topping-ttl/,/rankings/agencias-btl-promotoria-mexico/,ficha del directorio,Topping TTL
/listing/agencia-de-promocion-grupo-todo-promo/,/rankings/agencias-btl-promotoria-mexico/,ficha del directorio,Grupo Todo Promo
/listing/agencia-de-promocion-sp-group/,/rankings/agencias-btl-promotoria-mexico/,ficha del directorio,SP Group
/listing/agencia-de-promocion-sip/,/rankings/agencias-btl-promotoria-mexico/,ficha del directorio,SIP
/listing/agencia-de-promocion-sinergia-xxi/,/rankings/agencias-btl-promotoria-mexico/,ficha del directorio,Sinergia XXI
/listing/agencia-de-promocion-silva-corporativo/,/rankings/agencias-btl-promotoria-mexico/,ficha del directorio,silva corporativo
/listing/agencia-de-promocion-shark-btl/,/rankings/agencias-btl-promotoria-mexico/,ficha del directorio,Shark BTL
/listing/agencia-de-promocion-sepreom/,/rankings/agencias-btl-promotoria-mexico/,ficha del directorio,Sepreom
/listing/agencia-de-promocion-rua-mkt/,/rankings/agencias-btl-promotoria-mexico/,ficha del directorio,RUA mkt
/listing/agencia-de-promocion-ronin7/,/rankings/agencias-btl-promotoria-mexico/,ficha del directorio,RONIN7
/listing/agencia-de-promocion-red-promex/,/rankings/agencias-btl-promotoria-mexico/,ficha del directorio,Red Promex
/listing/agencia-de-promocion-raya2/,/rankings/agencias-btl-promotoria-mexico/,ficha del directorio,Raya2
/listing/agencia-de-promocion-ratpack/,/rankings/agencias-btl-promotoria-mexico/,ficha del directorio,Ratpack
/listing/agencia-de-promocion-protarget/,/rankings/agencias-btl-promotoria-mexico/,ficha del directorio,Protarget
/listing/agencia-de-promocion-proprom/,/rankings/agencias-btl-promotoria-mexico/,ficha del directorio,proprom
/listing/agencia-de-promocion-promotion/,/rankings/agencias-btl-promotoria-mexico/,ficha del directorio,Promotion
/listing/agencia-de-promocion-promolatina/,/rankings/agencias-btl-promotoria-mexico/,ficha del directorio,Promolatina
/listing/agencia-de-promocion-marketing-y-promotion/,/rankings/agencias-btl-promotoria-mexico/,ficha del directorio,Marketing &#038; Promotion
/listing/agencia-de-promocion-promerc/,/rankings/agencias-btl-promotoria-mexico/,ficha del directorio,Promerc
/listing/agencia-de-promocion-promosapiens/,/rankings/agencias-btl-promotoria-mexico/,ficha del directorio,Promosapiens
/listing/agencia-de-promocion-primer-nivel/,/rankings/agencias-btl-promotoria-mexico/,ficha del directorio,Primer Nivel
/listing/agencia-de-promocion-promo-conceptos/,/rankings/agencias-btl-promotoria-mexico/,ficha del directorio,Promo Conceptos
/listing/agencia-de-promocion-payroling/,/rankings/agencias-btl-promotoria-mexico/,ficha del directorio,Payroling
/listing/agencia-de-promocion-pauta-creativa/,/rankings/agencias-btl-promotoria-mexico/,ficha del directorio,Pauta Creativa
/listing/agencia-de-promocion-msprom/,/rankings/agencias-btl-promotoria-mexico/,ficha del directorio,MS-Prom
/listing/agencia-de-promocion-mp-marketing-group/,/rankings/agencias-btl-promotoria-mexico/,ficha del directorio,MP Marketing Group
/listing/agencia-de-promocion-mercalogic/,/rankings/agencias-btl-promotoria-mexico/,ficha del directorio,Mercalogic
/listing/agencia-de-promocion-menta-producciones/,/rankings/casas-productoras-mexico/,ficha del directorio,Menta Producciones
/listing/agencia-de-promocion-market-pro-lideres-de-mercado/,/rankings/agencias-btl-promotoria-mexico/,ficha del directorio,Market Pro Líderes de Mercado
/listing/agencia-de-promocion-grupo-interlinks/,/rankings/agencias-btl-promotoria-mexico/,ficha del directorio,Grupo Interlinks
/listing/agencia-de-promocion-inteligencia-avanzada/,/rankings/agencias-btl-promotoria-mexico/,ficha del directorio,Inteligencia Avanzada
/listing/agencia-de-promocion-integra-mercadotecnia-y-promocion/,/rankings/agencias-btl-promotoria-mexico/,ficha del directorio,Integra Mercadotecnia &#038; Promoción
/listing/agencia-de-promocion-ifahto/,/rankings/agencias-btl-promotoria-mexico/,ficha del directorio,IFAHTO
/listing/agencia-de-promocion-grupo-sur-promociones/,/rankings/agencias-btl-promotoria-mexico/,ficha del directorio,Grupo Sur Promociones
/listing/agencia-de-promocion-grupo-top/,/rankings/agencias-btl-promotoria-mexico/,ficha del directorio,Grupo Top
/listing/agencia-de-promocion-integramerk/,/rankings/agencias-btl-promotoria-mexico/,ficha del directorio,Integramerk
/listing/agencia-de-promocion-grupo-cepron/,/rankings/agencias-btl-promotoria-mexico/,ficha del directorio,Grupo CePron
/listing/agencia-de-promocion-glow-y-grow/,/rankings/agencias-btl-promotoria-mexico/,ficha del directorio,GLOW &#038; GROW
/listing/agencia-de-promocion-grupo-cosmic/,/rankings/agencias-btl-promotoria-mexico/,ficha del directorio,Grupo COSMIC
/listing/agencia-de-promocion-gap/,/rankings/agencias-btl-promotoria-mexico/,ficha del directorio,GAP
/listing/agencia-de-promocion-expresa/,/rankings/agencias-btl-promotoria-mexico/,ficha del directorio,Expresa
/listing/agencia-de-promocion-engloba/,/rankings/agencias-btl-promotoria-mexico/,ficha del directorio,Engloba
/listing/agencia-de-promocion-enfoque-creativo/,/rankings/agencias-btl-promotoria-mexico/,ficha del directorio,Enfoque Creativo
/listing/agencia-de-promocion-ejecutando-ideas/,/rankings/agencias-btl-promotoria-mexico/,ficha del directorio,Ejecutando Ideas
/listing/agencia-de-promocion-dinamerc/,/rankings/agencias-btl-promotoria-mexico/,ficha del directorio,Dinamerc
/listing/agencia-de-promocion-dinamica-en-mercadotecnia/,/rankings/agencias-btl-promotoria-mexico/,ficha del directorio,Dinámica en Mercadotecnia
/listing/agencia-de-promocion-grupo-ctp/,/rankings/agencias-btl-promotoria-mexico/,ficha del directorio,Grupo CTP
/listing/agencia-de-promocion-grupo-creatica/,/rankings/agencias-btl-promotoria-mexico/,ficha del directorio,Grupo Creatica
/listing/agencia-de-promocion-corporativo-pedrote/,/rankings/agencias-btl-promotoria-mexico/,ficha del directorio,Corporativo Pedrote
/listing/agencia-de-promocion-circus-marketing/,/rankings/agencias-btl-promotoria-mexico/,ficha del directorio,Circus Marketing
/listing/agencia-de-promocion-cartepsa/,/rankings/agencias-btl-promotoria-mexico/,ficha del directorio,Cartepsa
/listing/agencia-de-promocion-brand-promotion/,/rankings/agencias-btl-promotoria-mexico/,ficha del directorio,Brand Promotion
/listing/agencia-de-promocion-biruzz/,/rankings/agencias-btl-promotoria-mexico/,ficha del directorio,Biruzz
/listing/agencia-de-promocion-bilou-btl/,/rankings/agencias-btl-promotoria-mexico/,ficha del directorio,Bilou BTL
/listing/agencia-de-promocion-business-insight-group/,/rankings/agencias-btl-promotoria-mexico/,ficha del directorio,Business Insight Group
/listing/agencia-de-promocion-grupo-bahlcasa/,/rankings/agencias-btl-promotoria-mexico/,ficha del directorio,GRUPO BAHLCASA
/listing/agencia-de-promocion-art-kingdom/,/rankings/agencias-btl-promotoria-mexico/,ficha del directorio,Art Kingdom
/listing/agencia-de-promocion-alterna-dinamica-btl/,/rankings/agencias-btl-promotoria-mexico/,ficha del directorio,Alterna Dinámica BTL
/listing/agencia-de-promocion-advertising-and-promotion/,/rankings/agencias-btl-promotoria-mexico/,ficha del directorio,Advertising and Promotion
/listing/agencia-de-modelos-voala-models/,/rankings/productoras-de-eventos-mexico/,ficha del directorio,Voala Models
/listing/agencia-de-modelos-tandem-modelos/,/rankings/productoras-de-eventos-mexico/,ficha del directorio,Tandem Modelos
/listing/agencia-de-modelos-modelsite/,/rankings/productoras-de-eventos-mexico/,ficha del directorio,ModelSite
/listing/agencia-de-modelos-look-models-mexico/,/rankings/productoras-de-eventos-mexico/,ficha del directorio,look models México
/listing/agencia-de-modelos-lmnts-promotions/,/rankings/productoras-de-eventos-mexico/,ficha del directorio,LMNTS Promotions
/listing/agencia-de-modelos-id-corporativo/,/rankings/productoras-de-eventos-mexico/,ficha del directorio,ID Corporativo
/listing/agencia-de-modelos-gli-attori-casting/,/rankings/productoras-de-eventos-mexico/,ficha del directorio,Gli Attori Casting
/listing/agencia-de-modelos-gamodels/,/rankings/productoras-de-eventos-mexico/,ficha del directorio,GaModels
/listing/agencia-de-modelos-eventa/,/rankings/productoras-de-eventos-mexico/,ficha del directorio,Eventa
/listing/agencia-de-modelos-eleganza/,/rankings/productoras-de-eventos-mexico/,ficha del directorio,Eleganza
/listing/agencia-de-modelos-conceptos-mexico/,/rankings/productoras-de-eventos-mexico/,ficha del directorio,Conceptos México
/listing/agencia-de-modelos-captura-models/,/rankings/productoras-de-eventos-mexico/,ficha del directorio,Captura Models
/listing/agencia-de-modelos-bravo-model/,/rankings/productoras-de-eventos-mexico/,ficha del directorio,Bravo! Model
/listing/agencia-de-modelos-baxt-modelos/,/rankings/productoras-de-eventos-mexico/,ficha del directorio,Baxt Modelos
/listing/agencia-de-modelos-agencia-de-modelos-mexico/,/rankings/productoras-de-eventos-mexico/,ficha del directorio,Agencia de Modelos México
/listing/agencia-de-medios-zenithoptimedia/,/rankings/agencias-de-medios-mexico/,ficha del directorio,Zenithoptimedia
/listing/agencia-de-medios-quiroga-agencia-de-medios/,/rankings/agencias-de-medios-mexico/,ficha del directorio,Quiroga Agencia de Medios
/listing/agencia-de-medios-promosat/,/rankings/agencias-de-medios-mexico/,ficha del directorio,Promosat
/listing/agencia-de-medios-omd-mexico/,/rankings/agencias-de-medios-mexico/,ficha del directorio,OMD México
/listing/agencia-de-medios-nuklear/,/rankings/agencias-de-medios-mexico/,ficha del directorio,Nuklear
/listing/agencia-de-medios-mpg-media/,/rankings/agencias-de-medios-mexico/,ficha del directorio,MPG Media
/listing/agencia-de-medios-medios-masivos-mexicanos/,/rankings/agencias-de-medios-mexico/,ficha del directorio,Medios Masivos Mexicanos
/listing/agencia-de-medios-mediacorp/,/rankings/agencias-de-medios-mexico/,ficha del directorio,MediaCorp
/listing/agencia-de-medios-initiative/,/rankings/agencias-de-medios-mexico/,ficha del directorio,initiative
/listing/agencia-de-marketing-digital-zon-agencia-digital/,/rankings/agencias-inbound-marketing-mexico/,ficha del directorio,Zon Agencia Digital
/listing/agencia-de-marketing-digital-wulf-media/,/rankings/agencias-de-medios-mexico/,ficha del directorio,Wulf Media
/listing/agencia-de-marketing-digital-wsibsns/,/rankings/agencias-inbound-marketing-mexico/,ficha del directorio,WSIBSNS
/listing/agencia-de-marketing-digital-virket/,/rankings/agencias-inbound-marketing-mexico/,ficha del directorio,VirKet
/listing/agencia-de-marketing-digital-trimcode/,/rankings/agencias-inbound-marketing-mexico/,ficha del directorio,Trimcode
/listing/agencia-de-marketing-digital-the-project-agency/,/rankings/agencias-inbound-marketing-mexico/,ficha del directorio,The Project Agency
/listing/agencia-de-marketing-digital-tagcloud/,/rankings/agencias-inbound-marketing-mexico/,ficha del directorio,TagCloud
/listing/agencia-de-marketing-digital-t2o-media-mexico/,/rankings/agencias-de-medios-mexico/,ficha del directorio,T2O media Mexico
/listing/agencia-de-marketing-digital-social-y-web-marketing/,/rankings/agencias-inbound-marketing-mexico/,ficha del directorio,Social &#038; Web Marketing
/listing/agencia-de-marketing-digital-socialmetrix/,/rankings/agencias-inbound-marketing-mexico/,ficha del directorio,Socialmetrix
/listing/agencia-de-marketing-digital-socialand/,/rankings/agencias-inbound-marketing-mexico/,ficha del directorio,Socialand
/listing/agencia-de-marketing-digital-sb-magazine/,/rankings/agencias-inbound-marketing-mexico/,ficha del directorio,Sb Magazine
/listing/agencia-de-marketing-digital-retuit/,/rankings/agencias-inbound-marketing-mexico/,ficha del directorio,retuit
/listing/agencia-de-marketing-digital-resultics/,/rankings/agencias-inbound-marketing-mexico/,ficha del directorio,resultics
/listing/agencia-de-marketing-digital-qark-digital/,/rankings/agencias-inbound-marketing-mexico/,ficha del directorio,Q/ark Digital
/listing/agencia-de-marketing-digital-publiclick/,/rankings/agencias-inbound-marketing-mexico/,ficha del directorio,PubliClick
/listing/agencia-de-marketing-digital-pixart/,/rankings/agencias-inbound-marketing-mexico/,ficha del directorio,Pixart
/listing/agencia-de-marketing-digital-pentagrama/,/rankings/agencias-inbound-marketing-mexico/,ficha del directorio,Pentagrama
/listing/agencia-de-marketing-digital-paxzu/,/rankings/agencias-inbound-marketing-mexico/,ficha del directorio,PAXZU
/listing/agencia-de-marketing-digital-overtake/,/rankings/agencias-inbound-marketing-mexico/,ficha del directorio,Overtake
/listing/agencia-de-marketing-digital-out-of-the-box/,/rankings/agencias-inbound-marketing-mexico/,ficha del directorio,Out of the box
/listing/agencia-de-marketing-digital-orangeline/,/rankings/agencias-inbound-marketing-mexico/,ficha del directorio,Orange.line
/listing/agencia-de-marketing-digital-ontwice-interactive-marketing/,/rankings/agencias-inbound-marketing-mexico/,ficha del directorio,Ontwice Interactive Marketing
/listing/agencia-de-marketing-digital-neo-red/,/rankings/agencias-inbound-marketing-mexico/,ficha del directorio,Neo Red
/listing/agencia-de-marketing-digital-nativo-digital/,/rankings/agencias-inbound-marketing-mexico/,ficha del directorio,Nativo Digital
/listing/agencia-de-marketing-digital-minfinito/,/rankings/agencias-inbound-marketing-mexico/,ficha del directorio,Minfinito
/listing/agencia-de-marketing-digital-metrica-btl-y-digital/,/rankings/agencias-inbound-marketing-mexico/,ficha del directorio,Métrica BTL &#038; Digital
/listing/agencia-de-marketing-digital-merka/,/rankings/agencias-inbound-marketing-mexico/,ficha del directorio,Merka
/listing/agencia-de-marketing-digital-merca-3w/,/rankings/agencias-inbound-marketing-mexico/,ficha del directorio,Merca 3W
/listing/agencia-de-marketing-digital-mediatika/,/rankings/agencias-de-medios-mexico/,ficha del directorio,Mediatika
/listing/agencia-de-marketing-digital-mediasource/,/rankings/agencias-de-medios-mexico/,ficha del directorio,MEDIASOURCE
/listing/agencia-de-marketing-digital-meca/,/rankings/agencias-inbound-marketing-mexico/,ficha del directorio,MECA
/listing/agencia-de-marketing-digital-mboost/,/rankings/agencias-inbound-marketing-mexico/,ficha del directorio,MBoost
/listing/agencia-de-marketing-digital-masoko/,/rankings/agencias-inbound-marketing-mexico/,ficha del directorio,Masoko
/listing/agencia-de-marketing-digital-marnie-agency-mexico/,/rankings/agencias-inbound-marketing-mexico/,ficha del directorio,Marnie Agency México
/listing/agencia-de-marketing-digital-liceadmp/,/rankings/agencias-inbound-marketing-mexico/,ficha del directorio,liceadmp
/listing/agencia-de-marketing-digital-labelium/,/rankings/agencias-inbound-marketing-mexico/,ficha del directorio,labelium
/listing/agencia-de-marketing-digital-konzeppt/,/rankings/agencias-inbound-marketing-mexico/,ficha del directorio,konzeppt
/listing/agencia-de-marketing-digital-klein-und-gross/,/rankings/agencias-inbound-marketing-mexico/,ficha del directorio,Klein und Gross
/listing/agencia-de-marketing-digital-kamikaze-lab/,/rankings/agencias-inbound-marketing-mexico/,ficha del directorio,Kamikaze Lab
/listing/agencia-de-marketing-digital-jetclic/,/rankings/agencias-inbound-marketing-mexico/,ficha del directorio,JetClic
/listing/agencia-de-marketing-digital-interalia/,/rankings/agencias-inbound-marketing-mexico/,ficha del directorio,interalia
/listing/agencia-de-marketing-digital-interactive-art-marketing/,/rankings/agencias-inbound-marketing-mexico/,ficha del directorio,Interactive Art Marketing
/listing/agencia-de-marketing-digital-intempestivo-comunicacion-digital/,/rankings/agencias-inbound-marketing-mexico/,ficha del directorio,Intempestivo Comunicación Digital
/listing/agencia-de-marketing-digital-insistec-web/,/rankings/agencias-inbound-marketing-mexico/,ficha del directorio,Insistec Web
/listing/agencia-de-marketing-digital-icrossing/,/rankings/agencias-inbound-marketing-mexico/,ficha del directorio,iCrossing
/listing/agencia-de-marketing-digital-gloop/,/rankings/agencias-inbound-marketing-mexico/,ficha del directorio,Gloop
/listing/agencia-de-marketing-digital-garritz-online-media/,/rankings/agencias-de-medios-mexico/,ficha del directorio,Garritz Online Media
/listing/agencia-de-marketing-digital-foostudio/,/rankings/agencias-inbound-marketing-mexico/,ficha del directorio,foostudio
/listing/agencia-de-marketing-digital-follow-me-brand/,/rankings/agencias-inbound-marketing-mexico/,ficha del directorio,follow me brand
/listing/agencia-de-marketing-digital-figment/,/rankings/agencias-inbound-marketing-mexico/,ficha del directorio,Figment
/listing/agencia-de-marketing-digital-existes/,/rankings/agencias-inbound-marketing-mexico/,ficha del directorio,E-xistes
/listing/agencia-de-marketing-digital-ensight-mexico/,/rankings/agencias-inbound-marketing-mexico/,ficha del directorio,Ensight México
/listing/agencia-de-marketing-digital-emarketing-total/,/rankings/agencias-inbound-marketing-mexico/,ficha del directorio,eMarketing Total
/listing/agencia-de-marketing-digital-elogia-mexico/,/rankings/agencias-inbound-marketing-mexico/,ficha del directorio,elogia México
/listing/agencia-de-marketing-digital-dm-playbook/,/rankings/agencias-inbound-marketing-mexico/,ficha del directorio,DM Playbook
/listing/agencia-de-marketing-digital-digilant/,/rankings/agencias-inbound-marketing-mexico/,ficha del directorio,DIGILANT
/listing/agencia-de-marketing-digital-cubos-web/,/rankings/agencias-inbound-marketing-mexico/,ficha del directorio,Cubos web
/listing/agencia-de-marketing-digital-crossmedia/,/rankings/agencias-de-medios-mexico/,ficha del directorio,Crossmedia
/listing/agencia-de-marketing-digital-creative-works/,/rankings/agencias-inbound-marketing-mexico/,ficha del directorio,Creative Works
/listing/agencia-de-marketing-digital-coco-marketing/,/rankings/agencias-inbound-marketing-mexico/,ficha del directorio,Coco Marketing
/listing/agencia-de-marketing-digital-cliento/,/rankings/agencias-inbound-marketing-mexico/,ficha del directorio,Cliento
/listing/agencia-de-marketing-digital-clicker-360/,/rankings/agencias-inbound-marketing-mexico/,ficha del directorio,Clicker 360
/listing/agencia-de-marketing-digital-catorce-dias/,/rankings/agencias-inbound-marketing-mexico/,ficha del directorio,Catorce Dias
/listing/agencia-de-marketing-digital-catom/,/rankings/agencias-inbound-marketing-mexico/,ficha del directorio,Cátom
/listing/agencia-de-marketing-digital-carbono/,/rankings/agencias-inbound-marketing-mexico/,ficha del directorio,Carbono
/listing/agencia-de-marketing-digital-brandigital/,/rankings/agencias-inbound-marketing-mexico/,ficha del directorio,Brandigital
/listing/agencia-de-marketing-digital-bnn/,/rankings/agencias-inbound-marketing-mexico/,ficha del directorio,BNN
/listing/agencia-de-marketing-digital-blue-web-marketing/,/rankings/agencias-inbound-marketing-mexico/,ficha del directorio,Blue Web Marketing
/listing/agencia-de-marketing-digital-beleri/,/rankings/agencias-inbound-marketing-mexico/,ficha del directorio,Beleri
/listing/agencia-de-marketing-digital-attaph/,/rankings/agencias-inbound-marketing-mexico/,ficha del directorio,Attaph
/listing/agencia-de-marketing-digital-arena-media/,/rankings/agencias-de-medios-mexico/,ficha del directorio,Arena Media
/listing/agencia-de-marketing-digital-antevenio-mexico/,/rankings/agencias-inbound-marketing-mexico/,ficha del directorio,Antevenio México
/listing/agencia-de-marketing-digital-ainity/,/rankings/agencias-inbound-marketing-mexico/,ficha del directorio,Ainity
/listing/agencia-de-marketing-digital-adssociales/,/rankings/agencias-inbound-marketing-mexico/,ficha del directorio,AdsSociales
/listing/agencia-de-marketing-digital-abaco-digital/,/rankings/agencias-inbound-marketing-mexico/,ficha del directorio,Ábaco Digital
/listing/agencia-de-locutores-tm-locutores/,/rankings/estudios-doblaje-locucion-mexico/,ficha del directorio,TM. Locutores
/listing/agencia-de-locutores-palestino-y-asociados/,/rankings/estudios-doblaje-locucion-mexico/,ficha del directorio,Palestino y Asociados (Spot)
/listing/agencia-de-locutores-ronin-locutores/,/rankings/estudios-doblaje-locucion-mexico/,ficha del directorio,RONIN LOCUTORES
/listing/agencia-de-locutores-produccion-coordinada/,/rankings/estudios-doblaje-locucion-mexico/,ficha del directorio,Producción Coordinada
/listing/agencia-de-locutores-manhattan-beat/,/rankings/estudios-doblaje-locucion-mexico/,ficha del directorio,MANHATTAN BEAT
/listing/agencia-de-locutores-locutorescom/,/rankings/estudios-doblaje-locucion-mexico/,ficha del directorio,Locutores.com
/listing/agencia-de-locutores-la-cuarta-pared/,/rankings/estudios-doblaje-locucion-mexico/,ficha del directorio,La Cuarta Pared
/listing/agencia-de-locutores-fvlocutorescom/,/rankings/estudios-doblaje-locucion-mexico/,ficha del directorio,fvlocutores.com
/listing/agencia-de-locutores-bomberazostv/,/rankings/estudios-doblaje-locucion-mexico/,ficha del directorio,BOMBERAZOS.TV
/listing/agencia-de-locutores-audiomarketing/,/rankings/estudios-doblaje-locucion-mexico/,ficha del directorio,AUDIOMARKETING
/listing/agencia-de-locutores-allegro-publicitario/,/rankings/estudios-doblaje-locucion-mexico/,ficha del directorio,Allegro Publicitario
/listing/agencia-de-imagen-publica-imagen-publica/,/rankings/agencias-de-medios-mexico/,ficha del directorio,Imagen Pública
/listing/agencia-de-imagen-publica-image-design/,/rankings/estudios-diseno-branding-mexico/,ficha del directorio,Image Design
/listing/agencia-de-eventos-zc-eventos-y-publicidad/,/rankings/productoras-de-eventos-mexico/,ficha del directorio,ZC Eventos y Publicidad
/listing/agencia-de-eventos-we-love-party/,/rankings/productoras-de-eventos-mexico/,ficha del directorio,We Love Party
/listing/agencia-de-eventos-eventos-vb/,/rankings/productoras-de-eventos-mexico/,ficha del directorio,Eventos VB
/listing/agencia-de-eventos-synergia-eventos/,/rankings/productoras-de-eventos-mexico/,ficha del directorio,Synergia eventos
/listing/agencia-de-eventos-sync/,/rankings/productoras-de-eventos-mexico/,ficha del directorio,Sync
/listing/agencia-de-eventos-servem/,/rankings/productoras-de-eventos-mexico/,ficha del directorio,Servem
/listing/agencia-de-eventos-punto-eventos/,/rankings/productoras-de-eventos-mexico/,ficha del directorio,Punto eventos
/listing/agencia-de-eventos-pspm/,/rankings/productoras-de-eventos-mexico/,ficha del directorio,PSPM
/listing/agencia-de-eventos-promotion-mexico/,/rankings/agencias-btl-promotoria-mexico/,ficha del directorio,Pro-Motion México
/listing/agencia-de-eventos-premier-meetings/,/rankings/productoras-de-eventos-mexico/,ficha del directorio,Premier Meetings
/listing/agencia-de-eventos-pae-publicidad/,/rankings/productoras-de-eventos-mexico/,ficha del directorio,PAE PUBLICIDAD
/listing/agencia-de-eventos-next-motiv/,/rankings/productoras-de-eventos-mexico/,ficha del directorio,Next Motiv
/listing/agencia-de-eventos-motion-comunicacion/,/rankings/productoras-de-eventos-mexico/,ficha del directorio,Motion Comunicación
/listing/agencia-de-eventos-mh-producciones/,/rankings/casas-productoras-mexico/,ficha del directorio,MH PRODUCCIONES
/listing/agencia-de-eventos-macllam-producciones/,/rankings/casas-productoras-mexico/,ficha del directorio,MACLLAM PRODUCCIONES
/listing/agencia-de-eventos-kuatro-producciones/,/rankings/casas-productoras-mexico/,ficha del directorio,Kuatro Producciones
/listing/agencia-de-eventos-jyj-eventos/,/rankings/productoras-de-eventos-mexico/,ficha del directorio,J&#038;J eventos
/listing/agencia-de-eventos-gurus-creativos/,/rankings/productoras-de-eventos-mexico/,ficha del directorio,Gurús Creativos
/listing/agencia-de-eventos-grupo-nicte/,/rankings/productoras-de-eventos-mexico/,ficha del directorio,Grupo Nicte
/listing/agencia-de-eventos-grupo-probaco/,/rankings/productoras-de-eventos-mexico/,ficha del directorio,GRUPO PROBACO
/listing/agencia-de-eventos-elektro-mood/,/rankings/productoras-de-eventos-mexico/,ficha del directorio,Elektro MOOD
/listing/agencia-de-eventos-design-tecnologia-audiovisual/,/rankings/productoras-de-eventos-mexico/,ficha del directorio,Design Tecnología Audiovisual
/listing/agencia-de-eventos-csf-av-productions/,/rankings/productoras-de-eventos-mexico/,ficha del directorio,CSF AV PRODUCTIONS
/listing/agencia-de-eventos-creatividad/,/rankings/productoras-de-eventos-mexico/,ficha del directorio,Creatividad
/listing/agencia-de-eventos-conferencistas-mexico/,/rankings/productoras-de-eventos-mexico/,ficha del directorio,Conferencistas México
/listing/agencia-de-eventos-conceptual-holding/,/rankings/productoras-de-eventos-mexico/,ficha del directorio,Conceptual Holding
/listing/agencia-de-eventos-blend-producciones/,/rankings/casas-productoras-mexico/,ficha del directorio,Blend Producciones
/listing/agencia-de-diseno-industrial-traktor-lab/,/rankings/estudios-diseno-branding-mexico/,ficha del directorio,Traktor Lab
/listing/agencia-de-comunicacion-y-marketing-la-agencia-viva/,/rankings/agencias-de-marketing-mexico/,ficha del directorio,La Agencia Viva!
/listing/agencia-de-comunicacion-y-marketing-vinter-marketing-vibrations/,/rankings/agencias-de-marketing-mexico/,ficha del directorio,Vinter Marketing Vibrations
/listing/agencia-de-comunicacion-y-marketing-the-jeffrey-group/,/rankings/agencias-de-marketing-mexico/,ficha del directorio,THE JEFFREY GROUP
/listing/agencia-de-comunicacion-y-marketing-teorus/,/rankings/agencias-de-marketing-mexico/,ficha del directorio,TEORUS
/listing/agencia-de-comunicacion-y-marketing-tengo-una-idea/,/rankings/agencias-de-marketing-mexico/,ficha del directorio,Tengo una idea
/listing/agencia-de-comunicacion-y-marketing-tangerine-soul-pr/,/rankings/agencias-relaciones-publicas-mexico/,ficha del directorio,Tangerine Soul P.R.
/listing/agencia-de-comunicacion-y-marketing-t7marketing/,/rankings/agencias-de-marketing-mexico/,ficha del directorio,T7marketing
/listing/agencia-de-comunicacion-y-marketing-spalancati/,/rankings/agencias-de-marketing-mexico/,ficha del directorio,Spalancati
/listing/agencia-de-comunicacion-y-marketing-revolucion0/,/rankings/agencias-de-marketing-mexico/,ficha del directorio,Revolución.0
/listing/agencia-de-comunicacion-y-marketing-random-interactive/,/rankings/agencias-de-marketing-mexico/,ficha del directorio,Random Interactive
/listing/agencia-de-comunicacion-y-marketing-pixel-siete/,/rankings/agencias-de-marketing-mexico/,ficha del directorio,Pixel Siete
/listing/agencia-de-comunicacion-y-marketing-llorente-y-cuenca/,/rankings/agencias-de-marketing-mexico/,ficha del directorio,LLORENTE &#038; CUENCA
/listing/agencia-de-comunicacion-y-marketing-labase/,/rankings/agencias-de-marketing-mexico/,ficha del directorio,Labase
/listing/agencia-de-comunicacion-y-marketing-ion-comunicacion/,/rankings/agencias-de-marketing-mexico/,ficha del directorio,*ion comunicación
/listing/agencia-de-comunicacion-y-marketing-intravox/,/rankings/agencias-de-marketing-mexico/,ficha del directorio,Intravox
/listing/agencia-de-comunicacion-y-marketing-idyllium/,/rankings/agencias-de-marketing-mexico/,ficha del directorio,Idyllium
/listing/agencia-de-comunicacion-y-marketing-hdo-ideas-realidad/,/rankings/agencias-de-marketing-mexico/,ficha del directorio,HDO Ideas Realidad
/listing/agencia-de-comunicacion-y-marketing-grupo-axius/,/rankings/agencias-de-marketing-mexico/,ficha del directorio,Grupo Axius
/listing/agencia-de-comunicacion-y-marketing-godisruptive/,/rankings/agencias-de-marketing-mexico/,ficha del directorio,GODisruptive
/listing/agencia-de-comunicacion-y-marketing-guru-estudio/,/rankings/agencias-de-marketing-mexico/,ficha del directorio,Gurú Estudio
/listing/agencia-de-comunicacion-y-marketing-doubleyou/,/rankings/agencias-de-marketing-mexico/,ficha del directorio,Doubleyou
/listing/agencia-de-comunicacion-y-marketing-contenidos-web/,/rankings/agencias-inbound-marketing-mexico/,ficha del directorio,Contenidos Web
/listing/agencia-de-comunicacion-y-marketing-concepto-total/,/rankings/agencias-de-marketing-mexico/,ficha del directorio,Concepto Total
/listing/agencia-de-comunicacion-y-marketing-cliente-y-medio/,/rankings/agencias-de-marketing-mexico/,ficha del directorio,Cliente &#038; Medio
/listing/agencia-de-comunicacion-y-marketing-central-media/,/rankings/agencias-de-medios-mexico/,ficha del directorio,Central Media
/listing/agencia-de-comunicacion-y-marketing-blue-marketing/,/rankings/agencias-de-marketing-mexico/,ficha del directorio,Blue Marketing
/listing/agencia-de-comunicacion-y-marketing-bbdagency/,/rankings/agencias-de-marketing-mexico/,ficha del directorio,BBDAgency
/listing/agencia-de-comunicacion-y-marketing-agencia-i/,/rankings/agencias-de-marketing-mexico/,ficha del directorio,Agencia i
/listing/agencia-de-comunicacion-y-marketing-abc-digital/,/rankings/agencias-inbound-marketing-mexico/,ficha del directorio,ABC DIGITAL
/listing/agencia-de-capacitacion-ascentium/,/rankings/agencias-inbound-marketing-mexico/,ficha del directorio,Ascentium
/listing/agencia-de-capacitacion-percepcion-e-imagen/,/rankings/agencias-inbound-marketing-mexico/,ficha del directorio,Percepción e Imagen
/listing/agencia-de-capacitacion-evolve/,/rankings/agencias-inbound-marketing-mexico/,ficha del directorio,evolve!
/listing/agencia-de-capacitacion-esther-gurrion-estrategia-y-liderazgo-creativo/,/rankings/estudios-diseno-branding-mexico/,ficha del directorio,Esther Gurrión: Estrategia y liderazgo creativo
/listing/agencia-de-capacitacion-efectus/,/rankings/agencias-inbound-marketing-mexico/,ficha del directorio,Efectus
/listing/agencia-de-capacitacion-alef-consultores/,/rankings/agencias-de-marketing-mexico/,ficha del directorio,Alef Consultores
/listing/agencia-de-capacitacion-achieveglobal/,/rankings/agencias-inbound-marketing-mexico/,ficha del directorio,AchieveGlobal
/listing/agencia-de-capacitacion-acervus/,/rankings/agencias-de-publicidad-mexico/,ficha del directorio,Acervus
/listing/agencia-de-capacitacion-acelerant-consulting-group/,/rankings/agencias-inbound-marketing-mexico/,ficha del directorio,Acelerânt Consulting Group
/listing/agencia-de-capacitacion-acc-consultores/,/rankings/agencias-de-marketing-mexico/,ficha del directorio,ACC Consultores
/listing/quinque-foto-diseno/,/rankings/estudios-diseno-branding-mexico/,ficha del directorio,quinque foto&#038;diseño
/listing/inbound/,/rankings/agencias-inbound-marketing-mexico/,ficha del directorio,Inbound México
/listing/publimedios/,/rankings/agencias-de-medios-mexico/,ficha del directorio,Publimedios
/listing/fernando-arturo-martinez-aguilar/,/rankings/agencias-inbound-marketing-mexico/,ficha del directorio,Fernando Arturo Martínez Aguilar
/listing/estudio-mixi/,/rankings/estudios-diseno-branding-mexico/,ficha del directorio,Estudio Mixi
/listing/publiplaya/,/rankings/agencias-inbound-marketing-mexico/,ficha del directorio,PUBLIPLAYA
/listing/nyksa-print/,/rankings/agencias-inbound-marketing-mexico/,ficha del directorio,NYKSA PRINT
/listing/publi-1000/,/rankings/agencias-inbound-marketing-mexico/,ficha del directorio,PUBLI 1000
/listing/ptm-mx-sa-de-cv/,/rankings/agencias-inbound-marketing-mexico/,ficha del directorio,PTM MX SA DE CV
/listing/records-music/,/rankings/agencias-inbound-marketing-mexico/,ficha del directorio,RECORDS MUSIC
/listing/el-notichero/,/rankings/casas-productoras-mexico/,ficha del directorio,EL NOTICHERO
/listing/led-tec-y-beyond-s-de-rl-de-c-v/,/rankings/agencias-inbound-marketing-mexico/,ficha del directorio,"LED, TEC Y BEYOND S DE RL DE C.V."
/listing/graficos/,/rankings/proveedores-pop-promocionales-mexico/,ficha del directorio,GRAFICOS
/listing/radio-comunicacion-de-mexico/,/rankings/grupos-radiofonicos-mexico/,ficha del directorio,RADIO COMUNICACION DE MEXICO
/listing/go-print/,/rankings/agencias-inbound-marketing-mexico/,ficha del directorio,GO PRINT
/listing/gmb-comunicaciones-sa-de-cv/,/rankings/agencias-de-marketing-mexico/,ficha del directorio,GMB COMUNICACIONES SA DE CV
/listing/inpressit/,/rankings/agencias-inbound-marketing-mexico/,ficha del directorio,INPRESSIT
/listing/eye-publicity/,/rankings/agencias-inbound-marketing-mexico/,ficha del directorio,EYE PUBLICITY
/listing/publicidad-creativa/,/rankings/estudios-diseno-branding-mexico/,ficha del directorio,PUBLICIDAD CREATIVA
/listing/proyectame-publicidad-y-papeleria-s-a-de-c-v/,/rankings/agencias-inbound-marketing-mexico/,ficha del directorio,PROYECTAME PUBLICIDAD Y PAPELERIA S.A. DE C.V.
/listing/imagen-impresa-de-occidente-s-a-de-c-v/,/rankings/proveedores-pop-promocionales-mexico/,ficha del directorio,IMAGEN IMPRESA DE OCCIDENTE S.A. DE C.V.
/listing/crea/,/rankings/agencias-inbound-marketing-mexico/,ficha del directorio,CREA
/listing/imaginaci%c3%b3n-en-arte-visual-sa-de-cv/,/rankings/agencias-inbound-marketing-mexico/,ficha del directorio,IMAGINACIÃ“N EN ARTE VISUAL SA DE CV
/listing/grafinsa-grafica-s-a-de-c-v/,/rankings/proveedores-pop-promocionales-mexico/,ficha del directorio,GRAFINSA GRAFICA S.A. DE C.V.
/listing/espacios-gigantes-s-a-de-c-v/,/rankings/agencias-inbound-marketing-mexico/,ficha del directorio,ESPACIOS GIGANTES S.A DE C.V
/listing/servicios-de-publicidad-y-comunicacion/,/rankings/agencias-de-marketing-mexico/,ficha del directorio,SERVICIOS DE PUBLICIDAD Y COMUNICACION
/listing/agdi-publicidad/,/rankings/agencias-inbound-marketing-mexico/,ficha del directorio,AGDI PUBLICIDAD
/listing/el-circulo-rojo/,/rankings/agencias-inbound-marketing-mexico/,ficha del directorio,EL CIRCULO ROJO
/listing/el-real-de-chihuahua/,/rankings/agencias-inbound-marketing-mexico/,ficha del directorio,EL REAL DE CHIHUAHUA
/listing/profesionales-de-playa-mujeres-sa-de-cv/,/rankings/agencias-inbound-marketing-mexico/,ficha del directorio,PROFESIONALES DE PLAYA MUJERES SA DE CV
/listing/dynamic-displaydd/,/rankings/proveedores-pop-promocionales-mexico/,ficha del directorio,DYNAMIC DISPLAYÂ´DD
/listing/jnn-publicidad-y-buro-de-publicidad-y-dise%c3%b1o/,/rankings/estudios-diseno-branding-mexico/,ficha del directorio,JNN PUBLICIDAD Y BURO DE PUBLICIDAD Y DISEÃ‘O
/listing/grupo-dado/,/rankings/agencias-inbound-marketing-mexico/,ficha del directorio,GRUPO DADO
/listing/dario-del-centro-sa-de-cv/,/rankings/agencias-inbound-marketing-mexico/,ficha del directorio,DARIO DEL CENTRO SA DE CV
/listing/atm-espectaculares-s-a-de-c-v/,/rankings/empresas-publicidad-exterior-mexico/,ficha del directorio,"ATM ESPECTACULARES, S.A. DE C.V."
/listing/sendos/,/rankings/agencias-inbound-marketing-mexico/,ficha del directorio,SENDOS
/listing/el-angel/,/rankings/agencias-inbound-marketing-mexico/,ficha del directorio,EL ANGEL
/listing/contreras-publicidad/,/rankings/agencias-inbound-marketing-mexico/,ficha del directorio,CONTRERAS PUBLICIDAD
/listing/publix/,/rankings/agencias-inbound-marketing-mexico/,ficha del directorio,PUBLIX
/listing/casa-publicidad-y-asociados-s-a-de-c-v/,/rankings/empresas-publicidad-exterior-mexico/,ficha del directorio,"CASA PUBLICIDAD Y ASOCIADOS, S.A. DE C.V."
/listing/inovacion-de-fabricas-de-rl-de-c-v/,/rankings/agencias-inbound-marketing-mexico/,ficha del directorio,INOVACION DE FABRICAS DE RL DE C.V.
/listing/el-horno-de-las-noticias/,/rankings/agencias-inbound-marketing-mexico/,ficha del directorio,EL HORNO DE LAS NOTICIAS
/listing/onilix-s-a-de-c-v/,/rankings/agencias-inbound-marketing-mexico/,ficha del directorio,ONILIX S.A. DE C.V.
/listing/capaco-sa-de-cv/,/rankings/agencias-inbound-marketing-mexico/,ficha del directorio,CAPACO SA DE CV
/listing/sonido-digital-cotzver/,/rankings/agencias-inbound-marketing-mexico/,ficha del directorio,SONIDO DIGITAL COTZVER
/listing/todo-es-politica-noticias-s-a-de-c-v/,/rankings/agencias-inbound-marketing-mexico/,ficha del directorio,TODO ES POLITICA NOTICIAS S.A. DE C.V.
/listing/ideas-publicidad/,/rankings/agencias-inbound-marketing-mexico/,ficha del directorio,IDEAS PUBLICIDAD
/listing/imprenta-siglo-xxv-s-a-de-c-v/,/rankings/proveedores-pop-promocionales-mexico/,ficha del directorio,IMPRENTA SIGLO XXV S.A. DE C.V.
/listing/paranoide/,/rankings/agencias-inbound-marketing-mexico/,ficha del directorio,PARANOIDE
/listing/graphic-lab/,/rankings/agencias-inbound-marketing-mexico/,ficha del directorio,GRAPHIC LAB
/listing/megamovil/,/rankings/agencias-inbound-marketing-mexico/,ficha del directorio,MEGAMOVIL
/listing/creativa/,/rankings/estudios-diseno-branding-mexico/,ficha del directorio,CREATIVA
/listing/servicios-de-publicidad/,/rankings/agencias-inbound-marketing-mexico/,ficha del directorio,SERVICIOS DE PUBLICIDAD
/listing/publicidad-plastivei/,/rankings/agencias-inbound-marketing-mexico/,ficha del directorio,PUBLICIDAD PLASTIVEI
/listing/orlandoz-publicidad/,/rankings/agencias-inbound-marketing-mexico/,ficha del directorio,ORLANDO`Z PUBLICIDAD
/listing/en-vivo-radio-y-tv-sa-de-cv/,/rankings/grupos-radiofonicos-mexico/,ficha del directorio,EN VIVO RADIO Y TV SA DE CV
/listing/grupo-multimedia-la-otra-plana-sa-de-cv/,/rankings/agencias-de-medios-mexico/,ficha del directorio,GRUPO MULTIMEDIA LA OTRA PLANA SA DE CV
/listing/servicios-de-asesoria-y-marketing-de-tamaulipas-sa-de-cv/,/rankings/agencias-de-marketing-mexico/,ficha del directorio,SERVICIOS DE ASESORIA Y MARKETING DE TAMAULIPAS SA DE CV
/listing/pyn-radio-publicidad-s-a-de-c-v/,/rankings/grupos-radiofonicos-mexico/,ficha del directorio,PYN RADIO PUBLICIDAD S.A. DE C.V.
/listing/empresa-de-tecnologia-virtual-sa-de-cv/,/rankings/agencias-inbound-marketing-mexico/,ficha del directorio,EMPRESA DE TECNOLOGIA VIRTUAL SA DE CV
/listing/imagen-empresarial/,/rankings/empresas-publicidad-exterior-mexico/,ficha del directorio,IMAGEN EMPRESARIAL
/listing/alroja-medios-sa-de-cv/,/rankings/agencias-de-medios-mexico/,ficha del directorio,ALROJA MEDIOS SA DE CV
/listing/el-matutino-sa-de-cv/,/rankings/agencias-inbound-marketing-mexico/,ficha del directorio,EL MATUTINO SA DE CV
/listing/comercializadora-copasi-publicidad/,/rankings/agencias-inbound-marketing-mexico/,ficha del directorio,COMERCIALIZADORA COPASI PUBLICIDAD
/listing/webstation-s-a-de-c-v/,/rankings/agencias-inbound-marketing-mexico/,ficha del directorio,WEBSTATION S.A. DE C.V.
/listing/reyes-cano-publicidad-sa-de-cv/,/rankings/empresas-publicidad-exterior-mexico/,ficha del directorio,REYES CANO PUBLICIDAD SA DE CV
/listing/impacto-publicitario-de-tamaulipas-s-a-de-c-v/,/rankings/agencias-inbound-marketing-mexico/,ficha del directorio,IMPACTO PUBLICITARIO DE TAMAULIPAS S.A. DE C.V.
/listing/magneta-graficas/,/rankings/proveedores-pop-promocionales-mexico/,ficha del directorio,MAGNETA GRAFICAS
/listing/grupo-namis-negocios-alianzas-medios-interactivos-sa-de-cv/,/rankings/agencias-de-medios-mexico/,ficha del directorio,"GRUPO NAMIS, NEGOCIOS ALIANZAS MEDIOS INTERACTIVOS SA DE CV"
/listing/multiservicios-y-publicidad/,/rankings/agencias-inbound-marketing-mexico/,ficha del directorio,MULTISERVICIOS Y PUBLICIDAD
/listing/branding-five/,/rankings/estudios-diseno-branding-mexico/,ficha del directorio,BRANDING FIVE
/listing/dise%c3%b1o-y-publicidad/,/rankings/estudios-diseno-branding-mexico/,ficha del directorio,DISEÃ‘O Y PUBLICIDAD
/listing/servicios-publicitarios-publiram/,/rankings/agencias-inbound-marketing-mexico/,ficha del directorio,SERVICIOS PUBLICITARIOS PUBLIRAM
/listing/viny-laser/,/rankings/agencias-inbound-marketing-mexico/,ficha del directorio,VINY LASER
/listing/bimad-publicidad-s-a-de-c-v/,/rankings/agencias-inbound-marketing-mexico/,ficha del directorio,"BIMAD PUBLICIDAD, S.A. DE C.V."
/listing/ideas-graficas/,/rankings/proveedores-pop-promocionales-mexico/,ficha del directorio,IDEAS GRAFICAS
/listing/corporativo-medios-en-movimiento-s-a-de-c-v/,/rankings/agencias-de-medios-mexico/,ficha del directorio,CORPORATIVO MEDIOS EN MOVIMIENTO S.A. DE C.V.
/listing/trazo-corporativo-en-publicidad-sa-de-cv/,/rankings/agencias-inbound-marketing-mexico/,ficha del directorio,TRAZO CORPORATIVO EN PUBLICIDAD SA DE CV
/listing/graphics-sistem-print/,/rankings/agencias-inbound-marketing-mexico/,ficha del directorio,GRAPHICS SISTEM PRINT
/listing/graxtes-publicidad/,/rankings/agencias-inbound-marketing-mexico/,ficha del directorio,GRAXTES PUBLICIDAD
/listing/grupo-radio-mexico-cuidad-juarez-s-a-de-c-v/,/rankings/grupos-radiofonicos-mexico/,ficha del directorio,GRUPO RADIO MEXICO CUIDAD JUAREZ S.A. DE C.V.
/listing/publicidad-augusto-elias-s-a-de-c-v/,/rankings/agencias-inbound-marketing-mexico/,ficha del directorio,"PUBLICIDAD AUGUSTO ELIAS, S.A. DE C.V."
/listing/tricomia-dise%c3%b1o-y-publicidad/,/rankings/estudios-diseno-branding-mexico/,ficha del directorio,TRICOMIA DISEÃ‘O Y PUBLICIDAD
/listing/ab-kam/,/rankings/agencias-inbound-marketing-mexico/,ficha del directorio,AB KAM
/listing/tisca-publicidad/,/rankings/agencias-inbound-marketing-mexico/,ficha del directorio,TISCA PUBLICIDAD
/listing/top-model/,/rankings/agencias-inbound-marketing-mexico/,ficha del directorio,TOP MODEL
/listing/jaqueline/,/rankings/agencias-inbound-marketing-mexico/,ficha del directorio,JAQUELINE
/listing/kreativos/,/rankings/agencias-inbound-marketing-mexico/,ficha del directorio,KREATIVOS
/listing/real-image/,/rankings/agencias-inbound-marketing-mexico/,ficha del directorio,REAL IMAGE
/listing/a-publicidad/,/rankings/agencias-inbound-marketing-mexico/,ficha del directorio,A Publicidad
/listing/blog-creativo/,/rankings/estudios-diseno-branding-mexico/,ficha del directorio,BLOG CREATIVO
/listing/ayje-imprenta-s-a-de-c-v/,/rankings/proveedores-pop-promocionales-mexico/,ficha del directorio,AYJE IMPRENTA S.A DE C.V.
/listing/anuncios-luminosos-neon-america/,/rankings/empresas-publicidad-exterior-mexico/,ficha del directorio,ANUNCIOS LUMINOSOS NEON AMERICA
/listing/publicidad-y-medios-asociados/,/rankings/agencias-de-medios-mexico/,ficha del directorio,PUBLICIDAD Y MEDIOS ASOCIADOS
/listing/quiality-and-permance-it-sc/,/rankings/agencias-inbound-marketing-mexico/,ficha del directorio,QUIALITY AND PERMANCE IT SC
/listing/comercabos-sa-de-cv/,/rankings/grupos-radiofonicos-mexico/,ficha del directorio,COMERCABOS SA DE CV
/listing/comercializadora-gps-2000-sa-de-cv/,/rankings/agencias-inbound-marketing-mexico/,ficha del directorio,COMERCIALIZADORA GPS 2000 SA DE CV
/listing/g4-de-mexico-s-a-de-c-v/,/rankings/agencias-inbound-marketing-mexico/,ficha del directorio,G4 DE MEXICO S.A. DE C.V.
/listing/snell-ventures-s-de-rl-de-cv/,/rankings/agencias-inbound-marketing-mexico/,ficha del directorio,SNELL VENTURES S DE RL DE CV
/listing/corporacion-publicitaria-rg-sa-de-cv/,/rankings/agencias-inbound-marketing-mexico/,ficha del directorio,CORPORACION PUBLICITARIA RG SA DE CV
/listing/publicidad-hermanos-rojas/,/rankings/agencias-inbound-marketing-mexico/,ficha del directorio,PUBLICIDAD HERMANOS ROJAS
/listing/jorge/,/rankings/agencias-inbound-marketing-mexico/,ficha del directorio,JORGE
/listing/top-medios-s-a-de-c-v/,/rankings/agencias-de-medios-mexico/,ficha del directorio,TOP MEDIOS S.A. DE C.V.
/listing/24-grafics-s-a-de-c-v/,/rankings/proveedores-pop-promocionales-mexico/,ficha del directorio,"24 GRAFICS, S.A. DE C.V."
/listing/publicidad-en-transporte/,/rankings/agencias-inbound-marketing-mexico/,ficha del directorio,PUBLICIDAD EN TRANSPORTE
/listing/optimizacion-en-medios-s-a-de-c-v/,/rankings/agencias-de-medios-mexico/,ficha del directorio,"OPTIMIZACION EN MEDIOS, S.A. DE C.V."
/listing/efeckto-urbano/,/rankings/agencias-inbound-marketing-mexico/,ficha del directorio,EFECKTO URBANO
/listing/consultoria-y-asesoria-en-publicidad-sa-de-cv/,/rankings/agencias-de-marketing-mexico/,ficha del directorio,CONSULTORIA Y ASESORIA EN PUBLICIDAD SA DE CV
/listing/aseco-sa-de-cv/,/rankings/agencias-inbound-marketing-mexico/,ficha del directorio,ASECO SA DE CV
/listing/rotulos-computarizados-e-impuresos-del-surestes-s-a-de-c-v/,/rankings/agencias-inbound-marketing-mexico/,ficha del directorio,ROTULOS COMPUTARIZADOS E IMPURESOS DEL SURESTES S.A DE C.V
/listing/creaciones-720/,/rankings/agencias-inbound-marketing-mexico/,ficha del directorio,CREACIONES 720
/listing/sv-comunicacion-sc/,/rankings/agencias-de-marketing-mexico/,ficha del directorio,SV COMUNICACION SC
/listing/imanes/,/rankings/agencias-inbound-marketing-mexico/,ficha del directorio,IMANES
/listing/orlandos-publicidad/,/rankings/agencias-inbound-marketing-mexico/,ficha del directorio,ORLANDOS PUBLICIDAD
/listing/bunker-y-taylor-s-a-de-c-v/,/rankings/agencias-inbound-marketing-mexico/,ficha del directorio,BUNKER Y TAYLOR S.A. DE C.V.
/listing/power-torner/,/rankings/agencias-inbound-marketing-mexico/,ficha del directorio,POWER TORNER
/listing/xl-taller-de-dise%c3%b1o/,/rankings/estudios-diseno-branding-mexico/,ficha del directorio,XL TALLER DE DISEÃ‘O
/listing/penta-dise%c3%b1o-y-publicidad/,/rankings/estudios-diseno-branding-mexico/,ficha del directorio,PENTA DISEÃ‘O Y PUBLICIDAD
/listing/piblic-city/,/rankings/agencias-inbound-marketing-mexico/,ficha del directorio,PIBLIC CITY
/listing/milgraf-puebla-s-a-de-c-v/,/rankings/agencias-inbound-marketing-mexico/,ficha del directorio,MILGRAF PUEBLA S.A DE C.V
/listing/agencia-interal-capital-mix-sa-de-cv/,/rankings/agencias-inbound-marketing-mexico/,ficha del directorio,AGENCIA INTERAL CAPITAL MIX SA DE CV
/listing/market/,/rankings/agencias-inbound-marketing-mexico/,ficha del directorio,MARKET
/listing/facilite/,/rankings/agencias-inbound-marketing-mexico/,ficha del directorio,FACILITE
/listing/xpress-gift/,/rankings/agencias-inbound-marketing-mexico/,ficha del directorio,XPRESS GIFT
/listing/revista-progreso/,/rankings/agencias-inbound-marketing-mexico/,ficha del directorio,REVISTA PROGRESO
/listing/rodco/,/rankings/agencias-inbound-marketing-mexico/,ficha del directorio,RODCO
/listing/gastro-media-s-a-de-c-v/,/rankings/agencias-de-medios-mexico/,ficha del directorio,"GASTRO MEDIA, S.A. DE C.V."
/listing/publicidad-dise%c3%b1o-y-mercadotecnia/,/rankings/estudios-diseno-branding-mexico/,ficha del directorio,"PUBLICIDAD, DISEÃ‘O Y MERCADOTECNIA"
/listing/sri-publicidad/,/rankings/agencias-inbound-marketing-mexico/,ficha del directorio,SRI PUBLICIDAD
/listing/estrategia-inteligente-de-medios-s-a-de-c-v/,/rankings/agencias-de-medios-mexico/,ficha del directorio,ESTRATEGIA INTELIGENTE DE MEDIOS S.A DE C.V.
/listing/tecnoprint/,/rankings/agencias-inbound-marketing-mexico/,ficha del directorio,TECNOPRINT
/listing/comercializadora-megaprint-s-de-r-l-de-c-v/,/rankings/agencias-inbound-marketing-mexico/,ficha del directorio,COMERCIALIZADORA MEGAPRINT S DE R.L. DE C.V.
/listing/ponme-imagen-s-a-de-c-v/,/rankings/agencias-inbound-marketing-mexico/,ficha del directorio,PONME IMAGEN S.A DE C.V.
/listing/grupo-herlezq-s-a-de-c-v/,/rankings/agencias-inbound-marketing-mexico/,ficha del directorio,GRUPO HERLEZQ S.A. DE C.V.
/listing/producciones-signaleticas-mexicanas-s-a-de-c-v/,/rankings/casas-productoras-mexico/,ficha del directorio,"PRODUCCIONES SIGNALETICAS MEXICANAS, S.A. DE C.V"
/listing/north-american-mailing-services-s-de-r-l-de-c-v/,/rankings/agencias-inbound-marketing-mexico/,ficha del directorio,NORTH AMERICAN MAILING SERVICES S. DE R.L DE C.V.
/listing/mass-pub-sa-de-cv/,/rankings/agencias-inbound-marketing-mexico/,ficha del directorio,MASS PUB SA DE CV
/listing/lym/,/rankings/agencias-inbound-marketing-mexico/,ficha del directorio,LYM
/listing/marketing-y-dise%c3%b1o-dob-sa-de-cv/,/rankings/estudios-diseno-branding-mexico/,ficha del directorio,MARKETING Y DISEÃ‘O DOB SA DE CV
/listing/duranyork/,/rankings/agencias-inbound-marketing-mexico/,ficha del directorio,DURANYORK
/listing/publicaciones-del-chuviscar-s-a-de-c-v/,/rankings/agencias-inbound-marketing-mexico/,ficha del directorio,PUBLICACIONES DEL CHUVISCAR S.A. DE C.V.
/listing/paralelo-20-comunicacion-y-medios-s-a-de-c-v/,/rankings/agencias-de-medios-mexico/,ficha del directorio,PARALELO 20 COMUNICACION Y MEDIOS S.A. DE C.V.
/listing/out-world-media-systems-s-a-de-cv/,/rankings/agencias-de-medios-mexico/,ficha del directorio,"OUT WORLD MEDIA SYSTEMS S.A DE. CV,"
/listing/servicios-letonia-s-de-rl-de-cv/,/rankings/agencias-inbound-marketing-mexico/,ficha del directorio,SERVICIOS LETONIA S DE RL DE CV
/listing/distribuidora-bratley-s-a-de-c-v/,/rankings/agencias-inbound-marketing-mexico/,ficha del directorio,DISTRIBUIDORA BRATLEY S.A. DE C.V.
/listing/comercializadora-chester-s-a-de-c-v/,/rankings/agencias-inbound-marketing-mexico/,ficha del directorio,COMERCIALIZADORA CHESTER S.A. DE C.V.
/listing/sign-fussion-s-a-de-c-v/,/rankings/agencias-inbound-marketing-mexico/,ficha del directorio,"SIGN FUSSION, S.A. DE C.V."
/listing/pluvilivl/,/rankings/agencias-inbound-marketing-mexico/,ficha del directorio,PLUVILIVL
/listing/imagen-kreativa/,/rankings/agencias-inbound-marketing-mexico/,ficha del directorio,IMAGEN KREATIVA
/listing/publicidad-coherente-sa-de-cv/,/rankings/agencias-inbound-marketing-mexico/,ficha del directorio,PUBLICIDAD COHERENTE SA DE CV
/listing/agl-publicidad-y-textiles-s-a-de-c-v/,/rankings/agencias-inbound-marketing-mexico/,ficha del directorio,AGL PUBLICIDAD Y TEXTILES S.A. DE C.V.
/listing/inspirando-ideas-sa-de-cv/,/rankings/agencias-inbound-marketing-mexico/,ficha del directorio,INSPIRANDO IDEAS SA DE CV
/listing/imprimiendo-estilo/,/rankings/agencias-inbound-marketing-mexico/,ficha del directorio,IMPRIMIENDO ESTILO
/listing/publitotal-sa-de-cv/,/rankings/agencias-inbound-marketing-mexico/,ficha del directorio,PUBLITOTAL SA DE CV
/listing/publicidad-ojo-cielo-dise%c3%b1adores/,/rankings/agencias-inbound-marketing-mexico/,ficha del directorio,PUBLICIDAD OJO CIELO DISEÃ‘ADORES
/listing/click-articulos-promocionales-s-a-de-c-v/,/rankings/agencias-btl-promotoria-mexico/,ficha del directorio,CLICK ARTICULOS PROMOCIONALES S.A. DE C.V.
/listing/matisse-publicidad/,/rankings/agencias-inbound-marketing-mexico/,ficha del directorio,MATISSE PUBLICIDAD
/listing/xpresate-publicidad/,/rankings/agencias-inbound-marketing-mexico/,ficha del directorio,XPRESATE PUBLICIDAD
/listing/graba2/,/rankings/agencias-inbound-marketing-mexico/,ficha del directorio,GRABA2
/listing/ideas-impresos/,/rankings/proveedores-pop-promocionales-mexico/,ficha del directorio,IDEAS IMPRESOS
/listing/unipolares-y-espectaculares-del-norte-s-a-de-c-v/,/rankings/empresas-publicidad-exterior-mexico/,ficha del directorio,UNIPOLARES Y ESPECTACULARES DEL NORTE S.A. DE C.V.
/listing/iconico/,/rankings/agencias-inbound-marketing-mexico/,ficha del directorio,ICONICO
/listing/sublimarte-s-a-de-c-v/,/rankings/agencias-inbound-marketing-mexico/,ficha del directorio,SUBLIMARTE S.A. DE C.V.
/listing/giro-promocional-de-occidente-s-a-de-c-v/,/rankings/agencias-btl-promotoria-mexico/,ficha del directorio,"GIRO PROMOCIONAL DE OCCIDENTE, S.A. DE C.V."
/listing/hve-creativo/,/rankings/estudios-diseno-branding-mexico/,ficha del directorio,HVE CREATIVO
/listing/marsan-publicidad/,/rankings/agencias-inbound-marketing-mexico/,ficha del directorio,marsan publicidad
/listing/campa%c3%b1a-productora-de-acciones-sa-de-cv/,/rankings/casas-productoras-mexico/,ficha del directorio,CAMPAÃ‘A PRODUCTORA DE ACCIONES SA DE CV
/listing/impresi%c3%b3n-digital/,/rankings/agencias-inbound-marketing-mexico/,ficha del directorio,IMPRESIÃ“N DIGITAL
/listing/creatividad-y-dise%c3%b1o-de-hidalgo-s-a-de-c-v/,/rankings/estudios-diseno-branding-mexico/,ficha del directorio,CREATIVIDAD Y DISEÃ‘O DE HIDALGO S.A DE C.V
/listing/dragon-grafix/,/rankings/agencias-inbound-marketing-mexico/,ficha del directorio,DRAGON GRAFIX
/listing/calendarios-len/,/rankings/agencias-inbound-marketing-mexico/,ficha del directorio,CALENDARIOS LEN
/listing/nyksa/,/rankings/agencias-inbound-marketing-mexico/,ficha del directorio,NYKSA
/listing/graficos-campos/,/rankings/proveedores-pop-promocionales-mexico/,ficha del directorio,GRAFICOS CAMPOS
/listing/claro-oscuro-digital/,/rankings/agencias-inbound-marketing-mexico/,ficha del directorio,CLARO OSCURO DIGITAL
/listing/x4-y-asociados-publicidad/,/rankings/agencias-inbound-marketing-mexico/,ficha del directorio,X4 Y ASOCIADOS PUBLICIDAD
/listing/directo-agencia-s-a-de-c-v/,/rankings/agencias-inbound-marketing-mexico/,ficha del directorio,DIRECTO AGENCIA S.A. DE C.V.
/listing/innovaciones-tecnologicas-para-impresion-y-pulicidad-s-a-de-c-v/,/rankings/proveedores-pop-promocionales-mexico/,ficha del directorio,"INNOVACIONES TECNOLOGICAS PARA IMPRESION Y PULICIDAD, S.A. DE C.V."
/listing/kromaxima-publicidad-s-a-de-c-v/,/rankings/agencias-inbound-marketing-mexico/,ficha del directorio,"KROMAXIMA PUBLICIDAD, S.A. DE C.V."
/listing/grupo-comercial-coagsa-digital-sa-de-cv/,/rankings/agencias-inbound-marketing-mexico/,ficha del directorio,GRUPO COMERCIAL COAGSA DIGITAL SA DE CV
/listing/computadoras-y-publicidad-s-a-de-c-v/,/rankings/agencias-inbound-marketing-mexico/,ficha del directorio,COMPUTADORAS Y PUBLICIDAD S.A. DE C.V.
/listing/agencia-de-comunicacion-nivel-ocho-sa-de-cv/,/rankings/agencias-de-marketing-mexico/,ficha del directorio,AGENCIA DE COMUNICACION NIVEL OCHO SA DE CV
/listing/fazt-proveedor-de-publiservicios-sa-de-cv/,/rankings/agencias-inbound-marketing-mexico/,ficha del directorio,FAZT PROVEEDOR DE PUBLISERVICIOS SA DE CV
/listing/publi-imagen/,/rankings/agencias-inbound-marketing-mexico/,ficha del directorio,PUBLI IMAGEN
/listing/ramirez/,/rankings/agencias-inbound-marketing-mexico/,ficha del directorio,RAMIREZ
/listing/publimaya/,/rankings/agencias-inbound-marketing-mexico/,ficha del directorio,PUBLIMAYA
/listing/luna-piblicidad/,/rankings/agencias-inbound-marketing-mexico/,ficha del directorio,LUNA PIBLICIDAD
/listing/radiodifusoras-y-televisoras-de-occidente-s-a-de-c-v/,/rankings/grupos-radiofonicos-mexico/,ficha del directorio,RADIODIFUSORAS Y TELEVISORAS DE OCCIDENTE S.A. DE C.V.
/listing/con-100-cia-estrategica-s-de-r-l-de-c-v/,/rankings/agencias-de-marketing-mexico/,ficha del directorio,CON 100 CIA ESTRATEGICA S. DE R.L. DE C.V.
/listing/jugo-de-tomate-s-a-de-c-v/,/rankings/casas-productoras-mexico/,ficha del directorio,JUGO DE TOMATE S.A. DE C.V.
/listing/rapicolor/,/rankings/agencias-inbound-marketing-mexico/,ficha del directorio,RAPICOLOR
/listing/krearte/,/rankings/agencias-inbound-marketing-mexico/,ficha del directorio,KREARTE
/listing/dise%c3%b1o-impreso-en-movimiento-s-a-de-c-v-2/,/rankings/proveedores-pop-promocionales-mexico/,ficha del directorio,DISEÃ‘O IMPRESO EN MOVIMIENTO S.A. DE C.V.
/listing/noved-arte/,/rankings/agencias-inbound-marketing-mexico/,ficha del directorio,NOVED ARTE
/listing/cratimagen/,/rankings/agencias-inbound-marketing-mexico/,ficha del directorio,CRATIMAGEN
/listing/las-10/,/rankings/agencias-inbound-marketing-mexico/,ficha del directorio,LAS 10
/listing/grabarte/,/rankings/agencias-inbound-marketing-mexico/,ficha del directorio,GRABARTE
/listing/numeros-creativos-s-c/,/rankings/estudios-diseno-branding-mexico/,ficha del directorio,NUMEROS CREATIVOS S.C.
/listing/display-publicidad-exterior-s-a-de-c-v/,/rankings/empresas-publicidad-exterior-mexico/,ficha del directorio,"DISPLAY PUBLICIDAD EXTERIOR, S.A. DE C.V."
/listing/spectradyne-international-inc/,/rankings/agencias-inbound-marketing-mexico/,ficha del directorio,SPECTRADYNE INTERNATIONAL INC
/listing/blue-caps/,/rankings/agencias-inbound-marketing-mexico/,ficha del directorio,BLUE CAPS
/listing/tu-arte/,/rankings/agencias-inbound-marketing-mexico/,ficha del directorio,TU ARTE
/listing/nuve-marketing/,/rankings/agencias-de-marketing-mexico/,ficha del directorio,NUVE MARKETING
/listing/conforma-digital-s-a-de-c-v/,/rankings/agencias-inbound-marketing-mexico/,ficha del directorio,CONFORMA DIGITAL S.A. DE C.V.
/listing/provideo/,/rankings/casas-productoras-mexico/,ficha del directorio,PROVIDEO
/listing/ml-y-co/,/rankings/agencias-inbound-marketing-mexico/,ficha del directorio,ML Y CO
/listing/revista-fieston/,/rankings/agencias-inbound-marketing-mexico/,ficha del directorio,REVISTA FIESTON
/listing/publicidad-digital-colors/,/rankings/agencias-inbound-marketing-mexico/,ficha del directorio,PUBLICIDAD DIGITAL COLORS
/listing/promotora-de-medios-de-comunicacion-sa-de-cv/,/rankings/agencias-de-medios-mexico/,ficha del directorio,PROMOTORA DE MEDIOS DE COMUNICACION SA DE CV
/listing/publicidad-arte/,/rankings/agencias-inbound-marketing-mexico/,ficha del directorio,PUBLICIDAD ARTE
/listing/promoser-grupo-publicitario-s-r-l-de-c-v/,/rankings/agencias-inbound-marketing-mexico/,ficha del directorio,"PROMOSER GRUPO PUBLICITARIO, S. R.L DE C.V"
/listing/sign-mex-publicidad/,/rankings/agencias-inbound-marketing-mexico/,ficha del directorio,SIGN MEX PUBLICIDAD
/listing/creando/,/rankings/agencias-inbound-marketing-mexico/,ficha del directorio,CREANDO
/listing/volta/,/rankings/agencias-inbound-marketing-mexico/,ficha del directorio,VOLTA
/listing/grupo-plata/,/rankings/agencias-inbound-marketing-mexico/,ficha del directorio,GRUPO PLATA
/listing/beltran-y-bernal-stoopen-sc/,/rankings/agencias-inbound-marketing-mexico/,ficha del directorio,BELTRAN Y BERNAL STOOPEN SC
/listing/arthe-grafiko/,/rankings/agencias-inbound-marketing-mexico/,ficha del directorio,ARTHE GRAFIKO
/listing/expresi%c3%b3n-gr%c3%a1fica/,/rankings/agencias-inbound-marketing-mexico/,ficha del directorio,EXPRESIÃ“N GRÃFICA
/listing/il-evento-s-c/,/rankings/productoras-de-eventos-mexico/,ficha del directorio,IL EVENTO S.C.
/listing/organizacion-radiofonica-de-chihuahua-s-a/,/rankings/grupos-radiofonicos-mexico/,ficha del directorio,ORGANIZACION RADIOFONICA DE CHIHUAHUA S.A.
/listing/grupo-hiperformas-del-bajio-s-a-de-c-v/,/rankings/agencias-inbound-marketing-mexico/,ficha del directorio,"GRUPO HIPERFORMAS DEL BAJIO, S.A. DE C.V."
/listing/fusion-grafica/,/rankings/proveedores-pop-promocionales-mexico/,ficha del directorio,FUSION GRAFICA
/listing/daisa-proyectos/,/rankings/agencias-inbound-marketing-mexico/,ficha del directorio,DAISA PROYECTOS
/listing/spacio/,/rankings/agencias-inbound-marketing-mexico/,ficha del directorio,SPACIO
/listing/fusion-publicidad/,/rankings/agencias-inbound-marketing-mexico/,ficha del directorio,FUSION PUBLICIDAD
/listing/imagen-digital/,/rankings/agencias-inbound-marketing-mexico/,ficha del directorio,IMAGEN DIGITAL
/listing/promotex-publicidad/,/rankings/agencias-inbound-marketing-mexico/,ficha del directorio,PROMOTEX PUBLICIDAD
/listing/grabados-gira/,/rankings/agencias-inbound-marketing-mexico/,ficha del directorio,GRABADOS GIRA
/listing/grupo-intermedios/,/rankings/agencias-de-medios-mexico/,ficha del directorio,GRUPO INTERMEDIOS
/listing/grupo-signos-s-a-de-c-v/,/rankings/agencias-inbound-marketing-mexico/,ficha del directorio,GRUPO SIGNOS S.A. DE C.V.
/listing/promoshape-s-de-rl-de-cv/,/rankings/agencias-inbound-marketing-mexico/,ficha del directorio,PROMOSHAPE S DE RL DE CV
/listing/empresas-isal-s-de-rl-de-cv/,/rankings/empresas-publicidad-exterior-mexico/,ficha del directorio,EMPRESAS ISAL S DE RL DE CV
/listing/miltibordados/,/rankings/agencias-inbound-marketing-mexico/,ficha del directorio,MILTIBORDADOS
/listing/cajeme-flash/,/rankings/agencias-inbound-marketing-mexico/,ficha del directorio,CAJEME FLASH
/listing/arclad-de-mexico-sa-de-cv-oficinas/,/rankings/agencias-inbound-marketing-mexico/,ficha del directorio,ARCLAD DE MEXICO SA DE CV (OFICINAS)
/listing/soluciones-creyt-sa-de-cv/,/rankings/agencias-inbound-marketing-mexico/,ficha del directorio,SOLUCIONES CREYT SA DE CV
/listing/impresiones-san-luis/,/rankings/proveedores-pop-promocionales-mexico/,ficha del directorio,IMPRESIONES SAN LUIS
/listing/screencast-s-a-p-i-de-cv/,/rankings/agencias-inbound-marketing-mexico/,ficha del directorio,SCREENCAST S.A.P.I DE CV
/listing/grupo-mistica-sa-de-cv/,/rankings/agencias-inbound-marketing-mexico/,ficha del directorio,GRUPO MISTICA SA DE CV
/listing/dise%c3%b1os-de-altura-s-a-de-c-v/,/rankings/estudios-diseno-branding-mexico/,ficha del directorio,DISEÃ‘OS DE ALTURA S.A. DE C.V.
/listing/radio-america-de-mexico-sa-de-cv/,/rankings/grupos-radiofonicos-mexico/,ficha del directorio,RADIO AMERICA DE MEXICO SA DE CV
/listing/publitec/,/rankings/agencias-inbound-marketing-mexico/,ficha del directorio,PUBLITEC
/listing/publicidad-grafica-sa-de-cv/,/rankings/proveedores-pop-promocionales-mexico/,ficha del directorio,PUBLICIDAD GRAFICA SA DE CV
/listing/mentor-s-a-de-c-v/,/rankings/agencias-inbound-marketing-mexico/,ficha del directorio,"MENTOR, S.A. DE C.V."
/listing/mcs-consultores-s-c/,/rankings/agencias-de-marketing-mexico/,ficha del directorio,MCS CONSULTORES S.C.
/listing/informacion-del-noreste-s-a-de-c-v/,/rankings/agencias-inbound-marketing-mexico/,ficha del directorio,INFORMACION DEL NORESTE S.A. DE C.V.
/listing/publicidad-digital-ramirez/,/rankings/agencias-inbound-marketing-mexico/,ficha del directorio,PUBLICIDAD DIGITAL RAMIREZ
/listing/syes/,/rankings/agencias-inbound-marketing-mexico/,ficha del directorio,SYES
/listing/corporativo-mi-ciudad-sa-de-cv/,/rankings/agencias-inbound-marketing-mexico/,ficha del directorio,"CORPORATIVO MI CIUDAD, SA. DE CV"
/listing/publiport-sa-de-cv/,/rankings/agencias-inbound-marketing-mexico/,ficha del directorio,Publiport Sa De Cv
/listing/publimedia-los-cabos-sa-de-cv/,/rankings/agencias-de-medios-mexico/,ficha del directorio,Publimedia Los Cabos Sa De Cv
/listing/formula-radiofonica-s-a-de-c-v/,/rankings/grupos-radiofonicos-mexico/,ficha del directorio,"FORMULA RADIOFONICA, S.A. DE C.V."
/listing/publiservicios-vanguardia-s-a-de-c-v/,/rankings/agencias-inbound-marketing-mexico/,ficha del directorio,PUBLISERVICIOS VANGUARDIA S.A. DE C.V.
/listing/memetica-dise%c3%b1o-e-impresion/,/rankings/proveedores-pop-promocionales-mexico/,ficha del directorio,MEMETICA DISEÃ‘O E IMPRESION
/listing/publicidad-y-rotulacion-por-computadora/,/rankings/agencias-inbound-marketing-mexico/,ficha del directorio,PUBLICIDAD Y ROTULACION POR COMPUTADORA
/listing/digital-multimedios/,/rankings/agencias-de-medios-mexico/,ficha del directorio,DIGITAL MULTIMEDIOS
/listing/mazpubliman/,/rankings/agencias-inbound-marketing-mexico/,ficha del directorio,MAZPUBLIMAN
/listing/anuncios-en-directorios-s-a-de-c-v-2/,/rankings/empresas-publicidad-exterior-mexico/,ficha del directorio,ANUNCIOS EN DIRECTORIOS S.A. DE C.V.
/listing/creatimex-publicidad-sa-de-cv/,/rankings/agencias-inbound-marketing-mexico/,ficha del directorio,CREATIMEX PUBLICIDAD SA DE CV
/listing/publimar/,/rankings/agencias-inbound-marketing-mexico/,ficha del directorio,PUBLIMAR
/listing/guia-conurbada/,/rankings/agencias-inbound-marketing-mexico/,ficha del directorio,GUIA CONURBADA
/listing/inku/,/rankings/agencias-inbound-marketing-mexico/,ficha del directorio,INKU
/listing/oh-publicidad-y-negocios/,/rankings/agencias-inbound-marketing-mexico/,ficha del directorio,OH PUBLICIDAD Y NEGOCIOS
/listing/esperanza-astrid-casta%c3%b1eda-ruiz/,/rankings/agencias-inbound-marketing-mexico/,ficha del directorio,ESPERANZA ASTRID CASTAÃ‘EDA RUIZ
/listing/isi-publicidad/,/rankings/agencias-inbound-marketing-mexico/,ficha del directorio,ISI PUBLICIDAD
/listing/anuncios-en-directorioss-a-de-c-v/,/rankings/empresas-publicidad-exterior-mexico/,ficha del directorio,"ANUNCIOS EN DIRECTORIOS,S A.DE C.V"
/listing/publicaciones-metropolitanas-s-a-de-c-v/,/rankings/agencias-inbound-marketing-mexico/,ficha del directorio,PUBLICACIONES METROPOLITANAS S.A DE C.V
/listing/creaciones-artisticas-publicitrias-sa/,/rankings/agencias-inbound-marketing-mexico/,ficha del directorio,CREACIONES ARTISTICAS PUBLICITRIAS SA
/listing/sistemas-interactivos-de-juarez-s-a-de-c-v/,/rankings/agencias-inbound-marketing-mexico/,ficha del directorio,"SISTEMAS INTERACTIVOS DE JUAREZ, S.A. DE C.V."
/listing/clarol-publicidad-exterior-s-c/,/rankings/empresas-publicidad-exterior-mexico/,ficha del directorio,"CLAROL PUBLICIDAD EXTERIOR, S.C."
/listing/laya-comunica/,/rankings/agencias-inbound-marketing-mexico/,ficha del directorio,laya comunica
/listing/las-lonas/,/rankings/proveedores-pop-promocionales-mexico/,ficha del directorio,LAS LONAS
/listing/global-producciones-and-marketing-sa-de-cv/,/rankings/casas-productoras-mexico/,ficha del directorio,GLOBAL PRODUCCIONES AND MARKETING SA DE CV
/listing/grafiko-publicidad/,/rankings/agencias-inbound-marketing-mexico/,ficha del directorio,GRAFIKO PUBLICIDAD
/listing/descar-s-a-de-c-v/,/rankings/agencias-inbound-marketing-mexico/,ficha del directorio,DESCAR S.A. DE C.V.
/listing/graphics/,/rankings/agencias-inbound-marketing-mexico/,ficha del directorio,GRAPHICS
/listing/maxima-publicidad/,/rankings/agencias-inbound-marketing-mexico/,ficha del directorio,MAXIMA PUBLICIDAD
/listing/el-comerciante/,/rankings/agencias-inbound-marketing-mexico/,ficha del directorio,EL COMERCIANTE
/listing/televisora-peninsular-s-a-de-c-v/,/rankings/casas-productoras-mexico/,ficha del directorio,"TELEVISORA PENINSULAR, S.A. DE C.V."
/listing/multimedia-del-sureste-s-a-de-c-v/,/rankings/agencias-de-medios-mexico/,ficha del directorio,"MULTIMEDIA DEL SURESTE, S.A. DE C.V."
/listing/dise%c3%b1o-publicidad-pixemania/,/rankings/estudios-diseno-branding-mexico/,ficha del directorio,DISEÃ‘O PUBLICIDAD PIXEMANIA
/listing/blau-publicidad/,/rankings/agencias-inbound-marketing-mexico/,ficha del directorio,BLAU PUBLICIDAD
/listing/comercializadora-trudi-s-de-rl-de-cv/,/rankings/agencias-inbound-marketing-mexico/,ficha del directorio,COMERCIALIZADORA TRUDI S DE RL DE CV
/listing/ncyg-marketing-publicidad-y-producciones-sa-de-c-v/,/rankings/casas-productoras-mexico/,ficha del directorio,"NCYG MARKETING PUBLICIDAD Y PRODUCCIONES, SA DE C.V."
/listing/artigraf/,/rankings/agencias-inbound-marketing-mexico/,ficha del directorio,ARTIGRAF
/listing/hildetex-s-a-de-c-v/,/rankings/agencias-inbound-marketing-mexico/,ficha del directorio,"HILDETEX, S.A. DE C.V."
/listing/art-y-tec-s-a-de-c-v/,/rankings/agencias-inbound-marketing-mexico/,ficha del directorio,ART Y TEC S.A. DE C.V.
/listing/sacale-jugo-a-tu-marca-is-de-r-l-de-c-v/,/rankings/estudios-diseno-branding-mexico/,ficha del directorio,SACALE JUGO A TU MARCA IS. DE R.L. DE C.V.
/listing/publitrucks/,/rankings/agencias-inbound-marketing-mexico/,ficha del directorio,PUBLITRUCKS
/listing/umbrella-marketing-s-c/,/rankings/agencias-de-marketing-mexico/,ficha del directorio,"UMBRELLA MARKETING, S.C."
/listing/display/,/rankings/proveedores-pop-promocionales-mexico/,ficha del directorio,DISPLAY
/listing/creamedia-s-a-de-c-v/,/rankings/agencias-de-medios-mexico/,ficha del directorio,"CREAMEDIA, S.A. DE C.V."
/listing/promo-rigba-internacional-s-de-rl-de-cv/,/rankings/agencias-btl-promotoria-mexico/,ficha del directorio,PROMO RIGBA INTERNACIONAL S DE RL DE CV
/listing/firecol/,/rankings/agencias-inbound-marketing-mexico/,ficha del directorio,FIRECOL
/listing/anuncios-en-directorios-sa-de-cv-2/,/rankings/empresas-publicidad-exterior-mexico/,ficha del directorio,ANUNCIOS EN DIRECTORIOS SA DE CV
/listing/marketing-and-promotion-s-a-de-c-v/,/rankings/agencias-btl-promotoria-mexico/,ficha del directorio,"MARKETING AND PROMOTION, S.A. DE C.V."
/listing/editora-tiempo-nuevo/,/rankings/agencias-inbound-marketing-mexico/,ficha del directorio,EDITORA TIEMPO NUEVO
/listing/promoser-grupo-publicitario-s-de-r-l-de-c-v/,/rankings/agencias-inbound-marketing-mexico/,ficha del directorio,PROMOSER GRUPO PUBLICITARIO S DE R.L. DE C.V.
/listing/grafia-publicidad/,/rankings/agencias-inbound-marketing-mexico/,ficha del directorio,GRAFIA PUBLICIDAD
/listing/sos-web-s-a-de-c-v/,/rankings/agencias-inbound-marketing-mexico/,ficha del directorio,SOS WEB S.A. DE C.V.
/listing/aka-imagen-impresa/,/rankings/proveedores-pop-promocionales-mexico/,ficha del directorio,AKA IMAGEN IMPRESA
/listing/media-noticias/,/rankings/agencias-de-medios-mexico/,ficha del directorio,MEDIA NOTICIAS
/listing/servicios-medios-visuales-y-publicidad-s-a-de-c-v/,/rankings/agencias-de-medios-mexico/,ficha del directorio,"SERVICIOS, MEDIOS VISUALES Y PUBLICIDAD S.A DE C.V"
/listing/grupo-c-y-c-del-caribe-sa-de-cv/,/rankings/agencias-inbound-marketing-mexico/,ficha del directorio,GRUPO C Y C DEL CARIBE SA DE CV
/listing/radio-difusoras-y-televisoras-de-occidente-sa-de-c-v/,/rankings/grupos-radiofonicos-mexico/,ficha del directorio,"RADIO DIFUSORAS Y TELEVISORAS DE OCCIDENTE, SA DE C V"
/listing/nuevo-estilo-publicidad-y-decoracion/,/rankings/agencias-inbound-marketing-mexico/,ficha del directorio,NUEVO ESTILO PUBLICIDAD Y DECORACION
/listing/imprenta/,/rankings/proveedores-pop-promocionales-mexico/,ficha del directorio,IMPRENTA
/listing/ads-publicidad-total-srl-de-cv/,/rankings/agencias-inbound-marketing-mexico/,ficha del directorio,ADS PUBLICIDAD TOTAL SRL DE CV
/listing/vinil-de-zacatecas-sc-de-p-de-rl/,/rankings/agencias-inbound-marketing-mexico/,ficha del directorio,VINIL DE ZACATECAS SC DE P DE RL
/listing/publi-maya/,/rankings/agencias-inbound-marketing-mexico/,ficha del directorio,PUBLI MAYA
/listing/grupo-estratega-de-publicidad-sa-de-cv/,/rankings/agencias-de-marketing-mexico/,ficha del directorio,GRUPO ESTRATEGA DE PUBLICIDAD SA DE CV
/listing/otero-27/,/rankings/agencias-inbound-marketing-mexico/,ficha del directorio,OTERO 27
/listing/publicidad-y-dise%c3%b1o-anka-digital/,/rankings/agencias-inbound-marketing-mexico/,ficha del directorio,PUBLICIDAD Y DISEÃ‘O ANKA DIGITAL
/listing/publidigital/,/rankings/agencias-inbound-marketing-mexico/,ficha del directorio,PUBLIDIGITAL
/listing/perfiles-e-impresos-s-a-de-c-v/,/rankings/proveedores-pop-promocionales-mexico/,ficha del directorio,"PERFILES E IMPRESOS, S.A. DE C.V."
/listing/solucion-digital-empresarial-sa-de-cv/,/rankings/agencias-inbound-marketing-mexico/,ficha del directorio,SOLUCION DIGITAL EMPRESARIAL SA DE CV
/listing/vendor-publicidad-exterior-s-de-rl-de-c-v/,/rankings/empresas-publicidad-exterior-mexico/,ficha del directorio,VENDOR PUBLICIDAD EXTERIOR S. DE RL. DE C.V.
/listing/publicity/,/rankings/agencias-inbound-marketing-mexico/,ficha del directorio,PUBLICITY
/listing/goduva-publicidad/,/rankings/agencias-inbound-marketing-mexico/,ficha del directorio,GODUVA PUBLICIDAD
/listing/lonas-y-etiquetas/,/rankings/proveedores-pop-promocionales-mexico/,ficha del directorio,LONAS Y ETIQUETAS
/listing/servicios-de-administracion-e-informatica-sa-de-cv/,/rankings/agencias-inbound-marketing-mexico/,ficha del directorio,SERVICIOS DE ADMINISTRACION E INFORMATICA SA DE CV
/listing/servicios-de-administracion-e-informatrica-sa-de-cv/,/rankings/agencias-inbound-marketing-mexico/,ficha del directorio,SERVICIOS DE ADMINISTRACION E INFORMATRICA SA DE CV
/listing/publi-liui/,/rankings/agencias-inbound-marketing-mexico/,ficha del directorio,PUBLI LIUI
/listing/grafika-publicidad/,/rankings/agencias-inbound-marketing-mexico/,ficha del directorio,GRAFIKA PUBLICIDAD
/listing/promociones-acevedo/,/rankings/agencias-btl-promotoria-mexico/,ficha del directorio,PROMOCIONES ACEVEDO
/listing/forward-multimedia/,/rankings/agencias-de-medios-mexico/,ficha del directorio,FORWARD MULTIMEDIA
/listing/creasunn-s-a-de-cv/,/rankings/agencias-inbound-marketing-mexico/,ficha del directorio,CREASUNN S.A DE CV.
/listing/csm-publicidad-s-a-de-c-v/,/rankings/agencias-inbound-marketing-mexico/,ficha del directorio,CSM PUBLICIDAD S.A. DE C.V.
/listing/publi-anuncios/,/rankings/empresas-publicidad-exterior-mexico/,ficha del directorio,PUBLI ANUNCIOS
/listing/chis-mx/,/rankings/agencias-inbound-marketing-mexico/,ficha del directorio,CHIS.MX
/listing/habitat-creativo-sa-de-cv/,/rankings/estudios-diseno-branding-mexico/,ficha del directorio,HABITAT CREATIVO SA DE CV
/listing/publicidad-textil-corona/,/rankings/agencias-inbound-marketing-mexico/,ficha del directorio,PUBLICIDAD TEXTIL CORONA
/listing/publicidad-activa-mobil-s-a-de-c-v/,/rankings/agencias-inbound-marketing-mexico/,ficha del directorio,"PUBLICIDAD ACTIVA MOBIL, S.A. DE C.V."
/listing/grupo-sandoval/,/rankings/agencias-inbound-marketing-mexico/,ficha del directorio,GRUPO SANDOVAL
/listing/lira/,/rankings/agencias-inbound-marketing-mexico/,ficha del directorio,LIRA
/listing/aram-y-asociados-s-a-de-c-v/,/rankings/agencias-inbound-marketing-mexico/,ficha del directorio,ARAM Y ASOCIADOS S. A DE C.V
/listing/soltar-impresores-s-a-de-c-v/,/rankings/proveedores-pop-promocionales-mexico/,ficha del directorio,"SOLTAR IMPRESORES, S.A. DE C.V"
/listing/multi-signos-s-a-de-c-v/,/rankings/agencias-inbound-marketing-mexico/,ficha del directorio,MULTI SIGNOS S.A. DE C.V.
/listing/extra-publicidad/,/rankings/agencias-inbound-marketing-mexico/,ficha del directorio,EXTRA PUBLICIDAD
/listing/pix-color-publicidad/,/rankings/agencias-inbound-marketing-mexico/,ficha del directorio,PIX COLOR PUBLICIDAD
/listing/paes-publicidad/,/rankings/agencias-inbound-marketing-mexico/,ficha del directorio,PAES PUBLICIDAD
/listing/rumbo-publicaciones-s-c/,/rankings/agencias-inbound-marketing-mexico/,ficha del directorio,RUMBO PUBLICACIONES S.C.
/listing/dise%c3%b1o-impreso-en-movimiento-s-a-de-c-v/,/rankings/proveedores-pop-promocionales-mexico/,ficha del directorio,DISEÃ‘O IMPRESO EN MOVIMIENTO S.A DE C.V
/listing/corpporacion-lagunera-s-a-de-c-v/,/rankings/agencias-inbound-marketing-mexico/,ficha del directorio,CORPPORACION LAGUNERA S.A. DE C.V.
/listing/paileria-del-golfo-s-a-de-c-v/,/rankings/empresas-publicidad-exterior-mexico/,ficha del directorio,"PAILERIA DEL GOLFO, S.A. DE C.V."
/listing/doble-l-comunicacion-e-informacion/,/rankings/agencias-de-marketing-mexico/,ficha del directorio,DOBLE L COMUNICACION E INFORMACION
/listing/ingenieria-creativa-en-medios-s-c/,/rankings/agencias-de-medios-mexico/,ficha del directorio,INGENIERIA CREATIVA EN MEDIOS S.C.
/listing/grupo-integra/,/rankings/agencias-inbound-marketing-mexico/,ficha del directorio,GRUPO INTEGRA
/listing/jhony-productions/,/rankings/agencias-inbound-marketing-mexico/,ficha del directorio,JHONY PRODUCTIONS
/listing/servicios-andes/,/rankings/agencias-inbound-marketing-mexico/,ficha del directorio,SERVICIOS ANDES
/listing/artec-de-morelia-s-c/,/rankings/agencias-inbound-marketing-mexico/,ficha del directorio,ARTEC DE MORELIA S C
/listing/o-k-publicidad/,/rankings/agencias-inbound-marketing-mexico/,ficha del directorio,O.K. PUBLICIDAD
/listing/in-marketing/,/rankings/agencias-de-marketing-mexico/,ficha del directorio,IN- MARKETING
/listing/hyc-trade-business-s-a-de-c-v/,/rankings/agencias-btl-promotoria-mexico/,ficha del directorio,HYC TRADE BUSINESS S.A DE C.V
/listing/publi-pac/,/rankings/agencias-inbound-marketing-mexico/,ficha del directorio,PUBLI-PAC
/listing/anuncios-en-directorios-sa-de-cv/,/rankings/empresas-publicidad-exterior-mexico/,ficha del directorio,"ANUNCIOS EN DIRECTORIOS, SA DE CV"
/listing/publiex-pressions-s-a-de-c-v/,/rankings/agencias-inbound-marketing-mexico/,ficha del directorio,PUBLIEX PRESSIONS S.A. DE C.V.
/listing/grupo-publicitario-cerle-s-de-rl-de-cv/,/rankings/agencias-inbound-marketing-mexico/,ficha del directorio,GRUPO PUBLICITARIO CERLE S DE RL DE CV
/listing/5w-mexico-sa-cv/,/rankings/agencias-inbound-marketing-mexico/,ficha del directorio,5W MEXICO SA CV
/listing/dima-studios/,/rankings/agencias-inbound-marketing-mexico/,ficha del directorio,DIMA STUDIOS
/listing/maxi-grafica/,/rankings/proveedores-pop-promocionales-mexico/,ficha del directorio,MAXI GRAFICA
/listing/dise%c3%b1arte-publicidad/,/rankings/agencias-inbound-marketing-mexico/,ficha del directorio,DISEÃ‘ARTE PUBLICIDAD
/listing/contcast/,/rankings/agencias-inbound-marketing-mexico/,ficha del directorio,CONTCAST
/listing/arte-integral-expresion-sa-de-cv/,/rankings/agencias-de-marketing-mexico/,ficha del directorio,ARTE INTEGRAL EXPRESION SA DE CV
/listing/difusion-exterior-s-a-de-c-v/,/rankings/empresas-publicidad-exterior-mexico/,ficha del directorio,DIFUSION EXTERIOR S.A DE C.V.
/listing/publimerc/,/rankings/agencias-inbound-marketing-mexico/,ficha del directorio,PUBLIMERC
/listing/la-roca-publicidad/,/rankings/agencias-inbound-marketing-mexico/,ficha del directorio,LA ROCA PUBLICIDAD
/listing/dsimple/,/rankings/agencias-inbound-marketing-mexico/,ficha del directorio,DSIMPLE
/listing/seriart-publicidad/,/rankings/agencias-inbound-marketing-mexico/,ficha del directorio,SERIART PUBLICIDAD
/listing/mega-color/,/rankings/agencias-inbound-marketing-mexico/,ficha del directorio,mega color
/listing/negativos-lara-castillo-sa-de-cv/,/rankings/agencias-inbound-marketing-mexico/,ficha del directorio,NEGATIVOS LARA CASTILLO SA DE CV
/listing/megapantallas-de-mexico-s-a-de-c-v/,/rankings/empresas-publicidad-exterior-mexico/,ficha del directorio,MEGAPANTALLAS DE MEXICO S.A. DE C.V.
/listing/isa-corporativo-s-a-de-c-v/,/rankings/agencias-inbound-marketing-mexico/,ficha del directorio,ISA CORPORATIVO S.A DE C.V
/listing/d-mentes-creativas-s-de-rl/,/rankings/estudios-diseno-branding-mexico/,ficha del directorio,D MENTES CREATIVAS S DE RL
/listing/secorp-vision-publicitaria-s-de-rl-de-cv/,/rankings/agencias-inbound-marketing-mexico/,ficha del directorio,SECORP VISION PUBLICITARIA S DE RL DE CV
/listing/expo-display-de-queretaro-renta-sa-de-cv/,/rankings/proveedores-pop-promocionales-mexico/,ficha del directorio,EXPO DISPLAY DE QUERETARO RENTA SA DE CV
/listing/reconocimientos-y-promocionales-mexcio-sa-de-cv/,/rankings/agencias-btl-promotoria-mexico/,ficha del directorio,"RECONOCIMIENTOS Y PROMOCIONALES MEXCIO, SA DE CV"
/listing/vendor-publicidad-exterior-s-de-r-l-de-cv/,/rankings/empresas-publicidad-exterior-mexico/,ficha del directorio,"VENDOR PUBLICIDAD EXTERIOR, S. DE R.L. DE CV."
/listing/raya-impresion-digital/,/rankings/agencias-inbound-marketing-mexico/,ficha del directorio,RAYA IMPRESION DIGITAL
/listing/mr-publicidad-s-a-de-c-v/,/rankings/agencias-inbound-marketing-mexico/,ficha del directorio,MR PUBLICIDAD S.A. DE C.V.
/listing/impactos-frecuencia-y-cobertura-en-medios-sa-de-cv/,/rankings/agencias-de-medios-mexico/,ficha del directorio,IMPACTOS FRECUENCIA Y COBERTURA EN MEDIOS SA DE CV
/listing/yahoo-de-mexico-s-a-de-c-v/,/rankings/agencias-inbound-marketing-mexico/,ficha del directorio,"YAHOO DE MEXICO, S.A. DE C.V."
/listing/bordados-publicidad-javar/,/rankings/agencias-inbound-marketing-mexico/,ficha del directorio,BORDADOS PUBLICIDAD JAVAR
/listing/publi-express/,/rankings/agencias-inbound-marketing-mexico/,ficha del directorio,PUBLI EXPRESS
/listing/trazo-vinil-publicidad-sa-de-cv/,/rankings/empresas-publicidad-exterior-mexico/,ficha del directorio,TRAZO VINIL PUBLICIDAD SA DE CV
/listing/sign-solutions-s-a-de-c-v/,/rankings/agencias-inbound-marketing-mexico/,ficha del directorio,SIGN SOLUTIONS S.A. DE C.V.
/listing/eficolor/,/rankings/agencias-inbound-marketing-mexico/,ficha del directorio,EFICOLOR
/listing/calcom-de-mexico/,/rankings/agencias-inbound-marketing-mexico/,ficha del directorio,CALCOM DE MEXICO
/listing/intermediacion-publicitaria-s-a-de-c-v/,/rankings/agencias-de-medios-mexico/,ficha del directorio,INTERMEDIACION PUBLICITARIA S.A. DE C.V.
/listing/se-habla-nobabels-s-c/,/rankings/agencias-inbound-marketing-mexico/,ficha del directorio,SE HABLA NOBABELS S.C.
/listing/corporativo-mi-livdad-s-a-de-c-v/,/rankings/agencias-de-medios-mexico/,ficha del directorio,CORPORATIVO MI LIVDAD S.A DE C.V
/listing/boomeran-dise%c3%b1o-y-publicidad/,/rankings/estudios-diseno-branding-mexico/,ficha del directorio,BOOMERAN DISEÃ‘O Y PUBLICIDAD
/listing/poder-visual-sa-de-cv/,/rankings/agencias-inbound-marketing-mexico/,ficha del directorio,PODER VISUAL SA DE CV
/listing/rcg-espectaculares-sa-de-cv/,/rankings/empresas-publicidad-exterior-mexico/,ficha del directorio,RCG ESPECTACULARES SA DE CV
/listing/business-y-medios-s-a-de-c-v/,/rankings/agencias-de-medios-mexico/,ficha del directorio,business Y medios s.a. de c.v.
/listing/publicidad-vector/,/rankings/agencias-inbound-marketing-mexico/,ficha del directorio,PUBLICIDAD VECTOR
/listing/fucar-arte-y-dise%c3%b1o/,/rankings/estudios-diseno-branding-mexico/,ficha del directorio,FUCAR ARTE Y DISEÃ‘O
/listing/mi-publicidad/,/rankings/agencias-inbound-marketing-mexico/,ficha del directorio,MI PUBLICIDAD
/listing/admira-brand/,/rankings/agencias-inbound-marketing-mexico/,ficha del directorio,ADMIRA BRAND
/listing/questa-de-mexico-s-a-de-c-v/,/rankings/agencias-inbound-marketing-mexico/,ficha del directorio,QUESTA DE MEXICO S.A DE C.V
/listing/imago-publicidad/,/rankings/agencias-inbound-marketing-mexico/,ficha del directorio,IMAGO PUBLICIDAD
/listing/creativ-dise%c3%b1o-y-publicidad/,/rankings/estudios-diseno-branding-mexico/,ficha del directorio,CREATIV DISEÃ‘O Y PUBLICIDAD
/listing/guias-exclusivas-s-a-de-c-v/,/rankings/agencias-inbound-marketing-mexico/,ficha del directorio,GUIAS EXCLUSIVAS S.A. DE C.V.
/listing/frantouch-s-a-de-c-v/,/rankings/agencias-inbound-marketing-mexico/,ficha del directorio,FRANTOUCH S.A DE C.V
/listing/cyflex-s-a-de-c-v/,/rankings/agencias-inbound-marketing-mexico/,ficha del directorio,"CYFLEX, S.A. DE C.V."
/listing/dise%c3%b1os-le-fame-s-a-de-c-v/,/rankings/estudios-diseno-branding-mexico/,ficha del directorio,"DISEÃ‘OS LE FAME, S.A. DE C.V"
/listing/articulos-publicitarios-del-bajio/,/rankings/agencias-inbound-marketing-mexico/,ficha del directorio,ARTICULOS PUBLICITARIOS DEL BAJIO
/listing/contraste/,/rankings/agencias-inbound-marketing-mexico/,ficha del directorio,CONTRASTE
/listing/studio-arte-visual/,/rankings/casas-productoras-mexico/,ficha del directorio,STUDIO ARTE VISUAL
/listing/proyectos-publicitarios/,/rankings/agencias-inbound-marketing-mexico/,ficha del directorio,PROYECTOS PUBLICITARIOS
/listing/playeras-joshua/,/rankings/agencias-inbound-marketing-mexico/,ficha del directorio,PLAYERAS JOSHUA
/listing/comercializadora-de-promocionales-ideas-de-puebla-sa-de-cv/,/rankings/agencias-btl-promotoria-mexico/,ficha del directorio,COMERCIALIZADORA DE PROMOCIONALES IDEAS DE PUEBLA SA DE CV
/listing/anuncios-de-directorios-s-a-de-c-v/,/rankings/empresas-publicidad-exterior-mexico/,ficha del directorio,ANUNCIOS DE DIRECTORIOS S.A DE C.V
/listing/syma-3/,/rankings/grupos-radiofonicos-mexico/,ficha del directorio,SYMA 3
/listing/grupo-impresor-litografico/,/rankings/proveedores-pop-promocionales-mexico/,ficha del directorio,GRUPO IMPRESOR LITOGRAFICO
/listing/publicidad-y-rotulos/,/rankings/agencias-inbound-marketing-mexico/,ficha del directorio,PUBLICIDAD Y ROTULOS
/listing/impacto-lonas-y-toldos-y-publicidad/,/rankings/proveedores-pop-promocionales-mexico/,ficha del directorio,IMPACTO LONAS Y TOLDOS Y PUBLICIDAD
/listing/anuncios-en-directorio-s-a-de-c-v/,/rankings/empresas-publicidad-exterior-mexico/,ficha del directorio,ANUNCIOS EN DIRECTORIO S.A. DE. C.V.
/listing/mano-vallarta-s-a-de-c-v/,/rankings/agencias-inbound-marketing-mexico/,ficha del directorio,MANO VALLARTA S.A DE C.V.
/listing/gsi-fabril-sa-de-cv/,/rankings/agencias-inbound-marketing-mexico/,ficha del directorio,GSI FABRIL SA DE CV
/listing/grupo-doxa/,/rankings/agencias-inbound-marketing-mexico/,ficha del directorio,GRUPO DOXA
/listing/anuncios-exitosos-en-internet-s-a-de-c-v/,/rankings/empresas-publicidad-exterior-mexico/,ficha del directorio,ANUNCIOS EXITOSOS EN INTERNET S.A. DE C.V.
/listing/muray/,/rankings/agencias-inbound-marketing-mexico/,ficha del directorio,MURAY
/listing/seminario-sin-censura/,/rankings/agencias-inbound-marketing-mexico/,ficha del directorio,SEMINARIO SIN CENSURA
/listing/publisitios-de-mexico-sa-de-cv/,/rankings/agencias-inbound-marketing-mexico/,ficha del directorio,PUBLISITIOS DE MEXICO SA DE CV
/listing/publicom/,/rankings/agencias-inbound-marketing-mexico/,ficha del directorio,PUBLICOM
/listing/sak/,/rankings/agencias-inbound-marketing-mexico/,ficha del directorio,SAK
/listing/mpro/,/rankings/agencias-inbound-marketing-mexico/,ficha del directorio,MPRO
/listing/promover-publicidad-y-dise%c3%b1o/,/rankings/estudios-diseno-branding-mexico/,ficha del directorio,PROMOVER PUBLICIDAD Y DISEÃ‘O
/listing/xtreme-media-s-a-de-c-v/,/rankings/agencias-de-medios-mexico/,ficha del directorio,XTREME MEDIA S.A. DE C.V.
/listing/publicolor/,/rankings/agencias-inbound-marketing-mexico/,ficha del directorio,PUBLICOLOR
/listing/active-promotions-s-a-de-c-v/,/rankings/agencias-btl-promotoria-mexico/,ficha del directorio,"ACTIVE PROMOTIONS, S.A. DE C.V."
/listing/publicidad-de-aguinaga-sa-de-cv/,/rankings/agencias-inbound-marketing-mexico/,ficha del directorio,PUBLICIDAD DE AGUINAGA SA DE CV
/listing/xpres-xpresate-sa-de-cv/,/rankings/agencias-inbound-marketing-mexico/,ficha del directorio,XPRES XPRESATE SA DE CV
/listing/imagenes-de-guadalajara-s-a-de-c-v/,/rankings/agencias-inbound-marketing-mexico/,ficha del directorio,IMAGENES DE GUADALAJARA S.A. DE C.V.
/listing/fusion-media-s-a-de-c-v/,/rankings/agencias-de-medios-mexico/,ficha del directorio,"FUSION MEDIA, S.A. DE C.V."
/listing/graphics-signs-s-a-de-c-v/,/rankings/agencias-inbound-marketing-mexico/,ficha del directorio,"GRAPHICS SIGNS, S.A. DE C.V."
/listing/adrian/,/rankings/agencias-inbound-marketing-mexico/,ficha del directorio,ADRIAN
/listing/publicidad-industrial-mtelecomm-s-a-de-c-v/,/rankings/agencias-inbound-marketing-mexico/,ficha del directorio,"PUBLICIDAD INDUSTRIAL MTELECOMM, S.A. DE C.V."
/listing/exfera-mexico-sa-de-cv/,/rankings/agencias-inbound-marketing-mexico/,ficha del directorio,EXFERA MEXICO SA DE CV
/listing/camaleon-films-sa-de-cv/,/rankings/casas-productoras-mexico/,ficha del directorio,CAMALEON FILMS SA DE CV
/listing/santa-rosalia-imagen-creativa-s-a-de-c-v/,/rankings/estudios-diseno-branding-mexico/,ficha del directorio,SANTA ROSALIA IMAGEN CREATIVA S.A. DE C.V.
/listing/corporacion-interpublic-mexicana-sa-de-cv/,/rankings/agencias-inbound-marketing-mexico/,ficha del directorio,CORPORACION INTERPUBLIC MEXICANA SA DE CV
/listing/jcm-publicidad/,/rankings/agencias-inbound-marketing-mexico/,ficha del directorio,JCM PUBLICIDAD
/listing/imaginacion-promocional-s-a-de-c-v/,/rankings/agencias-btl-promotoria-mexico/,ficha del directorio,IMAGINACION PROMOCIONAL S.A. DE C.V.
/listing/grupo-stiletto-s-a-de-c-v/,/rankings/agencias-inbound-marketing-mexico/,ficha del directorio,GRUPO STILETTO S.A. DE C.V.
/listing/questa-publicidad/,/rankings/agencias-inbound-marketing-mexico/,ficha del directorio,QUESTA PUBLICIDAD
/listing/dis%c3%b1o-grafico/,/rankings/proveedores-pop-promocionales-mexico/,ficha del directorio,DISÃ‘O GRAFICO
/listing/espacios-publicitarios-estrategicos-s-a-de-c-v/,/rankings/agencias-de-marketing-mexico/,ficha del directorio,"ESPACIOS PUBLICITARIOS ESTRATEGICOS, S.A DE C.V."
/listing/pimsa-publicidad-s-a-de-c-v/,/rankings/agencias-inbound-marketing-mexico/,ficha del directorio,"PIMSA PUBLICIDAD, S.A. DE C.V."
/listing/playerytess/,/rankings/agencias-inbound-marketing-mexico/,ficha del directorio,PLAYERYTESS
/listing/radio-xevu-s-a-de-c-v/,/rankings/grupos-radiofonicos-mexico/,ficha del directorio,"RADIO XEVU, S.A. DE C.V."
/listing/radio-xefil-s-a-de-c-v/,/rankings/grupos-radiofonicos-mexico/,ficha del directorio,"RADIO XEFIL, S.A. DE C.V."
/listing/agencia-total-s-a-de-c-v/,/rankings/agencias-inbound-marketing-mexico/,ficha del directorio,AGENCIA TOTAL S.A. DE C.V.
/listing/cm-publicidad/,/rankings/agencias-inbound-marketing-mexico/,ficha del directorio,CM PUBLICIDAD
/listing/cmyk-modelo-de-color/,/rankings/productoras-de-eventos-mexico/,ficha del directorio,CMYK MODELO DE COLOR
/listing/zega-exhibit-design-s-a-de-c-v/,/rankings/estudios-diseno-branding-mexico/,ficha del directorio,ZEGA EXHIBIT DESIGN S.A. DE C.V.
/listing/distribuidora-parroquial-de-san-antonio-sa-de-cv/,/rankings/agencias-inbound-marketing-mexico/,ficha del directorio,DISTRIBUIDORA PARROQUIAL DE SAN ANTONIO SA DE CV
/listing/neo-x-publicidad/,/rankings/agencias-inbound-marketing-mexico/,ficha del directorio,NEO X PUBLICIDAD
/listing/publicitarios-del-norte-de-mexico-s-a-de-c-v/,/rankings/grupos-radiofonicos-mexico/,ficha del directorio,PUBLICITARIOS DEL NORTE DE MEXICO S.A. DE .C.V
/listing/radar-servicios-especializados-de-mercadotecnia-s-a-de-c-v/,/rankings/agencias-de-marketing-mexico/,ficha del directorio,"RADAR SERVICIOS ESPECIALIZADOS DE MERCADOTECNIA, S.A. DE C.V."
/listing/intersexion-queretaro-s-c/,/rankings/agencias-de-publicidad-queretaro/,ficha del directorio,INTERSEXION QUERETARO S.C.
/listing/comercializadora-vocafys-s-a-de-c-v/,/rankings/agencias-inbound-marketing-mexico/,ficha del directorio,COMERCIALIZADORA VOCAFYS S.A. DE C.V.
/listing/la-voz-de-michoacan-s-a-de-c-v/,/rankings/agencias-inbound-marketing-mexico/,ficha del directorio,"LA VOZ DE MICHOACAN, S.A. DE C.V."
/listing/grupo-alparied-s-a-de-c-v/,/rankings/agencias-inbound-marketing-mexico/,ficha del directorio,GRUPO ALPARIED S.A. DE C.V.
/listing/kubica/,/rankings/agencias-inbound-marketing-mexico/,ficha del directorio,KUBICA
/listing/impresion-digital-azuara/,/rankings/agencias-inbound-marketing-mexico/,ficha del directorio,IMPRESION DIGITAL AZUARA
/listing/protarget-estrategia-profesional-s-a-de-c-v/,/rankings/agencias-de-marketing-mexico/,ficha del directorio,PROTARGET ESTRATEGIA PROFESIONAL S.A DE C.V
/listing/grupo-ublicitario-del-golfo-s-a-de-c-v/,/rankings/agencias-inbound-marketing-mexico/,ficha del directorio,GRUPO UBLICITARIO DEL GOLFO S.A. DE C.V.
/listing/706-design/,/rankings/estudios-diseno-branding-mexico/,ficha del directorio,706 DESIGN
/listing/amfar-sa-de-cv/,/rankings/agencias-inbound-marketing-mexico/,ficha del directorio,AMFAR SA DE CV
/listing/publicum-consultores-s-a-de-c-v/,/rankings/agencias-de-marketing-mexico/,ficha del directorio,PUBLICUM CONSULTORES S.A DE C.V
/listing/promo-mer/,/rankings/agencias-btl-promotoria-mexico/,ficha del directorio,PROMO-MER
/listing/publicidad-osorio/,/rankings/agencias-inbound-marketing-mexico/,ficha del directorio,PUBLICIDAD OSORIO
/listing/cetilia/,/rankings/agencias-inbound-marketing-mexico/,ficha del directorio,CETILIA
/listing/zale-graphic-s-a-de-c-v/,/rankings/agencias-inbound-marketing-mexico/,ficha del directorio,"ZALE GRAPHIC, S.A. DE C.V."
/listing/imagen-y-dise%c3%b1o-publicitario/,/rankings/estudios-diseno-branding-mexico/,ficha del directorio,IMAGEN Y DISEÃ‘O PUBLICITARIO
/listing/intersexion-monterrey-s-c/,/rankings/agencias-de-publicidad-monterrey/,ficha del directorio,"INTERSEXION MONTERREY, S.C."
/listing/spacio-grafico/,/rankings/proveedores-pop-promocionales-mexico/,ficha del directorio,SPACIO GRAFICO
/listing/xpresiones/,/rankings/agencias-inbound-marketing-mexico/,ficha del directorio,XPRESIONES
/listing/audio-visuales-de-valdes-sa-de-cv/,/rankings/agencias-inbound-marketing-mexico/,ficha del directorio,AUDIO VISUALES DE VALDES SA DE CV
/listing/xm-comunicacion-sc/,/rankings/agencias-de-marketing-mexico/,ficha del directorio,XM COMUNICACION SC
/listing/ingenio-dise%c3%b1o-y-publicidad/,/rankings/estudios-diseno-branding-mexico/,ficha del directorio,"INGENIO, DISEÃ‘O Y PUBLICIDAD"
/listing/vendor-publicidad-exterior-s-de-rl-de-cv/,/rankings/empresas-publicidad-exterior-mexico/,ficha del directorio,VENDOR PUBLICIDAD EXTERIOR S DE RL DE CV
/listing/angelus-producciones-s-a-de-c-v/,/rankings/casas-productoras-mexico/,ficha del directorio,ANGELUS PRODUCCIONES S.A. DE C.V.
/listing/publi-gisma-sa-de-cv/,/rankings/agencias-inbound-marketing-mexico/,ficha del directorio,PUBLI GISMA SA DE CV
/listing/editorial-magesa-s-a-de-c-v/,/rankings/agencias-inbound-marketing-mexico/,ficha del directorio,"EDITORIAL MAGESA, S.A. DE C.V."
/listing/grafic-quin-s-a-de-c-v/,/rankings/proveedores-pop-promocionales-mexico/,ficha del directorio,"GRAFIC QUIN, S.A. DE C.V."
/listing/quiero-media-s-a-de-c-v/,/rankings/agencias-de-medios-mexico/,ficha del directorio,QUIERO MEDIA S.A. DE C.V.
/listing/ad-medios-s-a-de-c-v/,/rankings/agencias-de-medios-mexico/,ficha del directorio,AD MEDIOS S.A. DE C.V.
/listing/triciclo/,/rankings/agencias-inbound-marketing-mexico/,ficha del directorio,triciclo
/listing/global-media-asesores-s-a-de-c-v/,/rankings/agencias-de-medios-mexico/,ficha del directorio,GLOBAL MEDIA ASESORES S.A. DE C.V.
/listing/publicidad-de-aguinaga-s-a-de-c-v/,/rankings/agencias-inbound-marketing-mexico/,ficha del directorio,PUBLICIDAD DE AGUINAGA S.A. DE C.V.
/listing/publi-shine-s-a-de-c-v/,/rankings/agencias-inbound-marketing-mexico/,ficha del directorio,PUBLI SHINE S.A. DE C.V.
/listing/grupo-ojeda/,/rankings/agencias-inbound-marketing-mexico/,ficha del directorio,GRUPO OJEDA
/listing/licon-y-asociados-s-a-de-c-v/,/rankings/agencias-inbound-marketing-mexico/,ficha del directorio,"LICON Y ASOCIADOS, S.A. DE C.V."
/listing/bni-mexico-s-a-de-c-v/,/rankings/agencias-inbound-marketing-mexico/,ficha del directorio,BNI MEXICO S.A. DE C.V.
/listing/integra-tu-publicidad-sc/,/rankings/agencias-inbound-marketing-mexico/,ficha del directorio,INTEGRA TU PUBLICIDAD SC
/listing/jgy-servicios-profecionales-sa-de-cv/,/rankings/agencias-inbound-marketing-mexico/,ficha del directorio,JGY SERVICIOS PROFECIONALES SA DE CV
/listing/promopad/,/rankings/agencias-inbound-marketing-mexico/,ficha del directorio,PROMOPAD
/listing/rotulaciones-de-chihuahua-sa-de-cv/,/rankings/agencias-inbound-marketing-mexico/,ficha del directorio,ROTULACIONES DE CHIHUAHUA SA DE CV
/listing/carteleras-y-neon-espectaculares-sa-cv/,/rankings/empresas-publicidad-exterior-mexico/,ficha del directorio,CARTELERAS Y NEON ESPECTACULARES SA CV
/listing/publicidad-y-dise%c3%b1o/,/rankings/estudios-diseno-branding-mexico/,ficha del directorio,PUBLICIDAD Y DISEÃ‘O
/listing/new-image-comercial-sa-de-cv/,/rankings/agencias-inbound-marketing-mexico/,ficha del directorio,NEW IMAGE COMERCIAL SA DE CV
/listing/qbsoluciones-sa-de-cv/,/rankings/agencias-inbound-marketing-mexico/,ficha del directorio,QBSOLUCIONES SA DE CV
/listing/grupo-chong-signs/,/rankings/agencias-inbound-marketing-mexico/,ficha del directorio,GRUPO CHONG SIGNS
/listing/logica-en-medios-sa-de-cv/,/rankings/agencias-de-medios-mexico/,ficha del directorio,LOGICA EN MEDIOS SA DE CV
/listing/medios-publicitarios-e-investigacion-sa-de-cv/,/rankings/agencias-investigacion-de-mercados-mexico/,ficha del directorio,MEDIOS PUBLICITARIOS E INVESTIGACION SA DE CV
/listing/publycom-s-a-de-c-v/,/rankings/agencias-inbound-marketing-mexico/,ficha del directorio,PUBLYCOM S.A. DE C.V.
/listing/veloga-sa-de-cv/,/rankings/agencias-inbound-marketing-mexico/,ficha del directorio,VELOGA SA DE CV
/listing/cortina-tagle-isoard-y-cia-sc/,/rankings/agencias-inbound-marketing-mexico/,ficha del directorio,CORTINA TAGLE ISOARD Y CIA SC
/listing/enfiestate-com/,/rankings/agencias-inbound-marketing-mexico/,ficha del directorio,ENFIESTATE ! COM
/listing/anuncios-en-directorios-s-a-de-c-v/,/rankings/empresas-publicidad-exterior-mexico/,ficha del directorio,"ANUNCIOS EN DIRECTORIOS, S.A. DE C.V."
/listing/vea-de-occidente-s-a-de-c-v/,/rankings/empresas-publicidad-exterior-mexico/,ficha del directorio,VEA DE OCCIDENTE S.A. DE C.V
/listing/abyp-sa-de-cv/,/rankings/agencias-inbound-marketing-mexico/,ficha del directorio,ABYP SA DE CV
/listing/instituto-de-mercadotecnia-y-publicidad-sc/,/rankings/agencias-de-marketing-mexico/,ficha del directorio,INSTITUTO DE MERCADOTECNIA Y PUBLICIDAD SC
/listing/liselot-s-a-de-c-v/,/rankings/agencias-inbound-marketing-mexico/,ficha del directorio,"LISELOT, S.A. DE C.V."
/listing/vel-mart/,/rankings/agencias-inbound-marketing-mexico/,ficha del directorio,VEL-MART
/listing/digital-audio-2000/,/rankings/agencias-inbound-marketing-mexico/,ficha del directorio,DIGITAL AUDIO 2000
/listing/aztral-publicidad-exterior-s-a-de-c-v/,/rankings/empresas-publicidad-exterior-mexico/,ficha del directorio,AZTRAL PUBLICIDAD EXTERIOR S.A. DE C.V.
/listing/grupo-creativos/,/rankings/estudios-diseno-branding-mexico/,ficha del directorio,GRUPO CREATIVOS
/listing/tv-promo-s-a-de-c-v/,/rankings/agencias-btl-promotoria-mexico/,ficha del directorio,"TV PROMO, S.A. DE C.V."
/listing/telepersonal-s-a-d-e-c-v/,/rankings/agencias-inbound-marketing-mexico/,ficha del directorio,"TELEPERSONAL, S.A.D E C.V."
/listing/organizacion-de-servicios-corporativos-mexicanos-sc/,/rankings/agencias-inbound-marketing-mexico/,ficha del directorio,ORGANIZACION DE SERVICIOS CORPORATIVOS MEXICANOS SC
/listing/nucleo-radio-mil-s-a-de-c-v/,/rankings/grupos-radiofonicos-mexico/,ficha del directorio,NUCLEO RADIO MIL S.A. DE C.V.
/listing/maquilas-artisticas-publicitarias-sa-de-cv/,/rankings/agencias-inbound-marketing-mexico/,ficha del directorio,MAQUILAS ARTISTICAS PUBLICITARIAS SA DE CV
/listing/monsadria-s-a/,/rankings/agencias-inbound-marketing-mexico/,ficha del directorio,MONSADRIA S.A.
/listing/impresos-proppim-s-a-de-c-v/,/rankings/proveedores-pop-promocionales-mexico/,ficha del directorio,IMPRESOS PROPPIM S.A. DE C.V.
/listing/flexo-print-s-a-de-c-v/,/rankings/empresas-publicidad-exterior-mexico/,ficha del directorio,"FLEXO PRINT, S.A. DE C.V."
/listing/cap-servicios-empresariales-sa-de-cv/,/rankings/agencias-inbound-marketing-mexico/,ficha del directorio,CAP SERVICIOS EMPRESARIALES SA DE CV
/listing/creaciones-artisticas-publicitarias-sa-de-cv/,/rankings/agencias-inbound-marketing-mexico/,ficha del directorio,CREACIONES ARTISTICAS PUBLICITARIAS SA DE CV
/listing/fdfoco/,/rankings/agencias-inbound-marketing-mexico/,ficha del directorio,FDFoco
/listing/brain-firma-creativa/,/rankings/estudios-diseno-branding-mexico/,ficha del directorio,Brain Firma Creativa
/listing/volaris/,/rankings/agencias-inbound-marketing-mexico/,ficha del directorio,Volaris
/listing/expomex/,/rankings/productoras-de-eventos-mexico/,ficha del directorio,Expomex
/listing/emkt-mx/,/rankings/agencias-inbound-marketing-mexico/,ficha del directorio,emkt.mx
/listing/aeromexico/,/rankings/agencias-inbound-marketing-mexico/,ficha del directorio,Aeroméxico
/listing/actioncoach/,/rankings/agencias-inbound-marketing-mexico/,ficha del directorio,ActionCOACH
/listing/gorilla/,/rankings/agencias-inbound-marketing-mexico/,ficha del directorio,Gorilla
/listing/espacio/,/rankings/agencias-inbound-marketing-mexico/,ficha del directorio,Espacio
/listing/mvs-radio-df/,/rankings/grupos-radiofonicos-mexico/,ficha del directorio,MVS Radio
/listing/expopublicitas-df/,/rankings/proveedores-pop-promocionales-mexico/,ficha del directorio,EXPOPUBLICITAS 2015
/listing/carteleras-df/,/rankings/empresas-publicidad-exterior-mexico/,ficha del directorio,Carteleras
/listing/arquero-ediciones-df/,/rankings/agencias-inbound-marketing-mexico/,ficha del directorio,Arquero Ediciones (DF)
/listing/herramientas-para-el-cambio-df/,/rankings/agencias-de-marketing-mexico/,ficha del directorio,Herramientas para el cambio
/listing/manpower-df/,/rankings/agencias-de-marketing-mexico/,ficha del directorio,Manpower
/listing/boga-promotion-df/,/rankings/agencias-btl-promotoria-mexico/,ficha del directorio,Boga Promotion
/listing/mix-106-5-df/,/rankings/grupos-radiofonicos-mexico/,ficha del directorio,106.5 Mix
/listing/amor-953-df/,/rankings/grupos-radiofonicos-mexico/,ficha del directorio,Amor 95.3
/listing/889-noticias-df/,/rankings/grupos-radiofonicos-mexico/,ficha del directorio,88.9 Noticias
/listing/la-1260-am-df/,/rankings/agencias-inbound-marketing-mexico/,ficha del directorio,La 1260 AM
/listing/radio-felicidad-df/,/rankings/grupos-radiofonicos-mexico/,ficha del directorio,Radio Felicidad
/listing/instintos-creativos-df/,/rankings/estudios-diseno-branding-mexico/,ficha del directorio,Instintos Creativos
/listing/retro-studio-df/,/rankings/casas-productoras-mexico/,ficha del directorio,Retro Studio
/listing/dinamic-direct-df/,/rankings/agencias-inbound-marketing-mexico/,ficha del directorio,Dinamic Direct
/listing/opcion-b-df/,/rankings/productoras-de-eventos-mexico/,ficha del directorio,Opcion B
/listing/photobooth-mexico-df/,/rankings/productoras-de-eventos-mexico/,ficha del directorio,Photobooth Mexico
/listing/somos-anahuac-df/,/rankings/agencias-de-marketing-mexico/,ficha del directorio,Somos Anahuac
/listing/integra-df/,/rankings/agencias-de-marketing-mexico/,ficha del directorio,Integra
/listing/espect-arte-df/,/rankings/productoras-de-eventos-mexico/,ficha del directorio,espect-arte
/listing/the-premium-machine-df/,/rankings/agencias-inbound-marketing-mexico/,ficha del directorio,The Premium Machine
/listing/boga-models-df/,/rankings/productoras-de-eventos-mexico/,ficha del directorio,Boga Models
/listing/grupo-vantah-df/,/rankings/agencias-inbound-marketing-mexico/,ficha del directorio,Grupo Vantah
/listing/soluciones-en-publicidad-df/,/rankings/agencias-de-medios-mexico/,ficha del directorio,Soluciones en Publicidad
/directorio/proveedores/go-virtual-1728,/rankings/productoras-de-eventos-mexico/,regla 3834 reapuntada,
/directorio/proveedores/stands-y-displays-stand-123-1727,/rankings/proveedores-pop-promocionales-mexico/,regla 3833 reapuntada,
/directorio/proveedores/stands-y-displays-qualton-1726,/rankings/proveedores-pop-promocionales-mexico/,regla 3832 reapuntada,
/directorio/proveedores/stands-y-displays-holders-1724,/rankings/proveedores-pop-promocionales-mexico/,regla 3830 reapuntada,
/directorio/proveedores/stands-y-displays-grupo-tochijara-1723,/rankings/proveedores-pop-promocionales-mexico/,regla 3829 reapuntada,
/directorio/proveedores/stands-y-displays-grupo-om-1722,/rankings/proveedores-pop-promocionales-mexico/,regla 3828 reapuntada,
/directorio/proveedores/stands-y-displays-expoquarzo-1721,/rankings/proveedores-pop-promocionales-mexico/,regla 3827 reapuntada,
/directorio/proveedores/stands-y-displays-expoexpress-1720,/rankings/proveedores-pop-promocionales-mexico/,regla 3826 reapuntada,
/directorio/proveedores/stands-y-displays-eliptic-1719,/rankings/proveedores-pop-promocionales-mexico/,regla 3825 reapuntada,
/directorio/proveedores/stands-y-displays-dm-display-1718,/rankings/proveedores-pop-promocionales-mexico/,regla 3824 reapuntada,
/directorio/proveedores/stands-y-displays-cr-rpo-display-1717,/rankings/proveedores-pop-promocionales-mexico/,regla 3823 reapuntada,
/directorio/proveedores/soporte-tecnico-it-sistemas-tecnocen-1716,/rankings/casas-productoras-mexico/,regla 3822 reapuntada,
/directorio/proveedores/soporte-tecnico-it-sistemas-sitmexico-1715,/rankings/agencias-de-medios-mexico/,regla 3821 reapuntada,
/directorio/proveedores/soporte-tecnico-it-sistemas-savesa-sistemas-1714,/rankings/agencias-inbound-marketing-mexico/,regla 3820 reapuntada,
/directorio/proveedores/soporte-tecnico-it-sistemas-asisteo-it-1713,/rankings/agencias-inbound-marketing-mexico/,regla 3819 reapuntada,
/directorio/proveedores/productoras-zombie-tv-1712,/rankings/casas-productoras-mexico/,regla 3818 reapuntada,
/directorio/proveedores/productoras-yellow-films-1711,/rankings/casas-productoras-mexico/,regla 3817 reapuntada,
/directorio/proveedores/productoras-producciones-por-marca-1710,/rankings/casas-productoras-mexico/,regla 3816 reapuntada,
/directorio/proveedores/productoras-whiskey-films-1709,/rankings/casas-productoras-mexico/,regla 3815 reapuntada,
/directorio/proveedores/productoras-vietnam-films-1708,/rankings/casas-productoras-mexico/,regla 3814 reapuntada,
/directorio/proveedores/productoras-videotalento-1707,/rankings/productoras-de-eventos-mexico/,regla 3813 reapuntada,
/directorio/proveedores/productoras-vdm-casa-productora-1706,/rankings/casas-productoras-mexico/,regla 3812 reapuntada,
/directorio/proveedores/productoras-tribu-films-producciones-1705,/rankings/casas-productoras-mexico/,regla 3811 reapuntada,
/directorio/proveedores/productoras-grupo-traziende-1704,/rankings/casas-productoras-mexico/,regla 3810 reapuntada,
/directorio/proveedores/productoras-tiempo-y-tono-films-1703,/rankings/casas-productoras-mexico/,regla 3809 reapuntada,
/directorio/proveedores/productoras-the-maestros-1702,/rankings/casas-productoras-mexico/,regla 3808 reapuntada,
/directorio/proveedores/productoras-terciopelo-films-1701,/rankings/casas-productoras-mexico/,regla 3807 reapuntada,
/directorio/proveedores/productoras-surreal-factory-1700,/rankings/casas-productoras-mexico/,regla 3806 reapuntada,
/directorio/proveedores/productoras-suitechocolate-1699,/rankings/casas-productoras-mexico/,regla 3805 reapuntada,
/directorio/proveedores/productoras-suave-films-1698,/rankings/casas-productoras-mexico/,regla 3804 reapuntada,
/directorio/proveedores/productoras-ssl-1697,/rankings/casas-productoras-mexico/,regla 3803 reapuntada,
/directorio/proveedores/productoras-digital-sprockets-1696,/rankings/casas-productoras-mexico/,regla 3802 reapuntada,
/directorio/proveedores/productoras-sprocket-films-1695,/rankings/casas-productoras-mexico/,regla 3801 reapuntada,
/directorio/proveedores/productoras-sinergis-1694,/rankings/casas-productoras-mexico/,regla 3800 reapuntada,
/directorio/proveedores/productoras-silver-media-studio-1693,/rankings/casas-productoras-mexico/,regla 3799 reapuntada,
/directorio/proveedores/productoras-ryp-producciones-1692,/rankings/casas-productoras-mexico/,regla 3798 reapuntada,
/directorio/proveedores/productoras-rojo-films-1691,/rankings/casas-productoras-mexico/,regla 3797 reapuntada,
/directorio/proveedores/productoras-retina-1689,/rankings/casas-productoras-mexico/,regla 3795 reapuntada,
/directorio/proveedores/productoras-quantica-studio-1688,/rankings/casas-productoras-mexico/,regla 3794 reapuntada,
/directorio/proveedores/productoras-qiafilms-1687,/rankings/casas-productoras-mexico/,regla 3793 reapuntada,
/directorio/proveedores/productoras-planeta-films-1686,/rankings/casas-productoras-mexico/,regla 3792 reapuntada,
/directorio/proveedores/productoras-pirana-1685,/rankings/casas-productoras-mexico/,regla 3791 reapuntada,
/directorio/proveedores/productoras-pimienta-films-1684,/rankings/casas-productoras-mexico/,regla 3790 reapuntada,
/directorio/proveedores/productoras-peliculas-imaginarias-1683,/rankings/casas-productoras-mexico/,regla 3789 reapuntada,
/directorio/proveedores/productoras-producciones-carbajo-1682,/rankings/casas-productoras-mexico/,regla 3788 reapuntada,
/directorio/proveedores/productoras-orange-producers-1681,/rankings/casas-productoras-mexico/,regla 3787 reapuntada,
/directorio/proveedores/productoras-n-producciones-1680,/rankings/casas-productoras-mexico/,regla 3786 reapuntada,
/directorio/proveedores/productoras-my-goodness-1679,/rankings/casas-productoras-mexico/,regla 3785 reapuntada,
/directorio/proveedores/productoras-muela-producciones-1678,/rankings/casas-productoras-mexico/,regla 3784 reapuntada,
/directorio/proveedores/productoras-metro-producciones-1677,/rankings/casas-productoras-mexico/,regla 3783 reapuntada,
/directorio/proveedores/productoras-medianaranja-1676,/rankings/casas-productoras-mexico/,regla 3782 reapuntada,
/directorio/proveedores/productoras-marango-networks-1675,/rankings/casas-productoras-mexico/,regla 3781 reapuntada,
/directorio/proveedores/productoras-araudio-1674,/rankings/casas-productoras-mexico/,regla 3780 reapuntada,
/directorio/proveedores/productoras-los-ojos-de-mi-abuela-1673,/rankings/casas-productoras-mexico/,regla 3779 reapuntada,
/directorio/proveedores/productoras-the-lift-1672,/rankings/casas-productoras-mexico/,regla 3778 reapuntada,
/directorio/proveedores/productoras-leonis-films-1671,/rankings/casas-productoras-mexico/,regla 3777 reapuntada,
/directorio/proveedores/productoras-la-ventana-producciones-1670,/rankings/casas-productoras-mexico/,regla 3776 reapuntada,
/directorio/proveedores/productoras-la-nave-centro-de-produccion-1669,/rankings/casas-productoras-mexico/,regla 3775 reapuntada,
/directorio/proveedores/productoras-la-maripepa-films-1668,/rankings/casas-productoras-mexico/,regla 3774 reapuntada,
/directorio/proveedores/productoras-la-fabrica-films-1667,/rankings/casas-productoras-mexico/,regla 3773 reapuntada,
/directorio/proveedores/productoras-kuter-creativos-exactos-1666,/rankings/casas-productoras-mexico/,regla 3772 reapuntada,
/directorio/proveedores/productoras-kreatta-producciones-1665,/rankings/casas-productoras-mexico/,regla 3771 reapuntada,
/directorio/proveedores/productoras-imax-producciones-1663,/rankings/casas-productoras-mexico/,regla 3769 reapuntada,
/directorio/proveedores/productoras-ikarus-1662,/rankings/casas-productoras-mexico/,regla 3768 reapuntada,
/directorio/proveedores/productoras-industria-3-studios-1661,/rankings/casas-productoras-mexico/,regla 3767 reapuntada,
/directorio/proveedores/productoras-hormiga-films-1660,/rankings/casas-productoras-mexico/,regla 3766 reapuntada,
/directorio/proveedores/productoras-home-1659,/rankings/casas-productoras-mexico/,regla 3765 reapuntada,
/directorio/proveedores/productoras-grupo-de-leon-1658,/rankings/casas-productoras-mexico/,regla 3764 reapuntada,
/directorio/proveedores/productoras-gelatina-films-1657,/rankings/casas-productoras-mexico/,regla 3763 reapuntada,
/directorio/proveedores/productoras-garcia-bross-y-asociados-1656,/rankings/casas-productoras-mexico/,regla 3762 reapuntada,
/directorio/proveedores/productoras-filmmen-1655,/rankings/casas-productoras-mexico/,regla 3761 reapuntada,
/directorio/proveedores/productoras-filmmaking-1654,/rankings/casas-productoras-mexico/,regla 3760 reapuntada,
/directorio/proveedores/productoras-filma-1653,/rankings/casas-productoras-mexico/,regla 3759 reapuntada,
/directorio/proveedores/productoras-fc-films-1652,/rankings/casas-productoras-mexico/,regla 3758 reapuntada,
/directorio/proveedores/productoras-factory-1651,/rankings/casas-productoras-mexico/,regla 3757 reapuntada,
/directorio/proveedores/productoras-espejo-y-asociados-1650,/rankings/casas-productoras-mexico/,regla 3756 reapuntada,
/directorio/proveedores/productoras-elote-films-1649,/rankings/casas-productoras-mexico/,regla 3755 reapuntada,
/directorio/proveedores/productoras-el-mall-1648,/rankings/casas-productoras-mexico/,regla 3754 reapuntada,
/directorio/proveedores/productoras-elite-studios-1647,/rankings/casas-productoras-mexico/,regla 3753 reapuntada,
/directorio/proveedores/productoras-elemento-producciones-1646,/rankings/casas-productoras-mexico/,regla 3752 reapuntada,
/directorio/proveedores/productoras-distrito-films-1645,/rankings/casas-productoras-mexico/,regla 3751 reapuntada,
/directorio/proveedores/productoras-dr-comunicacion-1644,/rankings/casas-productoras-mexico/,regla 3750 reapuntada,
/directorio/proveedores/productoras-dead-astronauts-1643,/rankings/casas-productoras-mexico/,regla 3749 reapuntada,
/directorio/proveedores/productoras-corte-y-queda-1642,/rankings/casas-productoras-mexico/,regla 3748 reapuntada,
/directorio/proveedores/productoras-cineconcepto-1641,/rankings/casas-productoras-mexico/,regla 3747 reapuntada,
/directorio/proveedores/productoras-ciberfilms-1640,/rankings/casas-productoras-mexico/,regla 3746 reapuntada,
/directorio/proveedores/productoras-chilaktazo-films-1639,/rankings/casas-productoras-mexico/,regla 3745 reapuntada,
/directorio/proveedores/productoras-chapulte-pictures-1638,/rankings/casas-productoras-mexico/,regla 3744 reapuntada,
/directorio/proveedores/productoras-central-films-1637,/rankings/casas-productoras-mexico/,regla 3743 reapuntada,
/directorio/proveedores/productoras-contenido-neto-1636,/rankings/casas-productoras-mexico/,regla 3742 reapuntada,
/directorio/proveedores/productoras-catatonia-films-1635,/rankings/casas-productoras-mexico/,regla 3741 reapuntada,
/directorio/proveedores/productoras-la-casa-productora-1634,/rankings/casas-productoras-mexico/,regla 3740 reapuntada,
/directorio/proveedores/productoras-casa-12-producciones-1633,/rankings/casas-productoras-mexico/,regla 3739 reapuntada,
/directorio/proveedores/productoras-cartucho-films-1632,/rankings/casas-productoras-mexico/,regla 3738 reapuntada,
/directorio/proveedores/productoras-cantarranas-films-1631,/rankings/casas-productoras-mexico/,regla 3737 reapuntada,
/directorio/proveedores/productoras-candiani-producciones-1630,/rankings/casas-productoras-mexico/,regla 3736 reapuntada,
/directorio/proveedores/productoras-canal-izquierdo-1629,/rankings/casas-productoras-mexico/,regla 3735 reapuntada,
/directorio/proveedores/productoras-camaleon-films-1628,/rankings/casas-productoras-mexico/,regla 3734 reapuntada,
/directorio/proveedores/productoras-cafepost-1627,/rankings/casas-productoras-mexico/,regla 3733 reapuntada,
/directorio/proveedores/productoras-byg-studio-1626,/rankings/casas-productoras-mexico/,regla 3732 reapuntada,
/directorio/proveedores/productoras-bulldog-films-1625,/rankings/casas-productoras-mexico/,regla 3731 reapuntada,
/directorio/proveedores/productoras-brixton-films-1624,/rankings/casas-productoras-mexico/,regla 3730 reapuntada,
/directorio/proveedores/productoras-bit-produccion-de-medios-digitales-1623,/rankings/casas-productoras-mexico/,regla 3729 reapuntada,
/directorio/proveedores/productoras-bitbang-studio-1622,/rankings/casas-productoras-mexico/,regla 3728 reapuntada,
/directorio/proveedores/productoras-betelfilms-1621,/rankings/casas-productoras-mexico/,regla 3727 reapuntada,
/directorio/proveedores/productoras-avanti-pictures-1620,/rankings/casas-productoras-mexico/,regla 3726 reapuntada,
/directorio/proveedores/productoras-audioimagen-1619,/rankings/casas-productoras-mexico/,regla 3725 reapuntada,
/directorio/proveedores/productoras-atomik-cine-y-video-1618,/rankings/casas-productoras-mexico/,regla 3724 reapuntada,
/directorio/proveedores/productoras-arts-studios-1617,/rankings/casas-productoras-mexico/,regla 3723 reapuntada,
/directorio/proveedores/productoras-armar-producciones-1616,/rankings/casas-productoras-mexico/,regla 3722 reapuntada,
/directorio/proveedores/productoras-producciones-arje-1615,/rankings/casas-productoras-mexico/,regla 3721 reapuntada,
/directorio/proveedores/productoras-ares-producciones-1614,/rankings/casas-productoras-mexico/,regla 3720 reapuntada,
/directorio/proveedores/productoras-arbol-cine-1613,/rankings/casas-productoras-mexico/,regla 3719 reapuntada,
/directorio/proveedores/productoras-arado-films-1612,/rankings/casas-productoras-mexico/,regla 3718 reapuntada,
/directorio/proveedores/productoras-caponeto-1611,/rankings/casas-productoras-mexico/,regla 3717 reapuntada,
/directorio/proveedores/productoras-anima-estudios-1610,/rankings/casas-productoras-mexico/,regla 3716 reapuntada,
/directorio/proveedores/productoras-altavision-producciones-sc-1609,/rankings/casas-productoras-mexico/,regla 3715 reapuntada,
/directorio/proveedores/productoras-alameda-films-1608,/rankings/casas-productoras-mexico/,regla 3714 reapuntada,
/directorio/proveedores/productoras-advideosmm-1607,/rankings/casas-productoras-mexico/,regla 3713 reapuntada,
/directorio/proveedores/productoras-adicta-films-1606,/rankings/casas-productoras-mexico/,regla 3712 reapuntada,
/directorio/proveedores/productoras-6cero7studios-1605,/rankings/casas-productoras-mexico/,regla 3711 reapuntada,
/directorio/proveedores/productoras-23imedio-films-1604,/rankings/casas-productoras-mexico/,regla 3710 reapuntada,
/directorio/proveedores/productoras-1910-films-1603,/rankings/casas-productoras-mexico/,regla 3709 reapuntada,
/directorio/proveedores/icarus-1602,/rankings/agencias-inbound-marketing-mexico/,regla 3708 reapuntada,
/directorio/proveedores/investigacion-de-mercados-wilbert-sierra-y-asociados-1601,/rankings/agencias-investigacion-de-mercados-mexico/,regla 3707 reapuntada,
/directorio/proveedores/investigacion-de-mercados-tns-mexico-1600,/rankings/agencias-investigacion-de-mercados-mexico/,regla 3706 reapuntada,
/directorio/proveedores/investigacion-de-mercados-sigmate-research-1599,/rankings/agencias-investigacion-de-mercados-mexico/,regla 3705 reapuntada,
/directorio/proveedores/investigacion-de-mercados-questudies-1598,/rankings/agencias-investigacion-de-mercados-mexico/,regla 3704 reapuntada,
/directorio/proveedores/investigacion-de-mercados-qualimerc-1597,/rankings/agencias-investigacion-de-mercados-mexico/,regla 3703 reapuntada,
/directorio/proveedores/investigacion-de-mercados-q-solutions-1596,/rankings/agencias-investigacion-de-mercados-mexico/,regla 3702 reapuntada,
/directorio/proveedores/investigacion-de-mercados-pulso-mercadologico-1595,/rankings/agencias-investigacion-de-mercados-mexico/,regla 3701 reapuntada,
/directorio/proveedores/investigacion-de-mercados-psyma-latina-1594,/rankings/agencias-investigacion-de-mercados-mexico/,regla 3700 reapuntada,
/directorio/proveedores/investigacion-de-mercados-planning-antropologico-1593,/rankings/agencias-investigacion-de-mercados-mexico/,regla 3699 reapuntada,
/directorio/proveedores/investigacion-de-mercados-phenoma-1592,/rankings/agencias-investigacion-de-mercados-mexico/,regla 3698 reapuntada,
/directorio/proveedores/investigacion-de-mercados-parametria-1591,/rankings/agencias-investigacion-de-mercados-mexico/,regla 3697 reapuntada,
/directorio/proveedores/investigacion-de-mercados-nielsen-1589,/rankings/agencias-investigacion-de-mercados-mexico/,regla 3695 reapuntada,
/directorio/proveedores/investigacion-de-mercados-mkt-noroeste-1588,/rankings/agencias-investigacion-de-mercados-mexico/,regla 3694 reapuntada,
/directorio/proveedores/investigacion-de-mercados-mgr-marketing-global-research-1587,/rankings/agencias-investigacion-de-mercados-mexico/,regla 3693 reapuntada,
/directorio/proveedores/investigacion-de-mercados-merc-gfk-1586,/rankings/agencias-investigacion-de-mercados-mexico/,regla 3692 reapuntada,
/directorio/proveedores/investigacion-de-mercados-mercaei-1585,/rankings/agencias-investigacion-de-mercados-mexico/,regla 3691 reapuntada,
/directorio/proveedores/investigacion-de-mercados-master-research-1584,/rankings/agencias-investigacion-de-mercados-mexico/,regla 3690 reapuntada,
/directorio/proveedores/investigacion-de-mercados-marketing-group-1583,/rankings/agencias-investigacion-de-mercados-mexico/,regla 3689 reapuntada,
/directorio/proveedores/investigacion-de-mercados-mapor-1582,/rankings/agencias-investigacion-de-mercados-mexico/,regla 3688 reapuntada,
/directorio/proveedores/investigacion-de-mercados-lexia-insights-solutions-1581,/rankings/agencias-investigacion-de-mercados-mexico/,regla 3687 reapuntada,
/directorio/proveedores/investigacion-de-mercados-kandavarumarken-1580,/rankings/agencias-investigacion-de-mercados-mexico/,regla 3686 reapuntada,
/directorio/proveedores/investigacion-de-mercados-ipsos-bimsa-1579,/rankings/agencias-investigacion-de-mercados-mexico/,regla 3685 reapuntada,
/directorio/proveedores/investigacion-de-mercados-innovative-marketing-y-consultants-1578,/rankings/agencias-investigacion-de-mercados-mexico/,regla 3684 reapuntada,
/directorio/proveedores/investigacion-de-mercados-inmega-1577,/rankings/agencias-investigacion-de-mercados-mexico/,regla 3683 reapuntada,
/directorio/proveedores/investigacion-de-mercados-ibope-agb-1576,/rankings/agencias-investigacion-de-mercados-mexico/,regla 3682 reapuntada,
/directorio/proveedores/investigacion-de-mercados-gyd-investigacion-de-mercados-1575,/rankings/agencias-investigacion-de-mercados-mexico/,regla 3681 reapuntada,
/directorio/proveedores/investigacion-de-mercados-grupo-arkho-1574,/rankings/agencias-investigacion-de-mercados-mexico/,regla 3680 reapuntada,
/directorio/proveedores/investigacion-de-mercados-factum-1573,/rankings/agencias-investigacion-de-mercados-mexico/,regla 3679 reapuntada,
/directorio/proveedores/investigacion-de-mercados-evamerc-1572,/rankings/agencias-investigacion-de-mercados-mexico/,regla 3678 reapuntada,
/directorio/proveedores/investigacion-de-mercados-de-la-riva-group-1571,/rankings/agencias-investigacion-de-mercados-mexico/,regla 3677 reapuntada,
/directorio/proveedores/investigacion-de-mercados-consultoria-mkt-1570,/rankings/agencias-investigacion-de-mercados-mexico/,regla 3676 reapuntada,
/directorio/proveedores/investigacion-de-mercados-berumen-1569,/rankings/agencias-investigacion-de-mercados-mexico/,regla 3675 reapuntada,
/directorio/proveedores/investigacion-de-mercados-analitica-marketing-1568,/rankings/agencias-investigacion-de-mercados-mexico/,regla 3674 reapuntada,
/directorio/proveedores/investigacion-de-mercados-aljamia-1567,/rankings/agencias-investigacion-de-mercados-mexico/,regla 3673 reapuntada,
/directorio/proveedores/impresion-digital-grupo-venegraphic-1566,/rankings/agencias-inbound-marketing-mexico/,regla 3672 reapuntada,
/directorio/proveedores/impresion-digital-litografica-selene-1565,/rankings/agencias-inbound-marketing-mexico/,regla 3671 reapuntada,
/directorio/proveedores/impresion-digital-grupo-efsa-1564,/rankings/agencias-inbound-marketing-mexico/,regla 3670 reapuntada,
/directorio/proveedores/impresion-digital-geformas-1563,/rankings/agencias-inbound-marketing-mexico/,regla 3669 reapuntada,
/directorio/proveedores/impresion-digital-avance-publicidad-1562,/rankings/agencias-inbound-marketing-mexico/,regla 3668 reapuntada,
/directorio/proveedores/impresion-digital-argoga-soluciones-avanzadas-en-sistemas-1560,/rankings/agencias-inbound-marketing-mexico/,regla 3666 reapuntada,
/directorio/proveedores/ilustradores-lowbrowmx-alto-diseno-1559,/rankings/estudios-diseno-branding-mexico/,regla 3665 reapuntada,
/directorio/proveedores/ilustradores-raul-cruz-figueroa-1558,/rankings/agencias-inbound-marketing-mexico/,regla 3664 reapuntada,
/directorio/proveedores/fotografia-tuekphoto-1557,/rankings/casas-productoras-mexico/,regla 3663 reapuntada,
/directorio/proveedores/fotografia-shaktiprod-1556,/rankings/casas-productoras-mexico/,regla 3662 reapuntada,
/directorio/proveedores/fotografia-segarra-estudio-1555,/rankings/casas-productoras-mexico/,regla 3661 reapuntada,
/directorio/proveedores/fotografia-paul-brauns-photo-1553,/rankings/casas-productoras-mexico/,regla 3659 reapuntada,
/directorio/proveedores/fotografia-nasty-danny-studio-1552,/rankings/casas-productoras-mexico/,regla 3658 reapuntada,
/directorio/proveedores/fotografia-ktc-1551,/rankings/casas-productoras-mexico/,regla 3657 reapuntada,
/directorio/proveedores/fotografia-horacio-vasquez-1549,/rankings/casas-productoras-mexico/,regla 3655 reapuntada,
/directorio/proveedores/fotografia-hector-paris-fotografia-1548,/rankings/casas-productoras-mexico/,regla 3654 reapuntada,
/directorio/proveedores/fotografia-fotofilms-1547,/rankings/casas-productoras-mexico/,regla 3653 reapuntada,
/directorio/proveedores/fotografia-calavera-studios-1546,/rankings/casas-productoras-mexico/,regla 3652 reapuntada,
/directorio/proveedores/estudios-y-foros-en-renta-talento-post-1545,/rankings/productoras-de-eventos-mexico/,regla 3651 reapuntada,
/directorio/proveedores/estudios-y-foros-en-renta-squadra-1544,/rankings/productoras-de-eventos-mexico/,regla 3650 reapuntada,
/directorio/proveedores/estudios-y-foros-en-renta-pixstudio-1543,/rankings/casas-productoras-mexico/,regla 3649 reapuntada,
/directorio/proveedores/estudios-y-foros-en-renta-palmera-films-1542,/rankings/casas-productoras-mexico/,regla 3648 reapuntada,
/directorio/proveedores/estudios-y-foros-en-renta-k-estudio-1541,/rankings/agencias-inbound-marketing-mexico/,regla 3647 reapuntada,
/directorio/proveedores/estudios-y-foros-en-renta-56-cinco-punto-seis-1540,/rankings/casas-productoras-mexico/,regla 3646 reapuntada,
/directorio/proveedores/estudio-de-grabacion-septimo-sello-1539,/rankings/estudios-doblaje-locucion-mexico/,regla 3645 reapuntada,
/directorio/proveedores/estudio-de-grabacion-sala-de-audio-1538,/rankings/estudios-doblaje-locucion-mexico/,regla 3644 reapuntada,
/directorio/proveedores/estudio-de-grabacion-prado-sur-audio-1537,/rankings/estudios-doblaje-locucion-mexico/,regla 3643 reapuntada,
/directorio/proveedores/estudio-de-grabacion-pianica-1536,/rankings/estudios-doblaje-locucion-mexico/,regla 3642 reapuntada,
/directorio/proveedores/estudio-de-grabacion-mono-aural-1535,/rankings/estudios-doblaje-locucion-mexico/,regla 3641 reapuntada,
/directorio/proveedores/estudio-de-grabacion-mixtlan-producciones-1534,/rankings/estudios-doblaje-locucion-mexico/,regla 3640 reapuntada,
/directorio/proveedores/estudio-de-grabacion-lado-a-estudios-1533,/rankings/estudios-doblaje-locucion-mexico/,regla 3639 reapuntada,
/directorio/proveedores/estudio-de-grabacion-jarpa-studio-1532,/rankings/estudios-doblaje-locucion-mexico/,regla 3638 reapuntada,
/directorio/proveedores/estudio-de-grabacion-esound-1531,/rankings/estudios-doblaje-locucion-mexico/,regla 3637 reapuntada,
/directorio/proveedores/estudio-de-grabacion-el-estudio-1530,/rankings/estudios-doblaje-locucion-mexico/,regla 3636 reapuntada,
/directorio/proveedores/estudio-de-grabacion-estudio-cuarto-del-fondo-1529,/rankings/estudios-doblaje-locucion-mexico/,regla 3635 reapuntada,
/directorio/proveedores/estudio-de-grabacion-el-cuarto-de-atras-1528,/rankings/estudios-doblaje-locucion-mexico/,regla 3634 reapuntada,
/directorio/proveedores/estudio-de-grabacion-dna-1527,/rankings/estudios-doblaje-locucion-mexico/,regla 3633 reapuntada,
/directorio/proveedores/estudio-de-grabacion-catapulta-studios-1526,/rankings/estudios-doblaje-locucion-mexico/,regla 3632 reapuntada,
/directorio/proveedores/estudio-de-grabacion-carlos-ortega-1525,/rankings/estudios-doblaje-locucion-mexico/,regla 3631 reapuntada,
/directorio/proveedores/estudio-de-grabacion-bulevard-studio-1524,/rankings/estudios-doblaje-locucion-mexico/,regla 3630 reapuntada,
/directorio/proveedores/estudio-de-grabacion-bulbo-1523,/rankings/estudios-doblaje-locucion-mexico/,regla 3629 reapuntada,
/directorio/proveedores/estudio-de-grabacion-aquasound-studio-1522,/rankings/estudios-doblaje-locucion-mexico/,regla 3628 reapuntada,
/directorio/proveedores/estudio-de-grabacion-aio-estudio-1521,/rankings/estudios-doblaje-locucion-mexico/,regla 3627 reapuntada,
/directorio/proveedores/estudio-de-grabacion-equis-cosa-1520,/rankings/estudios-doblaje-locucion-mexico/,regla 3626 reapuntada,
/directorio/proveedores/estudio-de-grabacion-3cnuno-producciones-1519,/rankings/estudios-doblaje-locucion-mexico/,regla 3625 reapuntada,
/directorio/proveedores/estudio-de-animacion-phenomena-1518,/rankings/casas-productoras-mexico/,regla 3624 reapuntada,
/directorio/proveedores/estudio-de-animacion-organika-1517,/rankings/casas-productoras-mexico/,regla 3623 reapuntada,
/directorio/proveedores/estudio-de-animacion-cluster-studio-1516,/rankings/casas-productoras-mexico/,regla 3622 reapuntada,
/directorio/proveedores/estudio-de-animacion-cinema-fantasma-1515,/rankings/casas-productoras-mexico/,regla 3621 reapuntada,
/directorio/proveedores/doblaje-y-subtitulaje-subsub-quality-subtitles-1514,/rankings/estudios-doblaje-locucion-mexico/,regla 3620 reapuntada,
/directorio/proveedores/doblaje-y-subtitulaje-rgb-21-1513,/rankings/estudios-doblaje-locucion-mexico/,regla 3619 reapuntada,
/directorio/proveedores/doblaje-y-subtitulaje-prime-dubb-1512,/rankings/estudios-doblaje-locucion-mexico/,regla 3618 reapuntada,
/directorio/proveedores/doblaje-y-subtitulaje-new-art-dub-1511,/rankings/estudios-doblaje-locucion-mexico/,regla 3617 reapuntada,
/directorio/proveedores/doblaje-y-subtitulaje-lenguaje-visual-1510,/rankings/estudios-doblaje-locucion-mexico/,regla 3616 reapuntada,
/directorio/proveedores/doblaje-y-subtitulaje-ki-audio-1509,/rankings/estudios-doblaje-locucion-mexico/,regla 3615 reapuntada,
/directorio/proveedores/doblaje-y-subtitulaje-digifilm-1508,/rankings/estudios-doblaje-locucion-mexico/,regla 3614 reapuntada,
/directorio/proveedores/doblaje-y-subtitulaje-datdoblaje-1507,/rankings/estudios-doblaje-locucion-mexico/,regla 3613 reapuntada,
/directorio/proveedores/doblaje-y-subtitulaje-candiani-dubbing-studios-1506,/rankings/estudios-doblaje-locucion-mexico/,regla 3612 reapuntada,
/directorio/proveedores/doblaje-y-subtitulaje-audio-acustica-1505,/rankings/estudios-doblaje-locucion-mexico/,regla 3611 reapuntada,
/directorio/proveedores/diseno-y-desarrollo-web-zoomlanet-solutions-1504,/rankings/agencias-inbound-marketing-mexico/,regla 3610 reapuntada,
/directorio/proveedores/diseno-y-desarrollo-web-ytion-1503,/rankings/agencias-inbound-marketing-mexico/,regla 3609 reapuntada,
/directorio/proveedores/diseno-y-desarrollo-web-webmastercommx-1502,/rankings/agencias-inbound-marketing-mexico/,regla 3608 reapuntada,
/directorio/proveedores/diseno-y-desarrollo-web-weblex-1501,/rankings/agencias-inbound-marketing-mexico/,regla 3607 reapuntada,
/directorio/proveedores/diseno-y-desarrollo-web-tictoc-studio-1500,/rankings/agencias-inbound-marketing-mexico/,regla 3606 reapuntada,
/directorio/proveedores/diseno-y-desarrollo-web-tdw-two-digit-world-1499,/rankings/agencias-inbound-marketing-mexico/,regla 3605 reapuntada,
/directorio/proveedores/diseno-y-desarrollo-web-synergya-1498,/rankings/agencias-inbound-marketing-mexico/,regla 3604 reapuntada,
/directorio/proveedores/diseno-y-desarrollo-web-sigmait-1497,/rankings/agencias-inbound-marketing-mexico/,regla 3603 reapuntada,
/directorio/proveedores/diseno-y-desarrollo-web-riss-1496,/rankings/agencias-inbound-marketing-mexico/,regla 3602 reapuntada,
/directorio/proveedores/diseno-y-desarrollo-web-red-light-web-studio-1495,/rankings/agencias-inbound-marketing-mexico/,regla 3601 reapuntada,
/directorio/proveedores/diseno-y-desarrollo-web-quimera-urbana-1494,/rankings/agencias-inbound-marketing-mexico/,regla 3600 reapuntada,
/directorio/proveedores/diseno-y-desarrollo-web-quantum-family-1493,/rankings/agencias-inbound-marketing-mexico/,regla 3599 reapuntada,
/directorio/proveedores/diseno-y-desarrollo-web-publisearch-1492,/rankings/agencias-inbound-marketing-mexico/,regla 3598 reapuntada,
/directorio/proveedores/diseno-y-desarrollo-web-pq-design-1491,/rankings/agencias-inbound-marketing-mexico/,regla 3597 reapuntada,
/directorio/proveedores/diseno-y-desarrollo-web-podernet-1490,/rankings/agencias-inbound-marketing-mexico/,regla 3596 reapuntada,
/directorio/proveedores/diseno-y-desarrollo-web-paginas-web-mexico-1488,/rankings/agencias-inbound-marketing-mexico/,regla 3594 reapuntada,
/directorio/proveedores/diseno-y-desarrollo-web-orange-studio-1487,/rankings/agencias-inbound-marketing-mexico/,regla 3593 reapuntada,
/directorio/proveedores/diseno-y-desarrollo-web-opalo-negro-1486,/rankings/agencias-inbound-marketing-mexico/,regla 3592 reapuntada,
/directorio/proveedores/diseno-y-desarrollo-web-nuts-1485,/rankings/agencias-inbound-marketing-mexico/,regla 3591 reapuntada,
/directorio/proveedores/diseno-y-desarrollo-web-naranya-1484,/rankings/agencias-inbound-marketing-mexico/,regla 3590 reapuntada,
/directorio/proveedores/diseno-y-desarrollo-web-mxigen-1483,/rankings/agencias-inbound-marketing-mexico/,regla 3589 reapuntada,
/directorio/proveedores/diseno-y-desarrollo-web-multi-dimension-studio-1482,/rankings/agencias-inbound-marketing-mexico/,regla 3588 reapuntada,
/directorio/proveedores/diseno-y-desarrollo-web-meximex-1481,/rankings/agencias-inbound-marketing-mexico/,regla 3587 reapuntada,
/directorio/proveedores/diseno-y-desarrollo-web-grupo-meridian-1480,/rankings/agencias-inbound-marketing-mexico/,regla 3586 reapuntada,
/directorio/proveedores/diseno-y-desarrollo-web-mercatech-1479,/rankings/agencias-inbound-marketing-mexico/,regla 3585 reapuntada,
/directorio/proveedores/diseno-y-desarrollo-web-mebecom-1478,/rankings/agencias-inbound-marketing-mexico/,regla 3584 reapuntada,
/directorio/proveedores/diseno-y-desarrollo-web-masclicks-1477,/rankings/agencias-inbound-marketing-mexico/,regla 3583 reapuntada,
/directorio/proveedores/diseno-y-desarrollo-web-macroidea-web-studio-1476,/rankings/agencias-inbound-marketing-mexico/,regla 3582 reapuntada,
/directorio/proveedores/diseno-y-desarrollo-web-licorne-1475,/rankings/agencias-inbound-marketing-mexico/,regla 3581 reapuntada,
/directorio/proveedores/diseno-y-desarrollo-web-jpsconceptos-1474,/rankings/agencias-inbound-marketing-mexico/,regla 3580 reapuntada,
/directorio/proveedores/diseno-y-desarrollo-web-iss-1473,/rankings/agencias-inbound-marketing-mexico/,regla 3579 reapuntada,
/directorio/proveedores/diseno-y-desarrollo-web-intermexico-1472,/rankings/agencias-inbound-marketing-mexico/,regla 3578 reapuntada,
/directorio/proveedores/diseno-y-desarrollo-web-interactuar-digital-1471,/rankings/agencias-inbound-marketing-mexico/,regla 3577 reapuntada,
/directorio/proveedores/diseno-y-desarrollo-web-grupo-bfx-1470,/rankings/agencias-inbound-marketing-mexico/,regla 3576 reapuntada,
/directorio/proveedores/diseno-y-desarrollo-web-graffistika-1469,/rankings/agencias-inbound-marketing-mexico/,regla 3575 reapuntada,
/directorio/proveedores/diseno-y-desarrollo-web-gradocero-studio-1467,/rankings/agencias-inbound-marketing-mexico/,regla 3573 reapuntada,
/directorio/proveedores/diseno-y-desarrollo-web-go-room-dl-1466,/rankings/agencias-inbound-marketing-mexico/,regla 3572 reapuntada,
/directorio/proveedores/diseno-y-desarrollo-web-gamol-1465,/rankings/agencias-inbound-marketing-mexico/,regla 3571 reapuntada,
/directorio/proveedores/diseno-y-desarrollo-web-fahrenheit-1464,/rankings/agencias-inbound-marketing-mexico/,regla 3570 reapuntada,
/directorio/proveedores/diseno-y-desarrollo-web-ezra-1463,/rankings/agencias-inbound-marketing-mexico/,regla 3569 reapuntada,
/directorio/proveedores/diseno-y-desarrollo-web-enfoque3w-1462,/rankings/agencias-inbound-marketing-mexico/,regla 3568 reapuntada,
/directorio/proveedores/diseno-y-desarrollo-web-el-milagrito-1461,/rankings/agencias-inbound-marketing-mexico/,regla 3567 reapuntada,
/directorio/proveedores/diseno-y-desarrollo-web-ekodeva-design-studio-1460,/rankings/agencias-inbound-marketing-mexico/,regla 3566 reapuntada,
/directorio/proveedores/diseno-y-desarrollo-web-element-studios-1459,/rankings/agencias-inbound-marketing-mexico/,regla 3565 reapuntada,
/directorio/proveedores/diseno-y-desarrollo-web-dinamico-group-1458,/rankings/agencias-inbound-marketing-mexico/,regla 3564 reapuntada,
/directorio/proveedores/diseno-y-desarrollo-web-denumeris-interactive-1457,/rankings/agencias-inbound-marketing-mexico/,regla 3563 reapuntada,
/directorio/proveedores/diseno-y-desarrollo-web-crmen-mexico-1456,/rankings/agencias-inbound-marketing-mexico/,regla 3562 reapuntada,
/directorio/proveedores/diseno-y-desarrollo-web-creactivo-1455,/rankings/agencias-inbound-marketing-mexico/,regla 3561 reapuntada,
/directorio/proveedores/diseno-y-desarrollo-web-copyleft-solutions-1454,/rankings/agencias-inbound-marketing-mexico/,regla 3560 reapuntada,
/directorio/proveedores/diseno-y-desarrollo-web-codice-1453,/rankings/agencias-inbound-marketing-mexico/,regla 3559 reapuntada,
/directorio/proveedores/diseno-y-desarrollo-web-cocktail-marketing-1452,/rankings/agencias-inbound-marketing-mexico/,regla 3558 reapuntada,
/directorio/proveedores/diseno-y-desarrollo-web-clise-digital-1451,/rankings/agencias-inbound-marketing-mexico/,regla 3557 reapuntada,
/directorio/proveedores/diseno-y-desarrollo-web-blu-concept-1450,/rankings/agencias-inbound-marketing-mexico/,regla 3556 reapuntada,
/directorio/proveedores/diseno-y-desarrollo-web-bitlab-interactive-1449,/rankings/agencias-inbound-marketing-mexico/,regla 3555 reapuntada,
/directorio/proveedores/diseno-y-desarrollo-web-azulgris-1448,/rankings/agencias-inbound-marketing-mexico/,regla 3554 reapuntada,
/directorio/proveedores/diseno-y-desarrollo-web-azul-bambu-1447,/rankings/agencias-inbound-marketing-mexico/,regla 3553 reapuntada,
/directorio/proveedores/diseno-y-desarrollo-web-aypinternet-1446,/rankings/agencias-inbound-marketing-mexico/,regla 3552 reapuntada,
/directorio/proveedores/diseno-y-desarrollo-web-asi-diseno-web-1445,/rankings/agencias-inbound-marketing-mexico/,regla 3551 reapuntada,
/directorio/proveedores/diseno-y-desarrollo-web-arroba-system-1444,/rankings/agencias-inbound-marketing-mexico/,regla 3550 reapuntada,
/directorio/proveedores/diseno-y-desarrollo-web-area-1443,/rankings/agencias-inbound-marketing-mexico/,regla 3549 reapuntada,
/directorio/proveedores/diseno-y-desarrollo-web-animala-web-1442,/rankings/agencias-inbound-marketing-mexico/,regla 3548 reapuntada,
/directorio/proveedores/diseno-y-desarrollo-web-ambigrama-estudio-creativo-1441,/rankings/agencias-inbound-marketing-mexico/,regla 3547 reapuntada,
/directorio/proveedores/diseno-y-desarrollo-web-albegrafic-1440,/rankings/agencias-inbound-marketing-mexico/,regla 3546 reapuntada,
/directorio/proveedores/diseno-y-desarrollo-web-adivor-1439,/rankings/agencias-inbound-marketing-mexico/,regla 3545 reapuntada,
/directorio/proveedores/diseno-y-desarrollo-web-activamente-1438,/rankings/agencias-inbound-marketing-mexico/,regla 3544 reapuntada,
/directorio/proveedores/diseno-y-desarrollo-web-abargon-evalue-developers-1437,/rankings/agencias-inbound-marketing-mexico/,regla 3543 reapuntada,
/directorio/proveedores/directorio-de-locutores-rona-fletcher-1436,/rankings/estudios-doblaje-locucion-mexico/,regla 3542 reapuntada,
/directorio/proveedores/directorio-de-locutores-ricardo-brust-1435,/rankings/estudios-doblaje-locucion-mexico/,regla 3541 reapuntada,
/directorio/proveedores/directorio-de-locutores-milton-wolch-1434,/rankings/estudios-doblaje-locucion-mexico/,regla 3540 reapuntada,
/directorio/proveedores/directorio-de-locutores-juan-alfonso-puente-arteaga-1433,/rankings/estudios-doblaje-locucion-mexico/,regla 3539 reapuntada,
/directorio/proveedores/directorio-de-locutores-geo-garcia-1432,/rankings/estudios-doblaje-locucion-mexico/,regla 3538 reapuntada,
/directorio/proveedores/directorio-de-locutores-gabriel-munoz-locutor-1431,/rankings/estudios-doblaje-locucion-mexico/,regla 3537 reapuntada,
/directorio/proveedores/directorio-de-locutores-daniel-cubillo-1430,/rankings/estudios-doblaje-locucion-mexico/,regla 3536 reapuntada,
/directorio/proveedores/directorio-de-locutores-carlos-reynoso-locutor-1429,/rankings/estudios-doblaje-locucion-mexico/,regla 3535 reapuntada,
/directorio/proveedores/directorio-de-locutores-locutor-antonio-x-sosa-1428,/rankings/estudios-doblaje-locucion-mexico/,regla 3534 reapuntada,
/directorio/proveedores/directorio-de-locutores-ada-sepulveda-1427,/rankings/estudios-doblaje-locucion-mexico/,regla 3533 reapuntada,
/directorio/proveedores/despacho-de-diseno-wish-socios-creativos-1426,/rankings/estudios-diseno-branding-mexico/,regla 3532 reapuntada,
/directorio/proveedores/despacho-de-diseno-vivencia-design-1425,/rankings/estudios-diseno-branding-mexico/,regla 3531 reapuntada,
/directorio/proveedores/despacho-de-diseno-torneo-de-ideas-1424,/rankings/estudios-diseno-branding-mexico/,regla 3530 reapuntada,
/directorio/proveedores/despacho-de-diseno-top-design-1423,/rankings/estudios-diseno-branding-mexico/,regla 3529 reapuntada,
/directorio/proveedores/despacho-de-diseno-the-toilettes-1422,/rankings/estudios-diseno-branding-mexico/,regla 3528 reapuntada,
/directorio/proveedores/despacho-de-diseno-spinozo-diseno-1421,/rankings/estudios-diseno-branding-mexico/,regla 3527 reapuntada,
/directorio/proveedores/despacho-de-diseno-sphein-design-studios-1420,/rankings/estudios-diseno-branding-mexico/,regla 3526 reapuntada,
/directorio/proveedores/despacho-de-diseno-solo-idea-1419,/rankings/estudios-diseno-branding-mexico/,regla 3525 reapuntada,
/directorio/proveedores/despacho-de-diseno-sol-consultores-1418,/rankings/estudios-diseno-branding-mexico/,regla 3524 reapuntada,
/directorio/proveedores/despacho-de-diseno-so-diseno-1417,/rankings/estudios-diseno-branding-mexico/,regla 3523 reapuntada,
/directorio/proveedores/despacho-de-diseno-signi-1416,/rankings/estudios-diseno-branding-mexico/,regla 3522 reapuntada,
/directorio/proveedores/despacho-de-diseno-serikat-diseno-1415,/rankings/estudios-diseno-branding-mexico/,regla 3521 reapuntada,
/directorio/proveedores/despacho-de-diseno-scientika-1414,/rankings/estudios-diseno-branding-mexico/,regla 3520 reapuntada,
/directorio/proveedores/despacho-de-diseno-sago-publicidad-1413,/rankings/estudios-diseno-branding-mexico/,regla 3519 reapuntada,
/directorio/proveedores/despacho-de-diseno-ruiz-rocha-1412,/rankings/estudios-diseno-branding-mexico/,regla 3518 reapuntada,
/directorio/proveedores/despacho-de-diseno-rigoletti-1411,/rankings/estudios-diseno-branding-mexico/,regla 3517 reapuntada,
/directorio/proveedores/despacho-de-diseno-retorno-tassier-1410,/rankings/estudios-diseno-branding-mexico/,regla 3516 reapuntada,
/directorio/proveedores/despacho-de-diseno-propositivos-1409,/rankings/estudios-diseno-branding-mexico/,regla 3515 reapuntada,
/directorio/proveedores/despacho-de-diseno-promomania-1408,/rankings/estudios-diseno-branding-mexico/,regla 3514 reapuntada,
/directorio/proveedores/despacho-de-diseno-pong-1407,/rankings/estudios-diseno-branding-mexico/,regla 3513 reapuntada,
/directorio/proveedores/despacho-de-diseno-pigmento-1406,/rankings/estudios-diseno-branding-mexico/,regla 3512 reapuntada,
/directorio/proveedores/despacho-de-diseno-pensatori-1405,/rankings/estudios-diseno-branding-mexico/,regla 3511 reapuntada,
/directorio/proveedores/despacho-de-diseno-momentum-media-design-1404,/rankings/agencias-de-medios-mexico/,regla 3510 reapuntada,
/directorio/proveedores/despacho-de-diseno-musicos-del-titanic-1403,/rankings/estudios-diseno-branding-mexico/,regla 3509 reapuntada,
/directorio/proveedores/despacho-de-diseno-mira-1402,/rankings/estudios-diseno-branding-mexico/,regla 3508 reapuntada,
/directorio/proveedores/despacho-de-diseno-metanoia-publicidad-1401,/rankings/estudios-diseno-branding-mexico/,regla 3507 reapuntada,
/directorio/proveedores/despacho-de-diseno-mba-estudio-de-diseno-1400,/rankings/estudios-diseno-branding-mexico/,regla 3506 reapuntada,
/directorio/proveedores/despacho-de-diseno-marte-creativos-1399,/rankings/estudios-diseno-branding-mexico/,regla 3505 reapuntada,
/directorio/proveedores/despacho-de-diseno-lerf-diseno-1398,/rankings/estudios-diseno-branding-mexico/,regla 3504 reapuntada,
/directorio/proveedores/despacho-de-diseno-litoimagen-1397,/rankings/estudios-diseno-branding-mexico/,regla 3503 reapuntada,
/directorio/proveedores/despacho-de-diseno-leonsteven-1396,/rankings/estudios-diseno-branding-mexico/,regla 3502 reapuntada,
/directorio/proveedores/despacho-de-diseno-kolazh-diseno-grafico-1395,/rankings/proveedores-pop-promocionales-mexico/,regla 3501 reapuntada,
/directorio/proveedores/despacho-de-diseno-ysunza-santiago-cv-1394,/rankings/estudios-diseno-branding-mexico/,regla 3500 reapuntada,
/directorio/proveedores/despacho-de-diseno-id-inteligencia-en-diseno-1393,/rankings/estudios-diseno-branding-mexico/,regla 3499 reapuntada,
/directorio/proveedores/despacho-de-diseno-hs-publicidad-1392,/rankings/estudios-diseno-branding-mexico/,regla 3498 reapuntada,
/directorio/proveedores/despacho-de-diseno-gvisual-1391,/rankings/estudios-diseno-branding-mexico/,regla 3497 reapuntada,
/directorio/proveedores/despacho-de-diseno-gallo-soluciones-graficas-1390,/rankings/proveedores-pop-promocionales-mexico/,regla 3496 reapuntada,
/directorio/proveedores/despacho-de-diseno-foic-lecanda-1389,/rankings/estudios-diseno-branding-mexico/,regla 3495 reapuntada,
/directorio/proveedores/despacho-de-diseno-figura-7-1388,/rankings/estudios-diseno-branding-mexico/,regla 3494 reapuntada,
/directorio/proveedores/despacho-de-diseno-factortres-1387,/rankings/estudios-diseno-branding-mexico/,regla 3493 reapuntada,
/directorio/proveedores/despacho-de-diseno-estop-diseno-1386,/rankings/estudios-diseno-branding-mexico/,regla 3492 reapuntada,
/directorio/proveedores/despacho-de-diseno-esferica-1385,/rankings/estudios-diseno-branding-mexico/,regla 3491 reapuntada,
/directorio/proveedores/despacho-de-diseno-elite-design-studio-1384,/rankings/estudios-diseno-branding-mexico/,regla 3490 reapuntada,
/directorio/proveedores/despacho-de-diseno-domino-estudio-1383,/rankings/estudios-diseno-branding-mexico/,regla 3489 reapuntada,
/directorio/proveedores/despacho-de-diseno-diseno-equis-1382,/rankings/estudios-diseno-branding-mexico/,regla 3488 reapuntada,
/directorio/proveedores/despacho-de-diseno-diseno-y-publicidad-mexicana-1381,/rankings/estudios-diseno-branding-mexico/,regla 3487 reapuntada,
/directorio/proveedores/despacho-de-diseno-dimension-1380,/rankings/estudios-diseno-branding-mexico/,regla 3486 reapuntada,
/directorio/proveedores/despacho-de-diseno-design-bureau-1379,/rankings/estudios-diseno-branding-mexico/,regla 3485 reapuntada,
/directorio/proveedores/despacho-de-diseno-design-bureau-1378,/rankings/estudios-diseno-branding-mexico/,regla 3484 reapuntada,
/directorio/proveedores/despacho-de-diseno-creatividad-inteligente-1377,/rankings/estudios-diseno-branding-mexico/,regla 3483 reapuntada,
/directorio/proveedores/despacho-de-diseno-corvin-1376,/rankings/estudios-diseno-branding-mexico/,regla 3482 reapuntada,
/directorio/proveedores/despacho-de-diseno-correvedile-1375,/rankings/estudios-diseno-branding-mexico/,regla 3481 reapuntada,
/directorio/proveedores/despacho-de-diseno-cdstudio-1374,/rankings/estudios-diseno-branding-mexico/,regla 3480 reapuntada,
/directorio/proveedores/despacho-de-diseno-burak-y-asociados-1373,/rankings/estudios-diseno-branding-mexico/,regla 3479 reapuntada,
/directorio/proveedores/despacho-de-diseno-bikreative-1372,/rankings/estudios-diseno-branding-mexico/,regla 3478 reapuntada,
/directorio/proveedores/despacho-de-diseno-beyondit-1371,/rankings/estudios-diseno-branding-mexico/,regla 3477 reapuntada,
/directorio/proveedores/despacho-de-diseno-arg-comunicacion-1370,/rankings/estudios-diseno-branding-mexico/,regla 3476 reapuntada,
/directorio/proveedores/despacho-de-diseno-al-cuadrado-1369,/rankings/estudios-diseno-branding-mexico/,regla 3475 reapuntada,
/directorio/proveedores/despacho-de-diseno-adc-global-creativity-1368,/rankings/estudios-diseno-branding-mexico/,regla 3474 reapuntada,
/directorio/proveedores/articulos-promocionales-promoline-1367,/rankings/agencias-btl-promotoria-mexico/,regla 3473 reapuntada,
/directorio/proveedores/articulos-promocionales-linkar-publicidad-1366,/rankings/agencias-btl-promotoria-mexico/,regla 3472 reapuntada,
/directorio/proveedores/articulos-promocionales-imagina-usb-1365,/rankings/agencias-btl-promotoria-mexico/,regla 3471 reapuntada,
/directorio/proveedores/articulos-promocionales-gimmick-1364,/rankings/agencias-btl-promotoria-mexico/,regla 3470 reapuntada,
/directorio/proveedores/agencias-de-publicidad-pop-grupo-rubrica-1363,/rankings/proveedores-pop-promocionales-mexico/,regla 3469 reapuntada,
/directorio/proveedores/agencias-de-publicidad-pop-pulso-tec-1362,/rankings/proveedores-pop-promocionales-mexico/,regla 3468 reapuntada,
/directorio/proveedores/agencias-de-publicidad-pop-popmart-1361,/rankings/proveedores-pop-promocionales-mexico/,regla 3467 reapuntada,
/directorio/proveedores/agencias-de-publicidad-pop-exhibipop-1360,/rankings/proveedores-pop-promocionales-mexico/,regla 3466 reapuntada,
/directorio/proveedores/agencias-de-publicidad-pop-solid-image-1359,/rankings/proveedores-pop-promocionales-mexico/,regla 3465 reapuntada,
/directorio/proveedores/agencias-de-publicidad-pop-colorimagen-1358,/rankings/proveedores-pop-promocionales-mexico/,regla 3464 reapuntada,
/directorio/proveedores/agencias-de-publicidad-pop-aerotec-publicidad-1357,/rankings/proveedores-pop-promocionales-mexico/,regla 3463 reapuntada,
/directorio/proveedores/agencias-de-marketing-zogno-1356,/rankings/agencias-de-marketing-mexico/,regla 3462 reapuntada,
/directorio/proveedores/agencias-de-marketing-tematica-creativa-1355,/rankings/estudios-diseno-branding-mexico/,regla 3461 reapuntada,
/directorio/proveedores/agencias-de-marketing-wwbtl-1354,/rankings/agencias-btl-promotoria-mexico/,regla 3460 reapuntada,
/directorio/proveedores/agencias-de-marketing-waimarketing-1353,/rankings/agencias-de-marketing-mexico/,regla 3459 reapuntada,
/directorio/proveedores/agencias-de-marketing-victoria-1352,/rankings/agencias-de-marketing-mexico/,regla 3458 reapuntada,
/directorio/proveedores/agencias-de-marketing-vandergeist-1351,/rankings/agencias-de-marketing-mexico/,regla 3457 reapuntada,
/directorio/proveedores/agencias-de-marketing-upgrade-marketing-1350,/rankings/agencias-de-marketing-mexico/,regla 3456 reapuntada,
/directorio/proveedores/agencias-de-marketing-the-legacy-1349,/rankings/agencias-de-marketing-mexico/,regla 3455 reapuntada,
/directorio/proveedores/agencias-de-marketing-suma-mercadotecnia-1348,/rankings/agencias-de-marketing-mexico/,regla 3454 reapuntada,
/directorio/proveedores/agencias-de-marketing-servipromer-1347,/rankings/agencias-de-marketing-mexico/,regla 3453 reapuntada,
/directorio/proveedores/agencias-de-marketing-sensorik-mkt-1346,/rankings/agencias-de-marketing-mexico/,regla 3452 reapuntada,
/directorio/proveedores/agencias-de-marketing-ideas-ruizmed-1345,/rankings/agencias-de-marketing-mexico/,regla 3451 reapuntada,
/directorio/proveedores/agencias-de-marketing-rt-marketing-1344,/rankings/agencias-de-marketing-mexico/,regla 3450 reapuntada,
/directorio/proveedores/agencias-de-marketing-revolver-radical-1343,/rankings/agencias-de-marketing-mexico/,regla 3449 reapuntada,
/directorio/proveedores/agencias-de-marketing-rapp-1342,/rankings/agencias-de-marketing-mexico/,regla 3448 reapuntada,
/directorio/proveedores/agencias-de-marketing-quarks-consultoria-creativa-1341,/rankings/estudios-diseno-branding-mexico/,regla 3447 reapuntada,
/directorio/proveedores/agencias-de-marketing-punto-tres-1340,/rankings/agencias-de-marketing-mexico/,regla 3446 reapuntada,
/directorio/proveedores/agencias-de-marketing-publiza-marketing-1339,/rankings/agencias-de-marketing-mexico/,regla 3445 reapuntada,
/directorio/proveedores/agencias-de-marketing-publisenal-1338,/rankings/proveedores-pop-promocionales-mexico/,regla 3444 reapuntada,
/directorio/proveedores/agencias-de-marketing-porter-novelli-1337,/rankings/agencias-de-marketing-mexico/,regla 3443 reapuntada,
/directorio/proveedores/agencias-de-marketing-pensamiento-creativo-1336,/rankings/estudios-diseno-branding-mexico/,regla 3442 reapuntada,
/directorio/proveedores/agencias-de-marketing-pcc-brand-group-mexico-1335,/rankings/agencias-de-marketing-mexico/,regla 3441 reapuntada,
/directorio/proveedores/agencias-de-marketing-orbetech-1334,/rankings/agencias-de-marketing-mexico/,regla 3440 reapuntada,
/directorio/proveedores/agencias-de-marketing-milagro-creativo-1333,/rankings/estudios-diseno-branding-mexico/,regla 3439 reapuntada,
/directorio/proveedores/agencias-de-marketing-merk4-1332,/rankings/agencias-de-marketing-mexico/,regla 3438 reapuntada,
/directorio/proveedores/agencias-de-marketing-merkaresulta-1331,/rankings/agencias-de-marketing-mexico/,regla 3437 reapuntada,
/directorio/proveedores/agencias-de-marketing-mercanz-1330,/rankings/agencias-de-marketing-mexico/,regla 3436 reapuntada,
/directorio/proveedores/agencias-de-marketing-melding-1329,/rankings/agencias-de-marketing-mexico/,regla 3435 reapuntada,
/directorio/proveedores/agencias-de-marketing-megadirect-1328,/rankings/agencias-de-marketing-mexico/,regla 3434 reapuntada,
/directorio/proveedores/agencias-de-marketing-medcenter-1327,/rankings/agencias-de-marketing-mexico/,regla 3433 reapuntada,
/directorio/proveedores/agencias-de-marketing-matrix-marketing-oob-1326,/rankings/agencias-de-marketing-mexico/,regla 3432 reapuntada,
/directorio/proveedores/agencias-de-marketing-materia-gris-1325,/rankings/agencias-de-marketing-mexico/,regla 3431 reapuntada,
/directorio/proveedores/agencias-de-marketing-mass-marketing-research-1324,/rankings/agencias-investigacion-de-mercados-mexico/,regla 3430 reapuntada,
/directorio/proveedores/agencias-de-marketing-maquinaria-creativa-1323,/rankings/estudios-diseno-branding-mexico/,regla 3429 reapuntada,
/directorio/proveedores/agencias-de-marketing-maniac-1322,/rankings/agencias-de-marketing-mexico/,regla 3428 reapuntada,
/directorio/proveedores/agencias-de-marketing-loyalty-marketing-services-1321,/rankings/agencias-de-marketing-mexico/,regla 3427 reapuntada,
/directorio/proveedores/agencias-de-marketing-litobel-1320,/rankings/agencias-de-marketing-mexico/,regla 3426 reapuntada,
/directorio/proveedores/agencias-de-marketing-kr-mexico-1319,/rankings/agencias-de-marketing-mexico/,regla 3425 reapuntada,
/directorio/proveedores/agencias-de-marketing-keep-in-touch-marketing-mexico-1318,/rankings/agencias-de-marketing-mexico/,regla 3424 reapuntada,
/directorio/proveedores/agencias-de-marketing-interbrand-1317,/rankings/agencias-de-marketing-mexico/,regla 3423 reapuntada,
/directorio/proveedores/agencias-de-marketing-imbora-1316,/rankings/agencias-de-marketing-mexico/,regla 3422 reapuntada,
/directorio/proveedores/agencias-de-marketing-imagine-1315,/rankings/agencias-de-marketing-mexico/,regla 3421 reapuntada,
/directorio/proveedores/agencias-de-marketing-idi-marketing-1314,/rankings/agencias-de-marketing-mexico/,regla 3420 reapuntada,
/directorio/proveedores/agencias-de-marketing-idennto-1313,/rankings/agencias-de-marketing-mexico/,regla 3419 reapuntada,
/directorio/proveedores/agencias-de-marketing-how-mkt-1312,/rankings/agencias-de-marketing-mexico/,regla 3418 reapuntada,
/directorio/proveedores/agencias-de-marketing-handelhaus-1311,/rankings/agencias-de-marketing-mexico/,regla 3417 reapuntada,
/directorio/proveedores/agencias-de-marketing-gideas-1309,/rankings/agencias-de-marketing-mexico/,regla 3415 reapuntada,
/directorio/proveedores/agencias-de-marketing-geomarketing-1308,/rankings/agencias-de-marketing-mexico/,regla 3414 reapuntada,
/directorio/proveedores/agencias-de-marketing-genes-creativos-1307,/rankings/estudios-diseno-branding-mexico/,regla 3413 reapuntada,
/directorio/proveedores/agencias-de-marketing-genera-studio-1306,/rankings/agencias-de-marketing-mexico/,regla 3412 reapuntada,
/directorio/proveedores/agencias-de-marketing-future-group-1305,/rankings/agencias-de-marketing-mexico/,regla 3411 reapuntada,
/directorio/proveedores/agencias-de-marketing-forza-creativa-1304,/rankings/estudios-diseno-branding-mexico/,regla 3410 reapuntada,
/directorio/proveedores/agencias-de-marketing-forward-1303,/rankings/agencias-de-marketing-mexico/,regla 3409 reapuntada,
/directorio/proveedores/agencias-de-marketing-fidelity-marketing-1302,/rankings/agencias-de-marketing-mexico/,regla 3408 reapuntada,
/directorio/proveedores/agencias-de-marketing-exotic-marketing-group-1301,/rankings/agencias-de-marketing-mexico/,regla 3407 reapuntada,
/directorio/proveedores/agencias-de-marketing-marketing911-1300,/rankings/agencias-de-marketing-mexico/,regla 3406 reapuntada,
/directorio/proveedores/agencias-de-marketing-estacion-central-1299,/rankings/agencias-de-medios-mexico/,regla 3405 reapuntada,
/directorio/proveedores/agencias-de-marketing-enmarca-1298,/rankings/estudios-diseno-branding-mexico/,regla 3404 reapuntada,
/directorio/proveedores/agencias-de-marketing-el-tintero-boutique-creativa-1297,/rankings/estudios-diseno-branding-mexico/,regla 3403 reapuntada,
/directorio/proveedores/agencias-de-marketing-el-orfanato-ideas-sin-madre-1296,/rankings/agencias-de-marketing-mexico/,regla 3402 reapuntada,
/directorio/proveedores/agencias-de-marketing-ede-1295,/rankings/agencias-de-marketing-mexico/,regla 3401 reapuntada,
/directorio/proveedores/agencias-de-marketing-dlb-group-mexico-1294,/rankings/agencias-de-marketing-mexico/,regla 3400 reapuntada,
/directorio/proveedores/agencias-de-marketing-dialogo-boutique-creativa-1293,/rankings/estudios-diseno-branding-mexico/,regla 3399 reapuntada,
/directorio/proveedores/agencias-de-marketing-diablo-comunicacion-1292,/rankings/agencias-de-marketing-mexico/,regla 3398 reapuntada,
/directorio/proveedores/agencias-de-marketing-dharma-publicidad-1291,/rankings/agencias-de-marketing-mexico/,regla 3397 reapuntada,
/directorio/proveedores/agencias-de-marketing-dergalyco-1290,/rankings/agencias-de-marketing-mexico/,regla 3396 reapuntada,
/directorio/proveedores/agencias-de-marketing-csi-mexico-1289,/rankings/agencias-de-marketing-mexico/,regla 3395 reapuntada,
/directorio/proveedores/agencias-de-marketing-conceptmkt-1288,/rankings/agencias-de-marketing-mexico/,regla 3394 reapuntada,
/directorio/proveedores/agencias-de-marketing-cmv-1287,/rankings/agencias-de-marketing-mexico/,regla 3393 reapuntada,
/directorio/proveedores/agencias-de-marketing-circulo-de-ideas-btl-1286,/rankings/agencias-btl-promotoria-mexico/,regla 3392 reapuntada,
/directorio/proveedores/agencias-de-marketing-capuano-1285,/rankings/agencias-de-marketing-mexico/,regla 3391 reapuntada,
/directorio/proveedores/agencias-de-marketing-campus-marketing-1284,/rankings/agencias-de-marketing-mexico/,regla 3390 reapuntada,
/directorio/proveedores/agencias-de-marketing-camaleon-marketing-1283,/rankings/agencias-de-marketing-mexico/,regla 3389 reapuntada,
/directorio/proveedores/agencias-de-marketing-business-landing-mexico-1282,/rankings/agencias-de-marketing-mexico/,regla 3388 reapuntada,
/directorio/proveedores/agencias-de-marketing-brand-advertising-and-design-1281,/rankings/estudios-diseno-branding-mexico/,regla 3387 reapuntada,
/directorio/proveedores/agencias-de-marketing-branch-branding-1280,/rankings/estudios-diseno-branding-mexico/,regla 3386 reapuntada,
/directorio/proveedores/agencias-de-marketing-bombay-1279,/rankings/agencias-de-marketing-mexico/,regla 3385 reapuntada,
/directorio/proveedores/agencias-de-marketing-asylum-mexico-1278,/rankings/agencias-de-marketing-mexico/,regla 3384 reapuntada,
/directorio/proveedores/agencias-de-marketing-arista-1277,/rankings/agencias-de-marketing-mexico/,regla 3383 reapuntada,
/directorio/proveedores/agencias-de-marketing-alternativa-integral-1276,/rankings/agencias-de-marketing-mexico/,regla 3382 reapuntada,
/directorio/proveedores/agencias-de-marketing-alternativa-mdi-1275,/rankings/agencias-de-marketing-mexico/,regla 3381 reapuntada,
/directorio/proveedores/agencias-de-marketing-aaltaan-1274,/rankings/agencias-de-marketing-mexico/,regla 3380 reapuntada,
/directorio/proveedores/agencias-de-marketing-0800-a-m-1273,/rankings/agencias-de-marketing-mexico/,regla 3379 reapuntada,
/directorio/proveedores/agencia-multimedia-sietegrados-agencia-1272,/rankings/agencias-de-medios-mexico/,regla 3378 reapuntada,
/directorio/proveedores/agencia-multimedia-proyecktoweb-1271,/rankings/agencias-de-medios-mexico/,regla 3377 reapuntada,
/directorio/proveedores/agencia-multimedia-mobalis-1270,/rankings/agencias-de-medios-mexico/,regla 3376 reapuntada,
/directorio/proveedores/agencia-multimedia-kinnetic-studio-1269,/rankings/agencias-de-medios-mexico/,regla 3375 reapuntada,
/directorio/proveedores/agencia-multimedia-rengo-renders-1268,/rankings/agencias-de-medios-mexico/,regla 3374 reapuntada,
/directorio/proveedores/agencia-multimedia-goblin-creative-1267,/rankings/agencias-de-medios-mexico/,regla 3373 reapuntada,
/directorio/proveedores/agencia-multimedia-elixir-creativo-1266,/rankings/agencias-de-medios-mexico/,regla 3372 reapuntada,
/directorio/proveedores/agencia-multimedia-dinamica-generica-1265,/rankings/agencias-de-medios-mexico/,regla 3371 reapuntada,
/directorio/proveedores/agencia-multimedia-concepto-movil-1264,/rankings/agencias-de-medios-mexico/,regla 3370 reapuntada,
/directorio/proveedores/agencia-interactiva-substance-1263,/rankings/agencias-de-medios-mexico/,regla 3369 reapuntada,
/directorio/proveedores/agencia-interactiva-mockup-studio-1262,/rankings/agencias-inbound-marketing-mexico/,regla 3368 reapuntada,
/directorio/proveedores/agencia-interactiva-ingenia-group-1261,/rankings/agencias-inbound-marketing-mexico/,regla 3367 reapuntada,
/directorio/proveedores/agencia-interactiva-estrategas-digitales-1260,/rankings/agencias-inbound-marketing-mexico/,regla 3366 reapuntada,
/directorio/proveedores/agencia-interactiva-atomo-interactive-1259,/rankings/agencias-inbound-marketing-mexico/,regla 3365 reapuntada,
/directorio/proveedores/agencia-interactiva-adp-1258,/rankings/agencias-inbound-marketing-mexico/,regla 3364 reapuntada,
/directorio/proveedores/agencia-digital-zetabe-1257,/rankings/agencias-inbound-marketing-mexico/,regla 3363 reapuntada,
/directorio/proveedores/agencia-digital-toro-digital-1256,/rankings/agencias-inbound-marketing-mexico/,regla 3362 reapuntada,
/directorio/proveedores/agencia-digital-tanai-cruz-1255,/rankings/agencias-inbound-marketing-mexico/,regla 3361 reapuntada,
/directorio/proveedores/agencia-digital-smartclip-mexico-1254,/rankings/agencias-inbound-marketing-mexico/,regla 3360 reapuntada,
/directorio/proveedores/agencia-digital-render-farm-studios-1253,/rankings/agencias-inbound-marketing-mexico/,regla 3359 reapuntada,
/directorio/proveedores/agencia-digital-rancho-digital-1252,/rankings/agencias-inbound-marketing-mexico/,regla 3358 reapuntada,
/directorio/proveedores/agencia-digital-radical-testa-1251,/rankings/agencias-inbound-marketing-mexico/,regla 3357 reapuntada,
/directorio/proveedores/agencia-digital-otromexico-sc-1250,/rankings/agencias-inbound-marketing-mexico/,regla 3356 reapuntada,
/directorio/proveedores/agencia-digital-p1stache-1249,/rankings/agencias-inbound-marketing-mexico/,regla 3355 reapuntada,
/directorio/proveedores/agencia-digital-noir-digital-1248,/rankings/agencias-inbound-marketing-mexico/,regla 3354 reapuntada,
/directorio/proveedores/agencia-digital-mustard-1247,/rankings/agencias-inbound-marketing-mexico/,regla 3353 reapuntada,
/directorio/proveedores/agencia-digital-mediagency-1246,/rankings/agencias-de-medios-mexico/,regla 3352 reapuntada,
/directorio/proveedores/agencia-digital-lunave-1245,/rankings/agencias-inbound-marketing-mexico/,regla 3351 reapuntada,
/directorio/proveedores/agencia-digital-lightdesign-1244,/rankings/agencias-inbound-marketing-mexico/,regla 3350 reapuntada,
/directorio/proveedores/agencia-digital-lead2action-1243,/rankings/agencias-inbound-marketing-mexico/,regla 3349 reapuntada,
/directorio/proveedores/agencia-digital-kontrabando-1242,/rankings/agencias-inbound-marketing-mexico/,regla 3348 reapuntada,
/directorio/proveedores/agencia-digital-kml-media-1241,/rankings/agencias-de-medios-mexico/,regla 3347 reapuntada,
/directorio/proveedores/agencia-digital-virtual-inflexion-software-1240,/rankings/agencias-inbound-marketing-mexico/,regla 3346 reapuntada,
/directorio/proveedores/agencia-digital-imagia-creativa-1239,/rankings/agencias-inbound-marketing-mexico/,regla 3345 reapuntada,
/directorio/proveedores/agencia-digital-digital-solutions-1238,/rankings/agencias-inbound-marketing-mexico/,regla 3344 reapuntada,
/directorio/proveedores/agencia-digital-hello-mexico-1237,/rankings/agencias-inbound-marketing-mexico/,regla 3343 reapuntada,
/directorio/proveedores/agencia-digital-hashtag-1236,/rankings/agencias-inbound-marketing-mexico/,regla 3342 reapuntada,
/directorio/proveedores/agencia-digital-grupo-smart-1235,/rankings/agencias-inbound-marketing-mexico/,regla 3341 reapuntada,
/directorio/proveedores/agencia-digital-espora-estudio-1234,/rankings/agencias-inbound-marketing-mexico/,regla 3340 reapuntada,
/directorio/proveedores/agencia-digital-efecinco-1233,/rankings/agencias-inbound-marketing-mexico/,regla 3339 reapuntada,
/directorio/proveedores/agencia-digital-di-paola-marquez-1232,/rankings/agencias-inbound-marketing-mexico/,regla 3338 reapuntada,
/directorio/proveedores/agencia-digital-digital-coaster-1231,/rankings/agencias-inbound-marketing-mexico/,regla 3337 reapuntada,
/directorio/proveedores/agencia-digital-dialogo-comunicacion-1230,/rankings/agencias-inbound-marketing-mexico/,regla 3336 reapuntada,
/directorio/proveedores/agencia-digital-the-cluster-agency-1229,/rankings/agencias-inbound-marketing-mexico/,regla 3335 reapuntada,
/directorio/proveedores/agencia-digital-clarus-digital-1228,/rankings/agencias-inbound-marketing-mexico/,regla 3334 reapuntada,
/directorio/proveedores/agencia-digital-axiona-1227,/rankings/agencias-inbound-marketing-mexico/,regla 3333 reapuntada,
/directorio/proveedores/agencia-digital-altusmedia-1226,/rankings/agencias-de-medios-mexico/,regla 3332 reapuntada,
/directorio/proveedores/agencia-digital-ada-mexico-1225,/rankings/agencias-inbound-marketing-mexico/,regla 3331 reapuntada,
/directorio/proveedores/agencia-de-tecnologia-tkinov-1224,/rankings/agencias-inbound-marketing-mexico/,regla 3330 reapuntada,
/directorio/proveedores/agencia-de-tecnologia-pyramid-1223,/rankings/agencias-inbound-marketing-mexico/,regla 3329 reapuntada,
/directorio/proveedores/agencia-de-tecnologia-opentec-1222,/rankings/agencias-inbound-marketing-mexico/,regla 3328 reapuntada,
/directorio/proveedores/agencia-de-tecnologia-monere-business-1221,/rankings/agencias-inbound-marketing-mexico/,regla 3327 reapuntada,
/directorio/proveedores/agencia-de-tecnologia-intelisis-1220,/rankings/agencias-inbound-marketing-mexico/,regla 3326 reapuntada,
/directorio/proveedores/agencia-de-tecnologia-intruder-consulting-1219,/rankings/agencias-inbound-marketing-mexico/,regla 3325 reapuntada,
/directorio/proveedores/agencia-de-tecnologia-grupo-fidalex-1218,/rankings/agencias-de-publicidad-mexico/,regla 3324 reapuntada,
/directorio/proveedores/agencia-de-tecnologia-factor-evolucion-1217,/rankings/agencias-inbound-marketing-mexico/,regla 3323 reapuntada,
/directorio/proveedores/agencia-de-tecnologia-daysoft-1216,/rankings/agencias-inbound-marketing-mexico/,regla 3322 reapuntada,
/directorio/proveedores/agencia-de-tecnologia-abd-systems-1215,/rankings/agencias-inbound-marketing-mexico/,regla 3321 reapuntada,
/directorio/proveedores/agencia-de-tecnologia-4fsystems-1214,/rankings/productoras-de-eventos-mexico/,regla 3320 reapuntada,
/directorio/proveedores/agencia-de-relaciones-publicas-sara-cuellar-comunicacion-1213,/rankings/agencias-relaciones-publicas-mexico/,regla 3319 reapuntada,
/directorio/proveedores/agencia-de-relaciones-publicas-prmind-group-1212,/rankings/agencias-relaciones-publicas-mexico/,regla 3318 reapuntada,
/directorio/proveedores/agencia-de-relaciones-publicas-planeco-1211,/rankings/agencias-relaciones-publicas-mexico/,regla 3317 reapuntada,
/directorio/proveedores/agencia-de-relaciones-publicas-31416r-relaciones-publicas-1210,/rankings/agencias-relaciones-publicas-mexico/,regla 3316 reapuntada,
/directorio/proveedores/agencia-de-relaciones-publicas-penagos-comunicacion-1209,/rankings/agencias-relaciones-publicas-mexico/,regla 3315 reapuntada,
/directorio/proveedores/agencia-de-relaciones-publicas-nucleus-by-crm-1208,/rankings/agencias-relaciones-publicas-mexico/,regla 3314 reapuntada,
/directorio/proveedores/agencia-de-relaciones-publicas-newcom-1207,/rankings/agencias-relaciones-publicas-mexico/,regla 3313 reapuntada,
/directorio/proveedores/agencia-de-relaciones-publicas-mun-logic-1206,/rankings/agencias-relaciones-publicas-mexico/,regla 3312 reapuntada,
/directorio/proveedores/agencia-de-relaciones-publicas-massideas-1205,/rankings/agencias-relaciones-publicas-mexico/,regla 3311 reapuntada,
/directorio/proveedores/agencia-de-relaciones-publicas-marketing-q-1204,/rankings/agencias-relaciones-publicas-mexico/,regla 3310 reapuntada,
/directorio/proveedores/agencia-de-relaciones-publicas-makken-rrpp-1203,/rankings/agencias-relaciones-publicas-mexico/,regla 3309 reapuntada,
/directorio/proveedores/agencia-de-relaciones-publicas-macias-pr-1202,/rankings/agencias-relaciones-publicas-mexico/,regla 3308 reapuntada,
/directorio/proveedores/agencia-de-relaciones-publicas-litio-bmp-1201,/rankings/agencias-relaciones-publicas-mexico/,regla 3307 reapuntada,
/directorio/proveedores/agencia-de-relaciones-publicas-lithiumpr-1200,/rankings/agencias-relaciones-publicas-mexico/,regla 3306 reapuntada,
/directorio/proveedores/agencia-de-relaciones-publicas-lead-image-1199,/rankings/agencias-relaciones-publicas-mexico/,regla 3305 reapuntada,
/directorio/proveedores/agencia-de-relaciones-publicas-keep-engaged-1198,/rankings/agencias-relaciones-publicas-mexico/,regla 3304 reapuntada,
/directorio/proveedores/agencia-de-relaciones-publicas-kaleidoscopio-pr-1197,/rankings/agencias-relaciones-publicas-mexico/,regla 3303 reapuntada,
/directorio/proveedores/agencia-de-relaciones-publicas-iq-pr-1196,/rankings/agencias-relaciones-publicas-mexico/,regla 3302 reapuntada,
/directorio/proveedores/agencia-de-relaciones-publicas-grupo-public-1194,/rankings/agencias-relaciones-publicas-mexico/,regla 3300 reapuntada,
/directorio/proveedores/agencia-de-relaciones-publicas-fleishmanhillard-mexico-1193,/rankings/agencias-relaciones-publicas-mexico/,regla 3299 reapuntada,
/directorio/proveedores/agencia-de-relaciones-publicas-fabrik-1192,/rankings/agencias-relaciones-publicas-mexico/,regla 3298 reapuntada,
/directorio/proveedores/agencia-de-relaciones-publicas-euroamerica-1191,/rankings/agencias-relaciones-publicas-mexico/,regla 3297 reapuntada,
/directorio/proveedores/agencia-de-relaciones-publicas-eureka-y-co-1190,/rankings/agencias-relaciones-publicas-mexico/,regla 3296 reapuntada,
/directorio/proveedores/agencia-de-relaciones-publicas-enlace-integral-1189,/rankings/agencias-relaciones-publicas-mexico/,regla 3295 reapuntada,
/directorio/proveedores/agencia-de-relaciones-publicas-edelman-1188,/rankings/agencias-relaciones-publicas-mexico/,regla 3294 reapuntada,
/directorio/proveedores/agencia-de-relaciones-publicas-ebeaconcommunication-1187,/rankings/agencias-relaciones-publicas-mexico/,regla 3293 reapuntada,
/directorio/proveedores/agencia-de-relaciones-publicas-dickins-y-asociados-1186,/rankings/agencias-relaciones-publicas-mexico/,regla 3292 reapuntada,
/directorio/proveedores/agencia-de-relaciones-publicas-cohn-y-wolfe-mexico-1185,/rankings/agencias-relaciones-publicas-mexico/,regla 3291 reapuntada,
/directorio/proveedores/agencia-de-relaciones-publicas-bluemind-creative-works-1184,/rankings/agencias-relaciones-publicas-mexico/,regla 3290 reapuntada,
/directorio/proveedores/agencia-de-relaciones-publicas-audacia-comunicacion-1183,/rankings/agencias-relaciones-publicas-mexico/,regla 3289 reapuntada,
/directorio/proveedores/agencia-de-relaciones-publicas-atelier-1182,/rankings/agencias-relaciones-publicas-mexico/,regla 3288 reapuntada,
/directorio/proveedores/agencia-de-relaciones-publicas-arvizu-1181,/rankings/agencias-relaciones-publicas-mexico/,regla 3287 reapuntada,
/directorio/proveedores/agencia-de-relaciones-publicas-alterpraxis-1180,/rankings/agencias-relaciones-publicas-mexico/,regla 3286 reapuntada,
/directorio/proveedores/agencia-de-relaciones-publicas-aldebaran-comunicacion-1179,/rankings/agencias-relaciones-publicas-mexico/,regla 3285 reapuntada,
/directorio/proveedores/agencia-de-relaciones-publicas-ache-entretenimiento-1178,/rankings/agencias-relaciones-publicas-mexico/,regla 3284 reapuntada,
/directorio/proveedores/agencia-de-recursos-humanos-suplementos-corporativos-1177,/rankings/agencias-inbound-marketing-mexico/,regla 3283 reapuntada,
/directorio/proveedores/agencia-de-recursos-humanos-staffing-personal-1176,/rankings/agencias-inbound-marketing-mexico/,regla 3282 reapuntada,
/directorio/proveedores/agencia-de-recursos-humanos-rolling-personnel-1175,/rankings/agencias-inbound-marketing-mexico/,regla 3281 reapuntada,
/directorio/proveedores/agencia-de-recursos-humanos-red-ring-1174,/rankings/agencias-inbound-marketing-mexico/,regla 3280 reapuntada,
/directorio/proveedores/agencia-de-recursos-humanos-randstad-1173,/rankings/productoras-de-eventos-mexico/,regla 3279 reapuntada,
/directorio/proveedores/agencia-de-recursos-humanos-people-value-1172,/rankings/agencias-inbound-marketing-mexico/,regla 3278 reapuntada,
/directorio/proveedores/agencia-de-recursos-humanos-mexidooro-internacional-1171,/rankings/agencias-inbound-marketing-mexico/,regla 3277 reapuntada,
/directorio/proveedores/agencia-de-recursos-humanos-mercury-data-1170,/rankings/agencias-inbound-marketing-mexico/,regla 3276 reapuntada,
/directorio/proveedores/agencia-de-recursos-humanos-ips-1169,/rankings/agencias-inbound-marketing-mexico/,regla 3275 reapuntada,
/directorio/proveedores/agencia-de-recursos-humanos-human-sourcing-1168,/rankings/productoras-de-eventos-mexico/,regla 3274 reapuntada,
/directorio/proveedores/agencia-de-recursos-humanos-human-kind-1167,/rankings/agencias-inbound-marketing-mexico/,regla 3273 reapuntada,
/directorio/proveedores/agencia-de-recursos-humanos-human-dynamics-bureau-1166,/rankings/agencias-inbound-marketing-mexico/,regla 3272 reapuntada,
/directorio/proveedores/agencia-de-recursos-humanos-hm-consultores-1165,/rankings/agencias-de-marketing-mexico/,regla 3271 reapuntada,
/directorio/proveedores/agencia-de-recursos-humanos-great-team-1164,/rankings/productoras-de-eventos-mexico/,regla 3270 reapuntada,
/directorio/proveedores/agencia-de-recursos-humanos-direccion-humana-1163,/rankings/agencias-inbound-marketing-mexico/,regla 3269 reapuntada,
/directorio/proveedores/agencia-de-recursos-humanos-delta-middle-management-1162,/rankings/agencias-de-medios-mexico/,regla 3268 reapuntada,
/directorio/proveedores/agencia-de-recursos-humanos-corporativo-yebiah-1161,/rankings/agencias-inbound-marketing-mexico/,regla 3267 reapuntada,
/directorio/proveedores/agencia-de-recursos-humanos-cm-talent-y-development-1160,/rankings/productoras-de-eventos-mexico/,regla 3266 reapuntada,
/directorio/proveedores/agencia-de-publicidad-farmaceutica-timspa-1159,/rankings/agencias-investigacion-de-mercados-mexico/,regla 3265 reapuntada,
/directorio/proveedores/agencia-de-publicidad-farmaceutica-el-taller-de-las-ideas-1158,/rankings/agencias-inbound-marketing-mexico/,regla 3264 reapuntada,
/directorio/proveedores/agencia-de-publicidad-farmaceutica-queruva-1157,/rankings/agencias-inbound-marketing-mexico/,regla 3263 reapuntada,
/directorio/proveedores/agencia-de-publicidad-farmaceutica-punto-pen-1156,/rankings/agencias-de-medios-mexico/,regla 3262 reapuntada,
/directorio/proveedores/agencia-de-publicidad-farmaceutica-medicacf-1155,/rankings/agencias-de-medios-mexico/,regla 3261 reapuntada,
/directorio/proveedores/agencia-de-publicidad-farmaceutica-marketing-latino-1154,/rankings/agencias-de-marketing-mexico/,regla 3260 reapuntada,
/directorio/proveedores/agencia-de-publicidad-farmaceutica-ifloat-mexico-1153,/rankings/agencias-de-medios-mexico/,regla 3259 reapuntada,
/directorio/proveedores/agencia-de-publicidad-farmaceutica-designing-advertising-1152,/rankings/estudios-diseno-branding-mexico/,regla 3258 reapuntada,
/directorio/proveedores/agencia-de-publicidad-farmaceutica-cdyp-concepto-diseno-y-publicidad-1151,/rankings/estudios-diseno-branding-mexico/,regla 3257 reapuntada,
/directorio/proveedores/agencia-de-publicidad-farmaceutica-carlos-ascobereta-publicidad-1150,/rankings/agencias-inbound-marketing-mexico/,regla 3256 reapuntada,
/directorio/proveedores/agencia-de-publicidad-farmaceutica-baktun-13-comunicacion-1149,/rankings/agencias-de-marketing-mexico/,regla 3255 reapuntada,
/directorio/proveedores/agencia-de-publicidad-farmaceutica-asterisco-healthcare-communications-1148,/rankings/agencias-inbound-marketing-mexico/,regla 3254 reapuntada,
/directorio/proveedores/agencia-de-publicidad-farmaceutica-asesores-en-prensa-y-comunicacion-1147,/rankings/agencias-relaciones-publicas-mexico/,regla 3253 reapuntada,
/directorio/proveedores/agencia-de-publicidad-farmaceutica-adacosta-1146,/rankings/agencias-inbound-marketing-mexico/,regla 3252 reapuntada,
/directorio/proveedores/agencia-de-publicidad-exterior-wachovia-1145,/rankings/empresas-publicidad-exterior-mexico/,regla 3251 reapuntada,
/directorio/proveedores/agencia-de-publicidad-exterior-vendor-1144,/rankings/empresas-publicidad-exterior-mexico/,regla 3250 reapuntada,
/directorio/proveedores/agencia-de-publicidad-exterior-vanguardia-publicitaria-1143,/rankings/empresas-publicidad-exterior-mexico/,regla 3249 reapuntada,
/directorio/proveedores/agencia-de-publicidad-exterior-strada-publicidad-1142,/rankings/empresas-publicidad-exterior-mexico/,regla 3248 reapuntada,
/directorio/proveedores/agencia-de-publicidad-exterior-grupo-atm-1141,/rankings/empresas-publicidad-exterior-mexico/,regla 3247 reapuntada,
/directorio/proveedores/agencia-de-publicidad-exterior-publisitios-1140,/rankings/empresas-publicidad-exterior-mexico/,regla 3246 reapuntada,
/directorio/proveedores/agencia-de-publicidad-exterior-publicarteleras-1139,/rankings/empresas-publicidad-exterior-mexico/,regla 3245 reapuntada,
/directorio/proveedores/agencia-de-publicidad-exterior-pm-on-street-1138,/rankings/empresas-publicidad-exterior-mexico/,regla 3244 reapuntada,
/directorio/proveedores/agencia-de-publicidad-exterior-mepexsa-1137,/rankings/empresas-publicidad-exterior-mexico/,regla 3243 reapuntada,
/directorio/proveedores/agencia-de-publicidad-exterior-medios-populares-1136,/rankings/agencias-de-medios-mexico/,regla 3242 reapuntada,
/directorio/proveedores/agencia-de-publicidad-exterior-marcavision-1135,/rankings/empresas-publicidad-exterior-mexico/,regla 3241 reapuntada,
/directorio/proveedores/agencia-de-publicidad-exterior-ledies-1134,/rankings/empresas-publicidad-exterior-mexico/,regla 3240 reapuntada,
/directorio/proveedores/agencia-de-publicidad-exterior-publicidad-exterior-lagunas-1133,/rankings/empresas-publicidad-exterior-mexico/,regla 3239 reapuntada,
/directorio/proveedores/agencia-de-publicidad-exterior-isa-corporativo-1132,/rankings/empresas-publicidad-exterior-mexico/,regla 3238 reapuntada,
/directorio/proveedores/agencia-de-publicidad-exterior-grupo-imu-1131,/rankings/empresas-publicidad-exterior-mexico/,regla 3237 reapuntada,
/directorio/proveedores/agencia-de-publicidad-exterior-impacto-capital-1130,/rankings/empresas-publicidad-exterior-mexico/,regla 3236 reapuntada,
/directorio/proveedores/agencia-de-publicidad-exterior-grupo-rentable-1129,/rankings/empresas-publicidad-exterior-mexico/,regla 3235 reapuntada,
/directorio/proveedores/agencia-de-publicidad-exterior-cencom-1128,/rankings/empresas-publicidad-exterior-mexico/,regla 3234 reapuntada,
/directorio/proveedores/agencia-de-publicidad-exterior-clear-channel-1127,/rankings/empresas-publicidad-exterior-mexico/,regla 3233 reapuntada,
/directorio/proveedores/agencia-de-publicidad-exterior-5m2-1126,/rankings/empresas-publicidad-exterior-mexico/,regla 3232 reapuntada,
/directorio/proveedores/agencia-de-publicidad-exterior-casa-publicidad-y-asociados-1125,/rankings/empresas-publicidad-exterior-mexico/,regla 3231 reapuntada,
/directorio/proveedores/agencia-de-publicidad-exterior-cartelerascom-1124,/rankings/empresas-publicidad-exterior-mexico/,regla 3230 reapuntada,
/directorio/proveedores/agencia-de-publicidad-exterior-cadpro-vallas-moviles-1123,/rankings/empresas-publicidad-exterior-mexico/,regla 3229 reapuntada,
/directorio/proveedores/agencia-de-publicidad-exterior-actives-btl-1122,/rankings/empresas-publicidad-exterior-mexico/,regla 3228 reapuntada,
/directorio/proveedores/agencia-de-publicidad-zoo-1121,/rankings/agencias-inbound-marketing-mexico/,regla 3227 reapuntada,
/directorio/proveedores/agencia-de-publicidad-zeta-publicidad-1120,/rankings/productoras-de-eventos-mexico/,regla 3226 reapuntada,
/directorio/proveedores/agencia-de-publicidad-zaga-consulting-1119,/rankings/agencias-inbound-marketing-mexico/,regla 3225 reapuntada,
/directorio/proveedores/agencia-de-publicidad-young-y-rubicam-1118,/rankings/agencias-inbound-marketing-mexico/,regla 3224 reapuntada,
/directorio/proveedores/agencia-de-publicidad-xpand-marketing-group-1117,/rankings/agencias-de-marketing-mexico/,regla 3223 reapuntada,
/directorio/proveedores/agencia-de-publicidad-wunderman-mexico-1116,/rankings/agencias-inbound-marketing-mexico/,regla 3222 reapuntada,
/directorio/proveedores/agencia-de-publicidad-agency-world-services-1115,/rankings/agencias-inbound-marketing-mexico/,regla 3221 reapuntada,
/directorio/proveedores/agencia-de-publicidad-w-marketing-1114,/rankings/agencias-de-marketing-mexico/,regla 3220 reapuntada,
/directorio/proveedores/agencia-de-publicidad-ar-weitzner-y-asociados-1113,/rankings/agencias-inbound-marketing-mexico/,regla 3219 reapuntada,
/directorio/proveedores/agencia-de-publicidad-w-comunicacion-1112,/rankings/agencias-de-marketing-mexico/,regla 3218 reapuntada,
/directorio/proveedores/agencia-de-publicidad-vux-1110,/rankings/agencias-de-medios-mexico/,regla 3216 reapuntada,
/directorio/proveedores/agencia-de-publicidad-visual-latina-1108,/rankings/agencias-inbound-marketing-mexico/,regla 3214 reapuntada,
/directorio/proveedores/agencia-de-publicidad-grupo-vale-euro-rscg-1107,/rankings/agencias-inbound-marketing-mexico/,regla 3213 reapuntada,
/directorio/proveedores/agencia-de-publicidad-tovar-mina-y-asociados-1106,/rankings/agencias-inbound-marketing-mexico/,regla 3212 reapuntada,
/directorio/proveedores/agencia-de-publicidad-todolocontrario-1105,/rankings/agencias-inbound-marketing-mexico/,regla 3211 reapuntada,
/directorio/proveedores/agencia-de-publicidad-titan-mexico-1104,/rankings/agencias-de-medios-mexico/,regla 3210 reapuntada,
/directorio/proveedores/agencia-de-publicidad-teran-tbwa-1103,/rankings/agencias-de-medios-mexico/,regla 3209 reapuntada,
/directorio/proveedores/agencia-de-publicidad-target-gbm-1102,/rankings/agencias-investigacion-de-mercados-mexico/,regla 3208 reapuntada,
/directorio/proveedores/agencia-de-publicidad-tanquegroup-1101,/rankings/agencias-de-medios-mexico/,regla 3207 reapuntada,
/directorio/proveedores/agencia-de-publicidad-synapsis-de-mexico-1100,/rankings/agencias-inbound-marketing-mexico/,regla 3206 reapuntada,
/directorio/proveedores/agencia-de-publicidad-starbrands-1099,/rankings/agencias-inbound-marketing-mexico/,regla 3205 reapuntada,
/directorio/proveedores/agencia-de-publicidad-sprim-1098,/rankings/agencias-inbound-marketing-mexico/,regla 3204 reapuntada,
/directorio/proveedores/agencia-de-publicidad-spot-lite-sa-de-cv-1097,/rankings/agencias-inbound-marketing-mexico/,regla 3203 reapuntada,
/directorio/proveedores/agencia-de-publicidad-spora-publicidad-y-diseno-grafico-1096,/rankings/proveedores-pop-promocionales-mexico/,regla 3202 reapuntada,
/directorio/proveedores/agencia-de-publicidad-sparkling-1095,/rankings/agencias-inbound-marketing-mexico/,regla 3201 reapuntada,
/directorio/proveedores/agencia-de-publicidad-slogan-publicidad-1094,/rankings/agencias-inbound-marketing-mexico/,regla 3200 reapuntada,
/directorio/proveedores/agencia-de-publicidad-silverlight-cbs-1093,/rankings/agencias-inbound-marketing-mexico/,regla 3199 reapuntada,
/directorio/proveedores/agencia-de-publicidad-seis-grados-1092,/rankings/agencias-inbound-marketing-mexico/,regla 3198 reapuntada,
/directorio/proveedores/agencia-de-publicidad-sbtl-1091,/rankings/agencias-btl-promotoria-mexico/,regla 3197 reapuntada,
/directorio/proveedores/agencia-de-publicidad-nazca-saatchi-y-saatchi-1090,/rankings/agencias-inbound-marketing-mexico/,regla 3196 reapuntada,
/directorio/proveedores/agencia-de-publicidad-resolucion-pixel-1089,/rankings/casas-productoras-mexico/,regla 3195 reapuntada,
/directorio/proveedores/agencia-de-publicidad-el-recreo-comunicacion-1088,/rankings/agencias-de-marketing-mexico/,regla 3194 reapuntada,
/directorio/proveedores/agencia-de-publicidad-pw-agency-1087,/rankings/agencias-inbound-marketing-mexico/,regla 3193 reapuntada,
/directorio/proveedores/agencia-de-publicidad-publycity-1086,/rankings/agencias-inbound-marketing-mexico/,regla 3192 reapuntada,
/directorio/proveedores/agencia-de-publicidad-publicis-mexico-1085,/rankings/agencias-inbound-marketing-mexico/,regla 3191 reapuntada,
/directorio/proveedores/agencia-de-publicidad-publicidad-global-mexico-1084,/rankings/agencias-inbound-marketing-mexico/,regla 3190 reapuntada,
/directorio/proveedores/agencia-de-publicidad-proyecta-publicidad-1083,/rankings/agencias-inbound-marketing-mexico/,regla 3189 reapuntada,
/directorio/proveedores/agencia-de-publicidad-proyecta-live-brand-1082,/rankings/agencias-inbound-marketing-mexico/,regla 3188 reapuntada,
/directorio/proveedores/agencia-de-publicidad-promo-express-1081,/rankings/agencias-btl-promotoria-mexico/,regla 3187 reapuntada,
/directorio/proveedores/agencia-de-publicidad-promarket-1080,/rankings/agencias-inbound-marketing-mexico/,regla 3186 reapuntada,
/directorio/proveedores/agencia-de-publicidad-primitivo-publicidad-1079,/rankings/agencias-inbound-marketing-mexico/,regla 3185 reapuntada,
/directorio/proveedores/agencia-de-publicidad-postermedia-1078,/rankings/agencias-de-medios-mexico/,regla 3184 reapuntada,
/directorio/proveedores/agencia-de-publicidad-pool-creativo-1077,/rankings/estudios-diseno-branding-mexico/,regla 3183 reapuntada,
/directorio/proveedores/agencia-de-publicidad-pico-adworks-1076,/rankings/agencias-inbound-marketing-mexico/,regla 3182 reapuntada,
/directorio/proveedores/agencia-de-publicidad-phi-comunicaciones-1075,/rankings/agencias-de-marketing-mexico/,regla 3181 reapuntada,
/directorio/proveedores/agencia-de-publicidad-pgiovascom-1074,/rankings/agencias-inbound-marketing-mexico/,regla 3180 reapuntada,
/directorio/proveedores/agencia-de-publicidad-perspectiva-cym-1073,/rankings/agencias-inbound-marketing-mexico/,regla 3179 reapuntada,
/directorio/proveedores/agencia-de-publicidad-panacea-comunicacion-1072,/rankings/agencias-de-marketing-mexico/,regla 3178 reapuntada,
/directorio/proveedores/agencia-de-publicidad-ophium-1071,/rankings/agencias-inbound-marketing-mexico/,regla 3177 reapuntada,
/directorio/proveedores/agencia-de-publicidad-on-cue-1070,/rankings/agencias-inbound-marketing-mexico/,regla 3176 reapuntada,
/directorio/proveedores/agencia-de-publicidad-olabuenaga-chemistri-1069,/rankings/agencias-inbound-marketing-mexico/,regla 3175 reapuntada,
/directorio/proveedores/agencia-de-publicidad-ogilvy-y-mather-1068,/rankings/agencias-investigacion-de-mercados-mexico/,regla 3174 reapuntada,
/directorio/proveedores/agencia-de-publicidad-nucleo-publicidad-1067,/rankings/agencias-inbound-marketing-mexico/,regla 3173 reapuntada,
/directorio/proveedores/agencia-de-publicidad-ninja-1066,/rankings/agencias-inbound-marketing-mexico/,regla 3172 reapuntada,
/directorio/proveedores/agencia-de-publicidad-neutech-1065,/rankings/agencias-inbound-marketing-mexico/,regla 3171 reapuntada,
/directorio/proveedores/agencia-de-publicidad-la-agencia-1064,/rankings/agencias-inbound-marketing-mexico/,regla 3170 reapuntada,
/directorio/proveedores/agencia-de-publicidad-martinez-fresan-1063,/rankings/agencias-inbound-marketing-mexico/,regla 3169 reapuntada,
/directorio/proveedores/agencia-de-publicidad-montenegro-comunicacion-1062,/rankings/agencias-de-marketing-mexico/,regla 3168 reapuntada,
/directorio/proveedores/agencia-de-publicidad-medellin-publicistas-1060,/rankings/agencias-inbound-marketing-mexico/,regla 3166 reapuntada,
/directorio/proveedores/agencia-de-publicidad-mccann-worldgroup-1059,/rankings/agencias-inbound-marketing-mexico/,regla 3165 reapuntada,
/directorio/proveedores/agencia-de-publicidad-marioni-1058,/rankings/agencias-inbound-marketing-mexico/,regla 3164 reapuntada,
/directorio/proveedores/agencia-de-publicidad-mala-conducta-1057,/rankings/agencias-inbound-marketing-mexico/,regla 3163 reapuntada,
/directorio/proveedores/agencia-de-publicidad-magnus-mccoy-1056,/rankings/agencias-inbound-marketing-mexico/,regla 3162 reapuntada,
/directorio/proveedores/agencia-de-publicidad-lowe-1055,/rankings/agencias-inbound-marketing-mexico/,regla 3161 reapuntada,
/directorio/proveedores/agencia-de-publicidad-leo-burnett-mexico-1054,/rankings/agencias-inbound-marketing-mexico/,regla 3160 reapuntada,
/directorio/proveedores/agencia-de-publicidad-lebrija-rubio-publicidad-1053,/rankings/agencias-inbound-marketing-mexico/,regla 3159 reapuntada,
/directorio/proveedores/agencia-de-publicidad-lagencita-1052,/rankings/agencias-inbound-marketing-mexico/,regla 3158 reapuntada,
/directorio/proveedores/agencia-de-publicidad-la-fraternidad-1051,/rankings/agencias-de-medios-mexico/,regla 3157 reapuntada,
/directorio/proveedores/agencia-de-publicidad-la-doble-vida-1050,/rankings/agencias-inbound-marketing-mexico/,regla 3156 reapuntada,
/directorio/proveedores/agencia-de-publicidad-la-despensa-1049,/rankings/agencias-inbound-marketing-mexico/,regla 3155 reapuntada,
/directorio/proveedores/agencia-de-publicidad-jwt-mexico-1048,/rankings/agencias-inbound-marketing-mexico/,regla 3154 reapuntada,
/directorio/proveedores/agencia-de-publicidad-grupo-inventiva-1047,/rankings/agencias-inbound-marketing-mexico/,regla 3153 reapuntada,
/directorio/proveedores/agencia-de-publicidad-in-situ-publicidad-1046,/rankings/agencias-inbound-marketing-mexico/,regla 3152 reapuntada,
/directorio/proveedores/agencia-de-publicidad-inmotion-productions-1045,/rankings/agencias-inbound-marketing-mexico/,regla 3151 reapuntada,
/directorio/proveedores/agencia-de-publicidad-increapublicidad-1044,/rankings/agencias-investigacion-de-mercados-mexico/,regla 3150 reapuntada,
/directorio/proveedores/agencia-de-publicidad-imagic-group-1043,/rankings/agencias-inbound-marketing-mexico/,regla 3149 reapuntada,
/directorio/proveedores/agencia-de-publicidad-imagogenia-1042,/rankings/agencias-inbound-marketing-mexico/,regla 3148 reapuntada,
/directorio/proveedores/agencia-de-publicidad-ike?-1041,/rankings/agencias-inbound-marketing-mexico/,regla 3147 reapuntada,
/directorio/proveedores/agencia-de-publicidad-haz-comunicacion-1040,/rankings/agencias-de-marketing-mexico/,regla 3146 reapuntada,
/directorio/proveedores/agencia-de-publicidad-havas-worldwide-mexico-1039,/rankings/agencias-inbound-marketing-mexico/,regla 3145 reapuntada,
/directorio/proveedores/agencia-de-publicidad-guru-market-1038,/rankings/productoras-de-eventos-mexico/,regla 3144 reapuntada,
/directorio/proveedores/agencia-de-publicidad-grupo-difusion-1037,/rankings/agencias-de-medios-mexico/,regla 3143 reapuntada,
/directorio/proveedores/agencia-de-publicidad-grey-global-group-mexico-1036,/rankings/agencias-inbound-marketing-mexico/,regla 3142 reapuntada,
/directorio/proveedores/agencia-de-publicidad-gibert-1035,/rankings/agencias-inbound-marketing-mexico/,regla 3141 reapuntada,
/directorio/proveedores/agencia-de-publicidad-gaudelli-mcw-1034,/rankings/agencias-inbound-marketing-mexico/,regla 3140 reapuntada,
/directorio/proveedores/agencia-de-publicidad-gangagency-1033,/rankings/agencias-inbound-marketing-mexico/,regla 3139 reapuntada,
/directorio/proveedores/agencia-de-publicidad-ganem-group-1032,/rankings/agencias-inbound-marketing-mexico/,regla 3138 reapuntada,
/directorio/proveedores/agencia-de-publicidad-frente-btl-1031,/rankings/agencias-btl-promotoria-mexico/,regla 3137 reapuntada,
/directorio/proveedores/agencia-de-publicidad-figallo-comunicaciones-1030,/rankings/agencias-de-marketing-mexico/,regla 3136 reapuntada,
/directorio/proveedores/agencia-de-publicidad-grupo-ferrer-1029,/rankings/agencias-inbound-marketing-mexico/,regla 3135 reapuntada,
/directorio/proveedores/agencia-de-publicidad-euro-beker-rscg-1028,/rankings/productoras-de-eventos-mexico/,regla 3134 reapuntada,
/directorio/proveedores/agencia-de-publicidad-e99-branding-1027,/rankings/estudios-diseno-branding-mexico/,regla 3133 reapuntada,
/directorio/proveedores/agencia-de-publicidad-draftfcb-1026,/rankings/agencias-inbound-marketing-mexico/,regla 3132 reapuntada,
/directorio/proveedores/agencia-de-publicidad-dendrita-publicidad-1025,/rankings/agencias-inbound-marketing-mexico/,regla 3131 reapuntada,
/directorio/proveedores/agencia-de-publicidad-delta-group-1024,/rankings/agencias-inbound-marketing-mexico/,regla 3130 reapuntada,
/directorio/proveedores/agencia-de-publicidad-de-haro-publicidad-1023,/rankings/agencias-inbound-marketing-mexico/,regla 3129 reapuntada,
/directorio/proveedores/agencia-de-publicidad-ddb-mexico-1022,/rankings/agencias-inbound-marketing-mexico/,regla 3128 reapuntada,
/directorio/proveedores/agencia-de-publicidad-d'castrum-1021,/rankings/agencias-inbound-marketing-mexico/,regla 3127 reapuntada,
/directorio/proveedores/agencia-de-publicidad-darwin-ad-1020,/rankings/agencias-inbound-marketing-mexico/,regla 3126 reapuntada,
/directorio/proveedores/agencia-de-publicidad-dada-publicidad-1019,/rankings/agencias-inbound-marketing-mexico/,regla 3125 reapuntada,
/directorio/proveedores/agencia-de-publicidad-crecere-quorum-1018,/rankings/agencias-inbound-marketing-mexico/,regla 3124 reapuntada,
/directorio/proveedores/agencia-de-publicidad-creativos-y-co-1017,/rankings/estudios-diseno-branding-mexico/,regla 3123 reapuntada,
/directorio/proveedores/agencia-de-publicidad-com-comunicacion-integral-1016,/rankings/agencias-de-marketing-mexico/,regla 3122 reapuntada,
/directorio/proveedores/agencia-de-publicidad-click-publicidad-1015,/rankings/agencias-inbound-marketing-mexico/,regla 3121 reapuntada,
/directorio/proveedores/agencia-de-publicidad-clemente-camara-y-asociados-1014,/rankings/agencias-inbound-marketing-mexico/,regla 3120 reapuntada,
/directorio/proveedores/agencia-de-publicidad-circulo-diseno-1013,/rankings/estudios-diseno-branding-mexico/,regla 3119 reapuntada,
/directorio/proveedores/agencia-de-publicidad-chilaquile-btl-1012,/rankings/agencias-btl-promotoria-mexico/,regla 3118 reapuntada,
/directorio/proveedores/agencia-de-publicidad-cheil-mexico-1011,/rankings/agencias-inbound-marketing-mexico/,regla 3117 reapuntada,
/directorio/proveedores/agencia-de-publicidad-centro-creativo-1010,/rankings/estudios-diseno-branding-mexico/,regla 3116 reapuntada,
/directorio/proveedores/agencia-de-publicidad-central-de-ideas-1009,/rankings/agencias-de-medios-mexico/,regla 3115 reapuntada,
/directorio/proveedores/agencia-de-publicidad-bolivar-cisneros-1008,/rankings/agencias-relaciones-publicas-mexico/,regla 3114 reapuntada,
/directorio/proveedores/agencia-de-publicidad-bypower-1007,/rankings/agencias-de-medios-mexico/,regla 3113 reapuntada,
/directorio/proveedores/agencia-de-publicidad-btl-innova-1006,/rankings/agencias-btl-promotoria-mexico/,regla 3112 reapuntada,
/directorio/proveedores/agencia-de-publicidad-bbdo-mexico-1005,/rankings/agencias-inbound-marketing-mexico/,regla 3111 reapuntada,
/directorio/proveedores/agencia-de-publicidad-barsobea-1004,/rankings/agencias-inbound-marketing-mexico/,regla 3110 reapuntada,
/directorio/proveedores/agencia-de-publicidad-banana-btl-1003,/rankings/agencias-btl-promotoria-mexico/,regla 3109 reapuntada,
/directorio/proveedores/agencia-de-publicidad-autoconsulting-y-merchandising-1002,/rankings/agencias-inbound-marketing-mexico/,regla 3108 reapuntada,
/directorio/proveedores/agencia-de-publicidad-arroyo-publicidad-1001,/rankings/agencias-de-medios-mexico/,regla 3107 reapuntada,
/directorio/proveedores/agencia-de-publicidad-arrechedera-claverol-1000,/rankings/agencias-inbound-marketing-mexico/,regla 3106 reapuntada,
/directorio/proveedores/agencia-de-publicidad-archer-troy-999,/rankings/agencias-inbound-marketing-mexico/,regla 3105 reapuntada,
/directorio/proveedores/agencia-de-publicidad-anonimo-998,/rankings/agencias-inbound-marketing-mexico/,regla 3104 reapuntada,
/directorio/proveedores/agencia-de-publicidad-amk-healthcare-997,/rankings/agencias-inbound-marketing-mexico/,regla 3103 reapuntada,
/directorio/proveedores/agencia-de-publicidad-alx-design-995,/rankings/estudios-diseno-branding-mexico/,regla 3101 reapuntada,
/directorio/proveedores/agencia-de-publicidad-alvarado-molina-994,/rankings/agencias-inbound-marketing-mexico/,regla 3100 reapuntada,
/directorio/proveedores/agencia-de-publicidad-alex-design-993,/rankings/estudios-diseno-branding-mexico/,regla 3099 reapuntada,
/directorio/proveedores/agencia-de-publicidad-alazraki-y-asociados-992,/rankings/casas-productoras-mexico/,regla 3098 reapuntada,
/directorio/proveedores/agencia-de-publicidad-agencia-vainilla-991,/rankings/agencias-inbound-marketing-mexico/,regla 3097 reapuntada,
/directorio/proveedores/agencia-de-publicidad-augusto-elias-990,/rankings/agencias-inbound-marketing-mexico/,regla 3096 reapuntada,
/directorio/proveedores/agencia-de-publicidad-ad-livitum-989,/rankings/agencias-inbound-marketing-mexico/,regla 3095 reapuntada,
/directorio/proveedores/agencia-de-publicidad-addivina-988,/rankings/agencias-inbound-marketing-mexico/,regla 3094 reapuntada,
/directorio/proveedores/agencia-de-publicidad-adcafe-publicidad-987,/rankings/agencias-inbound-marketing-mexico/,regla 3093 reapuntada,
/directorio/proveedores/agencia-de-publicidad-area6-985,/rankings/agencias-inbound-marketing-mexico/,regla 3091 reapuntada,
/directorio/proveedores/agencia-de-publicidad-64seis-consultores-984,/rankings/agencias-de-marketing-mexico/,regla 3090 reapuntada,
/directorio/proveedores/agencia-de-publicidad-360btl-983,/rankings/agencias-btl-promotoria-mexico/,regla 3089 reapuntada,
/directorio/proveedores/agencia-de-publicidad-021-comunicaciones-982,/rankings/agencias-de-marketing-mexico/,regla 3088 reapuntada,
/directorio/proveedores/agencia-de-promocion-unlimited-ideas-981,/rankings/agencias-btl-promotoria-mexico/,regla 3087 reapuntada,
/directorio/proveedores/agencia-de-promocion-topping-ttl-980,/rankings/agencias-btl-promotoria-mexico/,regla 3086 reapuntada,
/directorio/proveedores/agencia-de-promocion-grupo-todo-promo-979,/rankings/agencias-btl-promotoria-mexico/,regla 3085 reapuntada,
/directorio/proveedores/agencia-de-promocion-sp-group-978,/rankings/agencias-btl-promotoria-mexico/,regla 3084 reapuntada,
/directorio/proveedores/agencia-de-promocion-sip-977,/rankings/agencias-btl-promotoria-mexico/,regla 3083 reapuntada,
/directorio/proveedores/agencia-de-promocion-sinergia-xxi-976,/rankings/agencias-btl-promotoria-mexico/,regla 3082 reapuntada,
/directorio/proveedores/agencia-de-promocion-silva-corporativo-975,/rankings/agencias-btl-promotoria-mexico/,regla 3081 reapuntada,
/directorio/proveedores/agencia-de-promocion-shark-btl-974,/rankings/agencias-btl-promotoria-mexico/,regla 3080 reapuntada,
/directorio/proveedores/agencia-de-promocion-sepreom-973,/rankings/agencias-btl-promotoria-mexico/,regla 3079 reapuntada,
/directorio/proveedores/agencia-de-promocion-rua-mkt-972,/rankings/agencias-btl-promotoria-mexico/,regla 3078 reapuntada,
/directorio/proveedores/agencia-de-promocion-ronin7-971,/rankings/agencias-btl-promotoria-mexico/,regla 3077 reapuntada,
/directorio/proveedores/agencia-de-promocion-red-promex-970,/rankings/agencias-btl-promotoria-mexico/,regla 3076 reapuntada,
/directorio/proveedores/agencia-de-promocion-raya2-969,/rankings/agencias-btl-promotoria-mexico/,regla 3075 reapuntada,
/directorio/proveedores/agencia-de-promocion-ratpack-968,/rankings/agencias-btl-promotoria-mexico/,regla 3074 reapuntada,
/directorio/proveedores/agencia-de-promocion-protarget-967,/rankings/agencias-btl-promotoria-mexico/,regla 3073 reapuntada,
/directorio/proveedores/agencia-de-promocion-proprom-966,/rankings/agencias-btl-promotoria-mexico/,regla 3072 reapuntada,
/directorio/proveedores/agencia-de-promocion-promotion-965,/rankings/agencias-btl-promotoria-mexico/,regla 3071 reapuntada,
/directorio/proveedores/agencia-de-promocion-promolatina-964,/rankings/agencias-btl-promotoria-mexico/,regla 3070 reapuntada,
/directorio/proveedores/agencia-de-promocion-marketing-y-promotion-963,/rankings/agencias-btl-promotoria-mexico/,regla 3069 reapuntada,
/directorio/proveedores/agencia-de-promocion-promerc-962,/rankings/agencias-btl-promotoria-mexico/,regla 3068 reapuntada,
/directorio/proveedores/agencia-de-promocion-promosapiens-961,/rankings/agencias-btl-promotoria-mexico/,regla 3067 reapuntada,
/directorio/proveedores/agencia-de-promocion-primer-nivel-960,/rankings/agencias-btl-promotoria-mexico/,regla 3066 reapuntada,
/directorio/proveedores/agencia-de-promocion-promo-conceptos-959,/rankings/agencias-btl-promotoria-mexico/,regla 3065 reapuntada,
/directorio/proveedores/agencia-de-promocion-payroling-958,/rankings/agencias-btl-promotoria-mexico/,regla 3064 reapuntada,
/directorio/proveedores/agencia-de-promocion-pauta-creativa-957,/rankings/agencias-btl-promotoria-mexico/,regla 3063 reapuntada,
/directorio/proveedores/agencia-de-promocion-msprom-956,/rankings/agencias-btl-promotoria-mexico/,regla 3062 reapuntada,
/directorio/proveedores/agencia-de-promocion-mp-marketing-group-955,/rankings/agencias-btl-promotoria-mexico/,regla 3061 reapuntada,
/directorio/proveedores/agencia-de-promocion-mercalogic-954,/rankings/agencias-btl-promotoria-mexico/,regla 3060 reapuntada,
/directorio/proveedores/agencia-de-promocion-menta-producciones-953,/rankings/casas-productoras-mexico/,regla 3059 reapuntada,
/directorio/proveedores/agencia-de-promocion-market-pro-lideres-de-mercado-952,/rankings/agencias-btl-promotoria-mexico/,regla 3058 reapuntada,
/directorio/proveedores/agencia-de-promocion-grupo-interlinks-951,/rankings/agencias-btl-promotoria-mexico/,regla 3057 reapuntada,
/directorio/proveedores/agencia-de-promocion-inteligencia-avanzada-950,/rankings/agencias-btl-promotoria-mexico/,regla 3056 reapuntada,
/directorio/proveedores/agencia-de-promocion-integra-mercadotecnia-y-promocion-949,/rankings/agencias-btl-promotoria-mexico/,regla 3055 reapuntada,
/directorio/proveedores/agencia-de-promocion-ifahto-948,/rankings/agencias-btl-promotoria-mexico/,regla 3054 reapuntada,
/directorio/proveedores/agencia-de-promocion-grupo-sur-promociones-947,/rankings/agencias-btl-promotoria-mexico/,regla 3053 reapuntada,
/directorio/proveedores/agencia-de-promocion-grupo-top-946,/rankings/agencias-btl-promotoria-mexico/,regla 3052 reapuntada,
/directorio/proveedores/agencia-de-promocion-integramerk-945,/rankings/agencias-btl-promotoria-mexico/,regla 3051 reapuntada,
/directorio/proveedores/agencia-de-promocion-grupo-cepron-944,/rankings/agencias-btl-promotoria-mexico/,regla 3050 reapuntada,
/directorio/proveedores/agencia-de-promocion-glow-y-grow-943,/rankings/agencias-btl-promotoria-mexico/,regla 3049 reapuntada,
/directorio/proveedores/agencia-de-promocion-grupo-cosmic-942,/rankings/agencias-btl-promotoria-mexico/,regla 3048 reapuntada,
/directorio/proveedores/agencia-de-promocion-gap-941,/rankings/agencias-btl-promotoria-mexico/,regla 3047 reapuntada,
/directorio/proveedores/agencia-de-promocion-expresa-940,/rankings/agencias-btl-promotoria-mexico/,regla 3046 reapuntada,
/directorio/proveedores/agencia-de-promocion-engloba-939,/rankings/agencias-btl-promotoria-mexico/,regla 3045 reapuntada,
/directorio/proveedores/agencia-de-promocion-enfoque-creativo-938,/rankings/agencias-btl-promotoria-mexico/,regla 3044 reapuntada,
/directorio/proveedores/agencia-de-promocion-ejecutando-ideas-937,/rankings/agencias-btl-promotoria-mexico/,regla 3043 reapuntada,
/directorio/proveedores/agencia-de-promocion-dinamerc-936,/rankings/agencias-btl-promotoria-mexico/,regla 3042 reapuntada,
/directorio/proveedores/agencia-de-promocion-dinamica-en-mercadotecnia-935,/rankings/agencias-btl-promotoria-mexico/,regla 3041 reapuntada,
/directorio/proveedores/agencia-de-promocion-grupo-ctp-934,/rankings/agencias-btl-promotoria-mexico/,regla 3040 reapuntada,
/directorio/proveedores/agencia-de-promocion-grupo-creatica-933,/rankings/agencias-btl-promotoria-mexico/,regla 3039 reapuntada,
/directorio/proveedores/agencia-de-promocion-corporativo-pedrote-932,/rankings/agencias-btl-promotoria-mexico/,regla 3038 reapuntada,
/directorio/proveedores/agencia-de-promocion-circus-marketing-931,/rankings/agencias-btl-promotoria-mexico/,regla 3037 reapuntada,
/directorio/proveedores/agencia-de-promocion-cartepsa-930,/rankings/agencias-btl-promotoria-mexico/,regla 3036 reapuntada,
/directorio/proveedores/agencia-de-promocion-brand-promotion-929,/rankings/agencias-btl-promotoria-mexico/,regla 3035 reapuntada,
/directorio/proveedores/agencia-de-promocion-biruzz-928,/rankings/agencias-btl-promotoria-mexico/,regla 3034 reapuntada,
/directorio/proveedores/agencia-de-promocion-bilou-btl-927,/rankings/agencias-btl-promotoria-mexico/,regla 3033 reapuntada,
/directorio/proveedores/agencia-de-promocion-business-insight-group-926,/rankings/agencias-btl-promotoria-mexico/,regla 3032 reapuntada,
/directorio/proveedores/agencia-de-promocion-grupo-bahlcasa-925,/rankings/agencias-btl-promotoria-mexico/,regla 3031 reapuntada,
/directorio/proveedores/agencia-de-promocion-art-kingdom-924,/rankings/agencias-btl-promotoria-mexico/,regla 3030 reapuntada,
/directorio/proveedores/agencia-de-promocion-alterna-dinamica-btl-923,/rankings/agencias-btl-promotoria-mexico/,regla 3029 reapuntada,
/directorio/proveedores/agencia-de-promocion-advertising-and-promotion-922,/rankings/agencias-btl-promotoria-mexico/,regla 3028 reapuntada,
/directorio/proveedores/agencia-de-modelos-voala-models-921,/rankings/productoras-de-eventos-mexico/,regla 3027 reapuntada,
/directorio/proveedores/agencia-de-modelos-tandem-modelos-920,/rankings/productoras-de-eventos-mexico/,regla 3026 reapuntada,
/directorio/proveedores/agencia-de-modelos-modelsite-919,/rankings/productoras-de-eventos-mexico/,regla 3025 reapuntada,
/directorio/proveedores/agencia-de-modelos-look-models-mexico-918,/rankings/productoras-de-eventos-mexico/,regla 3024 reapuntada,
/directorio/proveedores/agencia-de-modelos-lmnts-promotions-917,/rankings/productoras-de-eventos-mexico/,regla 3023 reapuntada,
/directorio/proveedores/agencia-de-modelos-id-corporativo-916,/rankings/productoras-de-eventos-mexico/,regla 3022 reapuntada,
/directorio/proveedores/agencia-de-modelos-gli-attori-casting-915,/rankings/productoras-de-eventos-mexico/,regla 3021 reapuntada,
/directorio/proveedores/agencia-de-modelos-gamodels-914,/rankings/productoras-de-eventos-mexico/,regla 3020 reapuntada,
/directorio/proveedores/agencia-de-modelos-eventa-913,/rankings/productoras-de-eventos-mexico/,regla 3019 reapuntada,
/directorio/proveedores/agencia-de-modelos-eleganza-912,/rankings/productoras-de-eventos-mexico/,regla 3018 reapuntada,
/directorio/proveedores/agencia-de-modelos-conceptos-mexico-911,/rankings/productoras-de-eventos-mexico/,regla 3017 reapuntada,
/directorio/proveedores/agencia-de-modelos-captura-models-910,/rankings/productoras-de-eventos-mexico/,regla 3016 reapuntada,
/directorio/proveedores/agencia-de-modelos-bravo-model-909,/rankings/productoras-de-eventos-mexico/,regla 3015 reapuntada,
/directorio/proveedores/agencia-de-modelos-baxt-modelos-908,/rankings/productoras-de-eventos-mexico/,regla 3014 reapuntada,
/directorio/proveedores/agencia-de-modelos-agencia-de-modelos-mexico-907,/rankings/productoras-de-eventos-mexico/,regla 3013 reapuntada,
/directorio/proveedores/agencia-de-medios-zenithoptimedia-906,/rankings/agencias-de-medios-mexico/,regla 3012 reapuntada,
/directorio/proveedores/agencia-de-medios-quiroga-agencia-de-medios-905,/rankings/agencias-de-medios-mexico/,regla 3011 reapuntada,
/directorio/proveedores/agencia-de-medios-promosat-904,/rankings/agencias-de-medios-mexico/,regla 3010 reapuntada,
/directorio/proveedores/agencia-de-medios-omd-mexico-903,/rankings/agencias-de-medios-mexico/,regla 3009 reapuntada,
/directorio/proveedores/agencia-de-medios-nuklear-902,/rankings/agencias-de-medios-mexico/,regla 3008 reapuntada,
/directorio/proveedores/agencia-de-medios-mpg-media-901,/rankings/agencias-de-medios-mexico/,regla 3007 reapuntada,
/directorio/proveedores/agencia-de-medios-medios-masivos-mexicanos-900,/rankings/agencias-de-medios-mexico/,regla 3006 reapuntada,
/directorio/proveedores/agencia-de-medios-mediacorp-899,/rankings/agencias-de-medios-mexico/,regla 3005 reapuntada,
/directorio/proveedores/agencia-de-medios-initiative-898,/rankings/agencias-de-medios-mexico/,regla 3004 reapuntada,
/directorio/proveedores/agencia-de-marketing-digital-zon-agencia-digital-897,/rankings/agencias-inbound-marketing-mexico/,regla 3003 reapuntada,
/directorio/proveedores/agencia-de-marketing-digital-wulf-media-896,/rankings/agencias-de-medios-mexico/,regla 3002 reapuntada,
/directorio/proveedores/agencia-de-marketing-digital-wsibsns-895,/rankings/agencias-inbound-marketing-mexico/,regla 3001 reapuntada,
/directorio/proveedores/agencia-de-marketing-digital-virket-894,/rankings/agencias-inbound-marketing-mexico/,regla 3000 reapuntada,
/directorio/proveedores/agencia-de-marketing-digital-trimcode-893,/rankings/agencias-inbound-marketing-mexico/,regla 2999 reapuntada,
/directorio/proveedores/agencia-de-marketing-digital-the-project-agency-892,/rankings/agencias-inbound-marketing-mexico/,regla 2998 reapuntada,
/directorio/proveedores/agencia-de-marketing-digital-tagcloud-891,/rankings/agencias-inbound-marketing-mexico/,regla 2997 reapuntada,
/directorio/proveedores/agencia-de-marketing-digital-t2o-media-mexico-890,/rankings/agencias-de-medios-mexico/,regla 2996 reapuntada,
/directorio/proveedores/agencia-de-marketing-digital-social-y-web-marketing-889,/rankings/agencias-inbound-marketing-mexico/,regla 2995 reapuntada,
/directorio/proveedores/agencia-de-marketing-digital-socialmetrix-888,/rankings/agencias-inbound-marketing-mexico/,regla 2994 reapuntada,
/directorio/proveedores/agencia-de-marketing-digital-socialand-887,/rankings/agencias-inbound-marketing-mexico/,regla 2993 reapuntada,
/directorio/proveedores/agencia-de-marketing-digital-sb-magazine-886,/rankings/agencias-inbound-marketing-mexico/,regla 2992 reapuntada,
/directorio/proveedores/agencia-de-marketing-digital-retuit-885,/rankings/agencias-inbound-marketing-mexico/,regla 2991 reapuntada,
/directorio/proveedores/agencia-de-marketing-digital-resultics-884,/rankings/agencias-inbound-marketing-mexico/,regla 2990 reapuntada,
/directorio/proveedores/agencia-de-marketing-digital-qark-digital-883,/rankings/agencias-inbound-marketing-mexico/,regla 2989 reapuntada,
/directorio/proveedores/agencia-de-marketing-digital-publiclick-882,/rankings/agencias-inbound-marketing-mexico/,regla 2988 reapuntada,
/directorio/proveedores/agencia-de-marketing-digital-prospect-factory-881,/rankings/agencias-inbound-marketing-mexico/,regla 2987 reapuntada,
/directorio/proveedores/agencia-de-marketing-digital-pixart-880,/rankings/agencias-inbound-marketing-mexico/,regla 2986 reapuntada,
/directorio/proveedores/agencia-de-marketing-digital-pentagrama-879,/rankings/agencias-inbound-marketing-mexico/,regla 2985 reapuntada,
/directorio/proveedores/agencia-de-marketing-digital-paxzu-878,/rankings/agencias-inbound-marketing-mexico/,regla 2984 reapuntada,
/directorio/proveedores/agencia-de-marketing-digital-overtake-877,/rankings/agencias-inbound-marketing-mexico/,regla 2983 reapuntada,
/directorio/proveedores/agencia-de-marketing-digital-out-of-the-box-876,/rankings/agencias-inbound-marketing-mexico/,regla 2982 reapuntada,
/directorio/proveedores/agencia-de-marketing-digital-orangeline-875,/rankings/agencias-inbound-marketing-mexico/,regla 2981 reapuntada,
/directorio/proveedores/agencia-de-marketing-digital-ontwice-interactive-marketing-874,/rankings/agencias-inbound-marketing-mexico/,regla 2980 reapuntada,
/directorio/proveedores/agencia-de-marketing-digital-neo-red-873,/rankings/agencias-inbound-marketing-mexico/,regla 2979 reapuntada,
/directorio/proveedores/agencia-de-marketing-digital-nativo-digital-872,/rankings/agencias-inbound-marketing-mexico/,regla 2978 reapuntada,
/directorio/proveedores/agencia-de-marketing-digital-minfinito-871,/rankings/agencias-inbound-marketing-mexico/,regla 2977 reapuntada,
/directorio/proveedores/agencia-de-marketing-digital-metrica-btl-y-digital-870,/rankings/agencias-inbound-marketing-mexico/,regla 2976 reapuntada,
/directorio/proveedores/agencia-de-marketing-digital-merka-869,/rankings/agencias-inbound-marketing-mexico/,regla 2975 reapuntada,
/directorio/proveedores/agencia-de-marketing-digital-merca-3w-868,/rankings/agencias-inbound-marketing-mexico/,regla 2974 reapuntada,
/directorio/proveedores/agencia-de-marketing-digital-mente-digital-867,/rankings/agencias-inbound-marketing-mexico/,regla 2973 reapuntada,
/directorio/proveedores/agencia-de-marketing-digital-mediatika-866,/rankings/agencias-de-medios-mexico/,regla 2972 reapuntada,
/directorio/proveedores/agencia-de-marketing-digital-mediasource-865,/rankings/agencias-de-medios-mexico/,regla 2971 reapuntada,
/directorio/proveedores/agencia-de-marketing-digital-meca-864,/rankings/agencias-inbound-marketing-mexico/,regla 2970 reapuntada,
/directorio/proveedores/agencia-de-marketing-digital-mboost-863,/rankings/agencias-inbound-marketing-mexico/,regla 2969 reapuntada,
/directorio/proveedores/agencia-de-marketing-digital-masoko-862,/rankings/agencias-inbound-marketing-mexico/,regla 2968 reapuntada,
/directorio/proveedores/agencia-de-marketing-digital-marnie-agency-mexico-861,/rankings/agencias-inbound-marketing-mexico/,regla 2967 reapuntada,
/directorio/proveedores/agencia-de-marketing-digital-liceadmp-860,/rankings/agencias-inbound-marketing-mexico/,regla 2966 reapuntada,
/directorio/proveedores/agencia-de-marketing-digital-labelium-859,/rankings/agencias-inbound-marketing-mexico/,regla 2965 reapuntada,
/directorio/proveedores/agencia-de-marketing-digital-konzeppt-858,/rankings/agencias-inbound-marketing-mexico/,regla 2964 reapuntada,
/directorio/proveedores/agencia-de-marketing-digital-klein-und-gross-857,/rankings/agencias-inbound-marketing-mexico/,regla 2963 reapuntada,
/directorio/proveedores/agencia-de-marketing-digital-kamikaze-lab-856,/rankings/agencias-inbound-marketing-mexico/,regla 2962 reapuntada,
/directorio/proveedores/agencia-de-marketing-digital-jetclic-855,/rankings/agencias-inbound-marketing-mexico/,regla 2961 reapuntada,
/directorio/proveedores/agencia-de-marketing-digital-interalia-854,/rankings/agencias-inbound-marketing-mexico/,regla 2960 reapuntada,
/directorio/proveedores/agencia-de-marketing-digital-interactive-art-marketing-853,/rankings/agencias-inbound-marketing-mexico/,regla 2959 reapuntada,
/directorio/proveedores/agencia-de-marketing-digital-intempestivo-comunicacion-digital-852,/rankings/agencias-inbound-marketing-mexico/,regla 2958 reapuntada,
/directorio/proveedores/agencia-de-marketing-digital-insistec-web-851,/rankings/agencias-inbound-marketing-mexico/,regla 2957 reapuntada,
/directorio/proveedores/agencia-de-marketing-digital-icrossing-850,/rankings/agencias-inbound-marketing-mexico/,regla 2956 reapuntada,
/directorio/proveedores/agencia-de-marketing-digital-gloop-849,/rankings/agencias-inbound-marketing-mexico/,regla 2955 reapuntada,
/directorio/proveedores/agencia-de-marketing-digital-garritz-online-media-848,/rankings/agencias-de-medios-mexico/,regla 2954 reapuntada,
/directorio/proveedores/agencia-de-marketing-digital-foostudio-847,/rankings/agencias-inbound-marketing-mexico/,regla 2953 reapuntada,
/directorio/proveedores/agencia-de-marketing-digital-follow-me-brand-846,/rankings/agencias-inbound-marketing-mexico/,regla 2952 reapuntada,
/directorio/proveedores/agencia-de-marketing-digital-figment-845,/rankings/agencias-inbound-marketing-mexico/,regla 2951 reapuntada,
/directorio/proveedores/agencia-de-marketing-digital-existes-844,/rankings/agencias-inbound-marketing-mexico/,regla 2950 reapuntada,
/directorio/proveedores/agencia-de-marketing-digital-ensight-mexico-843,/rankings/agencias-inbound-marketing-mexico/,regla 2949 reapuntada,
/directorio/proveedores/agencia-de-marketing-digital-emarketing-total-842,/rankings/agencias-inbound-marketing-mexico/,regla 2948 reapuntada,
/directorio/proveedores/agencia-de-marketing-digital-elogia-mexico-841,/rankings/agencias-inbound-marketing-mexico/,regla 2947 reapuntada,
/directorio/proveedores/agencia-de-marketing-digital-dm-playbook-840,/rankings/agencias-inbound-marketing-mexico/,regla 2946 reapuntada,
/directorio/proveedores/agencia-de-marketing-digital-digitalcodemx-839,/rankings/agencias-inbound-marketing-mexico/,regla 2945 reapuntada,
/directorio/proveedores/agencia-de-marketing-digital-digilant-838,/rankings/agencias-inbound-marketing-mexico/,regla 2944 reapuntada,
/directorio/proveedores/agencia-de-marketing-digital-cubos-web-837,/rankings/agencias-inbound-marketing-mexico/,regla 2943 reapuntada,
/directorio/proveedores/agencia-de-marketing-digital-crossmedia-836,/rankings/agencias-de-medios-mexico/,regla 2942 reapuntada,
/directorio/proveedores/agencia-de-marketing-digital-creative-works-835,/rankings/agencias-inbound-marketing-mexico/,regla 2941 reapuntada,
/directorio/proveedores/agencia-de-marketing-digital-coco-marketing-834,/rankings/agencias-inbound-marketing-mexico/,regla 2940 reapuntada,
/directorio/proveedores/agencia-de-marketing-digital-cliento-833,/rankings/agencias-inbound-marketing-mexico/,regla 2939 reapuntada,
/directorio/proveedores/agencia-de-marketing-digital-clicker-360-832,/rankings/agencias-inbound-marketing-mexico/,regla 2938 reapuntada,
/directorio/proveedores/agencia-de-marketing-digital-catorce-dias-831,/rankings/agencias-inbound-marketing-mexico/,regla 2937 reapuntada,
/directorio/proveedores/agencia-de-marketing-digital-catom-830,/rankings/agencias-inbound-marketing-mexico/,regla 2936 reapuntada,
/directorio/proveedores/agencia-de-marketing-digital-carbono-829,/rankings/agencias-inbound-marketing-mexico/,regla 2935 reapuntada,
/directorio/proveedores/agencia-de-marketing-digital-brandigital-828,/rankings/agencias-inbound-marketing-mexico/,regla 2934 reapuntada,
/directorio/proveedores/agencia-de-marketing-digital-bnn-827,/rankings/agencias-inbound-marketing-mexico/,regla 2933 reapuntada,
/directorio/proveedores/agencia-de-marketing-digital-blue-web-marketing-826,/rankings/agencias-inbound-marketing-mexico/,regla 2932 reapuntada,
/directorio/proveedores/agencia-de-marketing-digital-beleri-825,/rankings/agencias-inbound-marketing-mexico/,regla 2931 reapuntada,
/directorio/proveedores/agencia-de-marketing-digital-attaph-824,/rankings/agencias-inbound-marketing-mexico/,regla 2930 reapuntada,
/directorio/proveedores/agencia-de-marketing-digital-arena-media-823,/rankings/agencias-de-medios-mexico/,regla 2929 reapuntada,
/directorio/proveedores/agencia-de-marketing-digital-antevenio-mexico-822,/rankings/agencias-inbound-marketing-mexico/,regla 2928 reapuntada,
/directorio/proveedores/agencia-de-marketing-digital-ainity-821,/rankings/agencias-inbound-marketing-mexico/,regla 2927 reapuntada,
/directorio/proveedores/agencia-de-marketing-digital-adssociales-820,/rankings/agencias-inbound-marketing-mexico/,regla 2926 reapuntada,
/directorio/proveedores/agencia-de-marketing-digital-abaco-digital-819,/rankings/agencias-inbound-marketing-mexico/,regla 2925 reapuntada,
/directorio/proveedores/agencia-de-locutores-tm-locutores-818,/rankings/estudios-doblaje-locucion-mexico/,regla 2924 reapuntada,
/directorio/proveedores/agencia-de-locutores-palestino-y-asociados-817,/rankings/estudios-doblaje-locucion-mexico/,regla 2923 reapuntada,
/directorio/proveedores/agencia-de-locutores-ronin-locutores-816,/rankings/estudios-doblaje-locucion-mexico/,regla 2922 reapuntada,
/directorio/proveedores/agencia-de-locutores-produccion-coordinada-815,/rankings/estudios-doblaje-locucion-mexico/,regla 2921 reapuntada,
/directorio/proveedores/agencia-de-locutores-manhattan-beat-814,/rankings/estudios-doblaje-locucion-mexico/,regla 2920 reapuntada,
/directorio/proveedores/agencia-de-locutores-locutorescom-813,/rankings/estudios-doblaje-locucion-mexico/,regla 2919 reapuntada,
/directorio/proveedores/agencia-de-locutores-la-cuarta-pared-812,/rankings/estudios-doblaje-locucion-mexico/,regla 2918 reapuntada,
/directorio/proveedores/agencia-de-locutores-fvlocutorescom-811,/rankings/estudios-doblaje-locucion-mexico/,regla 2917 reapuntada,
/directorio/proveedores/agencia-de-locutores-bomberazostv-810,/rankings/estudios-doblaje-locucion-mexico/,regla 2916 reapuntada,
/directorio/proveedores/agencia-de-locutores-audiomarketing-809,/rankings/estudios-doblaje-locucion-mexico/,regla 2915 reapuntada,
/directorio/proveedores/agencia-de-locutores-allegro-publicitario-808,/rankings/estudios-doblaje-locucion-mexico/,regla 2914 reapuntada,
/directorio/proveedores/agencia-de-imagen-publica-imagen-publica-807,/rankings/agencias-de-medios-mexico/,regla 2913 reapuntada,
/directorio/proveedores/agencia-de-imagen-publica-image-design-806,/rankings/estudios-diseno-branding-mexico/,regla 2912 reapuntada,
/directorio/proveedores/agencia-de-eventos-zc-eventos-y-publicidad-805,/rankings/productoras-de-eventos-mexico/,regla 2911 reapuntada,
/directorio/proveedores/agencia-de-eventos-we-love-party-804,/rankings/productoras-de-eventos-mexico/,regla 2910 reapuntada,
/directorio/proveedores/agencia-de-eventos-eventos-vb-803,/rankings/productoras-de-eventos-mexico/,regla 2909 reapuntada,
/directorio/proveedores/agencia-de-eventos-synergia-eventos-802,/rankings/productoras-de-eventos-mexico/,regla 2908 reapuntada,
/directorio/proveedores/agencia-de-eventos-sync-801,/rankings/productoras-de-eventos-mexico/,regla 2907 reapuntada,
/directorio/proveedores/agencia-de-eventos-servem-800,/rankings/productoras-de-eventos-mexico/,regla 2906 reapuntada,
/directorio/proveedores/agencia-de-eventos-punto-eventos-799,/rankings/productoras-de-eventos-mexico/,regla 2905 reapuntada,
/directorio/proveedores/agencia-de-eventos-pspm-798,/rankings/productoras-de-eventos-mexico/,regla 2904 reapuntada,
/directorio/proveedores/agencia-de-eventos-promotion-mexico-797,/rankings/agencias-btl-promotoria-mexico/,regla 2903 reapuntada,
/directorio/proveedores/agencia-de-eventos-premier-meetings-796,/rankings/productoras-de-eventos-mexico/,regla 2902 reapuntada,
/directorio/proveedores/agencia-de-eventos-pae-publicidad-795,/rankings/productoras-de-eventos-mexico/,regla 2901 reapuntada,
/directorio/proveedores/agencia-de-eventos-next-motiv-794,/rankings/productoras-de-eventos-mexico/,regla 2900 reapuntada,
/directorio/proveedores/agencia-de-eventos-motion-comunicacion-793,/rankings/productoras-de-eventos-mexico/,regla 2899 reapuntada,
/directorio/proveedores/agencia-de-eventos-mh-producciones-792,/rankings/casas-productoras-mexico/,regla 2898 reapuntada,
/directorio/proveedores/agencia-de-eventos-macllam-producciones-791,/rankings/casas-productoras-mexico/,regla 2897 reapuntada,
/directorio/proveedores/agencia-de-eventos-kuatro-producciones-790,/rankings/casas-productoras-mexico/,regla 2896 reapuntada,
/directorio/proveedores/agencia-de-eventos-jyj-eventos-789,/rankings/productoras-de-eventos-mexico/,regla 2895 reapuntada,
/directorio/proveedores/agencia-de-eventos-gurus-creativos-788,/rankings/productoras-de-eventos-mexico/,regla 2894 reapuntada,
/directorio/proveedores/agencia-de-eventos-grupo-nicte-787,/rankings/productoras-de-eventos-mexico/,regla 2893 reapuntada,
/directorio/proveedores/agencia-de-eventos-grupo-probaco-786,/rankings/productoras-de-eventos-mexico/,regla 2892 reapuntada,
/directorio/proveedores/agencia-de-eventos-eslabon-empresarial-785,/rankings/productoras-de-eventos-mexico/,regla 2891 reapuntada,
/directorio/proveedores/agencia-de-eventos-elektro-mood-784,/rankings/productoras-de-eventos-mexico/,regla 2890 reapuntada,
/directorio/proveedores/agencia-de-eventos-design-tecnologia-audiovisual-783,/rankings/productoras-de-eventos-mexico/,regla 2889 reapuntada,
/directorio/proveedores/agencia-de-eventos-csf-av-productions-782,/rankings/productoras-de-eventos-mexico/,regla 2888 reapuntada,
/directorio/proveedores/agencia-de-eventos-creatividad-781,/rankings/productoras-de-eventos-mexico/,regla 2887 reapuntada,
/directorio/proveedores/agencia-de-eventos-conferencistas-mexico-780,/rankings/productoras-de-eventos-mexico/,regla 2886 reapuntada,
/directorio/proveedores/agencia-de-eventos-conceptual-holding-779,/rankings/productoras-de-eventos-mexico/,regla 2885 reapuntada,
/directorio/proveedores/agencia-de-eventos-blend-producciones-778,/rankings/casas-productoras-mexico/,regla 2884 reapuntada,
/directorio/proveedores/agencia-de-diseno-industrial-traktor-lab-777,/rankings/estudios-diseno-branding-mexico/,regla 2883 reapuntada,
/directorio/proveedores/agencia-de-comunicacion-y-marketing-la-agencia-viva-776,/rankings/agencias-de-marketing-mexico/,regla 2882 reapuntada,
/directorio/proveedores/agencia-de-comunicacion-y-marketing-vinter-marketing-vibrations-775,/rankings/agencias-de-marketing-mexico/,regla 2881 reapuntada,
/directorio/proveedores/agencia-de-comunicacion-y-marketing-the-jeffrey-group-774,/rankings/agencias-de-marketing-mexico/,regla 2880 reapuntada,
/directorio/proveedores/agencia-de-comunicacion-y-marketing-teorus-773,/rankings/agencias-de-marketing-mexico/,regla 2879 reapuntada,
/directorio/proveedores/agencia-de-comunicacion-y-marketing-tengo-una-idea-772,/rankings/agencias-de-marketing-mexico/,regla 2878 reapuntada,
/directorio/proveedores/agencia-de-comunicacion-y-marketing-tangerine-soul-pr-771,/rankings/agencias-relaciones-publicas-mexico/,regla 2877 reapuntada,
/directorio/proveedores/agencia-de-comunicacion-y-marketing-t7marketing-770,/rankings/agencias-de-marketing-mexico/,regla 2876 reapuntada,
/directorio/proveedores/agencia-de-comunicacion-y-marketing-spalancati-769,/rankings/agencias-de-marketing-mexico/,regla 2875 reapuntada,
/directorio/proveedores/agencia-de-comunicacion-y-marketing-revolucion0-768,/rankings/agencias-de-marketing-mexico/,regla 2874 reapuntada,
/directorio/proveedores/agencia-de-comunicacion-y-marketing-random-interactive-767,/rankings/agencias-de-marketing-mexico/,regla 2873 reapuntada,
/directorio/proveedores/agencia-de-comunicacion-y-marketing-pixel-siete-766,/rankings/agencias-de-marketing-mexico/,regla 2872 reapuntada,
/directorio/proveedores/agencia-de-comunicacion-y-marketing-llorente-y-cuenca-765,/rankings/agencias-de-marketing-mexico/,regla 2871 reapuntada,
/directorio/proveedores/agencia-de-comunicacion-y-marketing-labase-764,/rankings/agencias-de-marketing-mexico/,regla 2870 reapuntada,
/directorio/proveedores/agencia-de-comunicacion-y-marketing-ion-comunicacion-763,/rankings/agencias-de-marketing-mexico/,regla 2869 reapuntada,
/directorio/proveedores/agencia-de-comunicacion-y-marketing-intravox-762,/rankings/agencias-de-marketing-mexico/,regla 2868 reapuntada,
/directorio/proveedores/agencia-de-comunicacion-y-marketing-idyllium-761,/rankings/agencias-de-marketing-mexico/,regla 2867 reapuntada,
/directorio/proveedores/agencia-de-comunicacion-y-marketing-hdo-ideas-realidad-760,/rankings/agencias-de-marketing-mexico/,regla 2866 reapuntada,
/directorio/proveedores/agencia-de-comunicacion-y-marketing-grupo-axius-759,/rankings/agencias-de-marketing-mexico/,regla 2865 reapuntada,
/directorio/proveedores/agencia-de-comunicacion-y-marketing-godisruptive-758,/rankings/agencias-de-marketing-mexico/,regla 2864 reapuntada,
/directorio/proveedores/agencia-de-comunicacion-y-marketing-guru-estudio-757,/rankings/agencias-de-marketing-mexico/,regla 2863 reapuntada,
/directorio/proveedores/agencia-de-comunicacion-y-marketing-doubleyou-756,/rankings/agencias-de-marketing-mexico/,regla 2862 reapuntada,
/directorio/proveedores/agencia-de-comunicacion-y-marketing-contenidos-web-755,/rankings/agencias-inbound-marketing-mexico/,regla 2861 reapuntada,
/directorio/proveedores/agencia-de-comunicacion-y-marketing-concepto-total-754,/rankings/agencias-de-marketing-mexico/,regla 2860 reapuntada,
/directorio/proveedores/agencia-de-comunicacion-y-marketing-cliente-y-medio-753,/rankings/agencias-de-marketing-mexico/,regla 2859 reapuntada,
/directorio/proveedores/agencia-de-comunicacion-y-marketing-central-media-752,/rankings/agencias-de-medios-mexico/,regla 2858 reapuntada,
/directorio/proveedores/agencia-de-comunicacion-y-marketing-blue-marketing-751,/rankings/agencias-de-marketing-mexico/,regla 2857 reapuntada,
/directorio/proveedores/agencia-de-comunicacion-y-marketing-bbdagency-750,/rankings/agencias-de-marketing-mexico/,regla 2856 reapuntada,
/directorio/proveedores/agencia-de-comunicacion-y-marketing-agencia-i-749,/rankings/agencias-de-marketing-mexico/,regla 2855 reapuntada,
/directorio/proveedores/agencia-de-comunicacion-y-marketing-abc-digital-748,/rankings/agencias-inbound-marketing-mexico/,regla 2854 reapuntada,
/directorio/proveedores/agencia-de-capacitacion-ascentium-747,/rankings/agencias-inbound-marketing-mexico/,regla 2853 reapuntada,
/directorio/proveedores/agencia-de-capacitacion-percepcion-e-imagen-746,/rankings/agencias-inbound-marketing-mexico/,regla 2852 reapuntada,
/directorio/proveedores/agencia-de-capacitacion-evolve-745,/rankings/agencias-inbound-marketing-mexico/,regla 2851 reapuntada,
/directorio/proveedores/agencia-de-capacitacion-esther-gurrion-estrategia-y-liderazgo-creativo-744,/rankings/estudios-diseno-branding-mexico/,regla 2850 reapuntada,
/directorio/proveedores/agencia-de-capacitacion-efectus-743,/rankings/agencias-inbound-marketing-mexico/,regla 2849 reapuntada,
/directorio/proveedores/agencia-de-capacitacion-alef-consultores-742,/rankings/agencias-de-marketing-mexico/,regla 2848 reapuntada,
/directorio/proveedores/agencia-de-capacitacion-achieveglobal-741,/rankings/agencias-inbound-marketing-mexico/,regla 2847 reapuntada,
/directorio/proveedores/agencia-de-capacitacion-acervus-740,/rankings/agencias-de-publicidad-mexico/,regla 2846 reapuntada,
/directorio/proveedores/agencia-de-capacitacion-acelerant-consulting-group-739,/rankings/agencias-inbound-marketing-mexico/,regla 2845 reapuntada,
/directorio/proveedores/agencia-de-capacitacion-acc-consultores-738,/rankings/agencias-de-marketing-mexico/,regla 2844 reapuntada,
/directorio/proveedores/quinque-foto-diseno-737,/rankings/estudios-diseno-branding-mexico/,regla 2843 reapuntada,
/directorio/proveedores/inbound-736,/rankings/agencias-inbound-marketing-mexico/,regla 2842 reapuntada,
/directorio/proveedores/publimedios-735,/rankings/agencias-de-medios-mexico/,regla 2841 reapuntada,
/directorio/proveedores/fernando-arturo-martinez-aguilar-734,/rankings/agencias-inbound-marketing-mexico/,regla 2840 reapuntada,
/directorio/proveedores/estudio-mixi-733,/rankings/estudios-diseno-branding-mexico/,regla 2839 reapuntada,
/directorio/proveedores/publiplaya-732,/rankings/agencias-inbound-marketing-mexico/,regla 2838 reapuntada,
/directorio/proveedores/nyksa-print-731,/rankings/agencias-inbound-marketing-mexico/,regla 2837 reapuntada,
/directorio/proveedores/publi-1000-730,/rankings/agencias-inbound-marketing-mexico/,regla 2836 reapuntada,
/directorio/proveedores/ptm-mx-sa-de-cv-729,/rankings/agencias-inbound-marketing-mexico/,regla 2835 reapuntada,
/directorio/proveedores/records-music-728,/rankings/agencias-inbound-marketing-mexico/,regla 2834 reapuntada,
/directorio/proveedores/el-notichero-725,/rankings/casas-productoras-mexico/,regla 2833 reapuntada,
/directorio/proveedores/led-tec-y-beyond-s-de-rl-de-c-v-724,/rankings/agencias-inbound-marketing-mexico/,regla 2832 reapuntada,
/directorio/proveedores/graficos-721,/rankings/proveedores-pop-promocionales-mexico/,regla 2831 reapuntada,
/directorio/proveedores/radio-comunicacion-de-mexico-720,/rankings/grupos-radiofonicos-mexico/,regla 2830 reapuntada,
/directorio/proveedores/go-print-719,/rankings/agencias-inbound-marketing-mexico/,regla 2829 reapuntada,
/directorio/proveedores/lonas-j-lonas-l-718,/rankings/proveedores-pop-promocionales-mexico/,regla 2828 reapuntada,
/directorio/proveedores/gmb-comunicaciones-sa-de-cv-716,/rankings/agencias-de-marketing-mexico/,regla 2827 reapuntada,
/directorio/proveedores/inpressit-715,/rankings/agencias-inbound-marketing-mexico/,regla 2826 reapuntada,
/directorio/proveedores/eye-publicity-713,/rankings/agencias-inbound-marketing-mexico/,regla 2825 reapuntada,
/directorio/proveedores/publicidad-creativa-712,/rankings/estudios-diseno-branding-mexico/,regla 2824 reapuntada,
/directorio/proveedores/proyectame-publicidad-y-papeleria-s-a-de-c-v-709,/rankings/agencias-inbound-marketing-mexico/,regla 2823 reapuntada,
/directorio/proveedores/corporativo-vitrodiseño-s-a-de-c-v-707,/rankings/estudios-diseno-branding-mexico/,regla 2822 reapuntada,
/directorio/proveedores/imagen-impresa-de-occidente-s-a-de-c-v-706,/rankings/proveedores-pop-promocionales-mexico/,regla 2821 reapuntada,
/directorio/proveedores/crea-705,/rankings/agencias-inbound-marketing-mexico/,regla 2820 reapuntada,
/directorio/proveedores/imaginación-en-arte-visual-sa-de-cv-703,/rankings/agencias-inbound-marketing-mexico/,regla 2819 reapuntada,
/directorio/proveedores/grafinsa-grafica-s-a-de-c-v-701,/rankings/proveedores-pop-promocionales-mexico/,regla 2818 reapuntada,
/directorio/proveedores/espacios-gigantes-s-a-de-c-v-700,/rankings/agencias-inbound-marketing-mexico/,regla 2817 reapuntada,
/directorio/proveedores/servicios-de-publicidad-y-comunicacion-699,/rankings/agencias-de-marketing-mexico/,regla 2816 reapuntada,
/directorio/proveedores/agdi-publicidad-697,/rankings/agencias-inbound-marketing-mexico/,regla 2815 reapuntada,
/directorio/proveedores/el-circulo-rojo-695,/rankings/agencias-inbound-marketing-mexico/,regla 2814 reapuntada,
/directorio/proveedores/el-real-de-chihuahua-693,/rankings/agencias-inbound-marketing-mexico/,regla 2813 reapuntada,
/directorio/proveedores/profesionales-de-playa-mujeres-sa-de-cv-692,/rankings/agencias-inbound-marketing-mexico/,regla 2812 reapuntada,
/directorio/proveedores/jnn-publicidad-y-buro-de-publicidad-y-diseño-690,/rankings/estudios-diseno-branding-mexico/,regla 2810 reapuntada,
/directorio/proveedores/grupo-dado-689,/rankings/agencias-inbound-marketing-mexico/,regla 2809 reapuntada,
/directorio/proveedores/dario-del-centro-sa-de-cv-686,/rankings/agencias-inbound-marketing-mexico/,regla 2808 reapuntada,
/directorio/proveedores/atm-espectaculares-s-a-de-c-v-685,/rankings/empresas-publicidad-exterior-mexico/,regla 2807 reapuntada,
/directorio/proveedores/sendos-683,/rankings/agencias-inbound-marketing-mexico/,regla 2806 reapuntada,
/directorio/proveedores/el-angel-682,/rankings/agencias-inbound-marketing-mexico/,regla 2805 reapuntada,
/directorio/proveedores/contreras-publicidad-680,/rankings/agencias-inbound-marketing-mexico/,regla 2804 reapuntada,
/directorio/proveedores/publix-679,/rankings/agencias-inbound-marketing-mexico/,regla 2803 reapuntada,
/directorio/proveedores/casa-publicidad-y-asociados-s-a-de-c-v-677,/rankings/empresas-publicidad-exterior-mexico/,regla 2802 reapuntada,
/directorio/proveedores/inovacion-de-fabricas-de-rl-de-c-v-676,/rankings/agencias-inbound-marketing-mexico/,regla 2801 reapuntada,
/directorio/proveedores/el-horno-de-las-noticias-675,/rankings/agencias-inbound-marketing-mexico/,regla 2800 reapuntada,
/directorio/proveedores/onilix-s-a-de-c-v-674,/rankings/agencias-inbound-marketing-mexico/,regla 2799 reapuntada,
/directorio/proveedores/capaco-sa-de-cv-673,/rankings/agencias-inbound-marketing-mexico/,regla 2798 reapuntada,
/directorio/proveedores/sonido-digital-cotzver-672,/rankings/agencias-inbound-marketing-mexico/,regla 2797 reapuntada,
/directorio/proveedores/todo-es-politica-noticias-s-a-de-c-v-671,/rankings/agencias-inbound-marketing-mexico/,regla 2796 reapuntada,
/directorio/proveedores/ideas-publicidad-670,/rankings/agencias-inbound-marketing-mexico/,regla 2795 reapuntada,
/directorio/proveedores/imprenta-siglo-xxv-s-a-de-c-v-669,/rankings/proveedores-pop-promocionales-mexico/,regla 2794 reapuntada,
/directorio/proveedores/paranoide-668,/rankings/agencias-inbound-marketing-mexico/,regla 2793 reapuntada,
/directorio/proveedores/graphic-lab-666,/rankings/agencias-inbound-marketing-mexico/,regla 2792 reapuntada,
/directorio/proveedores/megamovil-665,/rankings/agencias-inbound-marketing-mexico/,regla 2791 reapuntada,
/directorio/proveedores/creativa-664,/rankings/estudios-diseno-branding-mexico/,regla 2790 reapuntada,
/directorio/proveedores/servicios-de-publicidad-661,/rankings/agencias-inbound-marketing-mexico/,regla 2789 reapuntada,
/directorio/proveedores/publicidad-plastivei-659,/rankings/agencias-inbound-marketing-mexico/,regla 2788 reapuntada,
/directorio/proveedores/orlandoz-publicidad-658,/rankings/agencias-inbound-marketing-mexico/,regla 2787 reapuntada,
/directorio/proveedores/orlandoz-publicidad-657,/rankings/agencias-inbound-marketing-mexico/,regla 2786 reapuntada,
/directorio/proveedores/en-vivo-radio-y-tv-sa-de-cv-654,/rankings/grupos-radiofonicos-mexico/,regla 2785 reapuntada,
/directorio/proveedores/grupo-multimedia-la-otra-plana-sa-de-cv-653,/rankings/agencias-de-medios-mexico/,regla 2784 reapuntada,
/directorio/proveedores/servicios-de-asesoria-y-marketing-de-tamaulipas-sa-de-cv-652,/rankings/agencias-de-marketing-mexico/,regla 2783 reapuntada,
/directorio/proveedores/pyn-radio-publicidad-s-a-de-c-v-650,/rankings/grupos-radiofonicos-mexico/,regla 2782 reapuntada,
/directorio/proveedores/empresa-de-tecnologia-virtual-sa-de-cv-649,/rankings/agencias-inbound-marketing-mexico/,regla 2781 reapuntada,
/directorio/proveedores/imagen-empresarial-648,/rankings/empresas-publicidad-exterior-mexico/,regla 2780 reapuntada,
/directorio/proveedores/alroja-medios-sa-de-cv-647,/rankings/agencias-de-medios-mexico/,regla 2779 reapuntada,
/directorio/proveedores/el-matutino-sa-de-cv-646,/rankings/agencias-inbound-marketing-mexico/,regla 2778 reapuntada,
/directorio/proveedores/saga-del-cupatitzio-s-a-de-c-v-645,/rankings/grupos-radiofonicos-mexico/,regla 2777 reapuntada,
/directorio/proveedores/comercializadora-copasi-publicidad-644,/rankings/agencias-inbound-marketing-mexico/,regla 2776 reapuntada,
/directorio/proveedores/evolucion-grafica-643,/rankings/proveedores-pop-promocionales-mexico/,regla 2775 reapuntada,
/directorio/proveedores/webstation-s-a-de-c-v-642,/rankings/agencias-inbound-marketing-mexico/,regla 2774 reapuntada,
/directorio/proveedores/reyes-cano-publicidad-sa-de-cv-641,/rankings/empresas-publicidad-exterior-mexico/,regla 2773 reapuntada,
/directorio/proveedores/impacto-publicitario-de-tamaulipas-s-a-de-c-v-639,/rankings/agencias-inbound-marketing-mexico/,regla 2772 reapuntada,
/directorio/proveedores/magneta-graficas-638,/rankings/proveedores-pop-promocionales-mexico/,regla 2771 reapuntada,
/directorio/proveedores/grupo-namis-negocios-alianzas-medios-interactivos-sa-de-cv-637,/rankings/agencias-de-medios-mexico/,regla 2770 reapuntada,
/directorio/proveedores/multiservicios-y-publicidad-636,/rankings/agencias-inbound-marketing-mexico/,regla 2769 reapuntada,
/directorio/proveedores/branding-five-635,/rankings/estudios-diseno-branding-mexico/,regla 2768 reapuntada,
/directorio/proveedores/diseño-y-publicidad-634,/rankings/estudios-diseno-branding-mexico/,regla 2767 reapuntada,
/directorio/proveedores/servicios-publicitarios-publiram-630,/rankings/agencias-inbound-marketing-mexico/,regla 2766 reapuntada,
/directorio/proveedores/viny-laser-629,/rankings/agencias-inbound-marketing-mexico/,regla 2765 reapuntada,
/directorio/proveedores/bimad-publicidad-s-a-de-c-v-628,/rankings/agencias-inbound-marketing-mexico/,regla 2764 reapuntada,
/directorio/proveedores/ideas-graficas-627,/rankings/proveedores-pop-promocionales-mexico/,regla 2763 reapuntada,
/directorio/proveedores/corporativo-medios-en-movimiento-s-a-de-c-v-626,/rankings/agencias-de-medios-mexico/,regla 2762 reapuntada,
/directorio/proveedores/trazo-corporativo-en-publicidad-sa-de-cv-625,/rankings/agencias-inbound-marketing-mexico/,regla 2761 reapuntada,
/directorio/proveedores/graphics-sistem-print-624,/rankings/agencias-inbound-marketing-mexico/,regla 2760 reapuntada,
/directorio/proveedores/graxtes-publicidad-623,/rankings/agencias-inbound-marketing-mexico/,regla 2759 reapuntada,
/directorio/proveedores/grupo-radio-mexico-cuidad-juarez-s-a-de-c-v-622,/rankings/grupos-radiofonicos-mexico/,regla 2758 reapuntada,
/directorio/proveedores/publicidad-augusto-elias-s-a-de-c-v-621,/rankings/agencias-inbound-marketing-mexico/,regla 2757 reapuntada,
/directorio/proveedores/tricomia-diseño-y-publicidad-620,/rankings/estudios-diseno-branding-mexico/,regla 2756 reapuntada,
/directorio/proveedores/ab-kam-619,/rankings/agencias-inbound-marketing-mexico/,regla 2755 reapuntada,
/directorio/proveedores/tisca-publicidad-618,/rankings/agencias-inbound-marketing-mexico/,regla 2754 reapuntada,
/directorio/proveedores/top-model-617,/rankings/agencias-inbound-marketing-mexico/,regla 2753 reapuntada,
/directorio/proveedores/jaqueline-616,/rankings/agencias-inbound-marketing-mexico/,regla 2752 reapuntada,
/directorio/proveedores/kreativos-615,/rankings/agencias-inbound-marketing-mexico/,regla 2751 reapuntada,
/directorio/proveedores/real-image-614,/rankings/agencias-inbound-marketing-mexico/,regla 2750 reapuntada,
/directorio/proveedores/a-publicidad-611,/rankings/agencias-inbound-marketing-mexico/,regla 2749 reapuntada,
/directorio/proveedores/blog-creativo-610,/rankings/estudios-diseno-branding-mexico/,regla 2748 reapuntada,
/directorio/proveedores/ayje-imprenta-s-a-de-c-v-609,/rankings/proveedores-pop-promocionales-mexico/,regla 2747 reapuntada,
/directorio/proveedores/anuncios-luminosos-neon-america-608,/rankings/empresas-publicidad-exterior-mexico/,regla 2746 reapuntada,
/directorio/proveedores/publicidad-y-medios-asociados-607,/rankings/agencias-de-medios-mexico/,regla 2745 reapuntada,
/directorio/proveedores/quiality-and-permance-it-sc-605,/rankings/agencias-inbound-marketing-mexico/,regla 2744 reapuntada,
/directorio/proveedores/publicidad-y-diseño-604,/rankings/estudios-diseno-branding-mexico/,regla 2743 reapuntada,
/directorio/proveedores/comercabos-sa-de-cv-603,/rankings/grupos-radiofonicos-mexico/,regla 2742 reapuntada,
/directorio/proveedores/comercializadora-gps-2000-sa-de-cv-602,/rankings/agencias-inbound-marketing-mexico/,regla 2741 reapuntada,
/directorio/proveedores/g4-de-mexico-s-a-de-c-v-601,/rankings/agencias-inbound-marketing-mexico/,regla 2740 reapuntada,
/directorio/proveedores/snell-ventures-s-de-rl-de-cv-600,/rankings/agencias-inbound-marketing-mexico/,regla 2739 reapuntada,
/directorio/proveedores/corporacion-publicitaria-rg-sa-de-cv-599,/rankings/agencias-inbound-marketing-mexico/,regla 2738 reapuntada,
/directorio/proveedores/publicidad-hermanos-rojas-597,/rankings/agencias-inbound-marketing-mexico/,regla 2737 reapuntada,
/directorio/proveedores/jorge-596,/rankings/agencias-inbound-marketing-mexico/,regla 2736 reapuntada,
/directorio/proveedores/top-medios-s-a-de-c-v-595,/rankings/agencias-de-medios-mexico/,regla 2735 reapuntada,
/directorio/proveedores/impactos-frecuencia-y-cobertura-en-medios-sa-de-cv-594,/rankings/agencias-de-medios-mexico/,regla 2734 reapuntada,
/directorio/proveedores/24-grafics-s-a-de-c-v-593,/rankings/proveedores-pop-promocionales-mexico/,regla 2733 reapuntada,
/directorio/proveedores/publicidad-en-transporte-592,/rankings/agencias-inbound-marketing-mexico/,regla 2732 reapuntada,
/directorio/proveedores/optimizacion-en-medios-s-a-de-c-v-591,/rankings/agencias-de-medios-mexico/,regla 2731 reapuntada,
/directorio/proveedores/efeckto-urbano-590,/rankings/agencias-inbound-marketing-mexico/,regla 2730 reapuntada,
/directorio/proveedores/consultoria-y-asesoria-en-publicidad-sa-de-cv-589,/rankings/agencias-de-marketing-mexico/,regla 2729 reapuntada,
/directorio/proveedores/aseco-sa-de-cv-588,/rankings/agencias-inbound-marketing-mexico/,regla 2728 reapuntada,
/directorio/proveedores/rotulos-computarizados-e-impuresos-del-surestes-s-a-de-c-v-587,/rankings/agencias-inbound-marketing-mexico/,regla 2727 reapuntada,
/directorio/proveedores/creaciones-720-586,/rankings/agencias-inbound-marketing-mexico/,regla 2726 reapuntada,
/directorio/proveedores/sv-comunicacion-sc-585,/rankings/agencias-de-marketing-mexico/,regla 2725 reapuntada,
/directorio/proveedores/imanes-584,/rankings/agencias-inbound-marketing-mexico/,regla 2724 reapuntada,
/directorio/proveedores/orlandos-publicidad-582,/rankings/agencias-inbound-marketing-mexico/,regla 2723 reapuntada,
/directorio/proveedores/bunker-y-taylor-s-a-de-c-v-580,/rankings/agencias-inbound-marketing-mexico/,regla 2722 reapuntada,
/directorio/proveedores/power-torner-579,/rankings/agencias-inbound-marketing-mexico/,regla 2721 reapuntada,
/directorio/proveedores/xl-taller-de-diseño-578,/rankings/estudios-diseno-branding-mexico/,regla 2720 reapuntada,
/directorio/proveedores/penta-diseño-y-publicidad-577,/rankings/estudios-diseno-branding-mexico/,regla 2719 reapuntada,
/directorio/proveedores/piblic-city-576,/rankings/agencias-inbound-marketing-mexico/,regla 2718 reapuntada,
/directorio/proveedores/milgraf-puebla-s-a-de-c-v-575,/rankings/agencias-inbound-marketing-mexico/,regla 2717 reapuntada,
/directorio/proveedores/agencia-interal-capital-mix-sa-de-cv-574,/rankings/agencias-inbound-marketing-mexico/,regla 2716 reapuntada,
/directorio/proveedores/market-573,/rankings/agencias-inbound-marketing-mexico/,regla 2715 reapuntada,
/directorio/proveedores/facilite-571,/rankings/agencias-inbound-marketing-mexico/,regla 2714 reapuntada,
/directorio/proveedores/xpress-gift-569,/rankings/agencias-inbound-marketing-mexico/,regla 2713 reapuntada,
/directorio/proveedores/revista-progreso-568,/rankings/agencias-inbound-marketing-mexico/,regla 2712 reapuntada,
/directorio/proveedores/rodco-567,/rankings/agencias-inbound-marketing-mexico/,regla 2711 reapuntada,
/directorio/proveedores/gastro-media-s-a-de-c-v-566,/rankings/agencias-de-medios-mexico/,regla 2710 reapuntada,
/directorio/proveedores/publicidad-diseño-y-mercadotecnia-565,/rankings/estudios-diseno-branding-mexico/,regla 2709 reapuntada,
/directorio/proveedores/sri-publicidad-564,/rankings/agencias-inbound-marketing-mexico/,regla 2708 reapuntada,
/directorio/proveedores/estrategia-inteligente-de-medios-s-a-de-c-v-563,/rankings/agencias-de-medios-mexico/,regla 2707 reapuntada,
/directorio/proveedores/tecnoprint-562,/rankings/agencias-inbound-marketing-mexico/,regla 2706 reapuntada,
/directorio/proveedores/comercializadora-megaprint-s-de-r-l-de-c-v-561,/rankings/agencias-inbound-marketing-mexico/,regla 2705 reapuntada,
/directorio/proveedores/ponme-imagen-s-a-de-c-v-560,/rankings/agencias-inbound-marketing-mexico/,regla 2704 reapuntada,
/directorio/proveedores/grupo-herlezq-s-a-de-c-v-559,/rankings/agencias-inbound-marketing-mexico/,regla 2703 reapuntada,
/directorio/proveedores/producciones-signaleticas-mexicanas-s-a-de-c-v-557,/rankings/casas-productoras-mexico/,regla 2702 reapuntada,
/directorio/proveedores/north-american-mailing-services-s-de-r-l-de-c-v-556,/rankings/agencias-inbound-marketing-mexico/,regla 2701 reapuntada,
/directorio/proveedores/mass-pub-sa-de-cv-555,/rankings/agencias-inbound-marketing-mexico/,regla 2700 reapuntada,
/directorio/proveedores/lym-554,/rankings/agencias-inbound-marketing-mexico/,regla 2699 reapuntada,
/directorio/proveedores/marketing-y-diseño-dob-sa-de-cv-553,/rankings/estudios-diseno-branding-mexico/,regla 2698 reapuntada,
/directorio/proveedores/duranyork-552,/rankings/agencias-inbound-marketing-mexico/,regla 2697 reapuntada,
/directorio/proveedores/publicaciones-del-chuviscar-s-a-de-c-v-551,/rankings/agencias-inbound-marketing-mexico/,regla 2696 reapuntada,
/directorio/proveedores/paralelo-20-comunicacion-y-medios-s-a-de-c-v-549,/rankings/agencias-de-medios-mexico/,regla 2695 reapuntada,
/directorio/proveedores/out-world-media-systems-s-a-de-cv-547,/rankings/agencias-de-medios-mexico/,regla 2694 reapuntada,
/directorio/proveedores/servicios-letonia-s-de-rl-de-cv-546,/rankings/agencias-inbound-marketing-mexico/,regla 2693 reapuntada,
/directorio/proveedores/distribuidora-bratley-s-a-de-c-v-544,/rankings/agencias-inbound-marketing-mexico/,regla 2692 reapuntada,
/directorio/proveedores/comercializadora-chester-s-a-de-c-v-543,/rankings/agencias-inbound-marketing-mexico/,regla 2691 reapuntada,
/directorio/proveedores/sign-fussion-s-a-de-c-v-542,/rankings/agencias-inbound-marketing-mexico/,regla 2690 reapuntada,
/directorio/proveedores/pluvilivl-541,/rankings/agencias-inbound-marketing-mexico/,regla 2689 reapuntada,
/directorio/proveedores/imagen-kreativa-540,/rankings/agencias-inbound-marketing-mexico/,regla 2688 reapuntada,
/directorio/proveedores/publicidad-coherente-sa-de-cv-539,/rankings/agencias-inbound-marketing-mexico/,regla 2687 reapuntada,
/directorio/proveedores/agl-publicidad-y-textiles-s-a-de-c-v-538,/rankings/agencias-inbound-marketing-mexico/,regla 2686 reapuntada,
/directorio/proveedores/inspirando-ideas-sa-de-cv-535,/rankings/agencias-inbound-marketing-mexico/,regla 2685 reapuntada,
/directorio/proveedores/imprimiendo-estilo-534,/rankings/agencias-inbound-marketing-mexico/,regla 2684 reapuntada,
/directorio/proveedores/publitotal-sa-de-cv-533,/rankings/agencias-inbound-marketing-mexico/,regla 2683 reapuntada,
/directorio/proveedores/publicidad-ojo-cielo-diseñadores-532,/rankings/agencias-inbound-marketing-mexico/,regla 2682 reapuntada,
/directorio/proveedores/click-articulos-promocionales-s-a-de-c-v-531,/rankings/agencias-btl-promotoria-mexico/,regla 2681 reapuntada,
/directorio/proveedores/matisse-publicidad-530,/rankings/agencias-inbound-marketing-mexico/,regla 2680 reapuntada,
/directorio/proveedores/xpresate-publicidad-529,/rankings/agencias-inbound-marketing-mexico/,regla 2679 reapuntada,
/directorio/proveedores/graba2-528,/rankings/agencias-inbound-marketing-mexico/,regla 2678 reapuntada,
/directorio/proveedores/ideas-impresos-527,/rankings/proveedores-pop-promocionales-mexico/,regla 2677 reapuntada,
/directorio/proveedores/unipolares-y-espectaculares-del-norte-s-a-de-c-v-526,/rankings/empresas-publicidad-exterior-mexico/,regla 2676 reapuntada,
/directorio/proveedores/iconico-525,/rankings/agencias-inbound-marketing-mexico/,regla 2675 reapuntada,
/directorio/proveedores/calendarios-len-524,/rankings/agencias-inbound-marketing-mexico/,regla 2674 reapuntada,
/directorio/proveedores/sublimarte-s-a-de-c-v-521,/rankings/agencias-inbound-marketing-mexico/,regla 2673 reapuntada,
/directorio/proveedores/giro-promocional-de-occidente-s-a-de-c-v-518,/rankings/agencias-btl-promotoria-mexico/,regla 2672 reapuntada,
/directorio/proveedores/hve-creativo-517,/rankings/estudios-diseno-branding-mexico/,regla 2671 reapuntada,
/directorio/proveedores/marsan-publicidad-516,/rankings/agencias-inbound-marketing-mexico/,regla 2670 reapuntada,
/directorio/proveedores/campaña-productora-de-acciones-sa-de-cv-515,/rankings/casas-productoras-mexico/,regla 2669 reapuntada,
/directorio/proveedores/impresión-digital-514,/rankings/agencias-inbound-marketing-mexico/,regla 2668 reapuntada,
/directorio/proveedores/creatividad-y-diseño-de-hidalgo-s-a-de-c-v-513,/rankings/estudios-diseno-branding-mexico/,regla 2667 reapuntada,
/directorio/proveedores/dragon-grafix-511,/rankings/agencias-inbound-marketing-mexico/,regla 2666 reapuntada,
/directorio/proveedores/calendarios-len-510,/rankings/agencias-inbound-marketing-mexico/,regla 2665 reapuntada,
/directorio/proveedores/nyksa-509,/rankings/agencias-inbound-marketing-mexico/,regla 2664 reapuntada,
/directorio/proveedores/graficos-campos-508,/rankings/proveedores-pop-promocionales-mexico/,regla 2663 reapuntada,
/directorio/proveedores/claro-oscuro-digital-507,/rankings/agencias-inbound-marketing-mexico/,regla 2662 reapuntada,
/directorio/proveedores/x4-y-asociados-publicidad-505,/rankings/agencias-inbound-marketing-mexico/,regla 2661 reapuntada,
/directorio/proveedores/directo-agencia-s-a-de-c-v-502,/rankings/agencias-inbound-marketing-mexico/,regla 2660 reapuntada,
/directorio/proveedores/innovaciones-tecnologicas-para-impresion-y-pulicidad-s-a-de-c-v-501,/rankings/proveedores-pop-promocionales-mexico/,regla 2659 reapuntada,
/directorio/proveedores/kromaxima-publicidad-s-a-de-c-v-500,/rankings/agencias-inbound-marketing-mexico/,regla 2658 reapuntada,
/directorio/proveedores/anuncios-en-directorios-sa-de-cv-499,/rankings/empresas-publicidad-exterior-mexico/,regla 2657 reapuntada,
/directorio/proveedores/grupo-comercial-coagsa-digital-sa-de-cv-498,/rankings/agencias-inbound-marketing-mexico/,regla 2656 reapuntada,
/directorio/proveedores/computadoras-y-publicidad-s-a-de-c-v-497,/rankings/agencias-inbound-marketing-mexico/,regla 2655 reapuntada,
/directorio/proveedores/agencia-de-comunicacion-nivel-ocho-sa-de-cv-496,/rankings/agencias-de-marketing-mexico/,regla 2654 reapuntada,
/directorio/proveedores/fazt-proveedor-de-publiservicios-sa-de-cv-495,/rankings/agencias-inbound-marketing-mexico/,regla 2653 reapuntada,
/directorio/proveedores/publi-imagen-494,/rankings/agencias-inbound-marketing-mexico/,regla 2652 reapuntada,
/directorio/proveedores/ramirez-492,/rankings/agencias-inbound-marketing-mexico/,regla 2651 reapuntada,
/directorio/proveedores/publimaya-491,/rankings/agencias-inbound-marketing-mexico/,regla 2650 reapuntada,
/directorio/proveedores/luna-piblicidad-490,/rankings/agencias-inbound-marketing-mexico/,regla 2649 reapuntada,
/directorio/proveedores/radiodifusoras-y-televisoras-de-occidente-s-a-de-c-v-489,/rankings/grupos-radiofonicos-mexico/,regla 2648 reapuntada,
/directorio/proveedores/con-100-cia-estrategica-s-de-r-l-de-c-v-487,/rankings/agencias-de-marketing-mexico/,regla 2647 reapuntada,
/directorio/proveedores/jugo-de-tomate-s-a-de-c-v-486,/rankings/casas-productoras-mexico/,regla 2646 reapuntada,
/directorio/proveedores/rapicolor-485,/rankings/agencias-inbound-marketing-mexico/,regla 2645 reapuntada,
/directorio/proveedores/krearte-482,/rankings/agencias-inbound-marketing-mexico/,regla 2644 reapuntada,
/directorio/proveedores/diseño-impreso-en-movimiento-s-a-de-c-v-481,/rankings/proveedores-pop-promocionales-mexico/,regla 2643 reapuntada,
/directorio/proveedores/noved-arte-480,/rankings/agencias-inbound-marketing-mexico/,regla 2642 reapuntada,
/directorio/proveedores/cratimagen-479,/rankings/agencias-inbound-marketing-mexico/,regla 2641 reapuntada,
/directorio/proveedores/las-10-478,/rankings/agencias-inbound-marketing-mexico/,regla 2640 reapuntada,
/directorio/proveedores/grabarte-477,/rankings/agencias-inbound-marketing-mexico/,regla 2639 reapuntada,
/directorio/proveedores/numeros-creativos-s-c-476,/rankings/estudios-diseno-branding-mexico/,regla 2638 reapuntada,
/directorio/proveedores/display-publicidad-exterior-s-a-de-c-v-475,/rankings/empresas-publicidad-exterior-mexico/,regla 2637 reapuntada,
/directorio/proveedores/display-publicidad-exterior-s-a-de-c-v-474,/rankings/empresas-publicidad-exterior-mexico/,regla 2636 reapuntada,
/directorio/proveedores/spectradyne-international-inc-473,/rankings/agencias-inbound-marketing-mexico/,regla 2635 reapuntada,
/directorio/proveedores/blue-caps-471,/rankings/agencias-inbound-marketing-mexico/,regla 2634 reapuntada,
/directorio/proveedores/tu-arte-468,/rankings/agencias-inbound-marketing-mexico/,regla 2633 reapuntada,
/directorio/proveedores/nuve-marketing-467,/rankings/agencias-de-marketing-mexico/,regla 2632 reapuntada,
/directorio/proveedores/conforma-digital-s-a-de-c-v-466,/rankings/agencias-inbound-marketing-mexico/,regla 2631 reapuntada,
/directorio/proveedores/goduva-publicidad-464,/rankings/agencias-inbound-marketing-mexico/,regla 2630 reapuntada,
/directorio/proveedores/provideo-463,/rankings/casas-productoras-mexico/,regla 2629 reapuntada,
/directorio/proveedores/ml-y-co-462,/rankings/agencias-inbound-marketing-mexico/,regla 2628 reapuntada,
/directorio/proveedores/impresos-caba-s-a-de-c-v-461,/rankings/proveedores-pop-promocionales-mexico/,regla 2627 reapuntada,
/directorio/proveedores/revista-fieston-459,/rankings/agencias-inbound-marketing-mexico/,regla 2626 reapuntada,
/directorio/proveedores/publicidad-digital-colors-458,/rankings/agencias-inbound-marketing-mexico/,regla 2625 reapuntada,
/directorio/proveedores/promotora-de-medios-de-comunicacion-sa-de-cv-457,/rankings/agencias-de-medios-mexico/,regla 2624 reapuntada,
/directorio/proveedores/publicidad-arte-456,/rankings/agencias-inbound-marketing-mexico/,regla 2623 reapuntada,
/directorio/proveedores/promoser-grupo-publicitario-s-r-l-de-c-v-455,/rankings/agencias-inbound-marketing-mexico/,regla 2622 reapuntada,
/directorio/proveedores/sign-mex-publicidad-454,/rankings/agencias-inbound-marketing-mexico/,regla 2621 reapuntada,
/directorio/proveedores/creando-452,/rankings/agencias-inbound-marketing-mexico/,regla 2620 reapuntada,
/directorio/proveedores/volta-451,/rankings/agencias-inbound-marketing-mexico/,regla 2619 reapuntada,
/directorio/proveedores/grupo-plata-450,/rankings/agencias-inbound-marketing-mexico/,regla 2618 reapuntada,
/directorio/proveedores/beltran-y-bernal-stoopen-sc-449,/rankings/agencias-inbound-marketing-mexico/,regla 2617 reapuntada,
/directorio/proveedores/arthe-grafiko-448,/rankings/agencias-inbound-marketing-mexico/,regla 2616 reapuntada,
/directorio/proveedores/expresión-gráfica-447,/rankings/agencias-inbound-marketing-mexico/,regla 2615 reapuntada,
/directorio/proveedores/il-evento-s-c-446,/rankings/productoras-de-eventos-mexico/,regla 2614 reapuntada,
/directorio/proveedores/organizacion-radiofonica-de-chihuahua-s-a-445,/rankings/grupos-radiofonicos-mexico/,regla 2613 reapuntada,
/directorio/proveedores/grupo-hiperformas-del-bajio-s-a-de-c-v-444,/rankings/agencias-inbound-marketing-mexico/,regla 2612 reapuntada,
/directorio/proveedores/fusion-grafica-443,/rankings/proveedores-pop-promocionales-mexico/,regla 2611 reapuntada,
/directorio/proveedores/daisa-proyectos-442,/rankings/agencias-inbound-marketing-mexico/,regla 2610 reapuntada,
/directorio/proveedores/spacio-441,/rankings/agencias-inbound-marketing-mexico/,regla 2609 reapuntada,
/directorio/proveedores/fusion-publicidad-440,/rankings/agencias-inbound-marketing-mexico/,regla 2608 reapuntada,
/directorio/proveedores/imagen-digital-439,/rankings/agencias-inbound-marketing-mexico/,regla 2607 reapuntada,
/directorio/proveedores/promotex-publicidad-438,/rankings/agencias-inbound-marketing-mexico/,regla 2606 reapuntada,
/directorio/proveedores/grabados-gira-435,/rankings/agencias-inbound-marketing-mexico/,regla 2605 reapuntada,
/directorio/proveedores/grupo-intermedios-432,/rankings/agencias-de-medios-mexico/,regla 2604 reapuntada,
/directorio/proveedores/grupo-signos-s-a-de-c-v-431,/rankings/agencias-inbound-marketing-mexico/,regla 2603 reapuntada,
/directorio/proveedores/promoshape-s-de-rl-de-cv-430,/rankings/agencias-inbound-marketing-mexico/,regla 2602 reapuntada,
/directorio/proveedores/empresas-isal-s-de-rl-de-cv-429,/rankings/empresas-publicidad-exterior-mexico/,regla 2601 reapuntada,
/directorio/proveedores/miltibordados-428,/rankings/agencias-inbound-marketing-mexico/,regla 2600 reapuntada,
/directorio/proveedores/cajeme-flash-427,/rankings/agencias-inbound-marketing-mexico/,regla 2599 reapuntada,
/directorio/proveedores/anuncios-en-directorios-s-a-de-c-v-425,/rankings/empresas-publicidad-exterior-mexico/,regla 2598 reapuntada,
/directorio/proveedores/arclad-de-mexico-sa-de-cv-oficinas-422,/rankings/agencias-inbound-marketing-mexico/,regla 2597 reapuntada,
/directorio/proveedores/soluciones-creyt-sa-de-cv-421,/rankings/agencias-inbound-marketing-mexico/,regla 2596 reapuntada,
/directorio/proveedores/impresiones-san-luis-420,/rankings/proveedores-pop-promocionales-mexico/,regla 2595 reapuntada,
/directorio/proveedores/screencast-s-a-p-i-de-cv-419,/rankings/agencias-inbound-marketing-mexico/,regla 2594 reapuntada,
/directorio/proveedores/grupo-mistica-sa-de-cv-418,/rankings/agencias-inbound-marketing-mexico/,regla 2593 reapuntada,
/directorio/proveedores/diseños-de-altura-s-a-de-c-v-417,/rankings/estudios-diseno-branding-mexico/,regla 2592 reapuntada,
/directorio/proveedores/radio-america-de-mexico-sa-de-cv-416,/rankings/grupos-radiofonicos-mexico/,regla 2591 reapuntada,
/directorio/proveedores/publitec-415,/rankings/agencias-inbound-marketing-mexico/,regla 2590 reapuntada,
/directorio/proveedores/publicidad-grafica-sa-de-cv-414,/rankings/proveedores-pop-promocionales-mexico/,regla 2589 reapuntada,
/directorio/proveedores/mentor-s-a-de-c-v-413,/rankings/agencias-inbound-marketing-mexico/,regla 2588 reapuntada,
/directorio/proveedores/mcs-consultores-s-c-412,/rankings/agencias-de-marketing-mexico/,regla 2587 reapuntada,
/directorio/proveedores/informacion-del-noreste-s-a-de-c-v-411,/rankings/agencias-inbound-marketing-mexico/,regla 2586 reapuntada,
/directorio/proveedores/publicidad-digital-ramirez-410,/rankings/agencias-inbound-marketing-mexico/,regla 2585 reapuntada,
/directorio/proveedores/syes-409,/rankings/agencias-inbound-marketing-mexico/,regla 2584 reapuntada,
/directorio/proveedores/corporativo-mi-ciudad-sa-de-cv-408,/rankings/agencias-inbound-marketing-mexico/,regla 2583 reapuntada,
/directorio/proveedores/publiport-sa-de-cv-407,/rankings/agencias-inbound-marketing-mexico/,regla 2582 reapuntada,
/directorio/proveedores/publimedia-los-cabos-sa-de-cv-406,/rankings/agencias-de-medios-mexico/,regla 2581 reapuntada,
/directorio/proveedores/formula-radiofonica-s-a-de-c-v-404,/rankings/grupos-radiofonicos-mexico/,regla 2580 reapuntada,
/directorio/proveedores/publiservicios-vanguardia-s-a-de-c-v-403,/rankings/agencias-inbound-marketing-mexico/,regla 2579 reapuntada,
/directorio/proveedores/memetica-diseño-e-impresion-401,/rankings/proveedores-pop-promocionales-mexico/,regla 2578 reapuntada,
/directorio/proveedores/publicidad-y-rotulacion-por-computadora-398,/rankings/agencias-inbound-marketing-mexico/,regla 2577 reapuntada,
/directorio/proveedores/digital-multimedios-397,/rankings/agencias-de-medios-mexico/,regla 2576 reapuntada,
/directorio/proveedores/mazpubliman-396,/rankings/agencias-inbound-marketing-mexico/,regla 2575 reapuntada,
/directorio/proveedores/anuncios-en-directorios-s-a-de-c-v-394,/rankings/empresas-publicidad-exterior-mexico/,regla 2574 reapuntada,
/directorio/proveedores/creatimex-publicidad-sa-de-cv-390,/rankings/agencias-inbound-marketing-mexico/,regla 2573 reapuntada,
/directorio/proveedores/publimar-389,/rankings/agencias-inbound-marketing-mexico/,regla 2572 reapuntada,
/directorio/proveedores/guia-conurbada-388,/rankings/agencias-inbound-marketing-mexico/,regla 2571 reapuntada,
/directorio/proveedores/inku-387,/rankings/agencias-inbound-marketing-mexico/,regla 2570 reapuntada,
/directorio/proveedores/oh-publicidad-y-negocios-384,/rankings/agencias-inbound-marketing-mexico/,regla 2569 reapuntada,
/directorio/proveedores/esperanza-astrid-castañeda-ruiz-383,/rankings/agencias-inbound-marketing-mexico/,regla 2568 reapuntada,
/directorio/proveedores/isi-publicidad-380,/rankings/agencias-inbound-marketing-mexico/,regla 2567 reapuntada,
/directorio/proveedores/anuncios-en-directorioss-a-de-c-v-378,/rankings/empresas-publicidad-exterior-mexico/,regla 2566 reapuntada,
/directorio/proveedores/publicaciones-metropolitanas-s-a-de-c-v-377,/rankings/agencias-inbound-marketing-mexico/,regla 2565 reapuntada,
/directorio/proveedores/creaciones-artisticas-publicitrias-sa-376,/rankings/agencias-inbound-marketing-mexico/,regla 2564 reapuntada,
/directorio/proveedores/sistemas-interactivos-de-juarez-s-a-de-c-v-375,/rankings/agencias-inbound-marketing-mexico/,regla 2563 reapuntada,
/directorio/proveedores/clarol-publicidad-exterior-s-c-374,/rankings/empresas-publicidad-exterior-mexico/,regla 2562 reapuntada,
/directorio/proveedores/laya-comunica-373,/rankings/agencias-inbound-marketing-mexico/,regla 2561 reapuntada,
/directorio/proveedores/las-lonas-372,/rankings/proveedores-pop-promocionales-mexico/,regla 2560 reapuntada,
/directorio/proveedores/global-producciones-and-marketing-sa-de-cv-371,/rankings/casas-productoras-mexico/,regla 2559 reapuntada,
/directorio/proveedores/grafiko-publicidad-370,/rankings/agencias-inbound-marketing-mexico/,regla 2558 reapuntada,
/directorio/proveedores/descar-s-a-de-c-v-369,/rankings/agencias-inbound-marketing-mexico/,regla 2557 reapuntada,
/directorio/proveedores/graphics-368,/rankings/agencias-inbound-marketing-mexico/,regla 2556 reapuntada,
/directorio/proveedores/maxima-publicidad-367,/rankings/agencias-inbound-marketing-mexico/,regla 2555 reapuntada,
/directorio/proveedores/el-comerciante-365,/rankings/agencias-inbound-marketing-mexico/,regla 2554 reapuntada,
/directorio/proveedores/televisora-peninsular-s-a-de-c-v-364,/rankings/casas-productoras-mexico/,regla 2553 reapuntada,
/directorio/proveedores/multimedia-del-sureste-s-a-de-c-v-363,/rankings/agencias-de-medios-mexico/,regla 2552 reapuntada,
/directorio/proveedores/diseño-publicidad-pixemania-361,/rankings/estudios-diseno-branding-mexico/,regla 2551 reapuntada,
/directorio/proveedores/blau-publicidad-360,/rankings/agencias-inbound-marketing-mexico/,regla 2550 reapuntada,
/directorio/proveedores/comercializadora-trudi-s-de-rl-de-cv-359,/rankings/agencias-inbound-marketing-mexico/,regla 2549 reapuntada,
/directorio/proveedores/ncyg-marketing-publicidad-y-producciones-sa-de-c-v-358,/rankings/casas-productoras-mexico/,regla 2548 reapuntada,
/directorio/proveedores/artigraf-357,/rankings/agencias-inbound-marketing-mexico/,regla 2547 reapuntada,
/directorio/proveedores/hildetex-s-a-de-c-v-356,/rankings/agencias-inbound-marketing-mexico/,regla 2546 reapuntada,
/directorio/proveedores/art-y-tec-s-a-de-c-v-355,/rankings/agencias-inbound-marketing-mexico/,regla 2545 reapuntada,
/directorio/proveedores/sacale-jugo-a-tu-marca-is-de-r-l-de-c-v-354,/rankings/estudios-diseno-branding-mexico/,regla 2544 reapuntada,
/directorio/proveedores/publitrucks-353,/rankings/agencias-inbound-marketing-mexico/,regla 2543 reapuntada,
/directorio/proveedores/umbrella-marketing-s-c-351,/rankings/agencias-de-marketing-mexico/,regla 2542 reapuntada,
/directorio/proveedores/display-349,/rankings/proveedores-pop-promocionales-mexico/,regla 2541 reapuntada,
/directorio/proveedores/creamedia-s-a-de-c-v-348,/rankings/agencias-de-medios-mexico/,regla 2540 reapuntada,
/directorio/proveedores/promo-rigba-internacional-s-de-rl-de-cv-347,/rankings/agencias-btl-promotoria-mexico/,regla 2539 reapuntada,
/directorio/proveedores/promo-rigba-internacional-s-de-rl-de-cv-346,/rankings/agencias-btl-promotoria-mexico/,regla 2538 reapuntada,
/directorio/proveedores/firecol-345,/rankings/agencias-inbound-marketing-mexico/,regla 2537 reapuntada,
/directorio/proveedores/anuncios-en-directorios-sa-de-cv-341,/rankings/empresas-publicidad-exterior-mexico/,regla 2536 reapuntada,
/directorio/proveedores/marketing-and-promotion-s-a-de-c-v-340,/rankings/agencias-btl-promotoria-mexico/,regla 2535 reapuntada,
/directorio/proveedores/editora-tiempo-nuevo-339,/rankings/agencias-inbound-marketing-mexico/,regla 2534 reapuntada,
/directorio/proveedores/promoser-grupo-publicitario-s-de-r-l-de-c-v-338,/rankings/agencias-inbound-marketing-mexico/,regla 2533 reapuntada,
/directorio/proveedores/grafia-publicidad-337,/rankings/agencias-inbound-marketing-mexico/,regla 2532 reapuntada,
/directorio/proveedores/sos-web-s-a-de-c-v-336,/rankings/agencias-inbound-marketing-mexico/,regla 2531 reapuntada,
/directorio/proveedores/aka-imagen-impresa-335,/rankings/proveedores-pop-promocionales-mexico/,regla 2530 reapuntada,
/directorio/proveedores/media-noticias-334,/rankings/agencias-de-medios-mexico/,regla 2529 reapuntada,
/directorio/proveedores/servicios-medios-visuales-y-publicidad-s-a-de-c-v-332,/rankings/agencias-de-medios-mexico/,regla 2528 reapuntada,
/directorio/proveedores/grupo-c-y-c-del-caribe-sa-de-cv-331,/rankings/agencias-inbound-marketing-mexico/,regla 2527 reapuntada,
/directorio/proveedores/radio-difusoras-y-televisoras-de-occidente-sa-de-c-v-330,/rankings/grupos-radiofonicos-mexico/,regla 2526 reapuntada,
/directorio/proveedores/nuevo-estilo-publicidad-y-decoracion-329,/rankings/agencias-inbound-marketing-mexico/,regla 2525 reapuntada,
/directorio/proveedores/imprenta-328,/rankings/proveedores-pop-promocionales-mexico/,regla 2524 reapuntada,
/directorio/proveedores/ads-publicidad-total-srl-de-cv-326,/rankings/agencias-inbound-marketing-mexico/,regla 2523 reapuntada,
/directorio/proveedores/vinil-de-zacatecas-sc-de-p-de-rl-325,/rankings/agencias-inbound-marketing-mexico/,regla 2522 reapuntada,
/directorio/proveedores/macrea-324,/rankings/agencias-inbound-marketing-mexico/,regla 2521 reapuntada,
/directorio/proveedores/publi-maya-323,/rankings/agencias-inbound-marketing-mexico/,regla 2520 reapuntada,
/directorio/proveedores/grupo-estratega-de-publicidad-sa-de-cv-322,/rankings/agencias-de-marketing-mexico/,regla 2519 reapuntada,
/directorio/proveedores/otero-27-321,/rankings/agencias-inbound-marketing-mexico/,regla 2518 reapuntada,
/directorio/proveedores/publicidad-y-diseño-anka-digital-320,/rankings/agencias-inbound-marketing-mexico/,regla 2517 reapuntada,
/directorio/proveedores/publidigital-318,/rankings/agencias-inbound-marketing-mexico/,regla 2516 reapuntada,
/directorio/proveedores/perfiles-e-impresos-s-a-de-c-v-316,/rankings/proveedores-pop-promocionales-mexico/,regla 2515 reapuntada,
/directorio/proveedores/solucion-digital-empresarial-sa-de-cv-315,/rankings/agencias-inbound-marketing-mexico/,regla 2514 reapuntada,
/directorio/proveedores/vendor-publicidad-exterior-s-de-rl-de-c-v-314,/rankings/empresas-publicidad-exterior-mexico/,regla 2513 reapuntada,
/directorio/proveedores/publicity-313,/rankings/agencias-inbound-marketing-mexico/,regla 2512 reapuntada,
/directorio/proveedores/goduva-publicidad-312,/rankings/agencias-inbound-marketing-mexico/,regla 2511 reapuntada,
/directorio/proveedores/lonas-y-etiquetas-311,/rankings/proveedores-pop-promocionales-mexico/,regla 2510 reapuntada,
/directorio/proveedores/servicios-de-administracion-e-informatica-sa-de-cv-310,/rankings/agencias-inbound-marketing-mexico/,regla 2509 reapuntada,
/directorio/proveedores/servicios-de-administracion-e-informatrica-sa-de-cv-309,/rankings/agencias-inbound-marketing-mexico/,regla 2508 reapuntada,
/directorio/proveedores/publi-liui-308,/rankings/agencias-inbound-marketing-mexico/,regla 2507 reapuntada,
/directorio/proveedores/grafika-publicidad-307,/rankings/agencias-inbound-marketing-mexico/,regla 2506 reapuntada,
/directorio/proveedores/promociones-acevedo-305,/rankings/agencias-btl-promotoria-mexico/,regla 2505 reapuntada,
/directorio/proveedores/forward-multimedia-304,/rankings/agencias-de-medios-mexico/,regla 2504 reapuntada,
/directorio/proveedores/creasunn-s-a-de-cv-303,/rankings/agencias-inbound-marketing-mexico/,regla 2503 reapuntada,
/directorio/proveedores/csm-publicidad-s-a-de-c-v-302,/rankings/agencias-inbound-marketing-mexico/,regla 2502 reapuntada,
/directorio/proveedores/publi-anuncios-301,/rankings/empresas-publicidad-exterior-mexico/,regla 2501 reapuntada,
/directorio/proveedores/chis-mx-300,/rankings/agencias-inbound-marketing-mexico/,regla 2500 reapuntada,
/directorio/proveedores/habitat-creativo-sa-de-cv-298,/rankings/estudios-diseno-branding-mexico/,regla 2499 reapuntada,
/directorio/proveedores/publicidad-textil-corona-297,/rankings/agencias-inbound-marketing-mexico/,regla 2498 reapuntada,
/directorio/proveedores/publicidad-activa-mobil-s-a-de-c-v-296,/rankings/agencias-inbound-marketing-mexico/,regla 2497 reapuntada,
/directorio/proveedores/grupo-sandoval-295,/rankings/agencias-inbound-marketing-mexico/,regla 2496 reapuntada,
/directorio/proveedores/lira-294,/rankings/agencias-inbound-marketing-mexico/,regla 2495 reapuntada,
/directorio/proveedores/aram-y-asociados-s-a-de-c-v-293,/rankings/agencias-inbound-marketing-mexico/,regla 2494 reapuntada,
/directorio/proveedores/soltar-impresores-s-a-de-c-v-292,/rankings/proveedores-pop-promocionales-mexico/,regla 2493 reapuntada,
/directorio/proveedores/multi-signos-s-a-de-c-v-291,/rankings/agencias-inbound-marketing-mexico/,regla 2492 reapuntada,
/directorio/proveedores/extra-publicidad-290,/rankings/agencias-inbound-marketing-mexico/,regla 2491 reapuntada,
/directorio/proveedores/pix-color-publicidad-289,/rankings/agencias-inbound-marketing-mexico/,regla 2490 reapuntada,
/directorio/proveedores/paes-publicidad-288,/rankings/agencias-inbound-marketing-mexico/,regla 2489 reapuntada,
/directorio/proveedores/rumbo-publicaciones-s-c-287,/rankings/agencias-inbound-marketing-mexico/,regla 2488 reapuntada,
/directorio/proveedores/diseño-impreso-en-movimiento-s-a-de-c-v-284,/rankings/proveedores-pop-promocionales-mexico/,regla 2487 reapuntada,
/directorio/proveedores/corpporacion-lagunera-s-a-de-c-v-283,/rankings/agencias-inbound-marketing-mexico/,regla 2486 reapuntada,
/directorio/proveedores/paileria-del-golfo-s-a-de-c-v-281,/rankings/empresas-publicidad-exterior-mexico/,regla 2485 reapuntada,
/directorio/proveedores/doble-l-comunicacion-e-informacion-280,/rankings/agencias-de-marketing-mexico/,regla 2484 reapuntada,
/directorio/proveedores/ingenieria-creativa-en-medios-s-c-279,/rankings/agencias-de-medios-mexico/,regla 2483 reapuntada,
/directorio/proveedores/grupo-integra-278,/rankings/agencias-inbound-marketing-mexico/,regla 2482 reapuntada,
/directorio/proveedores/jhony-productions-275,/rankings/agencias-inbound-marketing-mexico/,regla 2481 reapuntada,
/directorio/proveedores/servicios-andes-273,/rankings/agencias-inbound-marketing-mexico/,regla 2480 reapuntada,
/directorio/proveedores/artec-de-morelia-s-c-272,/rankings/agencias-inbound-marketing-mexico/,regla 2479 reapuntada,
/directorio/proveedores/o-k-publicidad-271,/rankings/agencias-inbound-marketing-mexico/,regla 2478 reapuntada,
/directorio/proveedores/in-marketing-270,/rankings/agencias-de-marketing-mexico/,regla 2477 reapuntada,
/directorio/proveedores/hyc-trade-business-s-a-de-c-v-269,/rankings/agencias-btl-promotoria-mexico/,regla 2476 reapuntada,
/directorio/proveedores/publi-pac-268,/rankings/agencias-inbound-marketing-mexico/,regla 2475 reapuntada,
/directorio/proveedores/silverlight-records-sa-de-cv-267,/rankings/agencias-inbound-marketing-mexico/,regla 2474 reapuntada,
/directorio/proveedores/west-mex-s-a-de-c-v-266,/rankings/agencias-inbound-marketing-mexico/,regla 2473 reapuntada,
/directorio/proveedores/hidaltur-tips-264,/rankings/agencias-inbound-marketing-mexico/,regla 2472 reapuntada,
/directorio/proveedores/comercializadora-publishuttle-sa-de-cv-262,/rankings/agencias-inbound-marketing-mexico/,regla 2471 reapuntada,
/directorio/proveedores/viniletras-s-a-de-c-v-261,/rankings/agencias-inbound-marketing-mexico/,regla 2470 reapuntada,
/directorio/proveedores/anuncios-en-directorios-sa-de-cv-260,/rankings/empresas-publicidad-exterior-mexico/,regla 2469 reapuntada,
/directorio/proveedores/publiex-pressions-s-a-de-c-v-259,/rankings/agencias-inbound-marketing-mexico/,regla 2468 reapuntada,
/directorio/proveedores/grupo-publicitario-cerle-s-de-rl-de-cv-257,/rankings/agencias-inbound-marketing-mexico/,regla 2467 reapuntada,
/directorio/proveedores/5w-mexico-sa-cv-256,/rankings/agencias-inbound-marketing-mexico/,regla 2466 reapuntada,
/directorio/proveedores/dima-studios-255,/rankings/agencias-inbound-marketing-mexico/,regla 2465 reapuntada,
/directorio/proveedores/maxi-grafica-254,/rankings/proveedores-pop-promocionales-mexico/,regla 2464 reapuntada,
/directorio/proveedores/diseñarte-publicidad-253,/rankings/agencias-inbound-marketing-mexico/,regla 2463 reapuntada,
/directorio/proveedores/contcast-252,/rankings/agencias-inbound-marketing-mexico/,regla 2462 reapuntada,
/directorio/proveedores/arte-integral-expresion-sa-de-cv-251,/rankings/agencias-de-marketing-mexico/,regla 2461 reapuntada,
/directorio/proveedores/difusion-exterior-s-a-de-c-v-250,/rankings/empresas-publicidad-exterior-mexico/,regla 2460 reapuntada,
/directorio/proveedores/publimerc-249,/rankings/agencias-inbound-marketing-mexico/,regla 2459 reapuntada,
/directorio/proveedores/la-roca-publicidad-247,/rankings/agencias-inbound-marketing-mexico/,regla 2458 reapuntada,
/directorio/proveedores/dsimple-246,/rankings/agencias-inbound-marketing-mexico/,regla 2457 reapuntada,
/directorio/proveedores/publicidad-y-diseño-245,/rankings/estudios-diseno-branding-mexico/,regla 2456 reapuntada,
/directorio/proveedores/seriart-publicidad-243,/rankings/agencias-inbound-marketing-mexico/,regla 2455 reapuntada,
/directorio/proveedores/mega-color-242,/rankings/agencias-inbound-marketing-mexico/,regla 2454 reapuntada,
/directorio/proveedores/negativos-lara-castillo-sa-de-cv-241,/rankings/agencias-inbound-marketing-mexico/,regla 2453 reapuntada,
/directorio/proveedores/megapantallas-de-mexico-s-a-de-c-v-240,/rankings/empresas-publicidad-exterior-mexico/,regla 2452 reapuntada,
/directorio/proveedores/isa-corporativo-s-a-de-c-v-239,/rankings/agencias-inbound-marketing-mexico/,regla 2451 reapuntada,
/directorio/proveedores/d-mentes-creativas-s-de-rl-238,/rankings/estudios-diseno-branding-mexico/,regla 2450 reapuntada,
/directorio/proveedores/secorp-vision-publicitaria-s-de-rl-de-cv-237,/rankings/agencias-inbound-marketing-mexico/,regla 2449 reapuntada,
/directorio/proveedores/expo-display-de-queretaro-renta-sa-de-cv-236,/rankings/proveedores-pop-promocionales-mexico/,regla 2448 reapuntada,
/directorio/proveedores/reconocimientos-y-promocionales-mexcio-sa-de-cv-235,/rankings/agencias-btl-promotoria-mexico/,regla 2447 reapuntada,
/directorio/proveedores/vendor-publicidad-exterior-s-de-r-l-de-cv-234,/rankings/empresas-publicidad-exterior-mexico/,regla 2446 reapuntada,
/directorio/proveedores/raya-impresion-digital-233,/rankings/agencias-inbound-marketing-mexico/,regla 2445 reapuntada,
/directorio/proveedores/mr-publicidad-s-a-de-c-v-232,/rankings/agencias-inbound-marketing-mexico/,regla 2444 reapuntada,
/directorio/proveedores/impactos-frecuencia-y-cobertura-en-medios-sa-de-cv-231,/rankings/agencias-de-medios-mexico/,regla 2443 reapuntada,
/directorio/proveedores/yahoo-de-mexico-s-a-de-c-v-230,/rankings/agencias-inbound-marketing-mexico/,regla 2442 reapuntada,
/directorio/proveedores/bordados-publicidad-javar-229,/rankings/agencias-inbound-marketing-mexico/,regla 2441 reapuntada,
/directorio/proveedores/publi-express-227,/rankings/agencias-inbound-marketing-mexico/,regla 2440 reapuntada,
/directorio/proveedores/trazo-vinil-publicidad-sa-de-cv-225,/rankings/empresas-publicidad-exterior-mexico/,regla 2439 reapuntada,
/directorio/proveedores/sign-solutions-s-a-de-c-v-223,/rankings/agencias-inbound-marketing-mexico/,regla 2438 reapuntada,
/directorio/proveedores/publicidad-osorio-222,/rankings/agencias-inbound-marketing-mexico/,regla 2437 reapuntada,
/directorio/proveedores/eficolor-221,/rankings/agencias-inbound-marketing-mexico/,regla 2436 reapuntada,
/directorio/proveedores/calcom-de-mexico-220,/rankings/agencias-inbound-marketing-mexico/,regla 2435 reapuntada,
/directorio/proveedores/intermediacion-publicitaria-s-a-de-c-v-219,/rankings/agencias-de-medios-mexico/,regla 2434 reapuntada,
/directorio/proveedores/se-habla-nobabels-s-c-217,/rankings/agencias-inbound-marketing-mexico/,regla 2433 reapuntada,
/directorio/proveedores/corporativo-mi-livdad-s-a-de-c-v-216,/rankings/agencias-de-medios-mexico/,regla 2432 reapuntada,
/directorio/proveedores/boomeran-diseño-y-publicidad-214,/rankings/estudios-diseno-branding-mexico/,regla 2431 reapuntada,
/directorio/proveedores/poder-visual-sa-de-cv-212,/rankings/agencias-inbound-marketing-mexico/,regla 2430 reapuntada,
/directorio/proveedores/rcg-espectaculares-sa-de-cv-210,/rankings/empresas-publicidad-exterior-mexico/,regla 2429 reapuntada,
/directorio/proveedores/business-y-medios-s-a-de-c-v-209,/rankings/agencias-de-medios-mexico/,regla 2428 reapuntada,
/directorio/proveedores/publicidad-vector-208,/rankings/agencias-inbound-marketing-mexico/,regla 2427 reapuntada,
/directorio/proveedores/fucar-arte-y-diseño-206,/rankings/estudios-diseno-branding-mexico/,regla 2426 reapuntada,
/directorio/proveedores/mi-publicidad-205,/rankings/agencias-inbound-marketing-mexico/,regla 2425 reapuntada,
/directorio/proveedores/admira-brand-202,/rankings/agencias-inbound-marketing-mexico/,regla 2424 reapuntada,
/directorio/proveedores/questa-de-mexico-s-a-de-c-v-200,/rankings/agencias-inbound-marketing-mexico/,regla 2423 reapuntada,
/directorio/proveedores/imago-publicidad-199,/rankings/agencias-inbound-marketing-mexico/,regla 2422 reapuntada,
/directorio/proveedores/creativ-diseño-y-publicidad-198,/rankings/estudios-diseno-branding-mexico/,regla 2421 reapuntada,
/directorio/proveedores/guias-exclusivas-s-a-de-c-v-197,/rankings/agencias-inbound-marketing-mexico/,regla 2420 reapuntada,
/directorio/proveedores/frantouch-s-a-de-c-v-195,/rankings/agencias-inbound-marketing-mexico/,regla 2419 reapuntada,
/directorio/proveedores/cyflex-s-a-de-c-v-194,/rankings/agencias-inbound-marketing-mexico/,regla 2418 reapuntada,
/directorio/proveedores/diseños-le-fame-s-a-de-c-v-192,/rankings/estudios-diseno-branding-mexico/,regla 2417 reapuntada,
/directorio/proveedores/articulos-publicitarios-del-bajio-191,/rankings/agencias-inbound-marketing-mexico/,regla 2416 reapuntada,
/directorio/proveedores/contraste-190,/rankings/agencias-inbound-marketing-mexico/,regla 2415 reapuntada,
/directorio/proveedores/studio-arte-visual-189,/rankings/casas-productoras-mexico/,regla 2414 reapuntada,
/directorio/proveedores/proyectos-publicitarios-188,/rankings/agencias-inbound-marketing-mexico/,regla 2413 reapuntada,
/directorio/proveedores/playeras-joshua-187,/rankings/agencias-inbound-marketing-mexico/,regla 2412 reapuntada,
/directorio/proveedores/comercializadora-de-promocionales-ideas-de-puebla-sa-de-cv-186,/rankings/agencias-btl-promotoria-mexico/,regla 2411 reapuntada,
/directorio/proveedores/anuncios-de-directorios-s-a-de-c-v-185,/rankings/empresas-publicidad-exterior-mexico/,regla 2410 reapuntada,
/directorio/proveedores/syma-3-184,/rankings/grupos-radiofonicos-mexico/,regla 2409 reapuntada,
/directorio/proveedores/grupo-impresor-litografico-183,/rankings/proveedores-pop-promocionales-mexico/,regla 2408 reapuntada,
/directorio/proveedores/publicidad-y-rotulos-182,/rankings/agencias-inbound-marketing-mexico/,regla 2407 reapuntada,
/directorio/proveedores/impacto-lonas-y-toldos-y-publicidad-181,/rankings/proveedores-pop-promocionales-mexico/,regla 2406 reapuntada,
/directorio/proveedores/anuncios-en-directorio-s-a-de-c-v-180,/rankings/empresas-publicidad-exterior-mexico/,regla 2405 reapuntada,
/directorio/proveedores/mano-vallarta-s-a-de-c-v-179,/rankings/agencias-inbound-marketing-mexico/,regla 2404 reapuntada,
/directorio/proveedores/gsi-fabril-sa-de-cv-178,/rankings/agencias-inbound-marketing-mexico/,regla 2403 reapuntada,
/directorio/proveedores/grupo-doxa-177,/rankings/agencias-inbound-marketing-mexico/,regla 2402 reapuntada,
/directorio/proveedores/anuncios-exitosos-en-internet-s-a-de-c-v-176,/rankings/empresas-publicidad-exterior-mexico/,regla 2401 reapuntada,
/directorio/proveedores/muray-174,/rankings/agencias-inbound-marketing-mexico/,regla 2400 reapuntada,
/directorio/proveedores/seminario-sin-censura-173,/rankings/agencias-inbound-marketing-mexico/,regla 2399 reapuntada,
/directorio/proveedores/publisitios-de-mexico-sa-de-cv-171,/rankings/agencias-inbound-marketing-mexico/,regla 2398 reapuntada,
/directorio/proveedores/publicom-170,/rankings/agencias-inbound-marketing-mexico/,regla 2397 reapuntada,
/directorio/proveedores/sak-169,/rankings/agencias-inbound-marketing-mexico/,regla 2396 reapuntada,
/directorio/proveedores/mpro-168,/rankings/agencias-inbound-marketing-mexico/,regla 2395 reapuntada,
/directorio/proveedores/promover-publicidad-y-diseño-167,/rankings/estudios-diseno-branding-mexico/,regla 2394 reapuntada,
/directorio/proveedores/xtreme-media-s-a-de-c-v-166,/rankings/agencias-de-medios-mexico/,regla 2393 reapuntada,
/directorio/proveedores/publicolor-165,/rankings/agencias-inbound-marketing-mexico/,regla 2392 reapuntada,
/directorio/proveedores/active-promotions-s-a-de-c-v-164,/rankings/agencias-btl-promotoria-mexico/,regla 2391 reapuntada,
/directorio/proveedores/publicidad-de-aguinaga-sa-de-cv-163,/rankings/agencias-inbound-marketing-mexico/,regla 2390 reapuntada,
/directorio/proveedores/xpres-xpresate-sa-de-cv-161,/rankings/agencias-inbound-marketing-mexico/,regla 2389 reapuntada,
/directorio/proveedores/imagenes-de-guadalajara-s-a-de-c-v-160,/rankings/agencias-inbound-marketing-mexico/,regla 2388 reapuntada,
/directorio/proveedores/fusion-media-s-a-de-c-v-159,/rankings/agencias-de-medios-mexico/,regla 2387 reapuntada,
/directorio/proveedores/graphics-signs-s-a-de-c-v-158,/rankings/agencias-inbound-marketing-mexico/,regla 2386 reapuntada,
/directorio/proveedores/adrian-157,/rankings/agencias-inbound-marketing-mexico/,regla 2385 reapuntada,
/directorio/proveedores/publicidad-industrial-mtelecomm-s-a-de-c-v-155,/rankings/agencias-inbound-marketing-mexico/,regla 2384 reapuntada,
/directorio/proveedores/exfera-mexico-sa-de-cv-153,/rankings/agencias-inbound-marketing-mexico/,regla 2383 reapuntada,
/directorio/proveedores/camaleon-films-sa-de-cv-152,/rankings/casas-productoras-mexico/,regla 2382 reapuntada,
/directorio/proveedores/santa-rosalia-imagen-creativa-s-a-de-c-v-151,/rankings/estudios-diseno-branding-mexico/,regla 2381 reapuntada,
/directorio/proveedores/corporacion-interpublic-mexicana-sa-de-cv-150,/rankings/agencias-inbound-marketing-mexico/,regla 2380 reapuntada,
/directorio/proveedores/jcm-publicidad-148,/rankings/agencias-inbound-marketing-mexico/,regla 2379 reapuntada,
/directorio/proveedores/imaginacion-promocional-s-a-de-c-v-146,/rankings/agencias-btl-promotoria-mexico/,regla 2378 reapuntada,
/directorio/proveedores/grupo-stiletto-s-a-de-c-v-145,/rankings/agencias-inbound-marketing-mexico/,regla 2377 reapuntada,
/directorio/proveedores/questa-publicidad-144,/rankings/agencias-inbound-marketing-mexico/,regla 2376 reapuntada,
/directorio/proveedores/disño-grafico-143,/rankings/proveedores-pop-promocionales-mexico/,regla 2375 reapuntada,
/directorio/proveedores/espacios-publicitarios-estrategicos-s-a-de-c-v-142,/rankings/agencias-de-marketing-mexico/,regla 2374 reapuntada,
/directorio/proveedores/pimsa-publicidad-s-a-de-c-v-141,/rankings/agencias-inbound-marketing-mexico/,regla 2373 reapuntada,
/directorio/proveedores/playerytess-140,/rankings/agencias-inbound-marketing-mexico/,regla 2372 reapuntada,
/directorio/proveedores/gransfeer-ideas-publicidad-impresa-especializada-sa-de-cv-139,/rankings/proveedores-pop-promocionales-mexico/,regla 2371 reapuntada,
/directorio/proveedores/radio-xevu-s-a-de-c-v-138,/rankings/grupos-radiofonicos-mexico/,regla 2370 reapuntada,
/directorio/proveedores/radio-xefil-s-a-de-c-v-137,/rankings/grupos-radiofonicos-mexico/,regla 2369 reapuntada,
/directorio/proveedores/agencia-total-s-a-de-c-v-136,/rankings/agencias-inbound-marketing-mexico/,regla 2368 reapuntada,
/directorio/proveedores/cm-publicidad-134,/rankings/agencias-inbound-marketing-mexico/,regla 2367 reapuntada,
/directorio/proveedores/cmyk-modelo-de-color-133,/rankings/productoras-de-eventos-mexico/,regla 2366 reapuntada,
/directorio/proveedores/zega-exhibit-design-s-a-de-c-v-132,/rankings/estudios-diseno-branding-mexico/,regla 2365 reapuntada,
/directorio/proveedores/distribuidora-parroquial-de-san-antonio-sa-de-cv-131,/rankings/agencias-inbound-marketing-mexico/,regla 2364 reapuntada,
/directorio/proveedores/faster-print-130,/rankings/agencias-inbound-marketing-mexico/,regla 2363 reapuntada,
/directorio/proveedores/neo-x-publicidad-129,/rankings/agencias-inbound-marketing-mexico/,regla 2362 reapuntada,
/directorio/proveedores/publicitarios-del-norte-de-mexico-s-a-de-c-v-127,/rankings/grupos-radiofonicos-mexico/,regla 2361 reapuntada,
/directorio/proveedores/radar-servicios-especializados-de-mercadotecnia-s-a-de-c-v-126,/rankings/agencias-de-marketing-mexico/,regla 2360 reapuntada,
/directorio/proveedores/intersexion-queretaro-s-c-125,/rankings/agencias-de-publicidad-queretaro/,regla 2359 reapuntada,
/directorio/proveedores/comercializadora-vocafys-s-a-de-c-v-123,/rankings/agencias-inbound-marketing-mexico/,regla 2358 reapuntada,
/directorio/proveedores/la-voz-de-michoacan-s-a-de-c-v-122,/rankings/agencias-inbound-marketing-mexico/,regla 2357 reapuntada,
/directorio/proveedores/csd-publicidad-121,/rankings/agencias-inbound-marketing-mexico/,regla 2356 reapuntada,
/directorio/proveedores/grupo-alparied-s-a-de-c-v-120,/rankings/agencias-inbound-marketing-mexico/,regla 2355 reapuntada,
/directorio/proveedores/kubica-119,/rankings/agencias-inbound-marketing-mexico/,regla 2354 reapuntada,
/directorio/proveedores/impresion-digital-azuara-118,/rankings/agencias-inbound-marketing-mexico/,regla 2353 reapuntada,
/directorio/proveedores/protarget-estrategia-profesional-s-a-de-c-v-117,/rankings/agencias-de-marketing-mexico/,regla 2352 reapuntada,
/directorio/proveedores/grupo-ublicitario-del-golfo-s-a-de-c-v-116,/rankings/agencias-inbound-marketing-mexico/,regla 2351 reapuntada,
/directorio/proveedores/706-design-115,/rankings/estudios-diseno-branding-mexico/,regla 2350 reapuntada,
/directorio/proveedores/amfar-sa-de-cv-114,/rankings/agencias-inbound-marketing-mexico/,regla 2349 reapuntada,
/directorio/proveedores/publicum-consultores-s-a-de-c-v-112,/rankings/agencias-de-marketing-mexico/,regla 2348 reapuntada,
/directorio/proveedores/promo-mer-111,/rankings/agencias-btl-promotoria-mexico/,regla 2347 reapuntada,
/directorio/proveedores/publicidad-osorio-110,/rankings/agencias-inbound-marketing-mexico/,regla 2346 reapuntada,
/directorio/proveedores/cetilia-109,/rankings/agencias-inbound-marketing-mexico/,regla 2345 reapuntada,
/directorio/proveedores/zale-graphic-s-a-de-c-v-108,/rankings/agencias-inbound-marketing-mexico/,regla 2344 reapuntada,
/directorio/proveedores/imagen-y-diseño-publicitario-107,/rankings/estudios-diseno-branding-mexico/,regla 2343 reapuntada,
/directorio/proveedores/intersexion-monterrey-s-c-106,/rankings/agencias-de-publicidad-monterrey/,regla 2342 reapuntada,
/directorio/proveedores/spacio-grafico-105,/rankings/proveedores-pop-promocionales-mexico/,regla 2341 reapuntada,
/directorio/proveedores/xpresiones-104,/rankings/agencias-inbound-marketing-mexico/,regla 2340 reapuntada,
/directorio/proveedores/audio-visuales-de-valdes-sa-de-cv-103,/rankings/agencias-inbound-marketing-mexico/,regla 2339 reapuntada,
/directorio/proveedores/xm-comunicacion-sc-102,/rankings/agencias-de-marketing-mexico/,regla 2338 reapuntada,
/directorio/proveedores/ingenio-diseño-y-publicidad-101,/rankings/estudios-diseno-branding-mexico/,regla 2337 reapuntada,
/directorio/proveedores/vendor-publicidad-exterior-s-de-rl-de-cv-100,/rankings/empresas-publicidad-exterior-mexico/,regla 2336 reapuntada,
/directorio/proveedores/angelus-producciones-s-a-de-c-v-99,/rankings/casas-productoras-mexico/,regla 2335 reapuntada,
/directorio/proveedores/publi-gisma-sa-de-cv-98,/rankings/agencias-inbound-marketing-mexico/,regla 2334 reapuntada,
/directorio/proveedores/editorial-magesa-s-a-de-c-v-97,/rankings/agencias-inbound-marketing-mexico/,regla 2333 reapuntada,
/directorio/proveedores/grafic-quin-s-a-de-c-v-96,/rankings/proveedores-pop-promocionales-mexico/,regla 2332 reapuntada,
/directorio/proveedores/quiero-media-s-a-de-c-v-95,/rankings/agencias-de-medios-mexico/,regla 2331 reapuntada,
/directorio/proveedores/ad-medios-s-a-de-c-v-94,/rankings/agencias-de-medios-mexico/,regla 2330 reapuntada,
/directorio/proveedores/triciclo-93,/rankings/agencias-inbound-marketing-mexico/,regla 2329 reapuntada,
/directorio/proveedores/global-media-asesores-s-a-de-c-v-92,/rankings/agencias-de-medios-mexico/,regla 2328 reapuntada,
/directorio/proveedores/publicidad-de-aguinaga-s-a-de-c-v-91,/rankings/agencias-inbound-marketing-mexico/,regla 2327 reapuntada,
/directorio/proveedores/publi-shine-s-a-de-c-v-90,/rankings/agencias-inbound-marketing-mexico/,regla 2326 reapuntada,
/directorio/proveedores/grupo-ojeda-89,/rankings/agencias-inbound-marketing-mexico/,regla 2325 reapuntada,
/directorio/proveedores/ingra-publicidad-s-de-r-l-de-c-v-88,/rankings/agencias-inbound-marketing-mexico/,regla 2324 reapuntada,
/directorio/proveedores/licon-y-asociados-s-a-de-c-v-87,/rankings/agencias-inbound-marketing-mexico/,regla 2323 reapuntada,
/directorio/proveedores/bni-mexico-s-a-de-c-v-85,/rankings/agencias-inbound-marketing-mexico/,regla 2322 reapuntada,
/directorio/proveedores/integra-tu-publicidad-sc-84,/rankings/agencias-inbound-marketing-mexico/,regla 2321 reapuntada,
/directorio/proveedores/jgy-servicios-profecionales-sa-de-cv-83,/rankings/agencias-inbound-marketing-mexico/,regla 2320 reapuntada,
/directorio/proveedores/promopad-81,/rankings/agencias-inbound-marketing-mexico/,regla 2319 reapuntada,
/directorio/proveedores/rotulen-de-mexico-s-a-de-c-v-80,/rankings/agencias-inbound-marketing-mexico/,regla 2318 reapuntada,
/directorio/proveedores/rotulaciones-de-chihuahua-sa-de-cv-79,/rankings/agencias-inbound-marketing-mexico/,regla 2317 reapuntada,
/directorio/proveedores/carteleras-y-neon-espectaculares-sa-cv-78,/rankings/empresas-publicidad-exterior-mexico/,regla 2316 reapuntada,
/directorio/proveedores/publicidad-y-diseño-77,/rankings/estudios-diseno-branding-mexico/,regla 2315 reapuntada,
/directorio/proveedores/new-image-comercial-sa-de-cv-76,/rankings/agencias-inbound-marketing-mexico/,regla 2314 reapuntada,
/directorio/proveedores/qbsoluciones-sa-de-cv-75,/rankings/agencias-inbound-marketing-mexico/,regla 2313 reapuntada,
/directorio/proveedores/grupo-chong-signs-74,/rankings/agencias-inbound-marketing-mexico/,regla 2312 reapuntada,
/directorio/proveedores/logica-en-medios-sa-de-cv-73,/rankings/agencias-de-medios-mexico/,regla 2311 reapuntada,
/directorio/proveedores/medios-publicitarios-e-investigacion-sa-de-cv-71,/rankings/agencias-investigacion-de-mercados-mexico/,regla 2310 reapuntada,
/directorio/proveedores/publycom-s-a-de-c-v-70,/rankings/agencias-inbound-marketing-mexico/,regla 2309 reapuntada,
/directorio/proveedores/veloga-sa-de-cv-69,/rankings/agencias-inbound-marketing-mexico/,regla 2308 reapuntada,
/directorio/proveedores/cortina-tagle-isoard-y-cia-sc-68,/rankings/agencias-inbound-marketing-mexico/,regla 2307 reapuntada,
/directorio/proveedores/enfiestate-com-67,/rankings/agencias-inbound-marketing-mexico/,regla 2306 reapuntada,
/directorio/proveedores/anuncios-en-directorios-s-a-de-c-v-66,/rankings/empresas-publicidad-exterior-mexico/,regla 2305 reapuntada,
/directorio/proveedores/vea-de-occidente-s-a-de-c-v-64,/rankings/empresas-publicidad-exterior-mexico/,regla 2304 reapuntada,
/directorio/proveedores/abyp-sa-de-cv-63,/rankings/agencias-inbound-marketing-mexico/,regla 2303 reapuntada,
/directorio/proveedores/instituto-de-mercadotecnia-y-publicidad-sc-62,/rankings/agencias-de-marketing-mexico/,regla 2302 reapuntada,
/directorio/proveedores/liselot-s-a-de-c-v-60,/rankings/agencias-inbound-marketing-mexico/,regla 2301 reapuntada,
/directorio/proveedores/vel-mart-59,/rankings/agencias-inbound-marketing-mexico/,regla 2300 reapuntada,
/directorio/proveedores/digital-audio-2000-58,/rankings/agencias-inbound-marketing-mexico/,regla 2299 reapuntada,
/directorio/proveedores/aztral-publicidad-exterior-s-a-de-c-v-57,/rankings/empresas-publicidad-exterior-mexico/,regla 2298 reapuntada,
/directorio/proveedores/grupo-creativos-56,/rankings/estudios-diseno-branding-mexico/,regla 2297 reapuntada,
/directorio/proveedores/tv-promo-s-a-de-c-v-54,/rankings/agencias-btl-promotoria-mexico/,regla 2296 reapuntada,
/directorio/proveedores/telepersonal-s-a-d-e-c-v-53,/rankings/agencias-inbound-marketing-mexico/,regla 2295 reapuntada,
/directorio/proveedores/organizacion-de-servicios-corporativos-mexicanos-sc-52,/rankings/agencias-inbound-marketing-mexico/,regla 2294 reapuntada,
/directorio/proveedores/nucleo-radio-mil-s-a-de-c-v-51,/rankings/grupos-radiofonicos-mexico/,regla 2293 reapuntada,
/directorio/proveedores/maquilas-artisticas-publicitarias-sa-de-cv-50,/rankings/agencias-inbound-marketing-mexico/,regla 2292 reapuntada,
/directorio/proveedores/monsadria-s-a-49,/rankings/agencias-inbound-marketing-mexico/,regla 2291 reapuntada,
/directorio/proveedores/impresos-proppim-s-a-de-c-v-48,/rankings/proveedores-pop-promocionales-mexico/,regla 2290 reapuntada,
/directorio/proveedores/flexo-print-s-a-de-c-v-47,/rankings/empresas-publicidad-exterior-mexico/,regla 2289 reapuntada,
/directorio/proveedores/cap-servicios-empresariales-sa-de-cv-46,/rankings/agencias-inbound-marketing-mexico/,regla 2288 reapuntada,
/directorio/proveedores/creaciones-artisticas-publicitarias-sa-de-cv-45,/rankings/agencias-inbound-marketing-mexico/,regla 2287 reapuntada,
/directorio/proveedores/fdfoco-44,/rankings/agencias-inbound-marketing-mexico/,regla 2286 reapuntada,
/directorio/proveedores/brain-firma-creativa-43,/rankings/estudios-diseno-branding-mexico/,regla 2285 reapuntada,
/directorio/proveedores/volaris-41,/rankings/agencias-inbound-marketing-mexico/,regla 2284 reapuntada,
/directorio/proveedores/expomex-39,/rankings/productoras-de-eventos-mexico/,regla 2283 reapuntada,
/directorio/proveedores/emkt-mx-38,/rankings/agencias-inbound-marketing-mexico/,regla 2282 reapuntada,
/directorio/proveedores/aeromexico-37,/rankings/agencias-inbound-marketing-mexico/,regla 2281 reapuntada,
/directorio/proveedores/actioncoach-36,/rankings/agencias-inbound-marketing-mexico/,regla 2280 reapuntada,
/directorio/proveedores/gorilla-32,/rankings/agencias-inbound-marketing-mexico/,regla 2279 reapuntada,
/directorio/proveedores/espacio-31,/rankings/agencias-inbound-marketing-mexico/,regla 2278 reapuntada,
/directorio/proveedores/mvs-radio-df-30,/rankings/grupos-radiofonicos-mexico/,regla 2277 reapuntada,
/directorio/proveedores/expopublicitas-df-29,/rankings/proveedores-pop-promocionales-mexico/,regla 2276 reapuntada,
/directorio/proveedores/carteleras-df-28,/rankings/empresas-publicidad-exterior-mexico/,regla 2275 reapuntada,
/directorio/proveedores/arquero-ediciones-df-27,/rankings/agencias-inbound-marketing-mexico/,regla 2274 reapuntada,
/directorio/proveedores/herramientas-para-el-cambio-df-26,/rankings/agencias-de-marketing-mexico/,regla 2273 reapuntada,
/directorio/proveedores/manpower-df-25,/rankings/agencias-de-marketing-mexico/,regla 2272 reapuntada,
/directorio/proveedores/boga-promotion-df-24,/rankings/agencias-btl-promotoria-mexico/,regla 2271 reapuntada,
/directorio/proveedores/amor-953-df-22,/rankings/grupos-radiofonicos-mexico/,regla 2269 reapuntada,
/directorio/proveedores/889-noticias-df-21,/rankings/grupos-radiofonicos-mexico/,regla 2268 reapuntada,
/directorio/proveedores/la-1260-am-df-20,/rankings/agencias-inbound-marketing-mexico/,regla 2267 reapuntada,
/directorio/proveedores/radio-felicidad-df-19,/rankings/grupos-radiofonicos-mexico/,regla 2266 reapuntada,
/directorio/proveedores/instintos-creativos-df-18,/rankings/estudios-diseno-branding-mexico/,regla 2265 reapuntada,
/directorio/proveedores/retro-studio-df-17,/rankings/casas-productoras-mexico/,regla 2264 reapuntada,
/directorio/proveedores/dinamic-direct-df-16,/rankings/agencias-inbound-marketing-mexico/,regla 2263 reapuntada,
/directorio/proveedores/opcion-b-df-15,/rankings/productoras-de-eventos-mexico/,regla 2262 reapuntada,
/directorio/proveedores/photobooth-mexico-df-14,/rankings/productoras-de-eventos-mexico/,regla 2261 reapuntada,
/directorio/proveedores/somos-anahuac-df-13,/rankings/agencias-de-marketing-mexico/,regla 2260 reapuntada,
/directorio/proveedores/integra-df-12,/rankings/agencias-de-marketing-mexico/,regla 2259 reapuntada,
/directorio/proveedores/espect-arte-df-11,/rankings/productoras-de-eventos-mexico/,regla 2258 reapuntada,
/directorio/proveedores/the-premium-machine-df-10,/rankings/agencias-inbound-marketing-mexico/,regla 2257 reapuntada,
/directorio/proveedores/boga-models-df-9,/rankings/productoras-de-eventos-mexico/,regla 2256 reapuntada,
/directorio/proveedores/grupo-vantah-df-8,/rankings/agencias-inbound-marketing-mexico/,regla 2255 reapuntada,
/directorio/proveedores/soluciones-en-publicidad-df-7,/rankings/agencias-de-medios-mexico/,regla 2254 reapuntada,
/directorio/proveedores/exhibit-y-promotion-df-6,/rankings/agencias-btl-promotoria-mexico/,regla 2253 reapuntada,
/directorio/proveedores/banquetes-extelarys-5,/rankings/productoras-de-eventos-mexico/,regla 2252 reapuntada,
/directorio/proveedores/centro-banamex-df-4,/rankings/agencias-inbound-marketing-mexico/,regla 2251 reapuntada,
/directorio/proveedores/digital-993-df-3,/rankings/grupos-radiofonicos-mexico/,regla 2250 reapuntada,
/directorio/proveedores/grupo-acir-df-2,/rankings/grupos-radiofonicos-mexico/,regla 2249 reapuntada,
/directorio/proveedores/fama-impresos-df-1,/rankings/proveedores-pop-promocionales-mexico/,regla 2248 reapuntada,
/proveedores/102-xm-comunicacion-sc,/rankings/agencias-de-marketing-mexico/,URL vieja del directorio,
/proveedores/106-intersexion-monterrey-s-c,/rankings/agencias-de-publicidad-monterrey/,URL vieja del directorio,
/proveedores/108-zale-graphic-s-a-de-c-v,/rankings/agencias-de-publicidad-mexico/,URL vieja del directorio,
/proveedores/112-publicum-consultores-s-a-de-c-v,/rankings/agencias-de-marketing-mexico/,URL vieja del directorio,
/proveedores/114-amfar-sa-de-cv,/rankings/agencias-de-publicidad-mexico/,URL vieja del directorio,
/proveedores/114-amfar-sa-de-cv/contactar,/rankings/agencias-de-publicidad-mexico/,URL vieja del directorio,
/proveedores/116-grupo-ublicitario-del-golfo-s-a-de-c-v,/rankings/agencias-de-publicidad-mexico/,URL vieja del directorio,
/proveedores/117-protarget-estrategia-profesional-s-a-de-c-v,/rankings/agencias-de-marketing-mexico/,URL vieja del directorio,
/proveedores/119-kubica,/rankings/agencias-de-publicidad-mexico/,URL vieja del directorio,
/proveedores/120-grupo-alparied-s-a-de-c-v,/rankings/agencias-de-publicidad-mexico/,URL vieja del directorio,
/proveedores/122-la-voz-de-michoacan-s-a-de-c-v,/rankings/agencias-de-publicidad-mexico/,URL vieja del directorio,
/proveedores/123-comercializadora-vocafys-s-a-de-c-v,/rankings/agencias-de-publicidad-mexico/,URL vieja del directorio,
/proveedores/125-intersexion-queretaro-s-c,/rankings/agencias-de-publicidad-queretaro/,URL vieja del directorio,
/proveedores/125-intersexion-queretaro-s-c/contactar,/rankings/agencias-de-publicidad-queretaro/,URL vieja del directorio,
/proveedores/132-zega-exhibit-design-s-a-de-c-v,/rankings/estudios-diseno-branding-mexico/,URL vieja del directorio,
/proveedores/132-zega-exhibit-design-s-a-de-c-v/contactar,/rankings/estudios-diseno-branding-mexico/,URL vieja del directorio,
/proveedores/133-cmyk-modelo-de-color,/rankings/productoras-de-eventos-mexico/,URL vieja del directorio,
/proveedores/145-grupo-stiletto-s-a-de-c-v,/rankings/agencias-de-publicidad-mexico/,URL vieja del directorio,
/proveedores/150-corporacion-interpublic-mexicana-sa-de-cv,/rankings/agencias-de-publicidad-mexico/,URL vieja del directorio,
/proveedores/150-corporacion-interpublic-mexicana-sa-de-cv/contactar,/rankings/agencias-de-publicidad-mexico/,URL vieja del directorio,
/proveedores/150-corporacion-interpublic-mexicana-sa-de-cv/recomendar,/rankings/agencias-de-publicidad-mexico/,URL vieja del directorio,
/proveedores/152-camaleon-films-sa-de-cv,/rankings/casas-productoras-mexico/,URL vieja del directorio,
/proveedores/159-fusion-media-s-a-de-c-v,/rankings/agencias-de-medios-mexico/,URL vieja del directorio,
/proveedores/161-xpres-xpresate-sa-de-cv,/rankings/agencias-de-publicidad-mexico/,URL vieja del directorio,
/proveedores/165-publicolor,/rankings/agencias-de-publicidad-mexico/,URL vieja del directorio,
/proveedores/169-sak,/rankings/agencias-de-publicidad-mexico/,URL vieja del directorio,
/proveedores/170-publicom,/rankings/agencias-de-publicidad-mexico/,URL vieja del directorio,
/proveedores/178-gsi-fabril-sa-de-cv,/rankings/agencias-de-publicidad-mexico/,URL vieja del directorio,
/proveedores/187-playeras-joshua,/rankings/agencias-de-publicidad-mexico/,URL vieja del directorio,
/proveedores/194-cyflex-s-a-de-c-v,/rankings/agencias-de-publicidad-mexico/,URL vieja del directorio,
/proveedores/197-guias-exclusivas-s-a-de-c-v,/rankings/agencias-de-publicidad-mexico/,URL vieja del directorio,
/proveedores/200-questa-de-mexico-s-a-de-c-v,/rankings/agencias-de-publicidad-mexico/,URL vieja del directorio,
/proveedores/220-calcom-de-mexico,/rankings/agencias-de-publicidad-mexico/,URL vieja del directorio,
/proveedores/221-eficolor,/rankings/agencias-de-publicidad-mexico/,URL vieja del directorio,
/proveedores/221-eficolor/contactar,/rankings/agencias-de-publicidad-mexico/,URL vieja del directorio,
/proveedores/223-sign-solutions-s-a-de-c-v,/rankings/agencias-de-publicidad-mexico/,URL vieja del directorio,
/proveedores/223-sign-solutions-s-a-de-c-v/contactar,/rankings/agencias-de-publicidad-mexico/,URL vieja del directorio,
/proveedores/227-publi-express,/rankings/agencias-de-publicidad-mexico/,URL vieja del directorio,
/proveedores/230-yahoo-de-mexico-s-a-de-c-v,/rankings/agencias-de-publicidad-mexico/,URL vieja del directorio,
/proveedores/238-d-mentes-creativas-s-de-rl,/rankings/estudios-diseno-branding-mexico/,URL vieja del directorio,
/proveedores/239-isa-corporativo-s-a-de-c-v,/rankings/agencias-de-publicidad-mexico/,URL vieja del directorio,
/proveedores/240-megapantallas-de-mexico-s-a-de-c-v,/rankings/empresas-publicidad-exterior-mexico/,URL vieja del directorio,
/proveedores/249-publimerc,/rankings/agencias-de-publicidad-mexico/,URL vieja del directorio,
/proveedores/262-comercializadora-publishuttle-sa-de-cv,/rankings/agencias-de-publicidad-mexico/,URL vieja del directorio,
/proveedores/262-comercializadora-publishuttle-sa-de-cv/contactar,/rankings/agencias-de-publicidad-mexico/,URL vieja del directorio,
/proveedores/266-west-mex-s-a-de-c-v,/rankings/agencias-de-publicidad-mexico/,URL vieja del directorio,
/proveedores/268-publi-pac,/rankings/agencias-de-publicidad-mexico/,URL vieja del directorio,
/proveedores/269-hyc-trade-business-s-a-de-c-v,/rankings/agencias-btl-promotoria-mexico/,URL vieja del directorio,
/proveedores/273-servicios-andes,/rankings/agencias-de-publicidad-mexico/,URL vieja del directorio,
/proveedores/278-grupo-integra,/rankings/agencias-de-publicidad-mexico/,URL vieja del directorio,
/proveedores/280-doble-l-comunicacion-e-informacion,/rankings/agencias-de-marketing-mexico/,URL vieja del directorio,
/proveedores/287-rumbo-publicaciones-s-c,/rankings/agencias-de-publicidad-mexico/,URL vieja del directorio,
/proveedores/291-multi-signos-s-a-de-c-v,/rankings/agencias-de-publicidad-mexico/,URL vieja del directorio,
/proveedores/293-aram-y-asociados-s-a-de-c-v,/rankings/agencias-de-publicidad-mexico/,URL vieja del directorio,
/proveedores/294-lira,/rankings/agencias-de-publicidad-mexico/,URL vieja del directorio,
/proveedores/298-habitat-creativo-sa-de-cv,/rankings/estudios-diseno-branding-mexico/,URL vieja del directorio,
/proveedores/301-publi-anuncios,/rankings/empresas-publicidad-exterior-mexico/,URL vieja del directorio,
/proveedores/303-creasunn-s-a-de-cv,/rankings/agencias-de-publicidad-mexico/,URL vieja del directorio,
/proveedores/310-servicios-de-administracion-e-informatica-sa-de-cv,/rankings/agencias-de-publicidad-mexico/,URL vieja del directorio,
/proveedores/321-otero-27,/rankings/agencias-de-publicidad-mexico/,URL vieja del directorio,
/proveedores/322-grupo-estratega-de-publicidad-sa-de-cv,/rankings/agencias-de-marketing-mexico/,URL vieja del directorio,
/proveedores/323-publi-maya,/rankings/agencias-de-publicidad-mexico/,URL vieja del directorio,
/proveedores/354-sacale-jugo-a-tu-marca-is-de-r-l-de-c-v,/rankings/estudios-diseno-branding-mexico/,URL vieja del directorio,
/proveedores/354-sacale-jugo-a-tu-marca-is-de-r-l-de-c-v/contactar,/rankings/estudios-diseno-branding-mexico/,URL vieja del directorio,
/proveedores/356-hildetex-s-a-de-c-v,/rankings/agencias-de-publicidad-mexico/,URL vieja del directorio,
/proveedores/363-multimedia-del-sureste-s-a-de-c-v,/rankings/agencias-de-medios-mexico/,URL vieja del directorio,
/proveedores/364-televisora-peninsular-s-a-de-c-v,/rankings/agencias-de-publicidad-mexico/,URL vieja del directorio,
/proveedores/369-descar-s-a-de-c-v,/rankings/agencias-de-publicidad-mexico/,URL vieja del directorio,
/proveedores/377-publicaciones-metropolitanas-s-a-de-c-v,/rankings/agencias-de-publicidad-mexico/,URL vieja del directorio,
/proveedores/388-guia-conurbada,/rankings/agencias-de-publicidad-mexico/,URL vieja del directorio,
/proveedores/403-publiservicios-vanguardia-s-a-de-c-v,/rankings/agencias-de-publicidad-mexico/,URL vieja del directorio,
/proveedores/406-publimedia-los-cabos-sa-de-cv,/rankings/agencias-de-medios-mexico/,URL vieja del directorio,
/proveedores/407-publiport-sa-de-cv,/rankings/agencias-de-publicidad-mexico/,URL vieja del directorio,
/proveedores/411-informacion-del-noreste-s-a-de-c-v,/rankings/agencias-de-publicidad-mexico/,URL vieja del directorio,
/proveedores/413-mentor-s-a-de-c-v,/rankings/agencias-de-publicidad-mexico/,URL vieja del directorio,
/proveedores/415-publitec,/rankings/agencias-de-publicidad-mexico/,URL vieja del directorio,
/proveedores/418-grupo-mistica-sa-de-cv,/rankings/agencias-de-publicidad-mexico/,URL vieja del directorio,
/proveedores/419-screencast-s-a-p-i-de-cv,/rankings/agencias-de-publicidad-mexico/,URL vieja del directorio,
/proveedores/422-arclad-de-mexico-sa-de-cv-oficinas,/rankings/agencias-de-publicidad-mexico/,URL vieja del directorio,
/proveedores/429-empresas-isal-s-de-rl-de-cv,/rankings/agencias-de-publicidad-mexico/,URL vieja del directorio,
/proveedores/429-empresas-isal-s-de-rl-de-cv/contactar,/rankings/agencias-de-publicidad-mexico/,URL vieja del directorio,
/proveedores/431-grupo-signos-s-a-de-c-v,/rankings/agencias-de-publicidad-mexico/,URL vieja del directorio,
/proveedores/442-daisa-proyectos,/rankings/agencias-de-publicidad-mexico/,URL vieja del directorio,
/proveedores/444-grupo-hiperformas-del-bajio-s-a-de-c-v,/rankings/agencias-de-publicidad-mexico/,URL vieja del directorio,
/proveedores/444-grupo-hiperformas-del-bajio-s-a-de-c-v/contactar,/rankings/agencias-de-publicidad-mexico/,URL vieja del directorio,
/proveedores/444-grupo-hiperformas-del-bajio-s-a-de-c-v/recomendar,/rankings/agencias-de-publicidad-mexico/,URL vieja del directorio,
/proveedores/449-beltran-y-bernal-stoopen-sc,/rankings/agencias-de-publicidad-mexico/,URL vieja del directorio,
/proveedores/449-beltran-y-bernal-stoopen-sc/recomendar,/rankings/agencias-de-publicidad-mexico/,URL vieja del directorio,
/proveedores/46-cap-servicios-empresariales-sa-de-cv,/rankings/agencias-de-publicidad-mexico/,URL vieja del directorio,
/proveedores/473-spectradyne-international-inc,/rankings/agencias-de-publicidad-mexico/,URL vieja del directorio,
/proveedores/476-numeros-creativos-s-c,/rankings/estudios-diseno-branding-mexico/,URL vieja del directorio,
/proveedores/485-rapicolor,/rankings/agencias-de-publicidad-mexico/,URL vieja del directorio,
/proveedores/486-jugo-de-tomate-s-a-de-c-v,/rankings/agencias-de-publicidad-mexico/,URL vieja del directorio,
/proveedores/49-monsadria-s-a/contactar,/rankings/agencias-de-publicidad-mexico/,URL vieja del directorio,
/proveedores/491-publimaya,/rankings/agencias-de-publicidad-mexico/,URL vieja del directorio,
/proveedores/492-ramirez,/rankings/agencias-de-publicidad-mexico/,URL vieja del directorio,
/proveedores/494-publi-imagen,/rankings/agencias-de-publicidad-mexico/,URL vieja del directorio,
/proveedores/495-fazt-proveedor-de-publiservicios-sa-de-cv,/rankings/agencias-de-publicidad-mexico/,URL vieja del directorio,
/proveedores/495-fazt-proveedor-de-publiservicios-sa-de-cv/recomendar,/rankings/agencias-de-publicidad-mexico/,URL vieja del directorio,
/proveedores/510-calendarios-len,/rankings/agencias-de-publicidad-mexico/,URL vieja del directorio,
/proveedores/524-calendarios-len,/rankings/agencias-de-publicidad-mexico/,URL vieja del directorio,
/proveedores/53-telepersonal-s-a-d-e-c-v,/rankings/agencias-de-publicidad-mexico/,URL vieja del directorio,
/proveedores/533-publitotal-sa-de-cv,/rankings/agencias-de-publicidad-mexico/,URL vieja del directorio,
/proveedores/533-publitotal-sa-de-cv/contactar,/rankings/agencias-de-publicidad-mexico/,URL vieja del directorio,
/proveedores/542-sign-fussion-s-a-de-c-v,/rankings/agencias-de-publicidad-mexico/,URL vieja del directorio,
/proveedores/543-comercializadora-chester-s-a-de-c-v,/rankings/agencias-de-publicidad-mexico/,URL vieja del directorio,
/proveedores/551-publicaciones-del-chuviscar-s-a-de-c-v,/rankings/agencias-de-publicidad-mexico/,URL vieja del directorio,
/proveedores/556-north-american-mailing-services-s-de-r-l-de-c-v,/rankings/agencias-de-publicidad-mexico/,URL vieja del directorio,
/proveedores/556-north-american-mailing-services-s-de-r-l-de-c-v/contactar,/rankings/agencias-de-publicidad-mexico/,URL vieja del directorio,
/proveedores/557-producciones-signaleticas-mexicanas-s-a-de-c-v,/rankings/casas-productoras-mexico/,URL vieja del directorio,
/proveedores/557-producciones-signaleticas-mexicanas-s-a-de-c-v/contactar,/rankings/casas-productoras-mexico/,URL vieja del directorio,
/proveedores/56-grupo-creativos,/rankings/estudios-diseno-branding-mexico/,URL vieja del directorio,
/proveedores/560-ponme-imagen-s-a-de-c-v,/rankings/agencias-de-publicidad-mexico/,URL vieja del directorio,
/proveedores/561-comercializadora-megaprint-s-de-r-l-de-c-v,/rankings/agencias-de-publicidad-mexico/,URL vieja del directorio,
/proveedores/580-bunker-y-taylor-s-a-de-c-v,/rankings/agencias-de-publicidad-mexico/,URL vieja del directorio,
/proveedores/588-aseco-sa-de-cv,/rankings/agencias-de-publicidad-mexico/,URL vieja del directorio,
/proveedores/60-liselot-s-a-de-c-v,/rankings/agencias-de-publicidad-mexico/,URL vieja del directorio,
/proveedores/600-snell-ventures-s-de-rl-de-cv,/rankings/agencias-de-publicidad-mexico/,URL vieja del directorio,
/proveedores/601-g4-de-mexico-s-a-de-c-v,/rankings/agencias-de-publicidad-mexico/,URL vieja del directorio,
/proveedores/602-comercializadora-gps-2000-sa-de-cv,/rankings/agencias-de-publicidad-mexico/,URL vieja del directorio,
/proveedores/603-comercabos-sa-de-cv,/rankings/agencias-de-publicidad-mexico/,URL vieja del directorio,
/proveedores/603-comercabos-sa-de-cv/contactar,/rankings/agencias-de-publicidad-mexico/,URL vieja del directorio,
/proveedores/608-anuncios-luminosos-neon-america,/rankings/empresas-publicidad-exterior-mexico/,URL vieja del directorio,
/proveedores/64-vea-de-occidente-s-a-de-c-v,/rankings/agencias-de-publicidad-mexico/,URL vieja del directorio,
/proveedores/645-saga-del-cupatitzio-s-a-de-c-v,/rankings/agencias-de-publicidad-mexico/,URL vieja del directorio,
/proveedores/649-empresa-de-tecnologia-virtual-sa-de-cv,/rankings/agencias-de-publicidad-mexico/,URL vieja del directorio,
/proveedores/67-enfiestate-com,/rankings/agencias-de-publicidad-mexico/,URL vieja del directorio,
/proveedores/673-capaco-sa-de-cv,/rankings/agencias-de-publicidad-mexico/,URL vieja del directorio,
/proveedores/68-cortina-tagle-isoard-y-cia-sc,/rankings/agencias-de-publicidad-mexico/,URL vieja del directorio,
/proveedores/69-veloga-sa-de-cv,/rankings/agencias-de-publicidad-mexico/,URL vieja del directorio,
/proveedores/692-profesionales-de-playa-mujeres-sa-de-cv,/rankings/agencias-de-publicidad-mexico/,URL vieja del directorio,
/proveedores/70-publycom-s-a-de-c-v,/rankings/agencias-de-publicidad-mexico/,URL vieja del directorio,
/proveedores/716-gmb-comunicaciones-sa-de-cv,/rankings/agencias-de-marketing-mexico/,URL vieja del directorio,
/proveedores/730-publi-1000,/rankings/agencias-de-publicidad-mexico/,URL vieja del directorio,
/proveedores/730-publi-1000/contactar,/rankings/agencias-de-publicidad-mexico/,URL vieja del directorio,
/proveedores/732-publiplaya,/rankings/agencias-de-publicidad-mexico/,URL vieja del directorio,
/proveedores/74-grupo-chong-signs,/rankings/agencias-de-publicidad-mexico/,URL vieja del directorio,
/proveedores/87-licon-y-asociados-s-a-de-c-v,/rankings/agencias-de-publicidad-mexico/,URL vieja del directorio,
/proveedores/87-licon-y-asociados-s-a-de-c-v/contactar,/rankings/agencias-de-publicidad-mexico/,URL vieja del directorio,
/proveedores/89-grupo-ojeda,/rankings/agencias-de-publicidad-mexico/,URL vieja del directorio,
/proveedores/90-publi-shine-s-a-de-c-v,/rankings/agencias-de-publicidad-mexico/,URL vieja del directorio,
/proveedores/92-global-media-asesores-s-a-de-c-v,/rankings/agencias-de-medios-mexico/,URL vieja del directorio,
/proveedores/95-quiero-media-s-a-de-c-v,/rankings/agencias-de-medios-mexico/,URL vieja del directorio,
/proveedores/97-editorial-magesa-s-a-de-c-v,/rankings/agencias-de-publicidad-mexico/,URL vieja del directorio,
/proveedores/99-angelus-producciones-s-a-de-c-v,/rankings/casas-productoras-mexico/,URL vieja del directorio,
/proveedores/activaciones,/rankings/agencias-btl-promotoria-mexico/,URL vieja del directorio,
/proveedores/activaciones/256-5w-mexico-sa-cv,/rankings/agencias-btl-promotoria-mexico/,URL vieja del directorio,
/proveedores/agencias,/rankings/agencias-de-publicidad-mexico/,URL vieja del directorio,
/proveedores/agencias/502-directo-agencia-s-a-de-c-v,/rankings/agencias-de-publicidad-mexico/,URL vieja del directorio,
/proveedores/agencias/agencias-de-diseno/777-agencia-de-diseno-industrial-traktor-lab,/rankings/estudios-diseno-branding-mexico/,URL vieja del directorio,
/proveedores/agencias/agencias-de-medios,/rankings/agencias-de-medios-mexico/,URL vieja del directorio,
/proveedores/agencias/agencias-de-medios/209-business-y-medios-s-a-de-c-v,/rankings/agencias-de-medios-mexico/,URL vieja del directorio,
/proveedores/agencias/agencias-de-medios/231-impactos-frecuencia-y-cobertura-en-medios-sa-de-cv,/rankings/agencias-de-medios-mexico/,URL vieja del directorio,
/proveedores/agencias/agencias-de-medios/279-ingenieria-creativa-en-medios-s-c,/rankings/agencias-de-medios-mexico/,URL vieja del directorio,
/proveedores/agencias/agencias-de-medios/397-digital-multimedios,/rankings/agencias-de-medios-mexico/,URL vieja del directorio,
/proveedores/agencias/agencias-de-medios/563-estrategia-inteligente-de-medios-s-a-de-c-v,/rankings/agencias-de-medios-mexico/,URL vieja del directorio,
/proveedores/agencias/agencias-de-medios/591-optimizacion-en-medios-s-a-de-c-v,/rankings/agencias-de-medios-mexico/,URL vieja del directorio,
/proveedores/agencias/agencias-de-medios/594-impactos-frecuencia-y-cobertura-en-medios-sa-de-cv,/rankings/agencias-de-medios-mexico/,URL vieja del directorio,
/proveedores/agencias/agencias-de-medios/594-impactos-frecuencia-y-cobertura-en-medios-sa-de-cv/contactar,/rankings/agencias-de-medios-mexico/,URL vieja del directorio,
/proveedores/agencias/agencias-de-medios/595-top-medios-s-a-de-c-v,/rankings/agencias-de-medios-mexico/,URL vieja del directorio,
/proveedores/agencias/agencias-de-medios/626-corporativo-medios-en-movimiento-s-a-de-c-v,/rankings/agencias-de-medios-mexico/,URL vieja del directorio,
/proveedores/agencias/agencias-de-medios/647-alroja-medios-sa-de-cv,/rankings/agencias-de-medios-mexico/,URL vieja del directorio,
/proveedores/agencias/agencias-de-medios/73-logica-en-medios-sa-de-cv,/rankings/agencias-de-medios-mexico/,URL vieja del directorio,
/proveedores/agencias/agencias-de-medios/898-agencia-de-medios-initiative,/rankings/agencias-de-medios-mexico/,URL vieja del directorio,
/proveedores/agencias/agencias-de-medios/899-agencia-de-medios-mediacorp,/rankings/agencias-de-medios-mexico/,URL vieja del directorio,
/proveedores/agencias/agencias-de-medios/902-agencia-de-medios-nuklear,/rankings/agencias-de-medios-mexico/,URL vieja del directorio,
/proveedores/agencias/agencias-de-medios/903-agencia-de-medios-omd-mexico,/rankings/agencias-de-medios-mexico/,URL vieja del directorio,
/proveedores/agencias/agencias-de-medios/904-agencia-de-medios-promosat,/rankings/agencias-de-medios-mexico/,URL vieja del directorio,
/proveedores/agencias/agencias-de-medios/905-agencia-de-medios-quiroga-agencia-de-medios,/rankings/agencias-de-medios-mexico/,URL vieja del directorio,
/proveedores/agencias/agencias-de-medios/906-agencia-de-medios-zenithoptimedia,/rankings/agencias-de-medios-mexico/,URL vieja del directorio,
/proveedores/agencias/agencias-de-medios/pagina1,/rankings/agencias-de-medios-mexico/,URL vieja del directorio,
/proveedores/agencias/agencias-de-medios/todo,/rankings/agencias-de-medios-mexico/,URL vieja del directorio,
/proveedores/agencias/agencias-de-mercadotecnia,/rankings/agencias-de-marketing-mexico/,URL vieja del directorio,
/proveedores/agencias/agencias-de-mercadotecnia/1275-agencias-de-marketing-alternativa-mdi,/rankings/agencias-de-marketing-mexico/,URL vieja del directorio,
/proveedores/agencias/agencias-de-mercadotecnia/1278-agencias-de-marketing-asylum-mexico,/rankings/agencias-de-marketing-mexico/,URL vieja del directorio,
/proveedores/agencias/agencias-de-mercadotecnia/1280-agencias-de-marketing-branch-branding,/rankings/estudios-diseno-branding-mexico/,URL vieja del directorio,
/proveedores/agencias/agencias-de-mercadotecnia/1283-agencias-de-marketing-camaleon-marketing,/rankings/agencias-de-marketing-mexico/,URL vieja del directorio,
/proveedores/agencias/agencias-de-mercadotecnia/1284-agencias-de-marketing-campus-marketing,/rankings/agencias-de-marketing-mexico/,URL vieja del directorio,
/proveedores/agencias/agencias-de-mercadotecnia/1286-agencias-de-marketing-circulo-de-ideas-btl,/rankings/agencias-btl-promotoria-mexico/,URL vieja del directorio,
/proveedores/agencias/agencias-de-mercadotecnia/1286-agencias-de-marketing-circulo-de-ideas-btl/contactar,/rankings/agencias-btl-promotoria-mexico/,URL vieja del directorio,
/proveedores/agencias/agencias-de-mercadotecnia/1288-agencias-de-marketing-conceptmkt,/rankings/agencias-de-marketing-mexico/,URL vieja del directorio,
/proveedores/agencias/agencias-de-mercadotecnia/1291-agencias-de-marketing-dharma-publicidad,/rankings/agencias-de-marketing-mexico/,URL vieja del directorio,
/proveedores/agencias/agencias-de-mercadotecnia/1293-agencias-de-marketing-dialogo-boutique-creativa,/rankings/estudios-diseno-branding-mexico/,URL vieja del directorio,
/proveedores/agencias/agencias-de-mercadotecnia/1294-agencias-de-marketing-dlb-group-mexico,/rankings/agencias-de-marketing-mexico/,URL vieja del directorio,
/proveedores/agencias/agencias-de-mercadotecnia/1296-agencias-de-marketing-el-orfanato-ideas-sin-madre,/rankings/agencias-de-marketing-mexico/,URL vieja del directorio,
/proveedores/agencias/agencias-de-mercadotecnia/1301-agencias-de-marketing-exotic-marketing-group,/rankings/agencias-de-marketing-mexico/,URL vieja del directorio,
/proveedores/agencias/agencias-de-mercadotecnia/1302-agencias-de-marketing-fidelity-marketing,/rankings/agencias-de-marketing-mexico/,URL vieja del directorio,
/proveedores/agencias/agencias-de-mercadotecnia/1305-agencias-de-marketing-future-group,/rankings/agencias-de-marketing-mexico/,URL vieja del directorio,
/proveedores/agencias/agencias-de-mercadotecnia/1306-agencias-de-marketing-genera-studio,/rankings/agencias-de-marketing-mexico/,URL vieja del directorio,
/proveedores/agencias/agencias-de-mercadotecnia/1309-agencias-de-marketing-gideas,/rankings/agencias-de-marketing-mexico/,URL vieja del directorio,
/proveedores/agencias/agencias-de-mercadotecnia/1318-agencias-de-marketing-keep-in-touch-marketing-mexico,/rankings/agencias-de-marketing-mexico/,URL vieja del directorio,
/proveedores/agencias/agencias-de-mercadotecnia/1325-agencias-de-marketing-materia-gris,/rankings/agencias-de-marketing-mexico/,URL vieja del directorio,
/proveedores/agencias/agencias-de-mercadotecnia/1326-agencias-de-marketing-matrix-marketing-oob,/rankings/agencias-de-marketing-mexico/,URL vieja del directorio,
/proveedores/agencias/agencias-de-mercadotecnia/1335-agencias-de-marketing-pcc-brand-group-mexico,/rankings/agencias-de-marketing-mexico/,URL vieja del directorio,
/proveedores/agencias/agencias-de-mercadotecnia/1338-agencias-de-marketing-publisenal,/rankings/proveedores-pop-promocionales-mexico/,URL vieja del directorio,
/proveedores/agencias/agencias-de-mercadotecnia/1339-agencias-de-marketing-publiza-marketing,/rankings/agencias-de-marketing-mexico/,URL vieja del directorio,
/proveedores/agencias/agencias-de-mercadotecnia/1340-agencias-de-marketing-punto-tres,/rankings/agencias-de-marketing-mexico/,URL vieja del directorio,
/proveedores/agencias/agencias-de-mercadotecnia/1341-agencias-de-marketing-quarks-consultoria-creativa,/rankings/estudios-diseno-branding-mexico/,URL vieja del directorio,
/proveedores/agencias/agencias-de-mercadotecnia/1343-agencias-de-marketing-revolver-radical,/rankings/agencias-de-marketing-mexico/,URL vieja del directorio,
/proveedores/agencias/agencias-de-mercadotecnia/1344-agencias-de-marketing-rt-marketing,/rankings/agencias-de-marketing-mexico/,URL vieja del directorio,
/proveedores/agencias/agencias-de-mercadotecnia/1345-agencias-de-marketing-ideas-ruizmed,/rankings/agencias-de-marketing-mexico/,URL vieja del directorio,
/proveedores/agencias/agencias-de-mercadotecnia/1346-agencias-de-marketing-sensorik-mkt,/rankings/agencias-de-marketing-mexico/,URL vieja del directorio,
/proveedores/agencias/agencias-de-mercadotecnia/1347-agencias-de-marketing-servipromer,/rankings/agencias-de-marketing-mexico/,URL vieja del directorio,
/proveedores/agencias/agencias-de-mercadotecnia/358-ncyg-marketing-publicidad-y-producciones-sa-de-c-v,/rankings/casas-productoras-mexico/,URL vieja del directorio,
/proveedores/agencias/agencias-de-mercadotecnia/371-global-producciones-and-marketing-sa-de-cv,/rankings/casas-productoras-mexico/,URL vieja del directorio,
/proveedores/agencias/agencias-de-mercadotecnia/38-emkt-mx,/rankings/agencias-de-marketing-mexico/,URL vieja del directorio,
/proveedores/agencias/agencias-de-mercadotecnia/652-servicios-de-asesoria-y-marketing-de-tamaulipas-sa-de-cv,/rankings/agencias-de-marketing-mexico/,URL vieja del directorio,
/proveedores/agencias/agencias-de-mercadotecnia/748-agencia-de-comunicacion-y-marketing-abc-digital,/rankings/agencias-inbound-marketing-mexico/,URL vieja del directorio,
/proveedores/agencias/agencias-de-mercadotecnia/749-agencia-de-comunicacion-y-marketing-agencia-i,/rankings/agencias-de-marketing-mexico/,URL vieja del directorio,
/proveedores/agencias/agencias-de-mercadotecnia/752-agencia-de-comunicacion-y-marketing-central-media,/rankings/agencias-de-medios-mexico/,URL vieja del directorio,
/proveedores/agencias/agencias-de-mercadotecnia/754-agencia-de-comunicacion-y-marketing-concepto-total,/rankings/agencias-de-marketing-mexico/,URL vieja del directorio,
/proveedores/agencias/agencias-de-mercadotecnia/758-agencia-de-comunicacion-y-marketing-godisruptive,/rankings/agencias-de-marketing-mexico/,URL vieja del directorio,
/proveedores/agencias/agencias-de-mercadotecnia/759-agencia-de-comunicacion-y-marketing-grupo-axius,/rankings/agencias-de-marketing-mexico/,URL vieja del directorio,
/proveedores/agencias/agencias-de-mercadotecnia/765-agencia-de-comunicacion-y-marketing-llorente-y-cuenca,/rankings/agencias-de-marketing-mexico/,URL vieja del directorio,
/proveedores/agencias/agencias-de-mercadotecnia/766-agencia-de-comunicacion-y-marketing-pixel-siete,/rankings/agencias-de-marketing-mexico/,URL vieja del directorio,
/proveedores/agencias/agencias-de-mercadotecnia/769-agencia-de-comunicacion-y-marketing-spalancati,/rankings/agencias-de-marketing-mexico/,URL vieja del directorio,
/proveedores/agencias/agencias-de-mercadotecnia/771-agencia-de-comunicacion-y-marketing-tangerine-soul-pr,/rankings/agencias-relaciones-publicas-mexico/,URL vieja del directorio,
/proveedores/agencias/agencias-de-mercadotecnia/772-agencia-de-comunicacion-y-marketing-tengo-una-idea,/rankings/agencias-de-marketing-mexico/,URL vieja del directorio,
/proveedores/agencias/agencias-de-mercadotecnia/773-agencia-de-comunicacion-y-marketing-teorus,/rankings/agencias-de-marketing-mexico/,URL vieja del directorio,
/proveedores/agencias/agencias-de-mercadotecnia/774-agencia-de-comunicacion-y-marketing-the-jeffrey-group,/rankings/agencias-de-marketing-mexico/,URL vieja del directorio,
/proveedores/agencias/agencias-de-mercadotecnia/775-agencia-de-comunicacion-y-marketing-vinter-marketing-vibrations,/rankings/agencias-de-marketing-mexico/,URL vieja del directorio,
/proveedores/agencias/agencias-de-mercadotecnia/todo/pagina3,/rankings/agencias-de-marketing-mexico/,URL vieja del directorio,
/proveedores/agencias/agencias-de-modelos,/rankings/productoras-de-eventos-mexico/,URL vieja del directorio,
/proveedores/agencias/agencias-de-modelos/9-boga-models-df,/rankings/productoras-de-eventos-mexico/,URL vieja del directorio,
/proveedores/agencias/agencias-de-modelos/907-agencia-de-modelos-agencia-de-modelos-mexico,/rankings/productoras-de-eventos-mexico/,URL vieja del directorio,
/proveedores/agencias/agencias-de-modelos/909-agencia-de-modelos-bravo-model,/rankings/productoras-de-eventos-mexico/,URL vieja del directorio,
/proveedores/agencias/agencias-de-modelos/910-agencia-de-modelos-captura-models,/rankings/productoras-de-eventos-mexico/,URL vieja del directorio,
/proveedores/agencias/agencias-de-modelos/915-agencia-de-modelos-gli-attori-casting,/rankings/productoras-de-eventos-mexico/,URL vieja del directorio,
/proveedores/agencias/agencias-de-modelos/917-agencia-de-modelos-lmnts-promotions,/rankings/productoras-de-eventos-mexico/,URL vieja del directorio,
/proveedores/agencias/agencias-de-modelos/918-agencia-de-modelos-look-models-mexico,/rankings/productoras-de-eventos-mexico/,URL vieja del directorio,
/proveedores/agencias/agencias-de-modelos/921-agencia-de-modelos-voala-models,/rankings/productoras-de-eventos-mexico/,URL vieja del directorio,
/proveedores/agencias/agencias-de-modelos/todo,/rankings/productoras-de-eventos-mexico/,URL vieja del directorio,
/proveedores/agencias/agencias-de-promocion,/rankings/agencias-btl-promotoria-mexico/,URL vieja del directorio,
/proveedores/agencias/agencias-de-promocion/922-agencia-de-promocion-advertising-and-promotion,/rankings/agencias-btl-promotoria-mexico/,URL vieja del directorio,
/proveedores/agencias/agencias-de-promocion/925-agencia-de-promocion-grupo-bahlcasa,/rankings/agencias-btl-promotoria-mexico/,URL vieja del directorio,
/proveedores/agencias/agencias-de-promocion/928-agencia-de-promocion-biruzz,/rankings/agencias-btl-promotoria-mexico/,URL vieja del directorio,
/proveedores/agencias/agencias-de-promocion/931-agencia-de-promocion-circus-marketing,/rankings/agencias-btl-promotoria-mexico/,URL vieja del directorio,
/proveedores/agencias/agencias-de-promocion/931-agencia-de-promocion-circus-marketing/contactar,/rankings/agencias-btl-promotoria-mexico/,URL vieja del directorio,
/proveedores/agencias/agencias-de-promocion/932-agencia-de-promocion-corporativo-pedrote,/rankings/agencias-btl-promotoria-mexico/,URL vieja del directorio,
/proveedores/agencias/agencias-de-promocion/932-agencia-de-promocion-corporativo-pedrote/contactar,/rankings/agencias-btl-promotoria-mexico/,URL vieja del directorio,
/proveedores/agencias/agencias-de-promocion/933-agencia-de-promocion-grupo-creatica,/rankings/agencias-btl-promotoria-mexico/,URL vieja del directorio,
/proveedores/agencias/agencias-de-promocion/934-agencia-de-promocion-grupo-ctp,/rankings/agencias-btl-promotoria-mexico/,URL vieja del directorio,
/proveedores/agencias/agencias-de-promocion/935-agencia-de-promocion-dinamica-en-mercadotecnia,/rankings/agencias-btl-promotoria-mexico/,URL vieja del directorio,
/proveedores/agencias/agencias-de-promocion/936-agencia-de-promocion-dinamerc,/rankings/agencias-btl-promotoria-mexico/,URL vieja del directorio,
/proveedores/agencias/agencias-de-promocion/943-agencia-de-promocion-glow-y-grow,/rankings/agencias-btl-promotoria-mexico/,URL vieja del directorio,
/proveedores/agencias/agencias-de-promocion/944-agencia-de-promocion-grupo-cepron,/rankings/agencias-btl-promotoria-mexico/,URL vieja del directorio,
/proveedores/agencias/agencias-de-promocion/947-agencia-de-promocion-grupo-sur-promociones,/rankings/agencias-btl-promotoria-mexico/,URL vieja del directorio,
/proveedores/agencias/agencias-de-promocion/950-agencia-de-promocion-inteligencia-avanzada,/rankings/agencias-btl-promotoria-mexico/,URL vieja del directorio,
/proveedores/agencias/agencias-de-promocion/950-agencia-de-promocion-inteligencia-avanzada/contactar,/rankings/agencias-btl-promotoria-mexico/,URL vieja del directorio,
/proveedores/agencias/agencias-de-promocion/951-agencia-de-promocion-grupo-interlinks,/rankings/agencias-btl-promotoria-mexico/,URL vieja del directorio,
/proveedores/agencias/agencias-de-promocion/952-agencia-de-promocion-market-pro-lideres-de-mercado,/rankings/agencias-btl-promotoria-mexico/,URL vieja del directorio,
/proveedores/agencias/agencias-de-promocion/953-agencia-de-promocion-menta-producciones,/rankings/casas-productoras-mexico/,URL vieja del directorio,
/proveedores/agencias/agencias-de-promocion/954-agencia-de-promocion-mercalogic,/rankings/agencias-btl-promotoria-mexico/,URL vieja del directorio,
/proveedores/agencias/agencias-de-promocion/956-agencia-de-promocion-msprom,/rankings/agencias-btl-promotoria-mexico/,URL vieja del directorio,
/proveedores/agencias/agencias-de-promocion/957-agencia-de-promocion-pauta-creativa,/rankings/agencias-btl-promotoria-mexico/,URL vieja del directorio,
/proveedores/agencias/agencias-de-promocion/958-agencia-de-promocion-payroling,/rankings/agencias-btl-promotoria-mexico/,URL vieja del directorio,
/proveedores/agencias/agencias-de-promocion/963-agencia-de-promocion-marketing-y-promotion,/rankings/agencias-btl-promotoria-mexico/,URL vieja del directorio,
/proveedores/agencias/agencias-de-promocion/964-agencia-de-promocion-promolatina,/rankings/agencias-btl-promotoria-mexico/,URL vieja del directorio,
/proveedores/agencias/agencias-de-promocion/966-agencia-de-promocion-proprom,/rankings/agencias-btl-promotoria-mexico/,URL vieja del directorio,
/proveedores/agencias/agencias-de-promocion/970-agencia-de-promocion-red-promex,/rankings/agencias-btl-promotoria-mexico/,URL vieja del directorio,
/proveedores/agencias/agencias-de-promocion/971-agencia-de-promocion-ronin7,/rankings/agencias-btl-promotoria-mexico/,URL vieja del directorio,
/proveedores/agencias/agencias-de-promocion/974-agencia-de-promocion-shark-btl,/rankings/agencias-btl-promotoria-mexico/,URL vieja del directorio,
/proveedores/agencias/agencias-de-promocion/976-agencia-de-promocion-sinergia-xxi,/rankings/agencias-btl-promotoria-mexico/,URL vieja del directorio,
/proveedores/agencias/agencias-de-promocion/pagina3,/rankings/agencias-btl-promotoria-mexico/,URL vieja del directorio,
/proveedores/agencias/agencias-de-publicidad,/rankings/agencias-de-publicidad-mexico/,URL vieja del directorio,
/proveedores/agencias/agencias-de-publicidad/1001-agencia-de-publicidad-arroyo-publicidad,/rankings/agencias-de-publicidad-mexico/,URL vieja del directorio,
/proveedores/agencias/agencias-de-publicidad/1005-agencia-de-publicidad-bbdo-mexico,/rankings/agencias-de-publicidad-mexico/,URL vieja del directorio,
/proveedores/agencias/agencias-de-publicidad/1007-agencia-de-publicidad-bypower,/rankings/agencias-de-publicidad-mexico/,URL vieja del directorio,
/proveedores/agencias/agencias-de-publicidad/1011-agencia-de-publicidad-cheil-mexico,/rankings/agencias-de-publicidad-mexico/,URL vieja del directorio,
/proveedores/agencias/agencias-de-publicidad/1012-agencia-de-publicidad-chilaquile-btl,/rankings/agencias-btl-promotoria-mexico/,URL vieja del directorio,
/proveedores/agencias/agencias-de-publicidad/1014-agencia-de-publicidad-clemente-camara-y-asociados,/rankings/agencias-de-publicidad-mexico/,URL vieja del directorio,
/proveedores/agencias/agencias-de-publicidad/1015-agencia-de-publicidad-click-publicidad,/rankings/agencias-de-publicidad-mexico/,URL vieja del directorio,
/proveedores/agencias/agencias-de-publicidad/1016-agencia-de-publicidad-com-comunicacion-integral,/rankings/agencias-de-marketing-mexico/,URL vieja del directorio,
/proveedores/agencias/agencias-de-publicidad/1018-agencia-de-publicidad-crecere-quorum,/rankings/agencias-de-publicidad-mexico/,URL vieja del directorio,
/proveedores/agencias/agencias-de-publicidad/1023-agencia-de-publicidad-de-haro-publicidad,/rankings/agencias-de-publicidad-mexico/,URL vieja del directorio,
/proveedores/agencias/agencias-de-publicidad/1024-agencia-de-publicidad-delta-group,/rankings/agencias-de-publicidad-mexico/,URL vieja del directorio,
/proveedores/agencias/agencias-de-publicidad/1025-agencia-de-publicidad-dendrita-publicidad,/rankings/agencias-de-publicidad-mexico/,URL vieja del directorio,
/proveedores/agencias/agencias-de-publicidad/1028-agencia-de-publicidad-euro-beker-rscg,/rankings/agencias-de-publicidad-mexico/,URL vieja del directorio,
/proveedores/agencias/agencias-de-publicidad/1029-agencia-de-publicidad-grupo-ferrer,/rankings/agencias-de-publicidad-mexico/,URL vieja del directorio,
/proveedores/agencias/agencias-de-publicidad/1031-agencia-de-publicidad-frente-btl,/rankings/agencias-btl-promotoria-mexico/,URL vieja del directorio,
/proveedores/agencias/agencias-de-publicidad/1031-agencia-de-publicidad-frente-btl/contactar,/rankings/agencias-btl-promotoria-mexico/,URL vieja del directorio,
/proveedores/agencias/agencias-de-publicidad/1032-agencia-de-publicidad-ganem-group,/rankings/agencias-de-publicidad-mexico/,URL vieja del directorio,
/proveedores/agencias/agencias-de-publicidad/1034-agencia-de-publicidad-gaudelli-mcw,/rankings/agencias-de-publicidad-mexico/,URL vieja del directorio,
/proveedores/agencias/agencias-de-publicidad/1036-agencia-de-publicidad-grey-global-group-mexico,/rankings/agencias-de-publicidad-mexico/,URL vieja del directorio,
/proveedores/agencias/agencias-de-publicidad/1038-agencia-de-publicidad-guru-market,/rankings/agencias-de-publicidad-mexico/,URL vieja del directorio,
/proveedores/agencias/agencias-de-publicidad/1039-agencia-de-publicidad-havas-worldwide-mexico,/rankings/agencias-de-publicidad-mexico/,URL vieja del directorio,
/proveedores/agencias/agencias-de-publicidad/1040-agencia-de-publicidad-haz-comunicacion,/rankings/agencias-de-marketing-mexico/,URL vieja del directorio,
/proveedores/agencias/agencias-de-publicidad/1042-agencia-de-publicidad-imagogenia,/rankings/agencias-de-publicidad-mexico/,URL vieja del directorio,
/proveedores/agencias/agencias-de-publicidad/1043-agencia-de-publicidad-imagic-group,/rankings/agencias-de-publicidad-mexico/,URL vieja del directorio,
/proveedores/agencias/agencias-de-publicidad/1044-agencia-de-publicidad-increapublicidad,/rankings/agencias-de-publicidad-mexico/,URL vieja del directorio,
/proveedores/agencias/agencias-de-publicidad/1045-agencia-de-publicidad-inmotion-productions,/rankings/agencias-de-publicidad-mexico/,URL vieja del directorio,
/proveedores/agencias/agencias-de-publicidad/1046-agencia-de-publicidad-in-situ-publicidad,/rankings/agencias-de-publicidad-mexico/,URL vieja del directorio,
/proveedores/agencias/agencias-de-publicidad/1048-agencia-de-publicidad-jwt-mexico,/rankings/agencias-de-publicidad-mexico/,URL vieja del directorio,
/proveedores/agencias/agencias-de-publicidad/1050-agencia-de-publicidad-la-doble-vida,/rankings/agencias-de-publicidad-mexico/,URL vieja del directorio,
/proveedores/agencias/agencias-de-publicidad/1052-agencia-de-publicidad-lagencita,/rankings/agencias-de-publicidad-mexico/,URL vieja del directorio,
/proveedores/agencias/agencias-de-publicidad/1053-agencia-de-publicidad-lebrija-rubio-publicidad,/rankings/agencias-de-publicidad-mexico/,URL vieja del directorio,
/proveedores/agencias/agencias-de-publicidad/1053-agencia-de-publicidad-lebrija-rubio-publicidad/contactar,/rankings/agencias-de-publicidad-mexico/,URL vieja del directorio,
/proveedores/agencias/agencias-de-publicidad/1054-agencia-de-publicidad-leo-burnett-mexico,/rankings/agencias-de-publicidad-mexico/,URL vieja del directorio,
/proveedores/agencias/agencias-de-publicidad/1055-agencia-de-publicidad-lowe,/rankings/agencias-de-publicidad-mexico/,URL vieja del directorio,
/proveedores/agencias/agencias-de-publicidad/1056-agencia-de-publicidad-magnus-mccoy,/rankings/agencias-de-publicidad-mexico/,URL vieja del directorio,
/proveedores/agencias/agencias-de-publicidad/1060-agencia-de-publicidad-medellin-publicistas,/rankings/agencias-de-publicidad-mexico/,URL vieja del directorio,
/proveedores/agencias/agencias-de-publicidad/1061-agencia-de-publicidad-möller-comunicacion-de-marcas,/rankings/estudios-diseno-branding-mexico/,URL vieja del directorio,
/proveedores/agencias/agencias-de-publicidad/1066-agencia-de-publicidad-ninja,/rankings/agencias-de-publicidad-mexico/,URL vieja del directorio,
/proveedores/agencias/agencias-de-publicidad/1068-agencia-de-publicidad-ogilvy-y-mather,/rankings/agencias-de-publicidad-mexico/,URL vieja del directorio,
/proveedores/agencias/agencias-de-publicidad/1069-agencia-de-publicidad-olabuenaga-chemistri,/rankings/agencias-de-publicidad-mexico/,URL vieja del directorio,
/proveedores/agencias/agencias-de-publicidad/1074-agencia-de-publicidad-pgiovascom,/rankings/agencias-de-publicidad-mexico/,URL vieja del directorio,
/proveedores/agencias/agencias-de-publicidad/1076-agencia-de-publicidad-pico-adworks,/rankings/agencias-de-publicidad-mexico/,URL vieja del directorio,
/proveedores/agencias/agencias-de-publicidad/1077-agencia-de-publicidad-pool-creativo,/rankings/estudios-diseno-branding-mexico/,URL vieja del directorio,
/proveedores/agencias/agencias-de-publicidad/1078-agencia-de-publicidad-postermedia,/rankings/agencias-de-medios-mexico/,URL vieja del directorio,
/proveedores/agencias/agencias-de-publicidad/1079-agencia-de-publicidad-primitivo-publicidad,/rankings/agencias-de-publicidad-mexico/,URL vieja del directorio,
/proveedores/agencias/agencias-de-publicidad/1080-agencia-de-publicidad-promarket,/rankings/agencias-de-publicidad-mexico/,URL vieja del directorio,
/proveedores/agencias/agencias-de-publicidad/1081-agencia-de-publicidad-promo-express,/rankings/agencias-btl-promotoria-mexico/,URL vieja del directorio,
/proveedores/agencias/agencias-de-publicidad/1082-agencia-de-publicidad-proyecta-live-brand,/rankings/agencias-de-publicidad-mexico/,URL vieja del directorio,
/proveedores/agencias/agencias-de-publicidad/1083-agencia-de-publicidad-proyecta-publicidad,/rankings/agencias-de-publicidad-mexico/,URL vieja del directorio,
/proveedores/agencias/agencias-de-publicidad/1084-agencia-de-publicidad-publicidad-global-mexico,/rankings/agencias-de-publicidad-mexico/,URL vieja del directorio,
/proveedores/agencias/agencias-de-publicidad/1085-agencia-de-publicidad-publicis-mexico,/rankings/agencias-de-publicidad-mexico/,URL vieja del directorio,
/proveedores/agencias/agencias-de-publicidad/1086-agencia-de-publicidad-publycity,/rankings/agencias-de-publicidad-mexico/,URL vieja del directorio,
/proveedores/agencias/agencias-de-publicidad/1088-agencia-de-publicidad-el-recreo-comunicacion,/rankings/agencias-de-marketing-mexico/,URL vieja del directorio,
/proveedores/agencias/agencias-de-publicidad/1088-agencia-de-publicidad-el-recreo-comunicacion/contactar,/rankings/agencias-de-marketing-mexico/,URL vieja del directorio,
/proveedores/agencias/agencias-de-publicidad/1090-agencia-de-publicidad-nazca-saatchi-y-saatchi,/rankings/agencias-de-publicidad-mexico/,URL vieja del directorio,
/proveedores/agencias/agencias-de-publicidad/1092-agencia-de-publicidad-seis-grados,/rankings/agencias-de-publicidad-mexico/,URL vieja del directorio,
/proveedores/agencias/agencias-de-publicidad/1096-agencia-de-publicidad-spora-publicidad-y-diseno-grafico,/rankings/proveedores-pop-promocionales-mexico/,URL vieja del directorio,
/proveedores/agencias/agencias-de-publicidad/110-publicidad-osorio,/rankings/agencias-de-publicidad-mexico/,URL vieja del directorio,
/proveedores/agencias/agencias-de-publicidad/1100-agencia-de-publicidad-synapsis-de-mexico,/rankings/agencias-de-publicidad-mexico/,URL vieja del directorio,
/proveedores/agencias/agencias-de-publicidad/1104-agencia-de-publicidad-titan-mexico,/rankings/agencias-de-publicidad-mexico/,URL vieja del directorio,
/proveedores/agencias/agencias-de-publicidad/1105-agencia-de-publicidad-todolocontrario,/rankings/agencias-de-publicidad-mexico/,URL vieja del directorio,
/proveedores/agencias/agencias-de-publicidad/1106-agencia-de-publicidad-tovar-mina-y-asociados/contactar,/rankings/agencias-de-publicidad-mexico/,URL vieja del directorio,
/proveedores/agencias/agencias-de-publicidad/1107-agencia-de-publicidad-grupo-vale-euro-rscg,/rankings/agencias-de-publicidad-mexico/,URL vieja del directorio,
/proveedores/agencias/agencias-de-publicidad/1107-agencia-de-publicidad-grupo-vale-euro-rscg/contactar,/rankings/agencias-de-publicidad-mexico/,URL vieja del directorio,
/proveedores/agencias/agencias-de-publicidad/1108-agencia-de-publicidad-visual-latina,/rankings/agencias-de-publicidad-mexico/,URL vieja del directorio,
/proveedores/agencias/agencias-de-publicidad/1110-agencia-de-publicidad-vux,/rankings/agencias-de-publicidad-mexico/,URL vieja del directorio,
/proveedores/agencias/agencias-de-publicidad/1111-agencia-de-publicidad-w360°,/rankings/agencias-de-marketing-mexico/,URL vieja del directorio,
/proveedores/agencias/agencias-de-publicidad/1113-agencia-de-publicidad-ar-weitzner-y-asociados,/rankings/agencias-de-publicidad-mexico/,URL vieja del directorio,
/proveedores/agencias/agencias-de-publicidad/1117-agencia-de-publicidad-xpand-marketing-group,/rankings/agencias-de-marketing-mexico/,URL vieja del directorio,
/proveedores/agencias/agencias-de-publicidad/1120-agencia-de-publicidad-zeta-publicidad,/rankings/agencias-de-publicidad-mexico/,URL vieja del directorio,
/proveedores/agencias/agencias-de-publicidad/1121-agencia-de-publicidad-zoo,/rankings/agencias-de-publicidad-mexico/,URL vieja del directorio,
/proveedores/agencias/agencias-de-publicidad/1146-agencia-de-publicidad-farmaceutica-adacosta,/rankings/agencias-de-publicidad-mexico/,URL vieja del directorio,
/proveedores/agencias/agencias-de-publicidad/1148-agencia-de-publicidad-farmaceutica-asterisco-healthcare-communications,/rankings/agencias-de-publicidad-mexico/,URL vieja del directorio,
/proveedores/agencias/agencias-de-publicidad/1150-agencia-de-publicidad-farmaceutica-carlos-ascobereta-publicidad,/rankings/agencias-de-publicidad-mexico/,URL vieja del directorio,
/proveedores/agencias/agencias-de-publicidad/1151-agencia-de-publicidad-farmaceutica-cdyp-concepto-diseno-y-publicidad,/rankings/estudios-diseno-branding-mexico/,URL vieja del directorio,
/proveedores/agencias/agencias-de-publicidad/1153-agencia-de-publicidad-farmaceutica-ifloat-mexico,/rankings/agencias-de-publicidad-mexico/,URL vieja del directorio,
/proveedores/agencias/agencias-de-publicidad/1154-agencia-de-publicidad-farmaceutica-marketing-latino,/rankings/agencias-de-marketing-mexico/,URL vieja del directorio,
/proveedores/agencias/agencias-de-publicidad/1156-agencia-de-publicidad-farmaceutica-punto-pen,/rankings/agencias-de-publicidad-mexico/,URL vieja del directorio,
/proveedores/agencias/agencias-de-publicidad/1157-agencia-de-publicidad-farmaceutica-queruva,/rankings/agencias-de-publicidad-mexico/,URL vieja del directorio,
/proveedores/agencias/agencias-de-publicidad/1159-agencia-de-publicidad-farmaceutica-timspa,/rankings/agencias-de-publicidad-mexico/,URL vieja del directorio,
/proveedores/agencias/agencias-de-publicidad/141-pimsa-publicidad-s-a-de-c-v,/rankings/agencias-de-publicidad-mexico/,URL vieja del directorio,
/proveedores/agencias/agencias-de-publicidad/163-publicidad-de-aguinaga-sa-de-cv,/rankings/agencias-de-publicidad-mexico/,URL vieja del directorio,
/proveedores/agencias/agencias-de-publicidad/205-mi-publicidad,/rankings/agencias-de-publicidad-mexico/,URL vieja del directorio,
/proveedores/agencias/agencias-de-publicidad/232-mr-publicidad-s-a-de-c-v,/rankings/agencias-de-publicidad-mexico/,URL vieja del directorio,
/proveedores/agencias/agencias-de-publicidad/232-mr-publicidad-s-a-de-c-v/contactar,/rankings/agencias-de-publicidad-mexico/,URL vieja del directorio,
/proveedores/agencias/agencias-de-publicidad/271-o-k-publicidad,/rankings/agencias-de-publicidad-mexico/,URL vieja del directorio,
/proveedores/agencias/agencias-de-publicidad/290-extra-publicidad,/rankings/agencias-de-publicidad-mexico/,URL vieja del directorio,
/proveedores/agencias/agencias-de-publicidad/296-publicidad-activa-mobil-s-a-de-c-v,/rankings/agencias-de-publicidad-mexico/,URL vieja del directorio,
/proveedores/agencias/agencias-de-publicidad/302-csm-publicidad-s-a-de-c-v,/rankings/agencias-de-publicidad-mexico/,URL vieja del directorio,
/proveedores/agencias/agencias-de-publicidad/318-publidigital,/rankings/agencias-inbound-marketing-mexico/,URL vieja del directorio,
/proveedores/agencias/agencias-de-publicidad/360-blau-publicidad,/rankings/agencias-de-marketing-mexico/,URL vieja del directorio,
/proveedores/agencias/agencias-de-publicidad/367-maxima-publicidad,/rankings/agencias-de-publicidad-mexico/,URL vieja del directorio,
/proveedores/agencias/agencias-de-publicidad/380-isi-publicidad,/rankings/agencias-de-publicidad-mexico/,URL vieja del directorio,
/proveedores/agencias/agencias-de-publicidad/384-oh-publicidad-y-negocios,/rankings/agencias-de-publicidad-mexico/,URL vieja del directorio,
/proveedores/agencias/agencias-de-publicidad/390-creatimex-publicidad-sa-de-cv,/rankings/agencias-de-publicidad-mexico/,URL vieja del directorio,
/proveedores/agencias/agencias-de-publicidad/497-computadoras-y-publicidad-s-a-de-c-v,/rankings/agencias-de-publicidad-mexico/,URL vieja del directorio,
/proveedores/agencias/agencias-de-publicidad/498-grupo-comercial-coagsa-digital-sa-de-cv/contactar,/rankings/agencias-inbound-marketing-mexico/,URL vieja del directorio,
/proveedores/agencias/agencias-de-publicidad/529-xpresate-publicidad,/rankings/agencias-de-publicidad-mexico/,URL vieja del directorio,
/proveedores/agencias/agencias-de-publicidad/530-matisse-publicidad,/rankings/agencias-de-publicidad-mexico/,URL vieja del directorio,
/proveedores/agencias/agencias-de-publicidad/582-orlandos-publicidad,/rankings/agencias-de-publicidad-mexico/,URL vieja del directorio,
/proveedores/agencias/agencias-de-publicidad/589-consultoria-y-asesoria-en-publicidad-sa-de-cv,/rankings/agencias-de-marketing-mexico/,URL vieja del directorio,
/proveedores/agencias/agencias-de-publicidad/611-a-publicidad,/rankings/agencias-de-publicidad-mexico/,URL vieja del directorio,
/proveedores/agencias/agencias-de-publicidad/618-tisca-publicidad,/rankings/agencias-de-publicidad-mexico/,URL vieja del directorio,
/proveedores/agencias/agencias-de-publicidad/62-instituto-de-mercadotecnia-y-publicidad-sc,/rankings/agencias-de-marketing-mexico/,URL vieja del directorio,
/proveedores/agencias/agencias-de-publicidad/621-publicidad-augusto-elias-s-a-de-c-v,/rankings/agencias-de-publicidad-mexico/,URL vieja del directorio,
/proveedores/agencias/agencias-de-publicidad/621-publicidad-augusto-elias-s-a-de-c-v/contactar,/rankings/agencias-de-publicidad-mexico/,URL vieja del directorio,
/proveedores/agencias/agencias-de-publicidad/625-trazo-corporativo-en-publicidad-sa-de-cv,/rankings/agencias-de-publicidad-mexico/,URL vieja del directorio,
/proveedores/agencias/agencias-de-publicidad/628-bimad-publicidad-s-a-de-c-v,/rankings/agencias-de-publicidad-mexico/,URL vieja del directorio,
/proveedores/agencias/agencias-de-publicidad/641-reyes-cano-publicidad-sa-de-cv,/rankings/agencias-de-publicidad-mexico/,URL vieja del directorio,
/proveedores/agencias/agencias-de-publicidad/644-comercializadora-copasi-publicidad,/rankings/agencias-de-publicidad-mexico/,URL vieja del directorio,
/proveedores/agencias/agencias-de-publicidad/677-casa-publicidad-y-asociados-s-a-de-c-v,/rankings/agencias-de-publicidad-mexico/,URL vieja del directorio,
/proveedores/agencias/agencias-de-publicidad/680-contreras-publicidad,/rankings/agencias-de-publicidad-mexico/,URL vieja del directorio,
/proveedores/agencias/agencias-de-publicidad/735-publimedios,/rankings/agencias-de-medios-mexico/,URL vieja del directorio,
/proveedores/agencias/agencias-de-publicidad/84-integra-tu-publicidad-sc,/rankings/agencias-de-publicidad-mexico/,URL vieja del directorio,
/proveedores/agencias/agencias-de-publicidad/91-publicidad-de-aguinaga-s-a-de-c-v,/rankings/agencias-de-publicidad-mexico/,URL vieja del directorio,
/proveedores/agencias/agencias-de-publicidad/982-agencia-de-publicidad-021-comunicaciones,/rankings/agencias-de-marketing-mexico/,URL vieja del directorio,
/proveedores/agencias/agencias-de-publicidad/985-agencia-de-publicidad-area6,/rankings/agencias-de-publicidad-mexico/,URL vieja del directorio,
/proveedores/agencias/agencias-de-publicidad/992-agencia-de-publicidad-alazraki-y-asociados,/rankings/agencias-de-publicidad-mexico/,URL vieja del directorio,
/proveedores/agencias/agencias-de-publicidad/994-agencia-de-publicidad-alvarado-molina,/rankings/agencias-de-publicidad-mexico/,URL vieja del directorio,
/proveedores/agencias/agencias-de-publicidad/997-agencia-de-publicidad-amk-healthcare,/rankings/agencias-de-publicidad-mexico/,URL vieja del directorio,
/proveedores/agencias/agencias-de-publicidad/pagina12,/rankings/agencias-de-publicidad-mexico/,URL vieja del directorio,
/proveedores/agencias/agencias-de-publicidad/pagina6,/rankings/agencias-de-publicidad-mexico/,URL vieja del directorio,
/proveedores/agencias/agencias-de-publicidad/pagina9,/rankings/agencias-de-publicidad-mexico/,URL vieja del directorio,
/proveedores/agencias/agencias-de-recursos-humanos/1160-agencia-de-recursos-humanos-cm-talent-y-development,/rankings/agencias-de-publicidad-mexico/,URL vieja del directorio,
/proveedores/agencias/agencias-de-recursos-humanos/1165-agencia-de-recursos-humanos-hm-consultores,/rankings/agencias-de-marketing-mexico/,URL vieja del directorio,
/proveedores/agencias/agencias-de-recursos-humanos/1171-agencia-de-recursos-humanos-mexidooro-internacional,/rankings/agencias-de-publicidad-mexico/,URL vieja del directorio,
/proveedores/agencias/agencias-de-recursos-humanos/1175-agencia-de-recursos-humanos-rolling-personnel,/rankings/agencias-de-publicidad-mexico/,URL vieja del directorio,
/proveedores/agencias/agencias-de-recursos-humanos/1177-agencia-de-recursos-humanos-suplementos-corporativos,/rankings/agencias-de-publicidad-mexico/,URL vieja del directorio,
/proveedores/agencias/agencias-de-tecnologia/1221-agencia-de-tecnologia-monere-business,/rankings/agencias-de-publicidad-mexico/,URL vieja del directorio,
/proveedores/agencias/agencias-de-tecnologia/1224-agencia-de-tecnologia-tkinov,/rankings/agencias-de-publicidad-mexico/,URL vieja del directorio,
/proveedores/agencias/agencias-de-tecnologia/1224-agencia-de-tecnologia-tkinov/contactar,/rankings/agencias-de-publicidad-mexico/,URL vieja del directorio,
/proveedores/agencias/agencias-de-tecnologia/1716-soporte-tecnico-it-sistemas-tecnocen,/rankings/agencias-de-publicidad-mexico/,URL vieja del directorio,
/proveedores/agencias/rp-s,/rankings/agencias-relaciones-publicas-mexico/,URL vieja del directorio,
/proveedores/agencias/rp-s/1183-agencia-de-relaciones-publicas-audacia-comunicacion,/rankings/agencias-relaciones-publicas-mexico/,URL vieja del directorio,
/proveedores/agencias/rp-s/1185-agencia-de-relaciones-publicas-cohn-y-wolfe-mexico,/rankings/agencias-relaciones-publicas-mexico/,URL vieja del directorio,
/proveedores/agencias/rp-s/1189-agencia-de-relaciones-publicas-enlace-integral,/rankings/agencias-relaciones-publicas-mexico/,URL vieja del directorio,
/proveedores/agencias/rp-s/1190-agencia-de-relaciones-publicas-eureka-y-co,/rankings/agencias-relaciones-publicas-mexico/,URL vieja del directorio,
/proveedores/agencias/rp-s/1191-agencia-de-relaciones-publicas-euroamerica,/rankings/agencias-relaciones-publicas-mexico/,URL vieja del directorio,
/proveedores/agencias/rp-s/1193-agencia-de-relaciones-publicas-fleishmanhillard-mexico,/rankings/agencias-relaciones-publicas-mexico/,URL vieja del directorio,
/proveedores/agencias/rp-s/1194-agencia-de-relaciones-publicas-grupo-public,/rankings/agencias-relaciones-publicas-mexico/,URL vieja del directorio,
/proveedores/agencias/rp-s/1196-agencia-de-relaciones-publicas-iq-pr,/rankings/agencias-relaciones-publicas-mexico/,URL vieja del directorio,
/proveedores/agencias/rp-s/1197-agencia-de-relaciones-publicas-kaleidoscopio-pr,/rankings/agencias-relaciones-publicas-mexico/,URL vieja del directorio,
/proveedores/agencias/rp-s/1203-agencia-de-relaciones-publicas-makken-rrpp,/rankings/agencias-relaciones-publicas-mexico/,URL vieja del directorio,
/proveedores/agencias/rp-s/1205-agencia-de-relaciones-publicas-massideas,/rankings/agencias-relaciones-publicas-mexico/,URL vieja del directorio,
/proveedores/agencias/rp-s/1209-agencia-de-relaciones-publicas-penagos-comunicacion,/rankings/agencias-relaciones-publicas-mexico/,URL vieja del directorio,
/proveedores/agencias/rp-s/1210-agencia-de-relaciones-publicas-31416r-relaciones-publicas,/rankings/agencias-relaciones-publicas-mexico/,URL vieja del directorio,
/proveedores/agencias/todo/pagina17,/rankings/agencias-de-publicidad-mexico/,URL vieja del directorio,
/proveedores/agencias/todo/pagina2,/rankings/agencias-de-publicidad-mexico/,URL vieja del directorio,
/proveedores/agencias/todo/pagina9,/rankings/agencias-de-publicidad-mexico/,URL vieja del directorio,
/proveedores/buscar-por/city,/rankings/agencias-de-publicidad-mexico/,URL vieja del directorio,
/proveedores/buscar-por/city/15,/rankings/agencias-de-publicidad-mexico/,URL vieja del directorio,
/proveedores/buscar-por/city/23,/rankings/agencias-de-publicidad-mexico/,URL vieja del directorio,
/proveedores/buscar-por/city/26,/rankings/agencias-de-publicidad-mexico/,URL vieja del directorio,
/proveedores/buscar-por/city/42,/rankings/agencias-de-publicidad-mexico/,URL vieja del directorio,
/proveedores/buscar-por/city/5,/rankings/agencias-de-publicidad-mexico/,URL vieja del directorio,
/proveedores/buscar-por/city/7,/rankings/agencias-de-publicidad-mexico/,URL vieja del directorio,
/proveedores/buscar-por/city/8,/rankings/agencias-de-publicidad-mexico/,URL vieja del directorio,
/proveedores/buscar-por/country/16,/rankings/agencias-de-publicidad-mexico/,URL vieja del directorio,
/proveedores/buscar-por/country/17,/rankings/agencias-de-publicidad-mexico/,URL vieja del directorio,
/proveedores/buscar-por/country/19,/rankings/agencias-de-publicidad-mexico/,URL vieja del directorio,
/proveedores/buscar-por/country/2,/rankings/agencias-de-publicidad-mexico/,URL vieja del directorio,
/proveedores/buscar-por/country/26,/rankings/agencias-de-publicidad-mexico/,URL vieja del directorio,
/proveedores/buscar-por/country/3,/rankings/agencias-de-publicidad-mexico/,URL vieja del directorio,
/proveedores/buscar-por/country/31,/rankings/agencias-de-publicidad-mexico/,URL vieja del directorio,
/proveedores/buscar-por/country/32,/rankings/agencias-de-publicidad-mexico/,URL vieja del directorio,
/proveedores/buscar-por/country/33,/rankings/agencias-de-publicidad-mexico/,URL vieja del directorio,
/proveedores/buscar-por/country/45,/rankings/agencias-de-publicidad-mexico/,URL vieja del directorio,
/proveedores/buscar-por/country/5,/rankings/agencias-de-publicidad-mexico/,URL vieja del directorio,
/proveedores/buscar-por/country/61,/rankings/agencias-de-publicidad-mexico/,URL vieja del directorio,
/proveedores/buscar-por/country/64,/rankings/agencias-de-publicidad-mexico/,URL vieja del directorio,
/proveedores/buscar-por/country/70,/rankings/agencias-de-publicidad-mexico/,URL vieja del directorio,
/proveedores/buscar-por/country/77,/rankings/agencias-de-publicidad-mexico/,URL vieja del directorio,
/proveedores/buscar-por/state,/rankings/agencias-de-publicidad-mexico/,URL vieja del directorio,
/proveedores/buscar-por/state/1,/rankings/agencias-de-publicidad-mexico/,URL vieja del directorio,
/proveedores/buscar-por/state/10,/rankings/agencias-de-publicidad-mexico/,URL vieja del directorio,
/proveedores/buscar-por/state/53,/rankings/agencias-de-publicidad-mexico/,URL vieja del directorio,
/proveedores/campanas-politicas,/rankings/agencias-de-publicidad-mexico/,URL vieja del directorio,
/proveedores/capacitacion-y-cursos/741-agencia-de-capacitacion-achieveglobal,/rankings/agencias-de-publicidad-mexico/,URL vieja del directorio,
/proveedores/capacitacion-y-cursos/742-agencia-de-capacitacion-alef-consultores,/rankings/agencias-de-marketing-mexico/,URL vieja del directorio,
/proveedores/convenciones/aerolineas/37-aeromexico,/rankings/productoras-de-eventos-mexico/,URL vieja del directorio,
/proveedores/convenciones/aerolineas/41-volaris,/rankings/productoras-de-eventos-mexico/,URL vieja del directorio,
/proveedores/diseno,/rankings/estudios-diseno-branding-mexico/,URL vieja del directorio,
/proveedores/diseno/1368-despacho-de-diseno-adc-global-creativity,/rankings/estudios-diseno-branding-mexico/,URL vieja del directorio,
/proveedores/diseno/1370-despacho-de-diseno-arg-comunicacion,/rankings/estudios-diseno-branding-mexico/,URL vieja del directorio,
/proveedores/diseno/1381-despacho-de-diseno-diseno-y-publicidad-mexicana,/rankings/estudios-diseno-branding-mexico/,URL vieja del directorio,
/proveedores/diseno/1386-despacho-de-diseno-estop-diseno,/rankings/estudios-diseno-branding-mexico/,URL vieja del directorio,
/proveedores/diseno/1395-despacho-de-diseno-kolazh-diseno-grafico,/rankings/proveedores-pop-promocionales-mexico/,URL vieja del directorio,
/proveedores/diseno/1398-despacho-de-diseno-lerf-diseno,/rankings/estudios-diseno-branding-mexico/,URL vieja del directorio,
/proveedores/diseno/1401-despacho-de-diseno-metanoia-publicidad,/rankings/estudios-diseno-branding-mexico/,URL vieja del directorio,
/proveedores/diseno/1408-despacho-de-diseno-promomania,/rankings/estudios-diseno-branding-mexico/,URL vieja del directorio,
/proveedores/diseno/1410-despacho-de-diseno-retorno-tassier,/rankings/estudios-diseno-branding-mexico/,URL vieja del directorio,
/proveedores/diseno/1410-despacho-de-diseno-retorno-tassier/contactar,/rankings/estudios-diseno-branding-mexico/,URL vieja del directorio,
/proveedores/diseno/1412-despacho-de-diseno-ruiz-rocha,/rankings/estudios-diseno-branding-mexico/,URL vieja del directorio,
/proveedores/diseno/1413-despacho-de-diseno-sago-publicidad,/rankings/estudios-diseno-branding-mexico/,URL vieja del directorio,
/proveedores/diseno/1414-despacho-de-diseno-scientika,/rankings/estudios-diseno-branding-mexico/,URL vieja del directorio,
/proveedores/diseno/1415-despacho-de-diseno-serikat-diseno,/rankings/estudios-diseno-branding-mexico/,URL vieja del directorio,
/proveedores/diseno/1418-despacho-de-diseno-sol-consultores,/rankings/estudios-diseno-branding-mexico/,URL vieja del directorio,
/proveedores/diseno/1419-despacho-de-diseno-solo-idea,/rankings/estudios-diseno-branding-mexico/,URL vieja del directorio,
/proveedores/diseno/1420-despacho-de-diseno-sphein-design-studios,/rankings/estudios-diseno-branding-mexico/,URL vieja del directorio,
/proveedores/diseno/1424-despacho-de-diseno-torneo-de-ideas,/rankings/estudios-diseno-branding-mexico/,URL vieja del directorio,
/proveedores/diseno/1426-despacho-de-diseno-wish-socios-creativos,/rankings/estudios-diseno-branding-mexico/,URL vieja del directorio,
/proveedores/diseno/192-diseños-le-fame-s-a-de-c-v,/rankings/estudios-diseno-branding-mexico/,URL vieja del directorio,
/proveedores/diseno/206-fucar-arte-y-diseño,/rankings/estudios-diseno-branding-mexico/,URL vieja del directorio,
/proveedores/diseno/diseno-multimedia/1261-agencia-interactiva-ingenia-group,/rankings/agencias-de-medios-mexico/,URL vieja del directorio,
/proveedores/diseno/diseno-multimedia/1264-agencia-multimedia-concepto-movil,/rankings/agencias-de-medios-mexico/,URL vieja del directorio,
/proveedores/diseno/diseno-multimedia/17-retro-studio-df,/rankings/agencias-de-medios-mexico/,URL vieja del directorio,
/proveedores/diseno/diseno-y-desarrollo-web/1437-diseno-y-desarrollo-web-abargon-evalue-developers,/rankings/agencias-inbound-marketing-mexico/,URL vieja del directorio,
/proveedores/diseno/diseno-y-desarrollo-web/1457-diseno-y-desarrollo-web-denumeris-interactive,/rankings/agencias-inbound-marketing-mexico/,URL vieja del directorio,
/proveedores/diseno/diseno-y-desarrollo-web/1461-diseno-y-desarrollo-web-el-milagrito,/rankings/agencias-inbound-marketing-mexico/,URL vieja del directorio,
/proveedores/diseno/diseno-y-desarrollo-web/1465-diseno-y-desarrollo-web-gamol,/rankings/agencias-inbound-marketing-mexico/,URL vieja del directorio,
/proveedores/diseno/diseno-y-desarrollo-web/1470-diseno-y-desarrollo-web-grupo-bfx,/rankings/agencias-inbound-marketing-mexico/,URL vieja del directorio,
/proveedores/diseno/diseno-y-desarrollo-web/1481-diseno-y-desarrollo-web-meximex,/rankings/agencias-inbound-marketing-mexico/,URL vieja del directorio,
/proveedores/diseno/diseno-y-desarrollo-web/1489-diseno-y-desarrollo-web-pixel--dot,/rankings/agencias-inbound-marketing-mexico/,URL vieja del directorio,
/proveedores/diseno/diseno-y-desarrollo-web/1501-diseno-y-desarrollo-web-weblex,/rankings/agencias-inbound-marketing-mexico/,URL vieja del directorio,
/proveedores/diseno/diseno-y-desarrollo-web/1501-diseno-y-desarrollo-web-weblex/contactar,/rankings/agencias-inbound-marketing-mexico/,URL vieja del directorio,
/proveedores/diseno/fotografia/1555-fotografia-segarra-estudio,/rankings/casas-productoras-mexico/,URL vieja del directorio,
/proveedores/diseno/fotografia/1556-fotografia-shaktiprod,/rankings/casas-productoras-mexico/,URL vieja del directorio,
/proveedores/diseno/pagina3,/rankings/estudios-diseno-branding-mexico/,URL vieja del directorio,
/proveedores/diseno/todo/pagina2,/rankings/estudios-diseno-branding-mexico/,URL vieja del directorio,
/proveedores/estaciones-de-radio,/rankings/grupos-radiofonicos-mexico/,URL vieja del directorio,
/proveedores/estaciones-de-radio/2-grupo-acir-df,/rankings/grupos-radiofonicos-mexico/,URL vieja del directorio,
/proveedores/estaciones-de-radio/30-mvs-radio-df,/rankings/grupos-radiofonicos-mexico/,URL vieja del directorio,
/proveedores/estaciones-de-radio/musica/19-radio-felicidad-df,/rankings/grupos-radiofonicos-mexico/,URL vieja del directorio,
/proveedores/estaciones-de-radio/musica/22-amor-953-df,/rankings/grupos-radiofonicos-mexico/,URL vieja del directorio,
/proveedores/estaciones-de-radio/musica/3-digital-993-df,/rankings/grupos-radiofonicos-mexico/,URL vieja del directorio,
/proveedores/estaciones-de-radio/noticias/20-la-1260-am-df,/rankings/grupos-radiofonicos-mexico/,URL vieja del directorio,
/proveedores/estaciones-de-radio/todo,/rankings/grupos-radiofonicos-mexico/,URL vieja del directorio,
/proveedores/eventos,/rankings/productoras-de-eventos-mexico/,URL vieja del directorio,
/proveedores/eventos/43-brain-firma-creativa,/rankings/productoras-de-eventos-mexico/,URL vieja del directorio,
/proveedores/eventos/43-brain-firma-creativa/contactar,/rankings/productoras-de-eventos-mexico/,URL vieja del directorio,
/proveedores/eventos/778-agencia-de-eventos-blend-producciones,/rankings/casas-productoras-mexico/,URL vieja del directorio,
/proveedores/eventos/782-agencia-de-eventos-csf-av-productions,/rankings/productoras-de-eventos-mexico/,URL vieja del directorio,
/proveedores/eventos/786-agencia-de-eventos-grupo-probaco,/rankings/productoras-de-eventos-mexico/,URL vieja del directorio,
/proveedores/eventos/787-agencia-de-eventos-grupo-nicte,/rankings/productoras-de-eventos-mexico/,URL vieja del directorio,
/proveedores/eventos/789-agencia-de-eventos-jyj-eventos,/rankings/productoras-de-eventos-mexico/,URL vieja del directorio,
/proveedores/eventos/791-agencia-de-eventos-macllam-producciones/recomendar,/rankings/casas-productoras-mexico/,URL vieja del directorio,
/proveedores/eventos/fotografias/14-photobooth-mexico-df,/rankings/casas-productoras-mexico/,URL vieja del directorio,
/proveedores/eventos/todo,/rankings/productoras-de-eventos-mexico/,URL vieja del directorio,
/proveedores/impresion-y-artes-graficas,/rankings/proveedores-pop-promocionales-mexico/,URL vieja del directorio,
/proveedores/impresion-y-artes-graficas/105-spacio-grafico,/rankings/proveedores-pop-promocionales-mexico/,URL vieja del directorio,
/proveedores/impresion-y-artes-graficas/130-faster-print,/rankings/proveedores-pop-promocionales-mexico/,URL vieja del directorio,
/proveedores/impresion-y-artes-graficas/139-gransfeer-ideas-publicidad-impresa-especializada-sa-de-cv,/rankings/proveedores-pop-promocionales-mexico/,URL vieja del directorio,
/proveedores/impresion-y-artes-graficas/158-graphics-signs-s-a-de-c-v,/rankings/proveedores-pop-promocionales-mexico/,URL vieja del directorio,
/proveedores/impresion-y-artes-graficas/160-imagenes-de-guadalajara-s-a-de-c-v,/rankings/proveedores-pop-promocionales-mexico/,URL vieja del directorio,
/proveedores/impresion-y-artes-graficas/181-impacto-lonas-y-toldos-y-publicidad,/rankings/proveedores-pop-promocionales-mexico/,URL vieja del directorio,
/proveedores/impresion-y-artes-graficas/183-grupo-impresor-litografico,/rankings/proveedores-pop-promocionales-mexico/,URL vieja del directorio,
/proveedores/impresion-y-artes-graficas/225-trazo-vinil-publicidad-sa-de-cv,/rankings/proveedores-pop-promocionales-mexico/,URL vieja del directorio,
/proveedores/impresion-y-artes-graficas/243-seriart-publicidad,/rankings/proveedores-pop-promocionales-mexico/,URL vieja del directorio,
/proveedores/impresion-y-artes-graficas/251-arte-integral-expresion-sa-de-cv,/rankings/proveedores-pop-promocionales-mexico/,URL vieja del directorio,
/proveedores/impresion-y-artes-graficas/251-arte-integral-expresion-sa-de-cv/contactar,/rankings/proveedores-pop-promocionales-mexico/,URL vieja del directorio,
/proveedores/impresion-y-artes-graficas/254-maxi-grafica,/rankings/proveedores-pop-promocionales-mexico/,URL vieja del directorio,
/proveedores/impresion-y-artes-graficas/261-viniletras-s-a-de-c-v,/rankings/proveedores-pop-promocionales-mexico/,URL vieja del directorio,
/proveedores/impresion-y-artes-graficas/292-soltar-impresores-s-a-de-c-v,/rankings/proveedores-pop-promocionales-mexico/,URL vieja del directorio,
/proveedores/impresion-y-artes-graficas/292-soltar-impresores-s-a-de-c-v/contactar,/rankings/proveedores-pop-promocionales-mexico/,URL vieja del directorio,
/proveedores/impresion-y-artes-graficas/311-lonas-y-etiquetas,/rankings/proveedores-pop-promocionales-mexico/,URL vieja del directorio,
/proveedores/impresion-y-artes-graficas/325-vinil-de-zacatecas-sc-de-p-de-rl,/rankings/proveedores-pop-promocionales-mexico/,URL vieja del directorio,
/proveedores/impresion-y-artes-graficas/335-aka-imagen-impresa,/rankings/proveedores-pop-promocionales-mexico/,URL vieja del directorio,
/proveedores/impresion-y-artes-graficas/357-artigraf,/rankings/proveedores-pop-promocionales-mexico/,URL vieja del directorio,
/proveedores/impresion-y-artes-graficas/370-grafiko-publicidad,/rankings/proveedores-pop-promocionales-mexico/,URL vieja del directorio,
/proveedores/impresion-y-artes-graficas/401-memetica-diseño-e-impresion,/rankings/proveedores-pop-promocionales-mexico/,URL vieja del directorio,
/proveedores/impresion-y-artes-graficas/414-publicidad-grafica-sa-de-cv,/rankings/proveedores-pop-promocionales-mexico/,URL vieja del directorio,
/proveedores/impresion-y-artes-graficas/435-grabados-gira,/rankings/proveedores-pop-promocionales-mexico/,URL vieja del directorio,
/proveedores/impresion-y-artes-graficas/45-creaciones-artisticas-publicitarias-sa-de-cv,/rankings/proveedores-pop-promocionales-mexico/,URL vieja del directorio,
/proveedores/impresion-y-artes-graficas/47-flexo-print-s-a-de-c-v,/rankings/proveedores-pop-promocionales-mexico/,URL vieja del directorio,
/proveedores/impresion-y-artes-graficas/48-impresos-proppim-s-a-de-c-v,/rankings/proveedores-pop-promocionales-mexico/,URL vieja del directorio,
/proveedores/impresion-y-artes-graficas/48-impresos-proppim-s-a-de-c-v/contactar,/rankings/proveedores-pop-promocionales-mexico/,URL vieja del directorio,
/proveedores/impresion-y-artes-graficas/480-noved-arte,/rankings/proveedores-pop-promocionales-mexico/,URL vieja del directorio,
/proveedores/impresion-y-artes-graficas/521-sublimarte-s-a-de-c-v,/rankings/proveedores-pop-promocionales-mexico/,URL vieja del directorio,
/proveedores/impresion-y-artes-graficas/575-milgraf-puebla-s-a-de-c-v,/rankings/proveedores-pop-promocionales-mexico/,URL vieja del directorio,
/proveedores/impresion-y-artes-graficas/575-milgraf-puebla-s-a-de-c-v/contactar,/rankings/proveedores-pop-promocionales-mexico/,URL vieja del directorio,
/proveedores/impresion-y-artes-graficas/587-rotulos-computarizados-e-impuresos-del-surestes-s-a-de-c-v,/rankings/proveedores-pop-promocionales-mexico/,URL vieja del directorio,
/proveedores/impresion-y-artes-graficas/593-24-grafics-s-a-de-c-v,/rankings/proveedores-pop-promocionales-mexico/,URL vieja del directorio,
/proveedores/impresion-y-artes-graficas/609-ayje-imprenta-s-a-de-c-v,/rankings/proveedores-pop-promocionales-mexico/,URL vieja del directorio,
/proveedores/impresion-y-artes-graficas/643-evolucion-grafica,/rankings/proveedores-pop-promocionales-mexico/,URL vieja del directorio,
/proveedores/impresion-y-artes-graficas/666-graphic-lab,/rankings/proveedores-pop-promocionales-mexico/,URL vieja del directorio,
/proveedores/impresion-y-artes-graficas/669-imprenta-siglo-xxv-s-a-de-c-v,/rankings/proveedores-pop-promocionales-mexico/,URL vieja del directorio,
/proveedores/impresion-y-artes-graficas/697-agdi-publicidad,/rankings/proveedores-pop-promocionales-mexico/,URL vieja del directorio,
/proveedores/impresion-y-artes-graficas/701-grafinsa-grafica-s-a-de-c-v,/rankings/proveedores-pop-promocionales-mexico/,URL vieja del directorio,
/proveedores/impresion-y-artes-graficas/706-imagen-impresa-de-occidente-s-a-de-c-v,/rankings/proveedores-pop-promocionales-mexico/,URL vieja del directorio,
/proveedores/impresion-y-artes-graficas/78-carteleras-y-neon-espectaculares-sa-cv,/rankings/empresas-publicidad-exterior-mexico/,URL vieja del directorio,
/proveedores/impresion-y-artes-graficas/79-rotulaciones-de-chihuahua-sa-de-cv,/rankings/proveedores-pop-promocionales-mexico/,URL vieja del directorio,
/proveedores/impresion-y-artes-graficas/80-rotulen-de-mexico-s-a-de-c-v,/rankings/proveedores-pop-promocionales-mexico/,URL vieja del directorio,
/proveedores/impresion-y-artes-graficas/96-grafic-quin-s-a-de-c-v,/rankings/proveedores-pop-promocionales-mexico/,URL vieja del directorio,
/proveedores/impresion-y-artes-graficas/imprentas-digital/1560-impresion-digital-argoga-soluciones-avanzadas-en-sistemas,/rankings/agencias-inbound-marketing-mexico/,URL vieja del directorio,
/proveedores/impresion-y-artes-graficas/imprentas-digital/1563-impresion-digital-geformas,/rankings/agencias-inbound-marketing-mexico/,URL vieja del directorio,
/proveedores/impresion-y-artes-graficas/imprentas-digital/1564-impresion-digital-grupo-efsa,/rankings/agencias-inbound-marketing-mexico/,URL vieja del directorio,
/proveedores/impresion-y-artes-graficas/imprentas-digital/1565-impresion-digital-litografica-selene,/rankings/agencias-inbound-marketing-mexico/,URL vieja del directorio,
/proveedores/impresion-y-artes-graficas/imprentas-digital/1566-impresion-digital-grupo-venegraphic,/rankings/agencias-inbound-marketing-mexico/,URL vieja del directorio,
/proveedores/impresion-y-artes-graficas/pagina3,/rankings/proveedores-pop-promocionales-mexico/,URL vieja del directorio,
/proveedores/impresion-y-artes-graficas/pagina5,/rankings/proveedores-pop-promocionales-mexico/,URL vieja del directorio,
/proveedores/impresion-y-artes-graficas/todo/pagina4,/rankings/proveedores-pop-promocionales-mexico/,URL vieja del directorio,
/proveedores/impresion-y-artes-graficas/todo/pagina5,/rankings/proveedores-pop-promocionales-mexico/,URL vieja del directorio,
/proveedores/inbound-marketing-mexico,/rankings/agencias-inbound-marketing-mexico/,URL vieja del directorio,
/proveedores/inbound-marketing-mexico/1728-go-virtual,/rankings/agencias-inbound-marketing-mexico/,URL vieja del directorio,
/proveedores/inbound-marketing-mexico/734-fernando-arturo-martinez-aguilar,/rankings/agencias-inbound-marketing-mexico/,URL vieja del directorio,
/proveedores/inbound-marketing-mexico/734-fernando-arturo-martinez-aguilar/recomendar,/rankings/agencias-inbound-marketing-mexico/,URL vieja del directorio,
/proveedores/investigacion-de-mercados,/rankings/agencias-investigacion-de-mercados-mexico/,URL vieja del directorio,
/proveedores/investigacion-de-mercados/1571-investigacion-de-mercados-de-la-riva-group,/rankings/agencias-investigacion-de-mercados-mexico/,URL vieja del directorio,
/proveedores/investigacion-de-mercados/1572-investigacion-de-mercados-evamerc,/rankings/agencias-investigacion-de-mercados-mexico/,URL vieja del directorio,
/proveedores/investigacion-de-mercados/1574-investigacion-de-mercados-grupo-arkho,/rankings/agencias-investigacion-de-mercados-mexico/,URL vieja del directorio,
/proveedores/investigacion-de-mercados/1575-investigacion-de-mercados-gyd-investigacion-de-mercados,/rankings/agencias-investigacion-de-mercados-mexico/,URL vieja del directorio,
/proveedores/investigacion-de-mercados/1576-investigacion-de-mercados-ibope-agb,/rankings/agencias-investigacion-de-mercados-mexico/,URL vieja del directorio,
/proveedores/investigacion-de-mercados/1577-investigacion-de-mercados-inmega,/rankings/agencias-investigacion-de-mercados-mexico/,URL vieja del directorio,
/proveedores/investigacion-de-mercados/1578-investigacion-de-mercados-innovative-marketing-y-consultants,/rankings/agencias-investigacion-de-mercados-mexico/,URL vieja del directorio,
/proveedores/investigacion-de-mercados/1579-investigacion-de-mercados-ipsos-bimsa,/rankings/agencias-investigacion-de-mercados-mexico/,URL vieja del directorio,
/proveedores/investigacion-de-mercados/1584-investigacion-de-mercados-master-research,/rankings/agencias-investigacion-de-mercados-mexico/,URL vieja del directorio,
/proveedores/investigacion-de-mercados/1586-investigacion-de-mercados-merc-gfk,/rankings/agencias-investigacion-de-mercados-mexico/,URL vieja del directorio,
/proveedores/investigacion-de-mercados/1588-investigacion-de-mercados-mkt-noroeste,/rankings/agencias-investigacion-de-mercados-mexico/,URL vieja del directorio,
/proveedores/investigacion-de-mercados/1592-investigacion-de-mercados-phenoma,/rankings/agencias-investigacion-de-mercados-mexico/,URL vieja del directorio,
/proveedores/investigacion-de-mercados/1592-investigacion-de-mercados-phenoma/contactar,/rankings/agencias-investigacion-de-mercados-mexico/,URL vieja del directorio,
/proveedores/investigacion-de-mercados/1593-investigacion-de-mercados-planning-antropologico,/rankings/agencias-investigacion-de-mercados-mexico/,URL vieja del directorio,
/proveedores/investigacion-de-mercados/1594-investigacion-de-mercados-psyma-latina,/rankings/agencias-investigacion-de-mercados-mexico/,URL vieja del directorio,
/proveedores/investigacion-de-mercados/1597-investigacion-de-mercados-qualimerc,/rankings/agencias-investigacion-de-mercados-mexico/,URL vieja del directorio,
/proveedores/investigacion-de-mercados/1598-investigacion-de-mercados-questudies,/rankings/agencias-investigacion-de-mercados-mexico/,URL vieja del directorio,
/proveedores/investigacion-de-mercados/1599-investigacion-de-mercados-sigmate-research,/rankings/agencias-investigacion-de-mercados-mexico/,URL vieja del directorio,
/proveedores/investigacion-de-mercados/1600-investigacion-de-mercados-tns-mexico,/rankings/agencias-investigacion-de-mercados-mexico/,URL vieja del directorio,
/proveedores/investigacion-de-mercados/1601-investigacion-de-mercados-wilbert-sierra-y-asociados,/rankings/agencias-investigacion-de-mercados-mexico/,URL vieja del directorio,
/proveedores/investigacion-de-mercados/pagina2,/rankings/agencias-investigacion-de-mercados-mexico/,URL vieja del directorio,
/proveedores/investigacion-de-mercados/todo,/rankings/agencias-investigacion-de-mercados-mexico/,URL vieja del directorio,
/proveedores/marketing-digital,/rankings/agencias-inbound-marketing-mexico/,URL vieja del directorio,
/proveedores/marketing-digital/1225-agencia-digital-ada-mexico,/rankings/agencias-inbound-marketing-mexico/,URL vieja del directorio,
/proveedores/marketing-digital/1228-agencia-digital-clarus-digital,/rankings/agencias-inbound-marketing-mexico/,URL vieja del directorio,
/proveedores/marketing-digital/1229-agencia-digital-the-cluster-agency,/rankings/agencias-inbound-marketing-mexico/,URL vieja del directorio,
/proveedores/marketing-digital/1231-agencia-digital-digital-coaster,/rankings/agencias-inbound-marketing-mexico/,URL vieja del directorio,
/proveedores/marketing-digital/1234-agencia-digital-espora-estudio,/rankings/agencias-inbound-marketing-mexico/,URL vieja del directorio,
/proveedores/marketing-digital/1235-agencia-digital-grupo-smart,/rankings/agencias-inbound-marketing-mexico/,URL vieja del directorio,
/proveedores/marketing-digital/1237-agencia-digital-hello-mexico,/rankings/agencias-inbound-marketing-mexico/,URL vieja del directorio,
/proveedores/marketing-digital/1245-agencia-digital-lunave,/rankings/agencias-inbound-marketing-mexico/,URL vieja del directorio,
/proveedores/marketing-digital/1250-agencia-digital-otromexico-sc,/rankings/agencias-inbound-marketing-mexico/,URL vieja del directorio,
/proveedores/marketing-digital/1252-agencia-digital-rancho-digital,/rankings/agencias-inbound-marketing-mexico/,URL vieja del directorio,
/proveedores/marketing-digital/1252-agencia-digital-rancho-digital/contactar,/rankings/agencias-inbound-marketing-mexico/,URL vieja del directorio,
/proveedores/marketing-digital/1253-agencia-digital-render-farm-studios,/rankings/agencias-inbound-marketing-mexico/,URL vieja del directorio,
/proveedores/marketing-digital/1256-agencia-digital-toro-digital,/rankings/agencias-inbound-marketing-mexico/,URL vieja del directorio,
/proveedores/marketing-digital/1257-agencia-digital-zetabe/contactar,/rankings/agencias-inbound-marketing-mexico/,URL vieja del directorio,
/proveedores/marketing-digital/819-agencia-de-marketing-digital-abaco-digital,/rankings/agencias-inbound-marketing-mexico/,URL vieja del directorio,
/proveedores/marketing-digital/822-agencia-de-marketing-digital-antevenio-mexico,/rankings/agencias-inbound-marketing-mexico/,URL vieja del directorio,
/proveedores/marketing-digital/823-agencia-de-marketing-digital-arena-media,/rankings/agencias-de-medios-mexico/,URL vieja del directorio,
/proveedores/marketing-digital/832-agencia-de-marketing-digital-clicker-360,/rankings/agencias-inbound-marketing-mexico/,URL vieja del directorio,
/proveedores/marketing-digital/834-agencia-de-marketing-digital-coco-marketing,/rankings/agencias-inbound-marketing-mexico/,URL vieja del directorio,
/proveedores/marketing-digital/836-agencia-de-marketing-digital-crossmedia,/rankings/agencias-de-medios-mexico/,URL vieja del directorio,
/proveedores/marketing-digital/837-agencia-de-marketing-digital-cubos-web,/rankings/agencias-inbound-marketing-mexico/,URL vieja del directorio,
/proveedores/marketing-digital/840-agencia-de-marketing-digital-dm-playbook,/rankings/agencias-inbound-marketing-mexico/,URL vieja del directorio,
/proveedores/marketing-digital/841-agencia-de-marketing-digital-elogia-mexico,/rankings/agencias-inbound-marketing-mexico/,URL vieja del directorio,
/proveedores/marketing-digital/848-agencia-de-marketing-digital-garritz-online-media,/rankings/agencias-de-medios-mexico/,URL vieja del directorio,
/proveedores/marketing-digital/850-agencia-de-marketing-digital-icrossing,/rankings/agencias-inbound-marketing-mexico/,URL vieja del directorio,
/proveedores/marketing-digital/855-agencia-de-marketing-digital-jetclic,/rankings/agencias-inbound-marketing-mexico/,URL vieja del directorio,
/proveedores/marketing-digital/856-agencia-de-marketing-digital-kamikaze-lab,/rankings/agencias-inbound-marketing-mexico/,URL vieja del directorio,
/proveedores/marketing-digital/857-agencia-de-marketing-digital-klein-und-gross,/rankings/agencias-inbound-marketing-mexico/,URL vieja del directorio,
/proveedores/marketing-digital/868-agencia-de-marketing-digital-merca-3w,/rankings/agencias-inbound-marketing-mexico/,URL vieja del directorio,
/proveedores/marketing-digital/870-agencia-de-marketing-digital-metrica-btl-y-digital,/rankings/agencias-inbound-marketing-mexico/,URL vieja del directorio,
/proveedores/marketing-digital/872-agencia-de-marketing-digital-nativo-digital,/rankings/agencias-inbound-marketing-mexico/,URL vieja del directorio,
/proveedores/marketing-digital/874-agencia-de-marketing-digital-ontwice-interactive-marketing,/rankings/agencias-inbound-marketing-mexico/,URL vieja del directorio,
/proveedores/marketing-digital/882-agencia-de-marketing-digital-publiclick,/rankings/agencias-inbound-marketing-mexico/,URL vieja del directorio,
/proveedores/marketing-digital/890-agencia-de-marketing-digital-t2o-media-mexico,/rankings/agencias-de-medios-mexico/,URL vieja del directorio,
/proveedores/medios-alternos,/rankings/agencias-de-medios-mexico/,URL vieja del directorio,
/proveedores/medios-alternos/176-anuncios-exitosos-en-internet-s-a-de-c-v,/rankings/agencias-de-medios-mexico/,URL vieja del directorio,
/proveedores/medios-alternos/185-anuncios-de-directorios-s-a-de-c-v,/rankings/agencias-de-medios-mexico/,URL vieja del directorio,
/proveedores/medios-alternos/260-anuncios-en-directorios-sa-de-cv,/rankings/agencias-de-medios-mexico/,URL vieja del directorio,
/proveedores/medios-alternos/394-anuncios-en-directorios-s-a-de-c-v,/rankings/agencias-de-medios-mexico/,URL vieja del directorio,
/proveedores/medios-alternos/425-anuncios-en-directorios-s-a-de-c-v,/rankings/agencias-de-medios-mexico/,URL vieja del directorio,
/proveedores/medios-alternos/66-anuncios-en-directorios-s-a-de-c-v/contactar,/rankings/agencias-de-medios-mexico/,URL vieja del directorio,
/proveedores/pagina2,/rankings/agencias-de-publicidad-mexico/,URL vieja del directorio,
/proveedores/pagina4,/rankings/agencias-de-publicidad-mexico/,URL vieja del directorio,
/proveedores/pagina6,/rankings/agencias-de-publicidad-mexico/,URL vieja del directorio,
/proveedores/pagina7,/rankings/agencias-de-publicidad-mexico/,URL vieja del directorio,
/proveedores/pop,/rankings/proveedores-pop-promocionales-mexico/,URL vieja del directorio,
/proveedores/pop/1360-agencias-de-publicidad-pop-exhibipop,/rankings/proveedores-pop-promocionales-mexico/,URL vieja del directorio,
/proveedores/pop/1362-agencias-de-publicidad-pop-pulso-tec,/rankings/proveedores-pop-promocionales-mexico/,URL vieja del directorio,
/proveedores/pop/1363-agencias-de-publicidad-pop-grupo-rubrica,/rankings/proveedores-pop-promocionales-mexico/,URL vieja del directorio,
/proveedores/pop/displays,/rankings/proveedores-pop-promocionales-mexico/,URL vieja del directorio,
/proveedores/promocionales,/rankings/agencias-btl-promotoria-mexico/,URL vieja del directorio,
/proveedores/promocionales/1364-articulos-promocionales-gimmick,/rankings/agencias-btl-promotoria-mexico/,URL vieja del directorio,
/proveedores/promocionales/1366-articulos-promocionales-linkar-publicidad,/rankings/agencias-btl-promotoria-mexico/,URL vieja del directorio,
/proveedores/promocionales/1367-articulos-promocionales-promoline,/rankings/agencias-btl-promotoria-mexico/,URL vieja del directorio,
/proveedores/promocionales/146-imaginacion-promocional-s-a-de-c-v,/rankings/agencias-btl-promotoria-mexico/,URL vieja del directorio,
/proveedores/promocionales/146-imaginacion-promocional-s-a-de-c-v/contactar,/rankings/agencias-btl-promotoria-mexico/,URL vieja del directorio,
/proveedores/promocionales/164-active-promotions-s-a-de-c-v,/rankings/agencias-btl-promotoria-mexico/,URL vieja del directorio,
/proveedores/promocionales/186-comercializadora-de-promocionales-ideas-de-puebla-sa-de-cv,/rankings/agencias-btl-promotoria-mexico/,URL vieja del directorio,
/proveedores/promocionales/235-reconocimientos-y-promocionales-mexcio-sa-de-cv,/rankings/agencias-btl-promotoria-mexico/,URL vieja del directorio,
/proveedores/promocionales/305-promociones-acevedo,/rankings/agencias-btl-promotoria-mexico/,URL vieja del directorio,
/proveedores/promocionales/338-promoser-grupo-publicitario-s-de-r-l-de-c-v,/rankings/agencias-btl-promotoria-mexico/,URL vieja del directorio,
/proveedores/promocionales/340-marketing-and-promotion-s-a-de-c-v,/rankings/agencias-btl-promotoria-mexico/,URL vieja del directorio,
/proveedores/promocionales/346-promo-rigba-internacional-s-de-rl-de-cv,/rankings/agencias-btl-promotoria-mexico/,URL vieja del directorio,
/proveedores/promocionales/347-promo-rigba-internacional-s-de-rl-de-cv,/rankings/agencias-btl-promotoria-mexico/,URL vieja del directorio,
/proveedores/promocionales/430-promoshape-s-de-rl-de-cv,/rankings/agencias-btl-promotoria-mexico/,URL vieja del directorio,
/proveedores/promocionales/455-promoser-grupo-publicitario-s-r-l-de-c-v,/rankings/agencias-btl-promotoria-mexico/,URL vieja del directorio,
/proveedores/promocionales/457-promotora-de-medios-de-comunicacion-sa-de-cv,/rankings/agencias-de-medios-mexico/,URL vieja del directorio,
/proveedores/promocionales/518-giro-promocional-de-occidente-s-a-de-c-v,/rankings/agencias-btl-promotoria-mexico/,URL vieja del directorio,
/proveedores/promocionales/531-click-articulos-promocionales-s-a-de-c-v,/rankings/agencias-btl-promotoria-mexico/,URL vieja del directorio,
/proveedores/promocionales/637-grupo-namis-negocios-alianzas-medios-interactivos-sa-de-cv,/rankings/agencias-de-medios-mexico/,URL vieja del directorio,
/proveedores/promocionales/articulos-promocionales,/rankings/agencias-btl-promotoria-mexico/,URL vieja del directorio,
/proveedores/promocionales/articulos-promocionales/127-publicitarios-del-norte-de-mexico-s-a-de-c-v,/rankings/agencias-btl-promotoria-mexico/,URL vieja del directorio,
/proveedores/promocionales/articulos-promocionales/237-secorp-vision-publicitaria-s-de-rl-de-cv,/rankings/agencias-btl-promotoria-mexico/,URL vieja del directorio,
/proveedores/promocionales/articulos-promocionales/257-grupo-publicitario-cerle-s-de-rl-de-cv,/rankings/agencias-btl-promotoria-mexico/,URL vieja del directorio,
/proveedores/promocionales/articulos-promocionales/257-grupo-publicitario-cerle-s-de-rl-de-cv/contactar,/rankings/agencias-btl-promotoria-mexico/,URL vieja del directorio,
/proveedores/promocionales/articulos-promocionales/599-corporacion-publicitaria-rg-sa-de-cv,/rankings/agencias-btl-promotoria-mexico/,URL vieja del directorio,
/proveedores/promocionales/articulos-promocionales/630-servicios-publicitarios-publiram,/rankings/agencias-btl-promotoria-mexico/,URL vieja del directorio,
/proveedores/promocionales/articulos-promocionales/71-medios-publicitarios-e-investigacion-sa-de-cv,/rankings/agencias-investigacion-de-mercados-mexico/,URL vieja del directorio,
/proveedores/promocionales/articulos-promocionales/71-medios-publicitarios-e-investigacion-sa-de-cv/contactar,/rankings/agencias-investigacion-de-mercados-mexico/,URL vieja del directorio,
/proveedores/promocionales/articulos-promocionales/todo,/rankings/agencias-btl-promotoria-mexico/,URL vieja del directorio,
/proveedores/promocionales/pagina1,/rankings/agencias-btl-promotoria-mexico/,URL vieja del directorio,
/proveedores/promocionales/todo,/rankings/agencias-btl-promotoria-mexico/,URL vieja del directorio,
/proveedores/promocionales/todo/pagina2,/rankings/agencias-btl-promotoria-mexico/,URL vieja del directorio,
/proveedores/publicidad-exterior,/rankings/empresas-publicidad-exterior-mexico/,URL vieja del directorio,
/proveedores/publicidad-exterior/1-fama-impresos-df,/rankings/empresas-publicidad-exterior-mexico/,URL vieja del directorio,
/proveedores/publicidad-exterior/1-fama-impresos-df/contactar,/rankings/empresas-publicidad-exterior-mexico/,URL vieja del directorio,
/proveedores/publicidad-exterior/1123-agencia-de-publicidad-exterior-cadpro-vallas-moviles,/rankings/empresas-publicidad-exterior-mexico/,URL vieja del directorio,
/proveedores/publicidad-exterior/1125-agencia-de-publicidad-exterior-casa-publicidad-y-asociados,/rankings/empresas-publicidad-exterior-mexico/,URL vieja del directorio,
/proveedores/publicidad-exterior/1126-agencia-de-publicidad-exterior-5m2,/rankings/empresas-publicidad-exterior-mexico/,URL vieja del directorio,
/proveedores/publicidad-exterior/1128-agencia-de-publicidad-exterior-cencom,/rankings/empresas-publicidad-exterior-mexico/,URL vieja del directorio,
/proveedores/publicidad-exterior/1129-agencia-de-publicidad-exterior-grupo-rentable,/rankings/empresas-publicidad-exterior-mexico/,URL vieja del directorio,
/proveedores/publicidad-exterior/1130-agencia-de-publicidad-exterior-impacto-capital,/rankings/empresas-publicidad-exterior-mexico/,URL vieja del directorio,
/proveedores/publicidad-exterior/1131-agencia-de-publicidad-exterior-grupo-imu,/rankings/empresas-publicidad-exterior-mexico/,URL vieja del directorio,
/proveedores/publicidad-exterior/1132-agencia-de-publicidad-exterior-isa-corporativo,/rankings/empresas-publicidad-exterior-mexico/,URL vieja del directorio,
/proveedores/publicidad-exterior/1133-agencia-de-publicidad-exterior-publicidad-exterior-lagunas,/rankings/empresas-publicidad-exterior-mexico/,URL vieja del directorio,
/proveedores/publicidad-exterior/1137-agencia-de-publicidad-exterior-mepexsa,/rankings/empresas-publicidad-exterior-mexico/,URL vieja del directorio,
/proveedores/publicidad-exterior/1138-agencia-de-publicidad-exterior-pm-on-street,/rankings/empresas-publicidad-exterior-mexico/,URL vieja del directorio,
/proveedores/publicidad-exterior/1140-agencia-de-publicidad-exterior-publisitios,/rankings/empresas-publicidad-exterior-mexico/,URL vieja del directorio,
/proveedores/publicidad-exterior/1142-agencia-de-publicidad-exterior-strada-publicidad,/rankings/empresas-publicidad-exterior-mexico/,URL vieja del directorio,
/proveedores/publicidad-exterior/1142-agencia-de-publicidad-exterior-strada-publicidad/contactar,/rankings/empresas-publicidad-exterior-mexico/,URL vieja del directorio,
/proveedores/publicidad-exterior/1142-agencia-de-publicidad-exterior-strada-publicidad/recomendar,/rankings/empresas-publicidad-exterior-mexico/,URL vieja del directorio,
/proveedores/publicidad-exterior/1143-agencia-de-publicidad-exterior-vanguardia-publicitaria,/rankings/empresas-publicidad-exterior-mexico/,URL vieja del directorio,
/proveedores/publicidad-exterior/1144-agencia-de-publicidad-exterior-vendor,/rankings/empresas-publicidad-exterior-mexico/,URL vieja del directorio,
/proveedores/publicidad-exterior/1145-agencia-de-publicidad-exterior-wachovia,/rankings/empresas-publicidad-exterior-mexico/,URL vieja del directorio,
/proveedores/publicidad-exterior/171-publisitios-de-mexico-sa-de-cv,/rankings/empresas-publicidad-exterior-mexico/,URL vieja del directorio,
/proveedores/publicidad-exterior/234-vendor-publicidad-exterior-s-de-r-l-de-cv,/rankings/empresas-publicidad-exterior-mexico/,URL vieja del directorio,
/proveedores/publicidad-exterior/250-difusion-exterior-s-a-de-c-v,/rankings/empresas-publicidad-exterior-mexico/,URL vieja del directorio,
/proveedores/publicidad-exterior/314-vendor-publicidad-exterior-s-de-rl-de-c-v,/rankings/empresas-publicidad-exterior-mexico/,URL vieja del directorio,
/proveedores/publicidad-exterior/314-vendor-publicidad-exterior-s-de-rl-de-c-v/contactar,/rankings/empresas-publicidad-exterior-mexico/,URL vieja del directorio,
/proveedores/publicidad-exterior/326-ads-publicidad-total-srl-de-cv,/rankings/empresas-publicidad-exterior-mexico/,URL vieja del directorio,
/proveedores/publicidad-exterior/374-clarol-publicidad-exterior-s-c,/rankings/empresas-publicidad-exterior-mexico/,URL vieja del directorio,
/proveedores/publicidad-exterior/474-display-publicidad-exterior-s-a-de-c-v,/rankings/empresas-publicidad-exterior-mexico/,URL vieja del directorio,
/proveedores/publicidad-exterior/526-unipolares-y-espectaculares-del-norte-s-a-de-c-v,/rankings/empresas-publicidad-exterior-mexico/,URL vieja del directorio,
/proveedores/publicidad-exterior/57-aztral-publicidad-exterior-s-a-de-c-v,/rankings/empresas-publicidad-exterior-mexico/,URL vieja del directorio,
/proveedores/publicidad-exterior/685-atm-espectaculares-s-a-de-c-v,/rankings/empresas-publicidad-exterior-mexico/,URL vieja del directorio,
/proveedores/publicidad-exterior/espectaculares-mexico,/rankings/empresas-publicidad-exterior-mexico/,URL vieja del directorio,
/proveedores/publicidad-exterior/espectaculares-mexico/100-vendor-publicidad-exterior-s-de-rl-de-cv,/rankings/empresas-publicidad-exterior-mexico/,URL vieja del directorio,
/proveedores/publicidad-exterior/espectaculares-mexico/142-espacios-publicitarios-estrategicos-s-a-de-c-v,/rankings/empresas-publicidad-exterior-mexico/,URL vieja del directorio,
/proveedores/publicidad-exterior/espectaculares-mexico/210-rcg-espectaculares-sa-de-cv,/rankings/empresas-publicidad-exterior-mexico/,URL vieja del directorio,
/proveedores/publicidad-exterior/mexibus/todo,/rankings/empresas-publicidad-exterior-mexico/,URL vieja del directorio,
/proveedores/publicidad-exterior/pagina1,/rankings/empresas-publicidad-exterior-mexico/,URL vieja del directorio,
/proveedores/radio,/rankings/grupos-radiofonicos-mexico/,URL vieja del directorio,
/proveedores/radio/416-radio-america-de-mexico-sa-de-cv,/rankings/grupos-radiofonicos-mexico/,URL vieja del directorio,
/proveedores/radio/445-organizacion-radiofonica-de-chihuahua-s-a,/rankings/grupos-radiofonicos-mexico/,URL vieja del directorio,
/proveedores/radio/489-radiodifusoras-y-televisoras-de-occidente-s-a-de-c-v,/rankings/grupos-radiofonicos-mexico/,URL vieja del directorio,
/proveedores/radio/51-nucleo-radio-mil-s-a-de-c-v,/rankings/grupos-radiofonicos-mexico/,URL vieja del directorio,
/proveedores/radio/622-grupo-radio-mexico-cuidad-juarez-s-a-de-c-v,/rankings/grupos-radiofonicos-mexico/,URL vieja del directorio,
/proveedores/radio/94-ad-medios-s-a-de-c-v,/rankings/grupos-radiofonicos-mexico/,URL vieja del directorio,
/proveedores/radio/doblaje-y-locucion,/rankings/estudios-doblaje-locucion-mexico/,URL vieja del directorio,
/proveedores/radio/doblaje-y-locucion/808-agencia-de-locutores-allegro-publicitario,/rankings/estudios-doblaje-locucion-mexico/,URL vieja del directorio,
/proveedores/radio/doblaje-y-locucion/810-agencia-de-locutores-bomberazostv,/rankings/estudios-doblaje-locucion-mexico/,URL vieja del directorio,
/proveedores/radio/doblaje-y-locucion/814-agencia-de-locutores-manhattan-beat,/rankings/estudios-doblaje-locucion-mexico/,URL vieja del directorio,
/proveedores/radio/doblaje-y-locucion/815-agencia-de-locutores-produccion-coordinada,/rankings/estudios-doblaje-locucion-mexico/,URL vieja del directorio,
/proveedores/radio/doblaje-y-locucion/816-agencia-de-locutores-ronin-locutores,/rankings/estudios-doblaje-locucion-mexico/,URL vieja del directorio,
/proveedores/radio/doblaje-y-locucion/817-agencia-de-locutores-palestino-y-asociados,/rankings/estudios-doblaje-locucion-mexico/,URL vieja del directorio,
/proveedores/radio/doblaje-y-locucion/817-agencia-de-locutores-palestino-y-asociados/contactar,/rankings/estudios-doblaje-locucion-mexico/,URL vieja del directorio,
/proveedores/radio/doblaje-y-locucion/818-agencia-de-locutores-tm-locutores,/rankings/estudios-doblaje-locucion-mexico/,URL vieja del directorio,
/proveedores/revistas-media-kit,/rankings/agencias-de-medios-mexico/,URL vieja del directorio,
/proveedores/revistas-media-kit/568-revista-progreso,/rankings/agencias-de-medios-mexico/,URL vieja del directorio,
/proveedores/revistas-media-kit/universitarias/12-integra-df,/rankings/agencias-de-medios-mexico/,URL vieja del directorio,
/proveedores/stands-y-display,/rankings/proveedores-pop-promocionales-mexico/,URL vieja del directorio,
/proveedores/stands-y-display/1722-stands-y-displays-grupo-om,/rankings/proveedores-pop-promocionales-mexico/,URL vieja del directorio,
/proveedores/stands-y-display/1723-stands-y-displays-grupo-tochijara,/rankings/proveedores-pop-promocionales-mexico/,URL vieja del directorio,
/proveedores/stands-y-display/1725-stands-y-displays-instintos-creativos,/rankings/proveedores-pop-promocionales-mexico/,URL vieja del directorio,
/proveedores/stands-y-display/1727-stands-y-displays-stand-123,/rankings/proveedores-pop-promocionales-mexico/,URL vieja del directorio,
/proveedores/stands-y-display/236-expo-display-de-queretaro-renta-sa-de-cv,/rankings/proveedores-pop-promocionales-mexico/,URL vieja del directorio,
/proveedores/stands-y-display/39-expomex,/rankings/proveedores-pop-promocionales-mexico/,URL vieja del directorio,
/proveedores/stands-y-display/renta-de-equipo-audiovisual/44-fdfoco,/rankings/proveedores-pop-promocionales-mexico/,URL vieja del directorio,
/proveedores/stands-y-display/todo,/rankings/proveedores-pop-promocionales-mexico/,URL vieja del directorio,
/proveedores/television/1506-doblaje-y-subtitulaje-candiani-dubbing-studios,/rankings/estudios-doblaje-locucion-mexico/,URL vieja del directorio,
/proveedores/television/1508-doblaje-y-subtitulaje-digifilm,/rankings/estudios-doblaje-locucion-mexico/,URL vieja del directorio,
/proveedores/television/1511-doblaje-y-subtitulaje-new-art-dub,/rankings/estudios-doblaje-locucion-mexico/,URL vieja del directorio,
/proveedores/television/1512-doblaje-y-subtitulaje-prime-dubb,/rankings/estudios-doblaje-locucion-mexico/,URL vieja del directorio,
/proveedores/television/1513-doblaje-y-subtitulaje-rgb-21,/rankings/estudios-doblaje-locucion-mexico/,URL vieja del directorio,
/proveedores/television/1515-estudio-de-animacion-cinema-fantasma,/rankings/casas-productoras-mexico/,URL vieja del directorio,
/proveedores/television/1516-estudio-de-animacion-cluster-studio,/rankings/casas-productoras-mexico/,URL vieja del directorio,
/proveedores/television/54-tv-promo-s-a-de-c-v,/rankings/casas-productoras-mexico/,URL vieja del directorio,
/proveedores/television/casas-productoras,/rankings/casas-productoras-mexico/,URL vieja del directorio,
/proveedores/television/casas-productoras/1603-productoras-1910-films,/rankings/casas-productoras-mexico/,URL vieja del directorio,
/proveedores/television/casas-productoras/1606-productoras-adicta-films,/rankings/casas-productoras-mexico/,URL vieja del directorio,
/proveedores/television/casas-productoras/1609-productoras-altavision-producciones-sc,/rankings/casas-productoras-mexico/,URL vieja del directorio,
/proveedores/television/casas-productoras/1610-productoras-anima-estudios,/rankings/casas-productoras-mexico/,URL vieja del directorio,
/proveedores/television/casas-productoras/1613-productoras-arbol-cine,/rankings/casas-productoras-mexico/,URL vieja del directorio,
/proveedores/television/casas-productoras/1614-productoras-ares-producciones,/rankings/casas-productoras-mexico/,URL vieja del directorio,
/proveedores/television/casas-productoras/1616-productoras-armar-producciones,/rankings/casas-productoras-mexico/,URL vieja del directorio,
/proveedores/television/casas-productoras/1621-productoras-betelfilms,/rankings/casas-productoras-mexico/,URL vieja del directorio,
/proveedores/television/casas-productoras/1622-productoras-bitbang-studio,/rankings/casas-productoras-mexico/,URL vieja del directorio,
/proveedores/television/casas-productoras/1623-productoras-bit-produccion-de-medios-digitales,/rankings/casas-productoras-mexico/,URL vieja del directorio,
/proveedores/television/casas-productoras/1624-productoras-brixton-films,/rankings/casas-productoras-mexico/,URL vieja del directorio,
/proveedores/television/casas-productoras/1625-productoras-bulldog-films,/rankings/casas-productoras-mexico/,URL vieja del directorio,
/proveedores/television/casas-productoras/1626-productoras-byg-studio,/rankings/casas-productoras-mexico/,URL vieja del directorio,
/proveedores/television/casas-productoras/1631-productoras-cantarranas-films,/rankings/casas-productoras-mexico/,URL vieja del directorio,
/proveedores/television/casas-productoras/1633-productoras-casa-12-producciones,/rankings/casas-productoras-mexico/,URL vieja del directorio,
/proveedores/television/casas-productoras/1634-productoras-la-casa-productora,/rankings/casas-productoras-mexico/,URL vieja del directorio,
/proveedores/television/casas-productoras/1637-productoras-central-films,/rankings/casas-productoras-mexico/,URL vieja del directorio,
/proveedores/television/casas-productoras/1638-productoras-chapulte-pictures,/rankings/casas-productoras-mexico/,URL vieja del directorio,
/proveedores/television/casas-productoras/1640-productoras-ciberfilms,/rankings/casas-productoras-mexico/,URL vieja del directorio,
/proveedores/television/casas-productoras/1641-productoras-cineconcepto,/rankings/casas-productoras-mexico/,URL vieja del directorio,
/proveedores/television/casas-productoras/1644-productoras-dr-comunicacion,/rankings/casas-productoras-mexico/,URL vieja del directorio,
/proveedores/television/casas-productoras/1645-productoras-distrito-films,/rankings/casas-productoras-mexico/,URL vieja del directorio,
/proveedores/television/casas-productoras/1646-productoras-elemento-producciones,/rankings/casas-productoras-mexico/,URL vieja del directorio,
/proveedores/television/casas-productoras/1648-productoras-el-mall,/rankings/casas-productoras-mexico/,URL vieja del directorio,
/proveedores/television/casas-productoras/1649-productoras-elote-films,/rankings/casas-productoras-mexico/,URL vieja del directorio,
/proveedores/television/casas-productoras/1650-productoras-espejo-y-asociados,/rankings/casas-productoras-mexico/,URL vieja del directorio,
/proveedores/television/casas-productoras/1652-productoras-fc-films,/rankings/casas-productoras-mexico/,URL vieja del directorio,
/proveedores/television/casas-productoras/1656-productoras-garcia-bross-y-asociados,/rankings/casas-productoras-mexico/,URL vieja del directorio,
/proveedores/television/casas-productoras/1657-productoras-gelatina-films,/rankings/casas-productoras-mexico/,URL vieja del directorio,
/proveedores/television/casas-productoras/1657-productoras-gelatina-films/contactar,/rankings/casas-productoras-mexico/,URL vieja del directorio,
/proveedores/television/casas-productoras/1660-productoras-hormiga-films,/rankings/casas-productoras-mexico/,URL vieja del directorio,
/proveedores/television/casas-productoras/1663-productoras-imax-producciones,/rankings/casas-productoras-mexico/,URL vieja del directorio,
/proveedores/television/casas-productoras/1664-productoras-käfer-producciones,/rankings/casas-productoras-mexico/,URL vieja del directorio,
/proveedores/television/casas-productoras/1665-productoras-kreatta-producciones,/rankings/casas-productoras-mexico/,URL vieja del directorio,
/proveedores/television/casas-productoras/1667-productoras-la-fabrica-films,/rankings/casas-productoras-mexico/,URL vieja del directorio,
/proveedores/television/casas-productoras/1672-productoras-the-lift,/rankings/casas-productoras-mexico/,URL vieja del directorio,
/proveedores/television/casas-productoras/1677-productoras-metro-producciones,/rankings/casas-productoras-mexico/,URL vieja del directorio,
/proveedores/television/casas-productoras/1678-productoras-muela-producciones,/rankings/casas-productoras-mexico/,URL vieja del directorio,
/proveedores/television/casas-productoras/1683-productoras-peliculas-imaginarias,/rankings/casas-productoras-mexico/,URL vieja del directorio,
/proveedores/television/casas-productoras/1686-productoras-planeta-films,/rankings/casas-productoras-mexico/,URL vieja del directorio,
/proveedores/television/casas-productoras/1690-productoras-retro-studio,/rankings/casas-productoras-mexico/,URL vieja del directorio,
/proveedores/television/casas-productoras/1693-productoras-silver-media-studio,/rankings/casas-productoras-mexico/,URL vieja del directorio,
/proveedores/television/casas-productoras/1698-productoras-suave-films,/rankings/casas-productoras-mexico/,URL vieja del directorio,
/proveedores/television/casas-productoras/1699-productoras-suitechocolate,/rankings/casas-productoras-mexico/,URL vieja del directorio,
/proveedores/television/casas-productoras/1701-productoras-terciopelo-films,/rankings/casas-productoras-mexico/,URL vieja del directorio,
/proveedores/television/casas-productoras/1702-productoras-the-maestros,/rankings/casas-productoras-mexico/,URL vieja del directorio,
/proveedores/television/casas-productoras/1703-productoras-tiempo-y-tono-films,/rankings/casas-productoras-mexico/,URL vieja del directorio,
/proveedores/television/casas-productoras/1703-productoras-tiempo-y-tono-films/contactar,/rankings/casas-productoras-mexico/,URL vieja del directorio,
/proveedores/television/casas-productoras/1705-productoras-tribu-films-producciones,/rankings/casas-productoras-mexico/,URL vieja del directorio,
/proveedores/television/casas-productoras/1706-productoras-vdm-casa-productora,/rankings/casas-productoras-mexico/,URL vieja del directorio,
/proveedores/television/casas-productoras/1709-productoras-whiskey-films,/rankings/casas-productoras-mexico/,URL vieja del directorio,
/proveedores/television/casas-productoras/1711-productoras-yellow-films,/rankings/casas-productoras-mexico/,URL vieja del directorio,
/proveedores/television/casas-productoras/pagina1,/rankings/casas-productoras-mexico/,URL vieja del directorio,
/proveedores/television/casas-productoras/pagina2,/rankings/casas-productoras-mexico/,URL vieja del directorio,
/proveedores/television/casas-productoras/pagina3,/rankings/casas-productoras-mexico/,URL vieja del directorio,
/proveedores/television/casas-productoras/pagina4,/rankings/casas-productoras-mexico/,URL vieja del directorio,
/proveedores/television/casas-productoras/todo,/rankings/casas-productoras-mexico/,URL vieja del directorio,
/proveedores/television/casas-productoras/todo/pagina2,/rankings/casas-productoras-mexico/,URL vieja del directorio,
/proveedores/television/casas-productoras/todo/pagina3,/rankings/casas-productoras-mexico/,URL vieja del directorio,
/proveedores/television/estudios-de-grabacion/1520-estudio-de-grabacion-equis-cosa,/rankings/estudios-doblaje-locucion-mexico/,URL vieja del directorio,
/proveedores/television/estudios-de-grabacion/1526-estudio-de-grabacion-catapulta-studios,/rankings/estudios-doblaje-locucion-mexico/,URL vieja del directorio,
/proveedores/television/estudios-de-grabacion/1532-estudio-de-grabacion-jarpa-studio,/rankings/estudios-doblaje-locucion-mexico/,URL vieja del directorio,
/proveedores/television/estudios-de-grabacion/1533-estudio-de-grabacion-lado-a-estudios,/rankings/estudios-doblaje-locucion-mexico/,URL vieja del directorio,
/proveedores/television/estudios-de-grabacion/1534-estudio-de-grabacion-mixtlan-producciones,/rankings/estudios-doblaje-locucion-mexico/,URL vieja del directorio,
/proveedores/television/estudios-de-grabacion/1540-estudios-y-foros-en-renta-56-cinco-punto-seis,/rankings/estudios-doblaje-locucion-mexico/,URL vieja del directorio,
/proveedores/television/estudios-de-grabacion/1542-estudios-y-foros-en-renta-palmera-films,/rankings/estudios-doblaje-locucion-mexico/,URL vieja del directorio,
/proveedores/television/estudios-de-grabacion/1545-estudios-y-foros-en-renta-talento-post,/rankings/estudios-doblaje-locucion-mexico/,URL vieja del directorio,
/proveedores/todo/pagina25,/rankings/agencias-de-publicidad-mexico/,URL vieja del directorio,
/proveedores/todo/pagina27,/rankings/agencias-de-publicidad-mexico/,URL vieja del directorio,
/proveedores/todo/pagina3,/rankings/agencias-de-publicidad-mexico/,URL vieja del directorio,
/proveedores/todo/pagina41,/rankings/agencias-de-publicidad-mexico/,URL vieja del directorio,
/proveedores/todo/pagina76,/rankings/agencias-de-publicidad-mexico/,URL vieja del directorio,
/proveedores/todo/pagina79,/rankings/agencias-de-publicidad-mexico/,URL vieja del directorio,
