Redirecciones previas: 4098
7654	activa	regex=False	Directorio a rankings	/directorio/investigacion-de-mercados/	->	/rankings/agencias-investigacion-de-mercados-mexico/
7653	activa	regex=False	Directorio a rankings	/directorio/proveedores/investigacion-de-mercados/	->	/rankings/agencias-investigacion-de-mercados-mexico/
7652	activa	regex=False	Directorio a rankings	/directorio/banners/	->	/rankings/agencias-inbound-marketing-mexico/#banners-y-publicidad-display
7651	activa	regex=False	Directorio a rankings	/directorio/proveedores/marketing-digital/banners/	->	/rankings/agencias-inbound-marketing-mexico/#banners-y-publicidad-display
7650	activa	regex=False	Directorio a rankings	/directorio/bases-de-datos/	->	/rankings/agencias-inbound-marketing-mexico/#seo-email-marketing-y-bases-de-datos
7649	activa	regex=False	Directorio a rankings	/directorio/proveedores/marketing-digital/bases-de-datos/	->	/rankings/agencias-inbound-marketing-mexico/#seo-email-marketing-y-bases-de-datos
7648	activa	regex=False	Directorio a rankings	/directorio/e-mailing/	->	/rankings/agencias-inbound-marketing-mexico/#seo-email-marketing-y-bases-de-datos
7647	activa	regex=False	Directorio a rankings	/directorio/proveedores/marketing-digital/e-mailing/	->	/rankings/agencias-inbound-marketing-mexico/#seo-email-marketing-y-bases-de-datos
7646	activa	regex=False	Directorio a rankings	/directorio/buscadores/	->	/rankings/agencias-inbound-marketing-mexico/#seo-email-marketing-y-bases-de-datos
7645	activa	regex=False	Directorio a rankings	/directorio/proveedores/marketing-digital/buscadores/	->	/rankings/agencias-inbound-marketing-mexico/#seo-email-marketing-y-bases-de-datos
7644	activa	regex=False	Directorio a rankings	/directorio/sistemas-de-intranet/	->	/rankings/agencias-inbound-marketing-mexico/#diseno-web-dominios-y-hosting
7643	activa	regex=False	Directorio a rankings	/directorio/proveedores/marketing-digital/sistemas-de-intranet/	->	/rankings/agencias-inbound-marketing-mexico/#diseno-web-dominios-y-hosting
7642	activa	regex=False	Directorio a rankings	/directorio/dominios-y-hosting/	->	/rankings/agencias-inbound-marketing-mexico/#diseno-web-dominios-y-hosting
7641	activa	regex=False	Directorio a rankings	/directorio/proveedores/marketing-digital/dominios-y-hosting/	->	/rankings/agencias-inbound-marketing-mexico/#diseno-web-dominios-y-hosting
7640	activa	regex=False	Directorio a rankings	/directorio/diseno-y-desarrollo-web/	->	/rankings/agencias-inbound-marketing-mexico/#diseno-web-dominios-y-hosting
7639	activa	regex=False	Directorio a rankings	/directorio/proveedores/diseno/diseno-y-desarrollo-web/	->	/rankings/agencias-inbound-marketing-mexico/#diseno-web-dominios-y-hosting
7638	activa	regex=False	Directorio a rankings	/directorio/inbound-marketing-mexico/	->	/rankings/agencias-inbound-marketing-mexico/
7637	activa	regex=False	Directorio a rankings	/directorio/proveedores/inbound-marketing-mexico/	->	/rankings/agencias-inbound-marketing-mexico/
7636	activa	regex=False	Directorio a rankings	/directorio/marketing-digital/	->	/rankings/agencias-inbound-marketing-mexico/
7635	activa	regex=False	Directorio a rankings	/directorio/proveedores/marketing-digital/	->	/rankings/agencias-inbound-marketing-mexico/
7634	activa	regex=False	Directorio a rankings	/directorio/diseno-textil/	->	/rankings/estudios-diseno-branding-mexico/#diseno-industrial-y-textil
7633	activa	regex=False	Directorio a rankings	/directorio/proveedores/diseno/diseno-textil/	->	/rankings/estudios-diseno-branding-mexico/#diseno-industrial-y-textil
7632	activa	regex=False	Directorio a rankings	/directorio/diseno-industrial/	->	/rankings/estudios-diseno-branding-mexico/#diseno-industrial-y-textil
7631	activa	regex=False	Directorio a rankings	/directorio/proveedores/diseno/diseno-industrial/	->	/rankings/estudios-diseno-branding-mexico/#diseno-industrial-y-textil
7630	activa	regex=False	Directorio a rankings	/directorio/ilustracion/	->	/rankings/estudios-diseno-branding-mexico/#diseno-grafico-editorial-e-ilustracion
7629	activa	regex=False	Directorio a rankings	/directorio/proveedores/diseno/ilustracion/	->	/rankings/estudios-diseno-branding-mexico/#diseno-grafico-editorial-e-ilustracion
7628	activa	regex=False	Directorio a rankings	/directorio/diseno-multimedia/	->	/rankings/estudios-diseno-branding-mexico/#diseno-grafico-editorial-e-ilustracion
7627	activa	regex=False	Directorio a rankings	/directorio/proveedores/diseno/diseno-multimedia/	->	/rankings/estudios-diseno-branding-mexico/#diseno-grafico-editorial-e-ilustracion
7626	activa	regex=False	Directorio a rankings	/directorio/diseno-publicitario/	->	/rankings/estudios-diseno-branding-mexico/#diseno-grafico-editorial-e-ilustracion
7625	activa	regex=False	Directorio a rankings	/directorio/proveedores/diseno/diseno-publicitario/	->	/rankings/estudios-diseno-branding-mexico/#diseno-grafico-editorial-e-ilustracion
7624	activa	regex=False	Directorio a rankings	/directorio/diseno-editorial/	->	/rankings/estudios-diseno-branding-mexico/#diseno-grafico-editorial-e-ilustracion
7623	activa	regex=False	Directorio a rankings	/directorio/proveedores/diseno/diseno-editorial/	->	/rankings/estudios-diseno-branding-mexico/#diseno-grafico-editorial-e-ilustracion
7622	activa	regex=False	Directorio a rankings	/directorio/diseno-grafico/	->	/rankings/estudios-diseno-branding-mexico/#diseno-grafico-editorial-e-ilustracion
7621	activa	regex=False	Directorio a rankings	/directorio/proveedores/diseno/diseno-grafico/	->	/rankings/estudios-diseno-branding-mexico/#diseno-grafico-editorial-e-ilustracion
7620	activa	regex=False	Directorio a rankings	/directorio/identidad-de-marca/	->	/rankings/estudios-diseno-branding-mexico/
7619	activa	regex=False	Directorio a rankings	/directorio/proveedores/capacitacion-y-cursos/identidad-de-marca/	->	/rankings/estudios-diseno-branding-mexico/
7618	activa	regex=False	Directorio a rankings	/directorio/identidad-corporativa/	->	/rankings/estudios-diseno-branding-mexico/
7617	activa	regex=False	Directorio a rankings	/directorio/proveedores/diseno/identidad-corporativa/	->	/rankings/estudios-diseno-branding-mexico/
7616	activa	regex=False	Directorio a rankings	/directorio/agencias-de-diseno/	->	/rankings/estudios-diseno-branding-mexico/
7615	activa	regex=False	Directorio a rankings	/directorio/proveedores/agencias/agencias-de-diseno/	->	/rankings/estudios-diseno-branding-mexico/
7614	activa	regex=False	Directorio a rankings	/directorio/diseno/	->	/rankings/estudios-diseno-branding-mexico/#diseno-grafico-editorial-e-ilustracion
7613	activa	regex=False	Directorio a rankings	/directorio/proveedores/diseno/	->	/rankings/estudios-diseno-branding-mexico/#diseno-grafico-editorial-e-ilustracion
7612	activa	regex=False	Directorio a rankings	/directorio/estudios-de-grabacion/	->	/rankings/estudios-doblaje-locucion-mexico/
7611	activa	regex=False	Directorio a rankings	/directorio/proveedores/radio/estudios-de-grabacion/	->	/rankings/estudios-doblaje-locucion-mexico/
7610	activa	regex=False	Directorio a rankings	/directorio/doblaje-y-locucion/	->	/rankings/estudios-doblaje-locucion-mexico/
7609	activa	regex=False	Directorio a rankings	/directorio/proveedores/radio/doblaje-y-locucion/	->	/rankings/estudios-doblaje-locucion-mexico/
7608	activa	regex=False	Directorio a rankings	/directorio/post-produccion/	->	/rankings/casas-productoras-mexico/#equipo-de-produccion-y-postproduccion
7607	activa	regex=False	Directorio a rankings	/directorio/proveedores/television/post-produccion/	->	/rankings/casas-productoras-mexico/#equipo-de-produccion-y-postproduccion
7606	activa	regex=False	Directorio a rankings	/directorio/equipo-de-produccion/	->	/rankings/casas-productoras-mexico/#equipo-de-produccion-y-postproduccion
7605	activa	regex=False	Directorio a rankings	/directorio/proveedores/television/equipo-de-produccion/	->	/rankings/casas-productoras-mexico/#equipo-de-produccion-y-postproduccion
7604	activa	regex=False	Directorio a rankings	/directorio/videos/	->	/rankings/casas-productoras-mexico/#fotografia-y-video-publicitario
7603	activa	regex=False	Directorio a rankings	/directorio/proveedores/eventos/videos/	->	/rankings/casas-productoras-mexico/#fotografia-y-video-publicitario
7602	activa	regex=False	Directorio a rankings	/directorio/fotografias/	->	/rankings/casas-productoras-mexico/#fotografia-y-video-publicitario
7601	activa	regex=False	Directorio a rankings	/directorio/proveedores/eventos/fotografias/	->	/rankings/casas-productoras-mexico/#fotografia-y-video-publicitario
7600	activa	regex=False	Directorio a rankings	/directorio/fotografia/	->	/rankings/casas-productoras-mexico/#fotografia-y-video-publicitario
7599	activa	regex=False	Directorio a rankings	/directorio/proveedores/diseno/fotografia/	->	/rankings/casas-productoras-mexico/#fotografia-y-video-publicitario
7598	activa	regex=False	Directorio a rankings	/directorio/casas-productoras/	->	/rankings/casas-productoras-mexico/
7597	activa	regex=False	Directorio a rankings	/directorio/proveedores/radio/casas-productoras/	->	/rankings/casas-productoras-mexico/
7596	activa	regex=False	Directorio a rankings	/directorio/publicidad-y-mercadotecnia/	->	/rankings/productoras-de-eventos-mexico/#expos-por-industria
7595	activa	regex=False	Directorio a rankings	/directorio/proveedores/exposiciones-calendario-y-por-rubro/publicidad-y-mercadotecnia/	->	/rankings/productoras-de-eventos-mexico/#expos-por-industria
7594	activa	regex=False	Directorio a rankings	/directorio/alimentos-y-bebidas/	->	/rankings/productoras-de-eventos-mexico/#expos-por-industria
7593	activa	regex=False	Directorio a rankings	/directorio/proveedores/exposiciones-calendario-y-por-rubro/alimentos-y-bebidas/	->	/rankings/productoras-de-eventos-mexico/#expos-por-industria
7592	activa	regex=False	Directorio a rankings	/directorio/exposiciones-calendario-y-por-rubro/	->	/rankings/productoras-de-eventos-mexico/#expos-por-industria
7591	activa	regex=False	Directorio a rankings	/directorio/proveedores/exposiciones-calendario-y-por-rubro/	->	/rankings/productoras-de-eventos-mexico/#expos-por-industria
7590	activa	regex=False	Directorio a rankings	/directorio/ciudades-y-gobiernos/	->	/rankings/productoras-de-eventos-mexico/#turismo-de-reuniones
7589	activa	regex=False	Directorio a rankings	/directorio/proveedores/convenciones/ciudades-y-gobiernos/	->	/rankings/productoras-de-eventos-mexico/#turismo-de-reuniones
7588	activa	regex=False	Directorio a rankings	/directorio/transporte/	->	/rankings/productoras-de-eventos-mexico/#turismo-de-reuniones
7587	activa	regex=False	Directorio a rankings	/directorio/proveedores/convenciones/transporte/	->	/rankings/productoras-de-eventos-mexico/#turismo-de-reuniones
7586	activa	regex=False	Directorio a rankings	/directorio/tours/	->	/rankings/productoras-de-eventos-mexico/#turismo-de-reuniones
7585	activa	regex=False	Directorio a rankings	/directorio/proveedores/convenciones/tours/	->	/rankings/productoras-de-eventos-mexico/#turismo-de-reuniones
7584	activa	regex=False	Directorio a rankings	/directorio/hoteles/	->	/rankings/productoras-de-eventos-mexico/#turismo-de-reuniones
7583	activa	regex=False	Directorio a rankings	/directorio/proveedores/convenciones/hoteles/	->	/rankings/productoras-de-eventos-mexico/#turismo-de-reuniones
7582	activa	regex=False	Directorio a rankings	/directorio/aerolineas/	->	/rankings/productoras-de-eventos-mexico/#turismo-de-reuniones
7581	activa	regex=False	Directorio a rankings	/directorio/proveedores/convenciones/aerolineas/	->	/rankings/productoras-de-eventos-mexico/#turismo-de-reuniones
7580	activa	regex=False	Directorio a rankings	/directorio/agencias-de-convenciones/	->	/rankings/productoras-de-eventos-mexico/#turismo-de-reuniones
7579	activa	regex=False	Directorio a rankings	/directorio/proveedores/agencias/agencias-de-convenciones/	->	/rankings/productoras-de-eventos-mexico/#turismo-de-reuniones
7578	activa	regex=False	Directorio a rankings	/directorio/convenciones/	->	/rankings/productoras-de-eventos-mexico/#turismo-de-reuniones
7577	activa	regex=False	Directorio a rankings	/directorio/proveedores/convenciones/	->	/rankings/productoras-de-eventos-mexico/#turismo-de-reuniones
7576	activa	regex=False	Directorio a rankings	/directorio/coaching/	->	/rankings/productoras-de-eventos-mexico/#shows-artistas-y-conferencistas
7575	activa	regex=False	Directorio a rankings	/directorio/proveedores/capacitacion-y-cursos/coaching/	->	/rankings/productoras-de-eventos-mexico/#shows-artistas-y-conferencistas
7574	activa	regex=False	Directorio a rankings	/directorio/capacitacion-y-cursos/	->	/rankings/productoras-de-eventos-mexico/#shows-artistas-y-conferencistas
7573	activa	regex=False	Directorio a rankings	/directorio/proveedores/capacitacion-y-cursos/	->	/rankings/productoras-de-eventos-mexico/#shows-artistas-y-conferencistas
7572	activa	regex=False	Directorio a rankings	/directorio/speakers/	->	/rankings/productoras-de-eventos-mexico/#shows-artistas-y-conferencistas
7571	activa	regex=False	Directorio a rankings	/directorio/proveedores/capacitacion-y-cursos/speakers/	->	/rankings/productoras-de-eventos-mexico/#shows-artistas-y-conferencistas
7570	activa	regex=False	Directorio a rankings	/directorio/representantes-de-artistas/	->	/rankings/productoras-de-eventos-mexico/#shows-artistas-y-conferencistas
7569	activa	regex=False	Directorio a rankings	/directorio/proveedores/eventos/representantes-de-artistas/	->	/rankings/productoras-de-eventos-mexico/#shows-artistas-y-conferencistas
7568	activa	regex=False	Directorio a rankings	/directorio/shows-y-conciertos/	->	/rankings/productoras-de-eventos-mexico/#shows-artistas-y-conferencistas
7567	activa	regex=False	Directorio a rankings	/directorio/proveedores/eventos/shows-y-conciertos/	->	/rankings/productoras-de-eventos-mexico/#shows-artistas-y-conferencistas
7566	activa	regex=False	Directorio a rankings	/directorio/vinos-y-licores/	->	/rankings/productoras-de-eventos-mexico/#banquetes-vinos-y-licores
7565	activa	regex=False	Directorio a rankings	/directorio/proveedores/eventos/vinos-y-licores/	->	/rankings/productoras-de-eventos-mexico/#banquetes-vinos-y-licores
7564	activa	regex=False	Directorio a rankings	/directorio/banquetes/	->	/rankings/productoras-de-eventos-mexico/#banquetes-vinos-y-licores
7563	activa	regex=False	Directorio a rankings	/directorio/proveedores/eventos/banquetes/	->	/rankings/productoras-de-eventos-mexico/#banquetes-vinos-y-licores
7562	activa	regex=False	Directorio a rankings	/directorio/museos-y-otros/	->	/rankings/productoras-de-eventos-mexico/#sedes-salones-jardines-y-centros-de-convenciones
7561	activa	regex=False	Directorio a rankings	/directorio/proveedores/eventos/museos-y-otros/	->	/rankings/productoras-de-eventos-mexico/#sedes-salones-jardines-y-centros-de-convenciones
7560	activa	regex=False	Directorio a rankings	/directorio/centros-de-exposiciones/	->	/rankings/productoras-de-eventos-mexico/#sedes-salones-jardines-y-centros-de-convenciones
7559	activa	regex=False	Directorio a rankings	/directorio/proveedores/exposiciones-calendario-y-por-rubro/centros-de-exposiciones/	->	/rankings/productoras-de-eventos-mexico/#sedes-salones-jardines-y-centros-de-convenciones
7558	activa	regex=False	Directorio a rankings	/directorio/centros-de-convenciones/	->	/rankings/productoras-de-eventos-mexico/#sedes-salones-jardines-y-centros-de-convenciones
7557	activa	regex=False	Directorio a rankings	/directorio/proveedores/convenciones/centros-de-convenciones/	->	/rankings/productoras-de-eventos-mexico/#sedes-salones-jardines-y-centros-de-convenciones
7556	activa	regex=False	Directorio a rankings	/directorio/salones-y-jardines/	->	/rankings/productoras-de-eventos-mexico/#sedes-salones-jardines-y-centros-de-convenciones
7555	activa	regex=False	Directorio a rankings	/directorio/proveedores/eventos/salones-y-jardines/	->	/rankings/productoras-de-eventos-mexico/#sedes-salones-jardines-y-centros-de-convenciones
7554	activa	regex=False	Directorio a rankings	/directorio/eventos/	->	/rankings/productoras-de-eventos-mexico/
7553	activa	regex=False	Directorio a rankings	/directorio/proveedores/eventos/	->	/rankings/productoras-de-eventos-mexico/
7552	activa	regex=False	Directorio a rankings	/directorio/audio/	->	/rankings/productoras-de-eventos-mexico/#stands-mobiliario-y-renta-para-expos
7551	activa	regex=False	Directorio a rankings	/directorio/proveedores/eventos/audio/	->	/rankings/productoras-de-eventos-mexico/#stands-mobiliario-y-renta-para-expos
7550	activa	regex=False	Directorio a rankings	/directorio/iluminacion/	->	/rankings/productoras-de-eventos-mexico/#stands-mobiliario-y-renta-para-expos
7549	activa	regex=False	Directorio a rankings	/directorio/proveedores/eventos/iluminacion/	->	/rankings/productoras-de-eventos-mexico/#stands-mobiliario-y-renta-para-expos
7548	activa	regex=False	Directorio a rankings	/directorio/decoracion/	->	/rankings/productoras-de-eventos-mexico/#stands-mobiliario-y-renta-para-expos
7547	activa	regex=False	Directorio a rankings	/directorio/proveedores/eventos/decoracion/	->	/rankings/productoras-de-eventos-mexico/#stands-mobiliario-y-renta-para-expos
7546	activa	regex=False	Directorio a rankings	/directorio/carpas-y-tarimas/	->	/rankings/productoras-de-eventos-mexico/#stands-mobiliario-y-renta-para-expos
7545	activa	regex=False	Directorio a rankings	/directorio/proveedores/eventos/carpas-y-tarimas/	->	/rankings/productoras-de-eventos-mexico/#stands-mobiliario-y-renta-para-expos
7544	activa	regex=False	Directorio a rankings	/directorio/mobiliario-lounge/	->	/rankings/productoras-de-eventos-mexico/#stands-mobiliario-y-renta-para-expos
7543	activa	regex=False	Directorio a rankings	/directorio/proveedores/eventos/mobiliario-lounge/	->	/rankings/productoras-de-eventos-mexico/#stands-mobiliario-y-renta-para-expos
7542	activa	regex=False	Directorio a rankings	/directorio/renta-de-mobiliario/	->	/rankings/productoras-de-eventos-mexico/#stands-mobiliario-y-renta-para-expos
7541	activa	regex=False	Directorio a rankings	/directorio/proveedores/stands-y-display/renta-de-mobiliario/	->	/rankings/productoras-de-eventos-mexico/#stands-mobiliario-y-renta-para-expos
7540	activa	regex=False	Directorio a rankings	/directorio/renta-de-equipo-audiovisual/	->	/rankings/productoras-de-eventos-mexico/#stands-mobiliario-y-renta-para-expos
7539	activa	regex=False	Directorio a rankings	/directorio/proveedores/stands-y-display/renta-de-equipo-audiovisual/	->	/rankings/productoras-de-eventos-mexico/#stands-mobiliario-y-renta-para-expos
7538	activa	regex=False	Directorio a rankings	/directorio/renta-de-decoracion/	->	/rankings/productoras-de-eventos-mexico/#stands-mobiliario-y-renta-para-expos
7537	activa	regex=False	Directorio a rankings	/directorio/proveedores/stands-y-display/renta-de-decoracion/	->	/rankings/productoras-de-eventos-mexico/#stands-mobiliario-y-renta-para-expos
7536	activa	regex=False	Directorio a rankings	/directorio/renta-de-alfombras/	->	/rankings/productoras-de-eventos-mexico/#stands-mobiliario-y-renta-para-expos
7535	activa	regex=False	Directorio a rankings	/directorio/proveedores/stands-y-display/renta-de-alfombras/	->	/rankings/productoras-de-eventos-mexico/#stands-mobiliario-y-renta-para-expos
7534	activa	regex=False	Directorio a rankings	/directorio/fabricacion-renta-y-venta-de-stands/	->	/rankings/productoras-de-eventos-mexico/#stands-mobiliario-y-renta-para-expos
7533	activa	regex=False	Directorio a rankings	/directorio/proveedores/stands-y-display/fabricacion-renta-y-venta-de-stands/	->	/rankings/productoras-de-eventos-mexico/#stands-mobiliario-y-renta-para-expos
7532	activa	regex=False	Directorio a rankings	/directorio/stands-y-display/	->	/rankings/productoras-de-eventos-mexico/#stands-mobiliario-y-renta-para-expos
7531	activa	regex=False	Directorio a rankings	/directorio/proveedores/stands-y-display/	->	/rankings/productoras-de-eventos-mexico/#stands-mobiliario-y-renta-para-expos
7530	activa	regex=False	Directorio a rankings	/directorio/fabricacion-renta-y-venta-de-banners/	->	/rankings/proveedores-pop-promocionales-mexico/#banners-y-lonas-impresas
7529	activa	regex=False	Directorio a rankings	/directorio/proveedores/stands-y-display/fabricacion-renta-y-venta-de-banners/	->	/rankings/proveedores-pop-promocionales-mexico/#banners-y-lonas-impresas
7528	activa	regex=False	Directorio a rankings	/directorio/fabricantes-de-etiquetas/	->	/rankings/proveedores-pop-promocionales-mexico/#empaques-bolsas-y-etiquetas
7527	activa	regex=False	Directorio a rankings	/directorio/proveedores/empaque-y-embotellamiento/fabricantes-de-etiquetas/	->	/rankings/proveedores-pop-promocionales-mexico/#empaques-bolsas-y-etiquetas
7526	activa	regex=False	Directorio a rankings	/directorio/fabricantes-de-empaques/	->	/rankings/proveedores-pop-promocionales-mexico/#empaques-bolsas-y-etiquetas
7525	activa	regex=False	Directorio a rankings	/directorio/proveedores/empaque-y-embotellamiento/fabricantes-de-empaques/	->	/rankings/proveedores-pop-promocionales-mexico/#empaques-bolsas-y-etiquetas
7524	activa	regex=False	Directorio a rankings	/directorio/fabricantes-de-bolsas/	->	/rankings/proveedores-pop-promocionales-mexico/#empaques-bolsas-y-etiquetas
7523	activa	regex=False	Directorio a rankings	/directorio/proveedores/empaque-y-embotellamiento/fabricantes-de-bolsas/	->	/rankings/proveedores-pop-promocionales-mexico/#empaques-bolsas-y-etiquetas
7522	activa	regex=False	Directorio a rankings	/directorio/empaque-y-embotellamiento/	->	/rankings/proveedores-pop-promocionales-mexico/#empaques-bolsas-y-etiquetas
7521	activa	regex=False	Directorio a rankings	/directorio/proveedores/empaque-y-embotellamiento/	->	/rankings/proveedores-pop-promocionales-mexico/#empaques-bolsas-y-etiquetas
7520	activa	regex=False	Directorio a rankings	/directorio/textil/	->	/rankings/proveedores-pop-promocionales-mexico/#articulos-promocionales-y-textiles
7519	activa	regex=False	Directorio a rankings	/directorio/proveedores/promocionales/textil/	->	/rankings/proveedores-pop-promocionales-mexico/#articulos-promocionales-y-textiles
7518	activa	regex=False	Directorio a rankings	/directorio/articulos-promocionales/	->	/rankings/proveedores-pop-promocionales-mexico/#articulos-promocionales-y-textiles
7517	activa	regex=False	Directorio a rankings	/directorio/proveedores/promocionales/articulos-promocionales/	->	/rankings/proveedores-pop-promocionales-mexico/#articulos-promocionales-y-textiles
7516	activa	regex=False	Directorio a rankings	/directorio/promocionales/	->	/rankings/proveedores-pop-promocionales-mexico/#articulos-promocionales-y-textiles
7515	activa	regex=False	Directorio a rankings	/directorio/proveedores/promocionales/	->	/rankings/proveedores-pop-promocionales-mexico/#articulos-promocionales-y-textiles
7514	activa	regex=False	Directorio a rankings	/directorio/venta-de-maquinas/	->	/rankings/proveedores-pop-promocionales-mexico/#impresion-offset-digital-gran-formato-y-serigrafia
7513	activa	regex=False	Directorio a rankings	/directorio/proveedores/impresion-y-artes-graficas/venta-de-maquinas/	->	/rankings/proveedores-pop-promocionales-mexico/#impresion-offset-digital-gran-formato-y-serigrafia
7512	activa	regex=False	Directorio a rankings	/directorio/serigrafia/	->	/rankings/proveedores-pop-promocionales-mexico/#impresion-offset-digital-gran-formato-y-serigrafia
7511	activa	regex=False	Directorio a rankings	/directorio/proveedores/impresion-y-artes-graficas/serigrafia/	->	/rankings/proveedores-pop-promocionales-mexico/#impresion-offset-digital-gran-formato-y-serigrafia
7510	activa	regex=False	Directorio a rankings	/directorio/impresion-en-offset/	->	/rankings/proveedores-pop-promocionales-mexico/#impresion-offset-digital-gran-formato-y-serigrafia
7509	activa	regex=False	Directorio a rankings	/directorio/proveedores/impresion-y-artes-graficas/impresion-en-offset/	->	/rankings/proveedores-pop-promocionales-mexico/#impresion-offset-digital-gran-formato-y-serigrafia
7508	activa	regex=False	Directorio a rankings	/directorio/impresion-a-gran-formato/	->	/rankings/proveedores-pop-promocionales-mexico/#impresion-offset-digital-gran-formato-y-serigrafia
7507	activa	regex=False	Directorio a rankings	/directorio/proveedores/impresion-y-artes-graficas/impresion-a-gran-formato/	->	/rankings/proveedores-pop-promocionales-mexico/#impresion-offset-digital-gran-formato-y-serigrafia
7506	activa	regex=False	Directorio a rankings	/directorio/imprentas-digital/	->	/rankings/proveedores-pop-promocionales-mexico/#impresion-offset-digital-gran-formato-y-serigrafia
7505	activa	regex=False	Directorio a rankings	/directorio/proveedores/impresion-y-artes-graficas/imprentas-digital/	->	/rankings/proveedores-pop-promocionales-mexico/#impresion-offset-digital-gran-formato-y-serigrafia
7504	activa	regex=False	Directorio a rankings	/directorio/editoriales/	->	/rankings/proveedores-pop-promocionales-mexico/#impresion-offset-digital-gran-formato-y-serigrafia
7503	activa	regex=False	Directorio a rankings	/directorio/proveedores/impresion-y-artes-graficas/editoriales/	->	/rankings/proveedores-pop-promocionales-mexico/#impresion-offset-digital-gran-formato-y-serigrafia
7502	activa	regex=False	Directorio a rankings	/directorio/impresion-y-artes-graficas/	->	/rankings/proveedores-pop-promocionales-mexico/#impresion-offset-digital-gran-formato-y-serigrafia
7501	activa	regex=False	Directorio a rankings	/directorio/proveedores/impresion-y-artes-graficas/	->	/rankings/proveedores-pop-promocionales-mexico/#impresion-offset-digital-gran-formato-y-serigrafia
7500	activa	regex=False	Directorio a rankings	/directorio/posters/	->	/rankings/proveedores-pop-promocionales-mexico/#displays-posters-y-material-pop
7499	activa	regex=False	Directorio a rankings	/directorio/proveedores/pop/posters/	->	/rankings/proveedores-pop-promocionales-mexico/#displays-posters-y-material-pop
7498	activa	regex=False	Directorio a rankings	/directorio/displays/	->	/rankings/proveedores-pop-promocionales-mexico/#displays-posters-y-material-pop
7497	activa	regex=False	Directorio a rankings	/directorio/proveedores/pop/displays/	->	/rankings/proveedores-pop-promocionales-mexico/#displays-posters-y-material-pop
7496	activa	regex=False	Directorio a rankings	/directorio/pop/	->	/rankings/proveedores-pop-promocionales-mexico/#displays-posters-y-material-pop
7495	activa	regex=False	Directorio a rankings	/directorio/proveedores/pop/	->	/rankings/proveedores-pop-promocionales-mexico/#displays-posters-y-material-pop
7494	activa	regex=False	Directorio a rankings	/directorio/agencias-de-modelos/	->	/rankings/productoras-de-eventos-mexico/
7493	activa	regex=False	Directorio a rankings	/directorio/proveedores/agencias/agencias-de-modelos/	->	/rankings/productoras-de-eventos-mexico/
7492	activa	regex=False	Directorio a rankings	/directorio/edecanes/	->	/rankings/productoras-de-eventos-mexico/
7491	activa	regex=False	Directorio a rankings	/directorio/proveedores/activaciones/edecanes/	->	/rankings/productoras-de-eventos-mexico/
7490	activa	regex=False	Directorio a rankings	/directorio/agencias-de-promocion/	->	/rankings/agencias-btl-promotoria-mexico/
7489	activa	regex=False	Directorio a rankings	/directorio/proveedores/agencias/agencias-de-promocion/	->	/rankings/agencias-btl-promotoria-mexico/
7488	activa	regex=False	Directorio a rankings	/directorio/renta-de-equipos/	->	/rankings/agencias-btl-promotoria-mexico/#activaciones-inflables-y-performance
7487	activa	regex=False	Directorio a rankings	/directorio/proveedores/activaciones/renta-de-equipos/	->	/rankings/agencias-btl-promotoria-mexico/#activaciones-inflables-y-performance
7486	activa	regex=False	Directorio a rankings	/directorio/performance/	->	/rankings/agencias-btl-promotoria-mexico/#activaciones-inflables-y-performance
7485	activa	regex=False	Directorio a rankings	/directorio/proveedores/activaciones/performance/	->	/rankings/agencias-btl-promotoria-mexico/#activaciones-inflables-y-performance
7484	activa	regex=False	Directorio a rankings	/directorio/lugares-para-promocion/	->	/rankings/agencias-btl-promotoria-mexico/#activaciones-inflables-y-performance
7483	activa	regex=False	Directorio a rankings	/directorio/proveedores/activaciones/lugares-para-promocion/	->	/rankings/agencias-btl-promotoria-mexico/#activaciones-inflables-y-performance
7482	activa	regex=False	Directorio a rankings	/directorio/inflables/	->	/rankings/agencias-btl-promotoria-mexico/#activaciones-inflables-y-performance
7481	activa	regex=False	Directorio a rankings	/directorio/proveedores/activaciones/inflables/	->	/rankings/agencias-btl-promotoria-mexico/#activaciones-inflables-y-performance
7480	activa	regex=False	Directorio a rankings	/directorio/btl/	->	/rankings/agencias-btl-promotoria-mexico/#activaciones-inflables-y-performance
7479	activa	regex=False	Directorio a rankings	/directorio/proveedores/activaciones/btl/	->	/rankings/agencias-btl-promotoria-mexico/#activaciones-inflables-y-performance
7478	activa	regex=False	Directorio a rankings	/directorio/activaciones/	->	/rankings/agencias-btl-promotoria-mexico/#activaciones-inflables-y-performance
7477	activa	regex=False	Directorio a rankings	/directorio/proveedores/activaciones/	->	/rankings/agencias-btl-promotoria-mexico/#activaciones-inflables-y-performance
7476	activa	regex=False	Directorio a rankings	/directorio/universidades/	->	/rankings/empresas-publicidad-exterior-mexico/#medios-alternos
7475	activa	regex=False	Directorio a rankings	/directorio/proveedores/medios-alternos/universidades/	->	/rankings/empresas-publicidad-exterior-mexico/#medios-alternos
7474	activa	regex=False	Directorio a rankings	/directorio/oficinas/	->	/rankings/empresas-publicidad-exterior-mexico/#medios-alternos
7473	activa	regex=False	Directorio a rankings	/directorio/proveedores/medios-alternos/oficinas/	->	/rankings/empresas-publicidad-exterior-mexico/#medios-alternos
7472	activa	regex=False	Directorio a rankings	/directorio/estadios-y-foros/	->	/rankings/empresas-publicidad-exterior-mexico/#medios-alternos
7471	activa	regex=False	Directorio a rankings	/directorio/proveedores/medios-alternos/estadios-y-foros/	->	/rankings/empresas-publicidad-exterior-mexico/#medios-alternos
7470	activa	regex=False	Directorio a rankings	/directorio/cines-y-teatros/	->	/rankings/empresas-publicidad-exterior-mexico/#medios-alternos
7469	activa	regex=False	Directorio a rankings	/directorio/proveedores/medios-alternos/cines-y-teatros/	->	/rankings/empresas-publicidad-exterior-mexico/#medios-alternos
7468	activa	regex=False	Directorio a rankings	/directorio/centros-comerciales/	->	/rankings/empresas-publicidad-exterior-mexico/#medios-alternos
7467	activa	regex=False	Directorio a rankings	/directorio/proveedores/medios-alternos/centros-comerciales/	->	/rankings/empresas-publicidad-exterior-mexico/#medios-alternos
7466	activa	regex=False	Directorio a rankings	/directorio/medios-alternos/	->	/rankings/empresas-publicidad-exterior-mexico/#medios-alternos
7465	activa	regex=False	Directorio a rankings	/directorio/proveedores/medios-alternos/	->	/rankings/empresas-publicidad-exterior-mexico/#medios-alternos
7464	activa	regex=False	Directorio a rankings	/directorio/parabuses/	->	/rankings/empresas-publicidad-exterior-mexico/#publicidad-en-transporte-publico
7463	activa	regex=False	Directorio a rankings	/directorio/proveedores/publicidad-exterior/parabuses/	->	/rankings/empresas-publicidad-exterior-mexico/#publicidad-en-transporte-publico
7462	activa	regex=False	Directorio a rankings	/directorio/mexibus/	->	/rankings/empresas-publicidad-exterior-mexico/#publicidad-en-transporte-publico
7461	activa	regex=False	Directorio a rankings	/directorio/proveedores/publicidad-exterior/mexibus/	->	/rankings/empresas-publicidad-exterior-mexico/#publicidad-en-transporte-publico
7460	activa	regex=False	Directorio a rankings	/directorio/metrobus/	->	/rankings/empresas-publicidad-exterior-mexico/#publicidad-en-transporte-publico
7459	activa	regex=False	Directorio a rankings	/directorio/proveedores/publicidad-exterior/metrobus/	->	/rankings/empresas-publicidad-exterior-mexico/#publicidad-en-transporte-publico
7458	activa	regex=False	Directorio a rankings	/directorio/metro/	->	/rankings/empresas-publicidad-exterior-mexico/#publicidad-en-transporte-publico
7457	activa	regex=False	Directorio a rankings	/directorio/proveedores/publicidad-exterior/metro/	->	/rankings/empresas-publicidad-exterior-mexico/#publicidad-en-transporte-publico
7456	activa	regex=False	Directorio a rankings	/directorio/camiones/	->	/rankings/empresas-publicidad-exterior-mexico/#espectaculares-carteleras-y-vallas
7455	activa	regex=False	Directorio a rankings	/directorio/proveedores/publicidad-exterior/camiones/	->	/rankings/empresas-publicidad-exterior-mexico/#espectaculares-carteleras-y-vallas
7454	activa	regex=False	Directorio a rankings	/directorio/vallas-moviles/	->	/rankings/empresas-publicidad-exterior-mexico/#espectaculares-carteleras-y-vallas
7453	activa	regex=False	Directorio a rankings	/directorio/proveedores/publicidad-exterior/vallas-moviles/	->	/rankings/empresas-publicidad-exterior-mexico/#espectaculares-carteleras-y-vallas
7452	activa	regex=False	Directorio a rankings	/directorio/vallas/	->	/rankings/empresas-publicidad-exterior-mexico/#espectaculares-carteleras-y-vallas
7451	activa	regex=False	Directorio a rankings	/directorio/proveedores/publicidad-exterior/vallas/	->	/rankings/empresas-publicidad-exterior-mexico/#espectaculares-carteleras-y-vallas
7450	activa	regex=False	Directorio a rankings	/directorio/carteleras/	->	/rankings/empresas-publicidad-exterior-mexico/#espectaculares-carteleras-y-vallas
7449	activa	regex=False	Directorio a rankings	/directorio/proveedores/publicidad-exterior/carteleras/	->	/rankings/empresas-publicidad-exterior-mexico/#espectaculares-carteleras-y-vallas
7448	activa	regex=False	Directorio a rankings	/directorio/espectaculares-mexico/	->	/rankings/empresas-publicidad-exterior-mexico/#espectaculares-carteleras-y-vallas
7447	activa	regex=False	Directorio a rankings	/directorio/proveedores/publicidad-exterior/espectaculares-mexico/	->	/rankings/empresas-publicidad-exterior-mexico/#espectaculares-carteleras-y-vallas
7446	activa	regex=False	Directorio a rankings	/directorio/publicidad-exterior/	->	/rankings/empresas-publicidad-exterior-mexico/
7445	activa	regex=False	Directorio a rankings	/directorio/proveedores/publicidad-exterior/	->	/rankings/empresas-publicidad-exterior-mexico/
7444	activa	regex=False	Directorio a rankings	/directorio/noticias/	->	/rankings/grupos-radiofonicos-mexico/
7443	activa	regex=False	Directorio a rankings	/directorio/proveedores/estaciones-de-radio/noticias/	->	/rankings/grupos-radiofonicos-mexico/
7442	activa	regex=False	Directorio a rankings	/directorio/musica/	->	/rankings/grupos-radiofonicos-mexico/
7441	activa	regex=False	Directorio a rankings	/directorio/proveedores/estaciones-de-radio/musica/	->	/rankings/grupos-radiofonicos-mexico/
7440	activa	regex=False	Directorio a rankings	/directorio/radiodifusoras/	->	/rankings/grupos-radiofonicos-mexico/
7439	activa	regex=False	Directorio a rankings	/directorio/proveedores/radio/radiodifusoras/	->	/rankings/grupos-radiofonicos-mexico/
7438	activa	regex=False	Directorio a rankings	/directorio/estaciones-de-radio/	->	/rankings/grupos-radiofonicos-mexico/
7437	activa	regex=False	Directorio a rankings	/directorio/proveedores/estaciones-de-radio/	->	/rankings/grupos-radiofonicos-mexico/
7436	activa	regex=False	Directorio a rankings	/directorio/radio/	->	/rankings/grupos-radiofonicos-mexico/
7435	activa	regex=False	Directorio a rankings	/directorio/proveedores/radio/	->	/rankings/grupos-radiofonicos-mexico/
7434	activa	regex=False	Directorio a rankings	/directorio/canales/	->	/rankings/agencias-de-medios-mexico/#television-canales-y-espacios
7433	activa	regex=False	Directorio a rankings	/directorio/proveedores/television/canales/	->	/rankings/agencias-de-medios-mexico/#television-canales-y-espacios
7432	activa	regex=False	Directorio a rankings	/directorio/television/	->	/rankings/agencias-de-medios-mexico/#television-canales-y-espacios
7431	activa	regex=False	Directorio a rankings	/directorio/proveedores/television/	->	/rankings/agencias-de-medios-mexico/#television-canales-y-espacios
7430	activa	regex=False	Directorio a rankings	/directorio/periodicos-online/	->	/rankings/agencias-de-medios-mexico/#periodicos-impresos-y-digitales
7429	activa	regex=False	Directorio a rankings	/directorio/proveedores/periodicos/periodicos-online/	->	/rankings/agencias-de-medios-mexico/#periodicos-impresos-y-digitales
7428	activa	regex=False	Directorio a rankings	/directorio/periodicos-masivos/	->	/rankings/agencias-de-medios-mexico/#periodicos-impresos-y-digitales
7427	activa	regex=False	Directorio a rankings	/directorio/proveedores/periodicos/periodicos-masivos/	->	/rankings/agencias-de-medios-mexico/#periodicos-impresos-y-digitales
7426	activa	regex=False	Directorio a rankings	/directorio/periodicos-locales/	->	/rankings/agencias-de-medios-mexico/#periodicos-impresos-y-digitales
7425	activa	regex=False	Directorio a rankings	/directorio/proveedores/periodicos/periodicos-locales/	->	/rankings/agencias-de-medios-mexico/#periodicos-impresos-y-digitales
7424	activa	regex=False	Directorio a rankings	/directorio/periodicos-gratuitos/	->	/rankings/agencias-de-medios-mexico/#periodicos-impresos-y-digitales
7423	activa	regex=False	Directorio a rankings	/directorio/proveedores/periodicos/periodicos-gratuitos/	->	/rankings/agencias-de-medios-mexico/#periodicos-impresos-y-digitales
7422	activa	regex=False	Directorio a rankings	/directorio/periodicos/	->	/rankings/agencias-de-medios-mexico/#periodicos-impresos-y-digitales
7421	activa	regex=False	Directorio a rankings	/directorio/proveedores/periodicos/	->	/rankings/agencias-de-medios-mexico/#periodicos-impresos-y-digitales
7420	activa	regex=False	Directorio a rankings	/directorio/universitarias/	->	/rankings/agencias-de-medios-mexico/#revistas-y-media-kit
7419	activa	regex=False	Directorio a rankings	/directorio/proveedores/revistas-media-kit/universitarias/	->	/rankings/agencias-de-medios-mexico/#revistas-y-media-kit
7418	activa	regex=False	Directorio a rankings	/directorio/negocios/	->	/rankings/agencias-de-medios-mexico/#revistas-y-media-kit
7417	activa	regex=False	Directorio a rankings	/directorio/proveedores/revistas-media-kit/negocios/	->	/rankings/agencias-de-medios-mexico/#revistas-y-media-kit
7416	activa	regex=False	Directorio a rankings	/directorio/masculina/	->	/rankings/agencias-de-medios-mexico/#revistas-y-media-kit
7415	activa	regex=False	Directorio a rankings	/directorio/proveedores/revistas-media-kit/masculina/	->	/rankings/agencias-de-medios-mexico/#revistas-y-media-kit
7414	activa	regex=False	Directorio a rankings	/directorio/juvenil/	->	/rankings/agencias-de-medios-mexico/#revistas-y-media-kit
7413	activa	regex=False	Directorio a rankings	/directorio/proveedores/revistas-media-kit/juvenil/	->	/rankings/agencias-de-medios-mexico/#revistas-y-media-kit
7412	activa	regex=False	Directorio a rankings	/directorio/interes-especifico/	->	/rankings/agencias-de-medios-mexico/#revistas-y-media-kit
7411	activa	regex=False	Directorio a rankings	/directorio/proveedores/revistas-media-kit/interes-especifico/	->	/rankings/agencias-de-medios-mexico/#revistas-y-media-kit
7410	activa	regex=False	Directorio a rankings	/directorio/femenina/	->	/rankings/agencias-de-medios-mexico/#revistas-y-media-kit
7409	activa	regex=False	Directorio a rankings	/directorio/proveedores/revistas-media-kit/femenina/	->	/rankings/agencias-de-medios-mexico/#revistas-y-media-kit
7408	activa	regex=False	Directorio a rankings	/directorio/entretenimiento/	->	/rankings/agencias-de-medios-mexico/#revistas-y-media-kit
7407	activa	regex=False	Directorio a rankings	/directorio/proveedores/revistas-media-kit/entretenimiento/	->	/rankings/agencias-de-medios-mexico/#revistas-y-media-kit
7406	activa	regex=False	Directorio a rankings	/directorio/deportes/	->	/rankings/agencias-de-medios-mexico/#revistas-y-media-kit
7405	activa	regex=False	Directorio a rankings	/directorio/proveedores/revistas-media-kit/deportes/	->	/rankings/agencias-de-medios-mexico/#revistas-y-media-kit
7404	activa	regex=False	Directorio a rankings	/directorio/automotriz/	->	/rankings/agencias-de-medios-mexico/#revistas-y-media-kit
7403	activa	regex=False	Directorio a rankings	/directorio/proveedores/revistas-media-kit/automotriz/	->	/rankings/agencias-de-medios-mexico/#revistas-y-media-kit
7402	activa	regex=False	Directorio a rankings	/directorio/revistas-media-kit/	->	/rankings/agencias-de-medios-mexico/#revistas-y-media-kit
7401	activa	regex=False	Directorio a rankings	/directorio/proveedores/revistas-media-kit/	->	/rankings/agencias-de-medios-mexico/#revistas-y-media-kit
7400	activa	regex=False	Directorio a rankings	/directorio/agencias-de-medios/	->	/rankings/agencias-de-medios-mexico/
7399	activa	regex=False	Directorio a rankings	/directorio/proveedores/agencias/agencias-de-medios/	->	/rankings/agencias-de-medios-mexico/
7398	activa	regex=False	Directorio a rankings	/directorio/rp-s/	->	/rankings/agencias-relaciones-publicas-mexico/
7397	activa	regex=False	Directorio a rankings	/directorio/proveedores/agencias/rp-s/	->	/rankings/agencias-relaciones-publicas-mexico/
7396	activa	regex=False	Directorio a rankings	/directorio/consultoras-de-marketing/	->	/rankings/agencias-de-marketing-mexico/#agencias-y-consultoras-de-mercadotecnia
7395	activa	regex=False	Directorio a rankings	/directorio/proveedores/capacitacion-y-cursos/consultoras-de-marketing/	->	/rankings/agencias-de-marketing-mexico/#agencias-y-consultoras-de-mercadotecnia
7394	activa	regex=False	Directorio a rankings	/directorio/agencias-de-mercadotecnia/	->	/rankings/agencias-de-marketing-mexico/#agencias-y-consultoras-de-mercadotecnia
7393	activa	regex=False	Directorio a rankings	/directorio/proveedores/agencias/agencias-de-mercadotecnia/	->	/rankings/agencias-de-marketing-mexico/#agencias-y-consultoras-de-mercadotecnia
7392	activa	regex=False	Directorio a rankings	/directorio/agencias-de-viajes/	->	/rankings/productoras-de-eventos-mexico/#turismo-de-reuniones
7391	activa	regex=False	Directorio a rankings	/directorio/proveedores/agencias/agencias-de-viajes/	->	/rankings/productoras-de-eventos-mexico/#turismo-de-reuniones
7390	activa	regex=False	Directorio a rankings	/directorio/agencias-de-tecnologia/	->	/categoria/rankings/
7389	activa	regex=False	Directorio a rankings	/directorio/proveedores/agencias/agencias-de-tecnologia/	->	/categoria/rankings/
7388	activa	regex=False	Directorio a rankings	/directorio/agencias-de-recursos-humanos/	->	/categoria/rankings/
7387	activa	regex=False	Directorio a rankings	/directorio/proveedores/agencias/agencias-de-recursos-humanos/	->	/categoria/rankings/
7386	activa	regex=False	Directorio a rankings	/directorio/propaganda/	->	/rankings/agencias-de-publicidad-mexico/#publicidad-politica-y-propaganda
7385	activa	regex=False	Directorio a rankings	/directorio/proveedores/campanas-politicas/propaganda/	->	/rankings/agencias-de-publicidad-mexico/#publicidad-politica-y-propaganda
7384	activa	regex=False	Directorio a rankings	/directorio/campanas-politicas/	->	/rankings/agencias-de-publicidad-mexico/#publicidad-politica-y-propaganda
7383	activa	regex=False	Directorio a rankings	/directorio/proveedores/campanas-politicas/	->	/rankings/agencias-de-publicidad-mexico/#publicidad-politica-y-propaganda
7382	activa	regex=False	Directorio a rankings	/directorio/ideas-originales/	->	/rankings/agencias-de-publicidad-mexico/#agencias-atl-y-publicidad-integral
7381	activa	regex=False	Directorio a rankings	/directorio/proveedores/ideas-originales/	->	/rankings/agencias-de-publicidad-mexico/#agencias-atl-y-publicidad-integral
7380	activa	regex=False	Directorio a rankings	/directorio/atl/	->	/rankings/agencias-de-publicidad-mexico/#agencias-atl-y-publicidad-integral
7379	activa	regex=False	Directorio a rankings	/directorio/proveedores/agencias/atl/	->	/rankings/agencias-de-publicidad-mexico/#agencias-atl-y-publicidad-integral
7378	activa	regex=False	Directorio a rankings	/directorio/agencias-de-publicidad/	->	/rankings/agencias-de-publicidad-mexico/
7377	activa	regex=False	Directorio a rankings	/directorio/proveedores/agencias/agencias-de-publicidad/	->	/rankings/agencias-de-publicidad-mexico/
7376	activa	regex=False	Directorio a rankings	/directorio/agencias/	->	/rankings/agencias-de-publicidad-mexico/#agencias-atl-y-publicidad-integral
7375	activa	regex=False	Directorio a rankings	/directorio/proveedores/agencias/	->	/rankings/agencias-de-publicidad-mexico/#agencias-atl-y-publicidad-integral
7374	activa	regex=False	Directorio a rankings	/directorio/proveedores/	->	/categoria/rankings/
7373	activa	regex=False	Directorio a rankings	/directorio/	->	/categoria/rankings/
7310	activa	regex=False	Directorio a rankings	/listing/	->	/categoria/rankings/
7309	activa	regex=False	Directorio a rankings	/listing/soluciones-en-publicidad-df/	->	/rankings/agencias-de-medios-mexico/
7308	activa	regex=False	Directorio a rankings	/listing/grupo-vantah-df/	->	/rankings/agencias-de-publicidad-mexico/
7307	activa	regex=False	Directorio a rankings	/listing/boga-models-df/	->	/rankings/productoras-de-eventos-mexico/
7306	activa	regex=False	Directorio a rankings	/listing/espect-arte-df/	->	/rankings/productoras-de-eventos-mexico/
7305	activa	regex=False	Directorio a rankings	/listing/the-premium-machine-df/	->	/rankings/agencias-btl-promotoria-mexico/
7304	activa	regex=False	Directorio a rankings	/listing/integra-df/	->	/rankings/agencias-de-marketing-mexico/
7303	activa	regex=False	Directorio a rankings	/listing/somos-anahuac-df/	->	/rankings/agencias-de-marketing-mexico/
7302	activa	regex=False	Directorio a rankings	/listing/photobooth-mexico-df/	->	/rankings/productoras-de-eventos-mexico/
7301	activa	regex=False	Directorio a rankings	/listing/opcion-b-df/	->	/rankings/productoras-de-eventos-mexico/
7300	activa	regex=False	Directorio a rankings	/listing/retro-studio-df/	->	/rankings/casas-productoras-mexico/
7299	activa	regex=False	Directorio a rankings	/listing/dinamic-direct-df/	->	/rankings/agencias-btl-promotoria-mexico/
7298	activa	regex=False	Directorio a rankings	/listing/radio-felicidad-df/	->	/rankings/grupos-radiofonicos-mexico/
7297	activa	regex=False	Directorio a rankings	/listing/instintos-creativos-df/	->	/rankings/estudios-diseno-branding-mexico/
7296	activa	regex=False	Directorio a rankings	/listing/la-1260-am-df/	->	/rankings/agencias-de-publicidad-cdmx/
7295	activa	regex=False	Directorio a rankings	/listing/889-noticias-df/	->	/rankings/grupos-radiofonicos-mexico/
7294	activa	regex=False	Directorio a rankings	/listing/mix-106-5-df/	->	/rankings/grupos-radiofonicos-mexico/
7293	activa	regex=False	Directorio a rankings	/listing/amor-953-df/	->	/rankings/grupos-radiofonicos-mexico/
7292	activa	regex=False	Directorio a rankings	/listing/boga-promotion-df/	->	/rankings/agencias-btl-promotoria-mexico/
7291	activa	regex=False	Directorio a rankings	/listing/manpower-df/	->	/rankings/agencias-de-marketing-mexico/
7290	activa	regex=False	Directorio a rankings	/listing/herramientas-para-el-cambio-df/	->	/rankings/agencias-de-marketing-mexico/
7289	activa	regex=False	Directorio a rankings	/listing/expopublicitas-df/	->	/rankings/proveedores-pop-promocionales-mexico/
7288	activa	regex=False	Directorio a rankings	/listing/arquero-ediciones-df/	->	/rankings/proveedores-pop-promocionales-mexico/
7287	activa	regex=False	Directorio a rankings	/listing/carteleras-df/	->	/rankings/empresas-publicidad-exterior-mexico/
7286	activa	regex=False	Directorio a rankings	/listing/mvs-radio-df/	->	/rankings/grupos-radiofonicos-mexico/
7285	activa	regex=False	Directorio a rankings	/listing/espacio/	->	/rankings/productoras-de-eventos-mexico/
7284	activa	regex=False	Directorio a rankings	/listing/gorilla/	->	/rankings/estudios-diseno-branding-mexico/
7283	activa	regex=False	Directorio a rankings	/listing/actioncoach/	->	/rankings/agencias-de-publicidad-mexico/
7282	activa	regex=False	Directorio a rankings	/listing/aeromexico/	->	/rankings/productoras-de-eventos-mexico/
7281	activa	regex=False	Directorio a rankings	/listing/expomex/	->	/rankings/productoras-de-eventos-mexico/
7280	activa	regex=False	Directorio a rankings	/listing/volaris/	->	/rankings/productoras-de-eventos-mexico/
7279	activa	regex=False	Directorio a rankings	/listing/emkt-mx/	->	/rankings/agencias-inbound-marketing-mexico/
7278	activa	regex=False	Directorio a rankings	/listing/brain-firma-creativa/	->	/rankings/estudios-diseno-branding-mexico/
7277	activa	regex=False	Directorio a rankings	/listing/fdfoco/	->	/rankings/productoras-de-eventos-mexico/
7276	activa	regex=False	Directorio a rankings	/listing/creaciones-artisticas-publicitarias-sa-de-cv/	->	/rankings/agencias-de-publicidad-cdmx/
7275	activa	regex=False	Directorio a rankings	/listing/flexo-print-s-a-de-c-v/	->	/rankings/empresas-publicidad-exterior-mexico/
7274	activa	regex=False	Directorio a rankings	/listing/impresos-proppim-s-a-de-c-v/	->	/rankings/proveedores-pop-promocionales-mexico/
7273	activa	regex=False	Directorio a rankings	/listing/cap-servicios-empresariales-sa-de-cv/	->	/rankings/agencias-de-publicidad-cdmx/
7272	activa	regex=False	Directorio a rankings	/listing/monsadria-s-a/	->	/rankings/agencias-de-publicidad-cdmx/
7271	activa	regex=False	Directorio a rankings	/listing/maquilas-artisticas-publicitarias-sa-de-cv/	->	/rankings/agencias-de-publicidad-cdmx/
7270	activa	regex=False	Directorio a rankings	/listing/telepersonal-s-a-d-e-c-v/	->	/rankings/agencias-de-publicidad-cdmx/
7269	activa	regex=False	Directorio a rankings	/listing/nucleo-radio-mil-s-a-de-c-v/	->	/rankings/grupos-radiofonicos-mexico/
7268	activa	regex=False	Directorio a rankings	/listing/organizacion-de-servicios-corporativos-mexicanos-sc/	->	/rankings/agencias-de-publicidad-cdmx/
7267	activa	regex=False	Directorio a rankings	/listing/tv-promo-s-a-de-c-v/	->	/rankings/agencias-btl-promotoria-mexico/
7266	activa	regex=False	Directorio a rankings	/listing/grupo-creativos/	->	/rankings/estudios-diseno-branding-mexico/
7265	activa	regex=False	Directorio a rankings	/listing/aztral-publicidad-exterior-s-a-de-c-v/	->	/rankings/empresas-publicidad-exterior-mexico/
7264	activa	regex=False	Directorio a rankings	/listing/instituto-de-mercadotecnia-y-publicidad-sc/	->	/rankings/agencias-de-marketing-mexico/
7263	activa	regex=False	Directorio a rankings	/listing/vel-mart/	->	/rankings/agencias-de-publicidad-por-estado/
7262	activa	regex=False	Directorio a rankings	/listing/liselot-s-a-de-c-v/	->	/rankings/agencias-de-publicidad-cdmx/
7261	activa	regex=False	Directorio a rankings	/listing/digital-audio-2000/	->	/rankings/agencias-inbound-marketing-mexico/
7260	activa	regex=False	Directorio a rankings	/listing/abyp-sa-de-cv/	->	/rankings/agencias-de-publicidad-cdmx/
7259	activa	regex=False	Directorio a rankings	/listing/vea-de-occidente-s-a-de-c-v/	->	/rankings/empresas-publicidad-exterior-mexico/
7258	activa	regex=False	Directorio a rankings	/listing/anuncios-en-directorios-s-a-de-c-v/	->	/rankings/empresas-publicidad-exterior-mexico/
7257	activa	regex=False	Directorio a rankings	/listing/enfiestate-com/	->	/rankings/agencias-de-publicidad-por-estado/
7256	activa	regex=False	Directorio a rankings	/listing/publycom-s-a-de-c-v/	->	/rankings/agencias-de-publicidad-por-estado/
7255	activa	regex=False	Directorio a rankings	/listing/veloga-sa-de-cv/	->	/rankings/agencias-de-publicidad-cdmx/
7254	activa	regex=False	Directorio a rankings	/listing/cortina-tagle-isoard-y-cia-sc/	->	/rankings/agencias-de-marketing-mexico/
7253	activa	regex=False	Directorio a rankings	/listing/medios-publicitarios-e-investigacion-sa-de-cv/	->	/rankings/agencias-investigacion-de-mercados-mexico/
7252	activa	regex=False	Directorio a rankings	/listing/grupo-chong-signs/	->	/rankings/agencias-de-publicidad-por-estado/
7251	activa	regex=False	Directorio a rankings	/listing/logica-en-medios-sa-de-cv/	->	/rankings/agencias-de-medios-mexico/
7250	activa	regex=False	Directorio a rankings	/listing/qbsoluciones-sa-de-cv/	->	/rankings/agencias-de-publicidad-cdmx/
7249	activa	regex=False	Directorio a rankings	/listing/new-image-comercial-sa-de-cv/	->	/rankings/agencias-de-publicidad-cdmx/
7248	activa	regex=False	Directorio a rankings	/listing/publicidad-y-diseño/	->	/rankings/estudios-diseno-branding-mexico/
7247	activa	regex=False	Directorio a rankings	/listing/carteleras-y-neon-espectaculares-sa-cv/	->	/rankings/empresas-publicidad-exterior-mexico/
7246	activa	regex=False	Directorio a rankings	/listing/rotulaciones-de-chihuahua-sa-de-cv/	->	/rankings/agencias-de-publicidad-por-estado/
7245	activa	regex=False	Directorio a rankings	/listing/promopad/	->	/rankings/agencias-de-publicidad-por-estado/
7244	activa	regex=False	Directorio a rankings	/listing/bni-mexico-s-a-de-c-v/	->	/rankings/agencias-de-publicidad-por-estado/
7243	activa	regex=False	Directorio a rankings	/listing/jgy-servicios-profecionales-sa-de-cv/	->	/rankings/proveedores-pop-promocionales-mexico/
7242	activa	regex=False	Directorio a rankings	/listing/integra-tu-publicidad-sc/	->	/rankings/agencias-de-publicidad-por-estado/
7241	activa	regex=False	Directorio a rankings	/listing/licon-y-asociados-s-a-de-c-v/	->	/rankings/agencias-de-publicidad-cdmx/
7240	activa	regex=False	Directorio a rankings	/listing/grupo-ojeda/	->	/rankings/agencias-de-publicidad-por-estado/
7239	activa	regex=False	Directorio a rankings	/listing/publi-shine-s-a-de-c-v/	->	/rankings/agencias-de-publicidad-por-estado/
7238	activa	regex=False	Directorio a rankings	/listing/global-media-asesores-s-a-de-c-v/	->	/rankings/agencias-de-medios-mexico/
7237	activa	regex=False	Directorio a rankings	/listing/triciclo/	->	/rankings/agencias-de-publicidad-por-estado/
7236	activa	regex=False	Directorio a rankings	/listing/publicidad-de-aguinaga-s-a-de-c-v/	->	/rankings/agencias-de-publicidad-por-estado/
7235	activa	regex=False	Directorio a rankings	/listing/ad-medios-s-a-de-c-v/	->	/rankings/agencias-de-medios-mexico/
7234	activa	regex=False	Directorio a rankings	/listing/quiero-media-s-a-de-c-v/	->	/rankings/agencias-de-medios-mexico/
7233	activa	regex=False	Directorio a rankings	/listing/angelus-producciones-s-a-de-c-v/	->	/rankings/casas-productoras-mexico/
7232	activa	regex=False	Directorio a rankings	/listing/publi-gisma-sa-de-cv/	->	/rankings/agencias-de-publicidad-por-estado/
7231	activa	regex=False	Directorio a rankings	/listing/editorial-magesa-s-a-de-c-v/	->	/rankings/agencias-de-publicidad-por-estado/
7230	activa	regex=False	Directorio a rankings	/listing/vendor-publicidad-exterior-s-de-rl-de-cv/	->	/rankings/empresas-publicidad-exterior-mexico/
7229	activa	regex=False	Directorio a rankings	/listing/grafic-quin-s-a-de-c-v/	->	/rankings/proveedores-pop-promocionales-mexico/
7228	activa	regex=False	Directorio a rankings	/listing/ingenio-diseño-y-publicidad/	->	/rankings/estudios-diseno-branding-mexico/
7227	activa	regex=False	Directorio a rankings	/listing/xm-comunicacion-sc/	->	/rankings/agencias-de-marketing-mexico/
7226	activa	regex=False	Directorio a rankings	/listing/audio-visuales-de-valdes-sa-de-cv/	->	/rankings/agencias-de-publicidad-cdmx/
7225	activa	regex=False	Directorio a rankings	/listing/xpresiones/	->	/rankings/agencias-de-publicidad-monterrey/
7224	activa	regex=False	Directorio a rankings	/listing/intersexion-monterrey-s-c/	->	/rankings/agencias-de-publicidad-monterrey/
7223	activa	regex=False	Directorio a rankings	/listing/spacio-grafico/	->	/rankings/proveedores-pop-promocionales-mexico/
7222	activa	regex=False	Directorio a rankings	/listing/imagen-y-diseño-publicitario/	->	/rankings/estudios-diseno-branding-mexico/
7221	activa	regex=False	Directorio a rankings	/listing/zale-graphic-s-a-de-c-v/	->	/rankings/proveedores-pop-promocionales-mexico/
7220	activa	regex=False	Directorio a rankings	/listing/cetilia/	->	/rankings/agencias-de-publicidad-por-estado/
7219	activa	regex=False	Directorio a rankings	/listing/publicidad-osorio/	->	/rankings/proveedores-pop-promocionales-mexico/
7218	activa	regex=False	Directorio a rankings	/listing/promo-mer/	->	/rankings/agencias-btl-promotoria-mexico/
7217	activa	regex=False	Directorio a rankings	/listing/publicum-consultores-s-a-de-c-v/	->	/rankings/agencias-de-marketing-mexico/
7216	activa	regex=False	Directorio a rankings	/listing/amfar-sa-de-cv/	->	/rankings/agencias-de-publicidad-cdmx/
7215	activa	regex=False	Directorio a rankings	/listing/706-design/	->	/rankings/estudios-diseno-branding-mexico/
7214	activa	regex=False	Directorio a rankings	/listing/kubica/	->	/rankings/agencias-de-publicidad-queretaro/
7213	activa	regex=False	Directorio a rankings	/listing/grupo-ublicitario-del-golfo-s-a-de-c-v/	->	/rankings/agencias-de-publicidad-por-estado/
7212	activa	regex=False	Directorio a rankings	/listing/protarget-estrategia-profesional-s-a-de-c-v/	->	/rankings/agencias-de-marketing-mexico/
7211	activa	regex=False	Directorio a rankings	/listing/impresion-digital-azuara/	->	/rankings/agencias-inbound-marketing-mexico/
7210	activa	regex=False	Directorio a rankings	/listing/grupo-alparied-s-a-de-c-v/	->	/rankings/agencias-de-publicidad-por-estado/
7209	activa	regex=False	Directorio a rankings	/listing/comercializadora-vocafys-s-a-de-c-v/	->	/rankings/agencias-de-publicidad-por-estado/
7208	activa	regex=False	Directorio a rankings	/listing/la-voz-de-michoacan-s-a-de-c-v/	->	/rankings/agencias-de-publicidad-por-estado/
7207	activa	regex=False	Directorio a rankings	/listing/intersexion-queretaro-s-c/	->	/rankings/agencias-de-publicidad-queretaro/
7206	activa	regex=False	Directorio a rankings	/listing/radar-servicios-especializados-de-mercadotecnia-s-a-de-c-v/	->	/rankings/agencias-de-marketing-mexico/
7205	activa	regex=False	Directorio a rankings	/listing/publicitarios-del-norte-de-mexico-s-a-de-c-v/	->	/rankings/grupos-radiofonicos-mexico/
7204	activa	regex=False	Directorio a rankings	/listing/neo-x-publicidad/	->	/rankings/agencias-de-publicidad-por-estado/
7203	activa	regex=False	Directorio a rankings	/listing/zega-exhibit-design-s-a-de-c-v/	->	/rankings/estudios-diseno-branding-mexico/
7202	activa	regex=False	Directorio a rankings	/listing/distribuidora-parroquial-de-san-antonio-sa-de-cv/	->	/rankings/agencias-de-publicidad-cdmx/
7201	activa	regex=False	Directorio a rankings	/listing/cmyk-modelo-de-color/	->	/rankings/productoras-de-eventos-mexico/
7200	activa	regex=False	Directorio a rankings	/listing/cm-publicidad/	->	/rankings/agencias-de-publicidad-monterrey/
7199	activa	regex=False	Directorio a rankings	/listing/radio-xevu-s-a-de-c-v/	->	/rankings/grupos-radiofonicos-mexico/
7198	activa	regex=False	Directorio a rankings	/listing/agencia-total-s-a-de-c-v/	->	/rankings/agencias-de-publicidad-por-estado/
7197	activa	regex=False	Directorio a rankings	/listing/radio-xefil-s-a-de-c-v/	->	/rankings/grupos-radiofonicos-mexico/
7196	activa	regex=False	Directorio a rankings	/listing/playerytess/	->	/rankings/proveedores-pop-promocionales-mexico/
7195	activa	regex=False	Directorio a rankings	/listing/espacios-publicitarios-estrategicos-s-a-de-c-v/	->	/rankings/agencias-de-marketing-mexico/
7194	activa	regex=False	Directorio a rankings	/listing/pimsa-publicidad-s-a-de-c-v/	->	/rankings/proveedores-pop-promocionales-mexico/
7193	activa	regex=False	Directorio a rankings	/listing/disño-grafico/	->	/rankings/proveedores-pop-promocionales-mexico/
7192	activa	regex=False	Directorio a rankings	/listing/questa-publicidad/	->	/rankings/agencias-de-publicidad-queretaro/
7191	activa	regex=False	Directorio a rankings	/listing/grupo-stiletto-s-a-de-c-v/	->	/rankings/agencias-de-marketing-mexico/
7190	activa	regex=False	Directorio a rankings	/listing/imaginacion-promocional-s-a-de-c-v/	->	/rankings/agencias-btl-promotoria-mexico/
7189	activa	regex=False	Directorio a rankings	/listing/corporacion-interpublic-mexicana-sa-de-cv/	->	/rankings/agencias-de-publicidad-cdmx/
7188	activa	regex=False	Directorio a rankings	/listing/jcm-publicidad/	->	/rankings/agencias-de-publicidad-por-estado/
7187	activa	regex=False	Directorio a rankings	/listing/santa-rosalia-imagen-creativa-s-a-de-c-v/	->	/rankings/estudios-diseno-branding-mexico/
7186	activa	regex=False	Directorio a rankings	/listing/camaleon-films-sa-de-cv/	->	/rankings/casas-productoras-mexico/
7185	activa	regex=False	Directorio a rankings	/listing/exfera-mexico-sa-de-cv/	->	/rankings/agencias-de-publicidad-cdmx/
7184	activa	regex=False	Directorio a rankings	/listing/adrian/	->	/rankings/agencias-de-publicidad-por-estado/
7183	activa	regex=False	Directorio a rankings	/listing/publicidad-industrial-mtelecomm-s-a-de-c-v/	->	/rankings/agencias-de-publicidad-queretaro/
7182	activa	regex=False	Directorio a rankings	/listing/graphics-signs-s-a-de-c-v/	->	/rankings/agencias-de-publicidad-por-estado/
7181	activa	regex=False	Directorio a rankings	/listing/fusion-media-s-a-de-c-v/	->	/rankings/agencias-de-medios-mexico/
7180	activa	regex=False	Directorio a rankings	/listing/imagenes-de-guadalajara-s-a-de-c-v/	->	/rankings/agencias-de-publicidad-por-estado/
7179	activa	regex=False	Directorio a rankings	/listing/xpres-xpresate-sa-de-cv/	->	/rankings/agencias-de-publicidad-por-estado/
7178	activa	regex=False	Directorio a rankings	/listing/active-promotions-s-a-de-c-v/	->	/rankings/agencias-btl-promotoria-mexico/
7177	activa	regex=False	Directorio a rankings	/listing/publicidad-de-aguinaga-sa-de-cv/	->	/rankings/agencias-de-publicidad-por-estado/
7176	activa	regex=False	Directorio a rankings	/listing/publicolor/	->	/rankings/proveedores-pop-promocionales-mexico/
7175	activa	regex=False	Directorio a rankings	/listing/xtreme-media-s-a-de-c-v/	->	/rankings/agencias-de-medios-mexico/
7174	activa	regex=False	Directorio a rankings	/listing/publicom/	->	/rankings/agencias-de-publicidad-por-estado/
7173	activa	regex=False	Directorio a rankings	/listing/sak/	->	/rankings/agencias-de-publicidad-por-estado/
7172	activa	regex=False	Directorio a rankings	/listing/mpro/	->	/rankings/agencias-de-publicidad-por-estado/
7171	activa	regex=False	Directorio a rankings	/listing/promover-publicidad-y-diseño/	->	/rankings/estudios-diseno-branding-mexico/
7170	activa	regex=False	Directorio a rankings	/listing/publisitios-de-mexico-sa-de-cv/	->	/rankings/agencias-de-publicidad-monterrey/
7169	activa	regex=False	Directorio a rankings	/listing/seminario-sin-censura/	->	/rankings/proveedores-pop-promocionales-mexico/
7168	activa	regex=False	Directorio a rankings	/listing/grupo-doxa/	->	/rankings/agencias-de-publicidad-queretaro/
7167	activa	regex=False	Directorio a rankings	/listing/muray/	->	/rankings/agencias-de-publicidad-por-estado/
7166	activa	regex=False	Directorio a rankings	/listing/gsi-fabril-sa-de-cv/	->	/rankings/agencias-de-publicidad-cdmx/
7165	activa	regex=False	Directorio a rankings	/listing/anuncios-exitosos-en-internet-s-a-de-c-v/	->	/rankings/empresas-publicidad-exterior-mexico/
7164	activa	regex=False	Directorio a rankings	/listing/mano-vallarta-s-a-de-c-v/	->	/rankings/agencias-de-publicidad-por-estado/
7163	activa	regex=False	Directorio a rankings	/listing/anuncios-en-directorio-s-a-de-c-v/	->	/rankings/empresas-publicidad-exterior-mexico/
7162	activa	regex=False	Directorio a rankings	/listing/grupo-impresor-litografico/	->	/rankings/proveedores-pop-promocionales-mexico/
7161	activa	regex=False	Directorio a rankings	/listing/syma-3/	->	/rankings/agencias-de-publicidad-queretaro/
7160	activa	regex=False	Directorio a rankings	/listing/anuncios-de-directorios-s-a-de-c-v/	->	/rankings/empresas-publicidad-exterior-mexico/
7159	activa	regex=False	Directorio a rankings	/listing/comercializadora-de-promocionales-ideas-de-puebla-sa-de-cv/	->	/rankings/agencias-btl-promotoria-mexico/
7158	activa	regex=False	Directorio a rankings	/listing/publicidad-y-rotulos/	->	/rankings/agencias-de-publicidad-por-estado/
7157	activa	regex=False	Directorio a rankings	/listing/impacto-lonas-y-toldos-y-publicidad/	->	/rankings/proveedores-pop-promocionales-mexico/
7156	activa	regex=False	Directorio a rankings	/listing/articulos-publicitarios-del-bajio/	->	/rankings/agencias-de-publicidad-queretaro/
7155	activa	regex=False	Directorio a rankings	/listing/contraste/	->	/rankings/agencias-de-publicidad-por-estado/
7154	activa	regex=False	Directorio a rankings	/listing/diseños-le-fame-s-a-de-c-v/	->	/rankings/estudios-diseno-branding-mexico/
7153	activa	regex=False	Directorio a rankings	/listing/playeras-joshua/	->	/rankings/agencias-de-publicidad-por-estado/
7152	activa	regex=False	Directorio a rankings	/listing/studio-arte-visual/	->	/rankings/casas-productoras-mexico/
7151	activa	regex=False	Directorio a rankings	/listing/proyectos-publicitarios/	->	/rankings/agencias-de-publicidad-por-estado/
7150	activa	regex=False	Directorio a rankings	/listing/guias-exclusivas-s-a-de-c-v/	->	/rankings/agencias-de-publicidad-por-estado/
7149	activa	regex=False	Directorio a rankings	/listing/questa-de-mexico-s-a-de-c-v/	->	/rankings/agencias-de-publicidad-queretaro/
7148	activa	regex=False	Directorio a rankings	/listing/creativ-diseño-y-publicidad/	->	/rankings/estudios-diseno-branding-mexico/
7147	activa	regex=False	Directorio a rankings	/listing/cyflex-s-a-de-c-v/	->	/rankings/agencias-de-publicidad-queretaro/
7146	activa	regex=False	Directorio a rankings	/listing/frantouch-s-a-de-c-v/	->	/rankings/agencias-de-publicidad-por-estado/
7145	activa	regex=False	Directorio a rankings	/listing/imago-publicidad/	->	/rankings/agencias-de-publicidad-por-estado/
7144	activa	regex=False	Directorio a rankings	/listing/mi-publicidad/	->	/rankings/agencias-de-publicidad-por-estado/
7143	activa	regex=False	Directorio a rankings	/listing/publicidad-vector/	->	/rankings/agencias-de-publicidad-queretaro/
7142	activa	regex=False	Directorio a rankings	/listing/fucar-arte-y-diseño/	->	/rankings/estudios-diseno-branding-mexico/
7141	activa	regex=False	Directorio a rankings	/listing/admira-brand/	->	/rankings/agencias-de-publicidad-queretaro/
7140	activa	regex=False	Directorio a rankings	/listing/rcg-espectaculares-sa-de-cv/	->	/rankings/empresas-publicidad-exterior-mexico/
7139	activa	regex=False	Directorio a rankings	/listing/business-y-medios-s-a-de-c-v/	->	/rankings/agencias-de-medios-mexico/
7138	activa	regex=False	Directorio a rankings	/listing/boomeran-diseño-y-publicidad/	->	/rankings/estudios-diseno-branding-mexico/
7137	activa	regex=False	Directorio a rankings	/listing/calcom-de-mexico/	->	/rankings/agencias-de-publicidad-por-estado/
7136	activa	regex=False	Directorio a rankings	/listing/intermediacion-publicitaria-s-a-de-c-v/	->	/rankings/agencias-de-medios-mexico/
7135	activa	regex=False	Directorio a rankings	/listing/poder-visual-sa-de-cv/	->	/rankings/agencias-de-publicidad-por-estado/
7134	activa	regex=False	Directorio a rankings	/listing/se-habla-nobabels-s-c/	->	/rankings/agencias-de-marketing-mexico/
7133	activa	regex=False	Directorio a rankings	/listing/corporativo-mi-livdad-s-a-de-c-v/	->	/rankings/agencias-de-medios-mexico/
7132	activa	regex=False	Directorio a rankings	/listing/bordados-publicidad-javar/	->	/rankings/agencias-de-publicidad-queretaro/
7131	activa	regex=False	Directorio a rankings	/listing/trazo-vinil-publicidad-sa-de-cv/	->	/rankings/empresas-publicidad-exterior-mexico/
7130	activa	regex=False	Directorio a rankings	/listing/eficolor/	->	/rankings/agencias-de-publicidad-queretaro/
7129	activa	regex=False	Directorio a rankings	/listing/sign-solutions-s-a-de-c-v/	->	/rankings/proveedores-pop-promocionales-mexico/
7128	activa	regex=False	Directorio a rankings	/listing/yahoo-de-mexico-s-a-de-c-v/	->	/rankings/agencias-de-publicidad-cdmx/
7127	activa	regex=False	Directorio a rankings	/listing/publi-express/	->	/rankings/agencias-de-publicidad-por-estado/
7126	activa	regex=False	Directorio a rankings	/listing/expo-display-de-queretaro-renta-sa-de-cv/	->	/rankings/proveedores-pop-promocionales-mexico/
7125	activa	regex=False	Directorio a rankings	/listing/mr-publicidad-s-a-de-c-v/	->	/rankings/agencias-de-publicidad-queretaro/
7124	activa	regex=False	Directorio a rankings	/listing/vendor-publicidad-exterior-s-de-r-l-de-cv/	->	/rankings/empresas-publicidad-exterior-mexico/
7123	activa	regex=False	Directorio a rankings	/listing/impactos-frecuencia-y-cobertura-en-medios-sa-de-cv/	->	/rankings/agencias-de-medios-mexico/
7122	activa	regex=False	Directorio a rankings	/listing/raya-impresion-digital/	->	/rankings/agencias-inbound-marketing-mexico/
7121	activa	regex=False	Directorio a rankings	/listing/reconocimientos-y-promocionales-mexcio-sa-de-cv/	->	/rankings/agencias-btl-promotoria-mexico/
7120	activa	regex=False	Directorio a rankings	/listing/secorp-vision-publicitaria-s-de-rl-de-cv/	->	/rankings/agencias-de-publicidad-por-estado/
7119	activa	regex=False	Directorio a rankings	/listing/megapantallas-de-mexico-s-a-de-c-v/	->	/rankings/empresas-publicidad-exterior-mexico/
7118	activa	regex=False	Directorio a rankings	/listing/isa-corporativo-s-a-de-c-v/	->	/rankings/agencias-de-publicidad-por-estado/
7117	activa	regex=False	Directorio a rankings	/listing/mega-color/	->	/rankings/agencias-de-publicidad-por-estado/
7116	activa	regex=False	Directorio a rankings	/listing/negativos-lara-castillo-sa-de-cv/	->	/rankings/agencias-de-publicidad-por-estado/
7115	activa	regex=False	Directorio a rankings	/listing/d-mentes-creativas-s-de-rl/	->	/rankings/estudios-diseno-branding-mexico/
7114	activa	regex=False	Directorio a rankings	/listing/dsimple/	->	/rankings/agencias-de-publicidad-por-estado/
7113	activa	regex=False	Directorio a rankings	/listing/seriart-publicidad/	->	/rankings/proveedores-pop-promocionales-mexico/
7112	activa	regex=False	Directorio a rankings	/listing/la-roca-publicidad/	->	/rankings/agencias-de-publicidad-queretaro/
7111	activa	regex=False	Directorio a rankings	/listing/publimerc/	->	/rankings/agencias-de-publicidad-por-estado/
7110	activa	regex=False	Directorio a rankings	/listing/difusion-exterior-s-a-de-c-v/	->	/rankings/empresas-publicidad-exterior-mexico/
7109	activa	regex=False	Directorio a rankings	/listing/arte-integral-expresion-sa-de-cv/	->	/rankings/agencias-de-marketing-mexico/
7108	activa	regex=False	Directorio a rankings	/listing/diseñarte-publicidad/	->	/rankings/agencias-de-publicidad-por-estado/
7107	activa	regex=False	Directorio a rankings	/listing/contcast/	->	/rankings/agencias-de-publicidad-por-estado/
7106	activa	regex=False	Directorio a rankings	/listing/maxi-grafica/	->	/rankings/proveedores-pop-promocionales-mexico/
7105	activa	regex=False	Directorio a rankings	/listing/dima-studios/	->	/rankings/agencias-de-publicidad-por-estado/
7104	activa	regex=False	Directorio a rankings	/listing/5w-mexico-sa-cv/	->	/rankings/agencias-de-publicidad-cdmx/
7103	activa	regex=False	Directorio a rankings	/listing/publiex-pressions-s-a-de-c-v/	->	/rankings/agencias-de-publicidad-por-estado/
7102	activa	regex=False	Directorio a rankings	/listing/grupo-publicitario-cerle-s-de-rl-de-cv/	->	/rankings/agencias-de-publicidad-por-estado/
7101	activa	regex=False	Directorio a rankings	/listing/anuncios-en-directorios-sa-de-cv/	->	/rankings/empresas-publicidad-exterior-mexico/
7100	activa	regex=False	Directorio a rankings	/listing/publi-pac/	->	/rankings/agencias-de-publicidad-por-estado/
7099	activa	regex=False	Directorio a rankings	/listing/in-marketing/	->	/rankings/agencias-de-marketing-mexico/
7098	activa	regex=False	Directorio a rankings	/listing/hyc-trade-business-s-a-de-c-v/	->	/rankings/agencias-btl-promotoria-mexico/
7097	activa	regex=False	Directorio a rankings	/listing/o-k-publicidad/	->	/rankings/agencias-de-publicidad-por-estado/
7096	activa	regex=False	Directorio a rankings	/listing/artec-de-morelia-s-c/	->	/rankings/agencias-inbound-marketing-mexico/
7095	activa	regex=False	Directorio a rankings	/listing/servicios-andes/	->	/rankings/agencias-de-publicidad-por-estado/
7094	activa	regex=False	Directorio a rankings	/listing/jhony-productions/	->	/rankings/agencias-de-publicidad-monterrey/
7093	activa	regex=False	Directorio a rankings	/listing/ingenieria-creativa-en-medios-s-c/	->	/rankings/agencias-de-medios-mexico/
7092	activa	regex=False	Directorio a rankings	/listing/grupo-integra/	->	/rankings/agencias-de-publicidad-por-estado/
7091	activa	regex=False	Directorio a rankings	/listing/paileria-del-golfo-s-a-de-c-v/	->	/rankings/empresas-publicidad-exterior-mexico/
7090	activa	regex=False	Directorio a rankings	/listing/doble-l-comunicacion-e-informacion/	->	/rankings/agencias-de-marketing-mexico/
7089	activa	regex=False	Directorio a rankings	/listing/corpporacion-lagunera-s-a-de-c-v/	->	/rankings/agencias-de-publicidad-por-estado/
7088	activa	regex=False	Directorio a rankings	/listing/diseño-impreso-en-movimiento-s-a-de-c-v/	->	/rankings/proveedores-pop-promocionales-mexico/
7087	activa	regex=False	Directorio a rankings	/listing/rumbo-publicaciones-s-c/	->	/rankings/agencias-de-marketing-mexico/
7086	activa	regex=False	Directorio a rankings	/listing/paes-publicidad/	->	/rankings/agencias-de-publicidad-por-estado/
7085	activa	regex=False	Directorio a rankings	/listing/pix-color-publicidad/	->	/rankings/proveedores-pop-promocionales-mexico/
7084	activa	regex=False	Directorio a rankings	/listing/extra-publicidad/	->	/rankings/proveedores-pop-promocionales-mexico/
7083	activa	regex=False	Directorio a rankings	/listing/soltar-impresores-s-a-de-c-v/	->	/rankings/proveedores-pop-promocionales-mexico/
7082	activa	regex=False	Directorio a rankings	/listing/multi-signos-s-a-de-c-v/	->	/rankings/agencias-de-publicidad-por-estado/
7081	activa	regex=False	Directorio a rankings	/listing/aram-y-asociados-s-a-de-c-v/	->	/rankings/agencias-de-publicidad-por-estado/
7080	activa	regex=False	Directorio a rankings	/listing/lira/	->	/rankings/agencias-de-publicidad-por-estado/
7079	activa	regex=False	Directorio a rankings	/listing/grupo-sandoval/	->	/rankings/agencias-de-publicidad-por-estado/
7078	activa	regex=False	Directorio a rankings	/listing/publicidad-activa-mobil-s-a-de-c-v/	->	/rankings/agencias-de-publicidad-por-estado/
7077	activa	regex=False	Directorio a rankings	/listing/publicidad-textil-corona/	->	/rankings/proveedores-pop-promocionales-mexico/
7076	activa	regex=False	Directorio a rankings	/listing/habitat-creativo-sa-de-cv/	->	/rankings/estudios-diseno-branding-mexico/
7075	activa	regex=False	Directorio a rankings	/listing/chis-mx/	->	/rankings/agencias-de-publicidad-por-estado/
7074	activa	regex=False	Directorio a rankings	/listing/publi-anuncios/	->	/rankings/empresas-publicidad-exterior-mexico/
7073	activa	regex=False	Directorio a rankings	/listing/creasunn-s-a-de-cv/	->	/rankings/agencias-de-publicidad-queretaro/
7072	activa	regex=False	Directorio a rankings	/listing/csm-publicidad-s-a-de-c-v/	->	/rankings/agencias-de-publicidad-por-estado/
7071	activa	regex=False	Directorio a rankings	/listing/forward-multimedia/	->	/rankings/agencias-de-medios-mexico/
7070	activa	regex=False	Directorio a rankings	/listing/promociones-acevedo/	->	/rankings/agencias-btl-promotoria-mexico/
7069	activa	regex=False	Directorio a rankings	/listing/grafika-publicidad/	->	/rankings/agencias-de-publicidad-por-estado/
7068	activa	regex=False	Directorio a rankings	/listing/publi-liui/	->	/rankings/agencias-de-publicidad-por-estado/
7067	activa	regex=False	Directorio a rankings	/listing/servicios-de-administracion-e-informatrica-sa-de-cv/	->	/rankings/agencias-de-publicidad-por-estado/
7066	activa	regex=False	Directorio a rankings	/listing/lonas-y-etiquetas/	->	/rankings/proveedores-pop-promocionales-mexico/
7065	activa	regex=False	Directorio a rankings	/listing/servicios-de-administracion-e-informatica-sa-de-cv/	->	/rankings/agencias-de-publicidad-por-estado/
7064	activa	regex=False	Directorio a rankings	/listing/goduva-publicidad/	->	/rankings/agencias-de-publicidad-por-estado/
7063	activa	regex=False	Directorio a rankings	/listing/publicity/	->	/rankings/agencias-de-publicidad-por-estado/
7062	activa	regex=False	Directorio a rankings	/listing/vendor-publicidad-exterior-s-de-rl-de-c-v/	->	/rankings/empresas-publicidad-exterior-mexico/
7061	activa	regex=False	Directorio a rankings	/listing/solucion-digital-empresarial-sa-de-cv/	->	/rankings/agencias-inbound-marketing-mexico/
7060	activa	regex=False	Directorio a rankings	/listing/perfiles-e-impresos-s-a-de-c-v/	->	/rankings/proveedores-pop-promocionales-mexico/
7059	activa	regex=False	Directorio a rankings	/listing/publicidad-y-diseño-anka-digital/	->	/rankings/agencias-inbound-marketing-mexico/
7058	activa	regex=False	Directorio a rankings	/listing/otero-27/	->	/rankings/agencias-de-marketing-mexico/
7057	activa	regex=False	Directorio a rankings	/listing/publidigital/	->	/rankings/agencias-inbound-marketing-mexico/
7056	activa	regex=False	Directorio a rankings	/listing/grupo-estratega-de-publicidad-sa-de-cv/	->	/rankings/agencias-de-marketing-mexico/
7055	activa	regex=False	Directorio a rankings	/listing/publi-maya/	->	/rankings/agencias-de-publicidad-por-estado/
7054	activa	regex=False	Directorio a rankings	/listing/vinil-de-zacatecas-sc-de-p-de-rl/	->	/rankings/agencias-de-publicidad-por-estado/
7053	activa	regex=False	Directorio a rankings	/listing/imprenta/	->	/rankings/proveedores-pop-promocionales-mexico/
7052	activa	regex=False	Directorio a rankings	/listing/ads-publicidad-total-srl-de-cv/	->	/rankings/agencias-de-publicidad-por-estado/
7051	activa	regex=False	Directorio a rankings	/listing/radio-difusoras-y-televisoras-de-occidente-sa-de-c-v/	->	/rankings/grupos-radiofonicos-mexico/
7050	activa	regex=False	Directorio a rankings	/listing/nuevo-estilo-publicidad-y-decoracion/	->	/rankings/agencias-de-publicidad-por-estado/
7049	activa	regex=False	Directorio a rankings	/listing/grupo-c-y-c-del-caribe-sa-de-cv/	->	/rankings/agencias-de-publicidad-por-estado/
7048	activa	regex=False	Directorio a rankings	/listing/servicios-medios-visuales-y-publicidad-s-a-de-c-v/	->	/rankings/agencias-de-medios-mexico/
7047	activa	regex=False	Directorio a rankings	/listing/aka-imagen-impresa/	->	/rankings/proveedores-pop-promocionales-mexico/
7046	activa	regex=False	Directorio a rankings	/listing/media-noticias/	->	/rankings/agencias-de-medios-mexico/
7045	activa	regex=False	Directorio a rankings	/listing/sos-web-s-a-de-c-v/	->	/rankings/agencias-inbound-marketing-mexico/
7044	activa	regex=False	Directorio a rankings	/listing/grafia-publicidad/	->	/rankings/proveedores-pop-promocionales-mexico/
7043	activa	regex=False	Directorio a rankings	/listing/promoser-grupo-publicitario-s-de-r-l-de-c-v/	->	/rankings/agencias-de-publicidad-por-estado/
7042	activa	regex=False	Directorio a rankings	/listing/marketing-and-promotion-s-a-de-c-v/	->	/rankings/agencias-btl-promotoria-mexico/
7041	activa	regex=False	Directorio a rankings	/listing/anuncios-en-directorios-sa-de-cv-2/	->	/rankings/empresas-publicidad-exterior-mexico/
7040	activa	regex=False	Directorio a rankings	/listing/editora-tiempo-nuevo/	->	/rankings/agencias-de-publicidad-por-estado/
7039	activa	regex=False	Directorio a rankings	/listing/firecol/	->	/rankings/proveedores-pop-promocionales-mexico/
7038	activa	regex=False	Directorio a rankings	/listing/promo-rigba-internacional-s-de-rl-de-cv/	->	/rankings/agencias-btl-promotoria-mexico/
7037	activa	regex=False	Directorio a rankings	/listing/umbrella-marketing-s-c/	->	/rankings/agencias-de-marketing-mexico/
7036	activa	regex=False	Directorio a rankings	/listing/publitrucks/	->	/rankings/agencias-de-publicidad-por-estado/
7035	activa	regex=False	Directorio a rankings	/listing/display/	->	/rankings/proveedores-pop-promocionales-mexico/
7034	activa	regex=False	Directorio a rankings	/listing/creamedia-s-a-de-c-v/	->	/rankings/agencias-de-medios-mexico/
7033	activa	regex=False	Directorio a rankings	/listing/sacale-jugo-a-tu-marca-is-de-r-l-de-c-v/	->	/rankings/estudios-diseno-branding-mexico/
7032	activa	regex=False	Directorio a rankings	/listing/art-y-tec-s-a-de-c-v/	->	/rankings/agencias-de-publicidad-por-estado/
7031	activa	regex=False	Directorio a rankings	/listing/hildetex-s-a-de-c-v/	->	/rankings/agencias-de-publicidad-por-estado/
7030	activa	regex=False	Directorio a rankings	/listing/ncyg-marketing-publicidad-y-producciones-sa-de-c-v/	->	/rankings/casas-productoras-mexico/
7029	activa	regex=False	Directorio a rankings	/listing/artigraf/	->	/rankings/proveedores-pop-promocionales-mexico/
7028	activa	regex=False	Directorio a rankings	/listing/comercializadora-trudi-s-de-rl-de-cv/	->	/rankings/agencias-de-publicidad-por-estado/
7027	activa	regex=False	Directorio a rankings	/listing/blau-publicidad/	->	/rankings/agencias-de-publicidad-por-estado/
7026	activa	regex=False	Directorio a rankings	/listing/diseño-publicidad-pixemania/	->	/rankings/estudios-diseno-branding-mexico/
7025	activa	regex=False	Directorio a rankings	/listing/multimedia-del-sureste-s-a-de-c-v/	->	/rankings/agencias-de-medios-mexico/
7024	activa	regex=False	Directorio a rankings	/listing/el-comerciante/	->	/rankings/agencias-de-publicidad-por-estado/
7023	activa	regex=False	Directorio a rankings	/listing/televisora-peninsular-s-a-de-c-v/	->	/rankings/casas-productoras-mexico/
7022	activa	regex=False	Directorio a rankings	/listing/maxima-publicidad/	->	/rankings/agencias-de-publicidad-por-estado/
7021	activa	regex=False	Directorio a rankings	/listing/descar-s-a-de-c-v/	->	/rankings/agencias-de-publicidad-por-estado/
7020	activa	regex=False	Directorio a rankings	/listing/graphics/	->	/rankings/agencias-de-publicidad-por-estado/
7019	activa	regex=False	Directorio a rankings	/listing/grafiko-publicidad/	->	/rankings/agencias-de-publicidad-por-estado/
7018	activa	regex=False	Directorio a rankings	/listing/global-producciones-and-marketing-sa-de-cv/	->	/rankings/casas-productoras-mexico/
7017	activa	regex=False	Directorio a rankings	/listing/las-lonas/	->	/rankings/proveedores-pop-promocionales-mexico/
7016	activa	regex=False	Directorio a rankings	/listing/laya-comunica/	->	/rankings/agencias-de-publicidad-por-estado/
7015	activa	regex=False	Directorio a rankings	/listing/clarol-publicidad-exterior-s-c/	->	/rankings/empresas-publicidad-exterior-mexico/
7014	activa	regex=False	Directorio a rankings	/listing/creaciones-artisticas-publicitrias-sa/	->	/rankings/agencias-de-publicidad-cdmx/
7013	activa	regex=False	Directorio a rankings	/listing/sistemas-interactivos-de-juarez-s-a-de-c-v/	->	/rankings/agencias-de-publicidad-por-estado/
7012	activa	regex=False	Directorio a rankings	/listing/publicaciones-metropolitanas-s-a-de-c-v/	->	/rankings/agencias-de-publicidad-por-estado/
7011	activa	regex=False	Directorio a rankings	/listing/anuncios-en-directorioss-a-de-c-v/	->	/rankings/empresas-publicidad-exterior-mexico/
7010	activa	regex=False	Directorio a rankings	/listing/isi-publicidad/	->	/rankings/agencias-de-publicidad-por-estado/
7009	activa	regex=False	Directorio a rankings	/listing/oh-publicidad-y-negocios/	->	/rankings/agencias-de-publicidad-por-estado/
7008	activa	regex=False	Directorio a rankings	/listing/esperanza-astrid-castañeda-ruiz/	->	/rankings/agencias-de-marketing-mexico/
7007	activa	regex=False	Directorio a rankings	/listing/inku/	->	/rankings/agencias-de-publicidad-queretaro/
7006	activa	regex=False	Directorio a rankings	/listing/publimar/	->	/rankings/agencias-de-publicidad-por-estado/
7005	activa	regex=False	Directorio a rankings	/listing/guia-conurbada/	->	/rankings/agencias-inbound-marketing-mexico/
7004	activa	regex=False	Directorio a rankings	/listing/creatimex-publicidad-sa-de-cv/	->	/rankings/agencias-de-publicidad-cdmx/
7003	activa	regex=False	Directorio a rankings	/listing/mazpubliman/	->	/rankings/agencias-de-publicidad-por-estado/
7002	activa	regex=False	Directorio a rankings	/listing/anuncios-en-directorios-s-a-de-c-v-2/	->	/rankings/empresas-publicidad-exterior-mexico/
7001	activa	regex=False	Directorio a rankings	/listing/digital-multimedios/	->	/rankings/agencias-de-medios-mexico/
7000	activa	regex=False	Directorio a rankings	/listing/publicidad-y-rotulacion-por-computadora/	->	/rankings/agencias-de-publicidad-por-estado/
6999	activa	regex=False	Directorio a rankings	/listing/memetica-diseño-e-impresion/	->	/rankings/proveedores-pop-promocionales-mexico/
6998	activa	regex=False	Directorio a rankings	/listing/publiservicios-vanguardia-s-a-de-c-v/	->	/rankings/agencias-de-publicidad-por-estado/
6997	activa	regex=False	Directorio a rankings	/listing/formula-radiofonica-s-a-de-c-v/	->	/rankings/grupos-radiofonicos-mexico/
6996	activa	regex=False	Directorio a rankings	/listing/publimedia-los-cabos-sa-de-cv/	->	/rankings/agencias-de-medios-mexico/
6995	activa	regex=False	Directorio a rankings	/listing/publiport-sa-de-cv/	->	/rankings/agencias-de-publicidad-por-estado/
6994	activa	regex=False	Directorio a rankings	/listing/corporativo-mi-ciudad-sa-de-cv/	->	/rankings/agencias-de-publicidad-queretaro/
6993	activa	regex=False	Directorio a rankings	/listing/syes/	->	/rankings/agencias-de-publicidad-por-estado/
6992	activa	regex=False	Directorio a rankings	/listing/publicidad-digital-ramirez/	->	/rankings/agencias-inbound-marketing-mexico/
6991	activa	regex=False	Directorio a rankings	/listing/informacion-del-noreste-s-a-de-c-v/	->	/rankings/agencias-de-publicidad-por-estado/
6990	activa	regex=False	Directorio a rankings	/listing/mcs-consultores-s-c/	->	/rankings/agencias-de-marketing-mexico/
6989	activa	regex=False	Directorio a rankings	/listing/mentor-s-a-de-c-v/	->	/rankings/agencias-de-publicidad-por-estado/
6988	activa	regex=False	Directorio a rankings	/listing/publicidad-grafica-sa-de-cv/	->	/rankings/proveedores-pop-promocionales-mexico/
6987	activa	regex=False	Directorio a rankings	/listing/publitec/	->	/rankings/agencias-de-publicidad-por-estado/
6986	activa	regex=False	Directorio a rankings	/listing/radio-america-de-mexico-sa-de-cv/	->	/rankings/grupos-radiofonicos-mexico/
6985	activa	regex=False	Directorio a rankings	/listing/diseños-de-altura-s-a-de-c-v/	->	/rankings/estudios-diseno-branding-mexico/
6984	activa	regex=False	Directorio a rankings	/listing/grupo-mistica-sa-de-cv/	->	/rankings/productoras-de-eventos-mexico/
6983	activa	regex=False	Directorio a rankings	/listing/screencast-s-a-p-i-de-cv/	->	/rankings/agencias-de-publicidad-cdmx/
6982	activa	regex=False	Directorio a rankings	/listing/soluciones-creyt-sa-de-cv/	->	/rankings/agencias-de-publicidad-cdmx/
6981	activa	regex=False	Directorio a rankings	/listing/impresiones-san-luis/	->	/rankings/proveedores-pop-promocionales-mexico/
6980	activa	regex=False	Directorio a rankings	/listing/arclad-de-mexico-sa-de-cv-oficinas/	->	/rankings/agencias-de-publicidad-cdmx/
6979	activa	regex=False	Directorio a rankings	/listing/miltibordados/	->	/rankings/agencias-de-publicidad-por-estado/
6978	activa	regex=False	Directorio a rankings	/listing/cajeme-flash/	->	/rankings/agencias-de-publicidad-por-estado/
6977	activa	regex=False	Directorio a rankings	/listing/empresas-isal-s-de-rl-de-cv/	->	/rankings/empresas-publicidad-exterior-mexico/
6976	activa	regex=False	Directorio a rankings	/listing/grupo-signos-s-a-de-c-v/	->	/rankings/agencias-de-publicidad-por-estado/
6975	activa	regex=False	Directorio a rankings	/listing/promoshape-s-de-rl-de-cv/	->	/rankings/agencias-de-publicidad-por-estado/
6974	activa	regex=False	Directorio a rankings	/listing/grupo-intermedios/	->	/rankings/agencias-de-medios-mexico/
6973	activa	regex=False	Directorio a rankings	/listing/promotex-publicidad/	->	/rankings/agencias-btl-promotoria-mexico/
6972	activa	regex=False	Directorio a rankings	/listing/grabados-gira/	->	/rankings/agencias-de-publicidad-por-estado/
6971	activa	regex=False	Directorio a rankings	/listing/imagen-digital/	->	/rankings/agencias-inbound-marketing-mexico/
6970	activa	regex=False	Directorio a rankings	/listing/fusion-publicidad/	->	/rankings/agencias-de-publicidad-por-estado/
6969	activa	regex=False	Directorio a rankings	/listing/spacio/	->	/rankings/agencias-de-publicidad-por-estado/
6968	activa	regex=False	Directorio a rankings	/listing/daisa-proyectos/	->	/rankings/agencias-de-publicidad-por-estado/
6967	activa	regex=False	Directorio a rankings	/listing/fusion-grafica/	->	/rankings/proveedores-pop-promocionales-mexico/
6966	activa	regex=False	Directorio a rankings	/listing/grupo-hiperformas-del-bajio-s-a-de-c-v/	->	/rankings/agencias-de-publicidad-por-estado/
6965	activa	regex=False	Directorio a rankings	/listing/il-evento-s-c/	->	/rankings/productoras-de-eventos-mexico/
6964	activa	regex=False	Directorio a rankings	/listing/organizacion-radiofonica-de-chihuahua-s-a/	->	/rankings/grupos-radiofonicos-mexico/
6963	activa	regex=False	Directorio a rankings	/listing/expresión-gráfica/	->	/rankings/proveedores-pop-promocionales-mexico/
6962	activa	regex=False	Directorio a rankings	/listing/arthe-grafiko/	->	/rankings/agencias-de-publicidad-por-estado/
6961	activa	regex=False	Directorio a rankings	/listing/beltran-y-bernal-stoopen-sc/	->	/rankings/agencias-de-publicidad-cdmx/
6960	activa	regex=False	Directorio a rankings	/listing/volta/	->	/rankings/agencias-de-publicidad-por-estado/
6959	activa	regex=False	Directorio a rankings	/listing/grupo-plata/	->	/rankings/agencias-de-publicidad-por-estado/
6958	activa	regex=False	Directorio a rankings	/listing/sign-mex-publicidad/	->	/rankings/agencias-de-publicidad-por-estado/
6957	activa	regex=False	Directorio a rankings	/listing/creando/	->	/rankings/agencias-de-publicidad-por-estado/
6956	activa	regex=False	Directorio a rankings	/listing/promoser-grupo-publicitario-s-r-l-de-c-v/	->	/rankings/agencias-de-publicidad-por-estado/
6955	activa	regex=False	Directorio a rankings	/listing/publicidad-arte/	->	/rankings/agencias-de-publicidad-por-estado/
6954	activa	regex=False	Directorio a rankings	/listing/promotora-de-medios-de-comunicacion-sa-de-cv/	->	/rankings/agencias-de-medios-mexico/
6953	activa	regex=False	Directorio a rankings	/listing/revista-fieston/	->	/rankings/agencias-de-publicidad-por-estado/
6952	activa	regex=False	Directorio a rankings	/listing/publicidad-digital-colors/	->	/rankings/agencias-inbound-marketing-mexico/
6951	activa	regex=False	Directorio a rankings	/listing/ml-y-co/	->	/rankings/agencias-de-publicidad-por-estado/
6950	activa	regex=False	Directorio a rankings	/listing/provideo/	->	/rankings/casas-productoras-mexico/
6949	activa	regex=False	Directorio a rankings	/listing/conforma-digital-s-a-de-c-v/	->	/rankings/agencias-inbound-marketing-mexico/
6948	activa	regex=False	Directorio a rankings	/listing/nuve-marketing/	->	/rankings/agencias-de-marketing-mexico/
6947	activa	regex=False	Directorio a rankings	/listing/spectradyne-international-inc/	->	/rankings/agencias-de-publicidad-cdmx/
6946	activa	regex=False	Directorio a rankings	/listing/blue-caps/	->	/rankings/agencias-de-publicidad-por-estado/
6945	activa	regex=False	Directorio a rankings	/listing/tu-arte/	->	/rankings/agencias-de-publicidad-por-estado/
6944	activa	regex=False	Directorio a rankings	/listing/display-publicidad-exterior-s-a-de-c-v/	->	/rankings/empresas-publicidad-exterior-mexico/
6943	activa	regex=False	Directorio a rankings	/listing/numeros-creativos-s-c/	->	/rankings/estudios-diseno-branding-mexico/
6942	activa	regex=False	Directorio a rankings	/listing/grabarte/	->	/rankings/agencias-de-publicidad-por-estado/
6941	activa	regex=False	Directorio a rankings	/listing/cratimagen/	->	/rankings/proveedores-pop-promocionales-mexico/
6940	activa	regex=False	Directorio a rankings	/listing/las-10/	->	/rankings/agencias-de-publicidad-por-estado/
6939	activa	regex=False	Directorio a rankings	/listing/noved-arte/	->	/rankings/agencias-de-publicidad-por-estado/
6938	activa	regex=False	Directorio a rankings	/listing/diseño-impreso-en-movimiento-s-a-de-c-v-2/	->	/rankings/proveedores-pop-promocionales-mexico/
6937	activa	regex=False	Directorio a rankings	/listing/krearte/	->	/rankings/agencias-de-publicidad-por-estado/
6936	activa	regex=False	Directorio a rankings	/listing/jugo-de-tomate-s-a-de-c-v/	->	/rankings/casas-productoras-mexico/
6935	activa	regex=False	Directorio a rankings	/listing/rapicolor/	->	/rankings/agencias-de-publicidad-por-estado/
6934	activa	regex=False	Directorio a rankings	/listing/radiodifusoras-y-televisoras-de-occidente-s-a-de-c-v/	->	/rankings/grupos-radiofonicos-mexico/
6933	activa	regex=False	Directorio a rankings	/listing/con-100-cia-estrategica-s-de-r-l-de-c-v/	->	/rankings/agencias-de-marketing-mexico/
6932	activa	regex=False	Directorio a rankings	/listing/luna-piblicidad/	->	/rankings/agencias-de-publicidad-por-estado/
6931	activa	regex=False	Directorio a rankings	/listing/publimaya/	->	/rankings/agencias-de-publicidad-por-estado/
6930	activa	regex=False	Directorio a rankings	/listing/publi-imagen/	->	/rankings/proveedores-pop-promocionales-mexico/
6929	activa	regex=False	Directorio a rankings	/listing/fazt-proveedor-de-publiservicios-sa-de-cv/	->	/rankings/agencias-de-publicidad-queretaro/
6928	activa	regex=False	Directorio a rankings	/listing/ramirez/	->	/rankings/agencias-de-publicidad-por-estado/
6927	activa	regex=False	Directorio a rankings	/listing/agencia-de-comunicacion-nivel-ocho-sa-de-cv/	->	/rankings/agencias-de-marketing-mexico/
6926	activa	regex=False	Directorio a rankings	/listing/computadoras-y-publicidad-s-a-de-c-v/	->	/rankings/agencias-de-publicidad-por-estado/
6925	activa	regex=False	Directorio a rankings	/listing/grupo-comercial-coagsa-digital-sa-de-cv/	->	/rankings/agencias-inbound-marketing-mexico/
6924	activa	regex=False	Directorio a rankings	/listing/innovaciones-tecnologicas-para-impresion-y-pulicidad-s-a-de-c-v/	->	/rankings/proveedores-pop-promocionales-mexico/
6923	activa	regex=False	Directorio a rankings	/listing/kromaxima-publicidad-s-a-de-c-v/	->	/rankings/agencias-de-publicidad-por-estado/
6922	activa	regex=False	Directorio a rankings	/listing/directo-agencia-s-a-de-c-v/	->	/rankings/agencias-de-publicidad-por-estado/
6921	activa	regex=False	Directorio a rankings	/listing/x4-y-asociados-publicidad/	->	/rankings/agencias-de-publicidad-por-estado/
6920	activa	regex=False	Directorio a rankings	/listing/claro-oscuro-digital/	->	/rankings/agencias-inbound-marketing-mexico/
6919	activa	regex=False	Directorio a rankings	/listing/graficos-campos/	->	/rankings/proveedores-pop-promocionales-mexico/
6918	activa	regex=False	Directorio a rankings	/listing/calendarios-len/	->	/rankings/agencias-de-publicidad-por-estado/
6917	activa	regex=False	Directorio a rankings	/listing/nyksa/	->	/rankings/agencias-de-publicidad-por-estado/
6916	activa	regex=False	Directorio a rankings	/listing/creatividad-y-diseño-de-hidalgo-s-a-de-c-v/	->	/rankings/estudios-diseno-branding-mexico/
6915	activa	regex=False	Directorio a rankings	/listing/dragon-grafix/	->	/rankings/agencias-de-publicidad-por-estado/
6914	activa	regex=False	Directorio a rankings	/listing/impresión-digital/	->	/rankings/agencias-inbound-marketing-mexico/
6913	activa	regex=False	Directorio a rankings	/listing/campaña-productora-de-acciones-sa-de-cv/	->	/rankings/casas-productoras-mexico/
6912	activa	regex=False	Directorio a rankings	/listing/sublimarte-s-a-de-c-v/	->	/rankings/agencias-de-publicidad-por-estado/
6911	activa	regex=False	Directorio a rankings	/listing/marsan-publicidad/	->	/rankings/agencias-de-publicidad-por-estado/
6910	activa	regex=False	Directorio a rankings	/listing/giro-promocional-de-occidente-s-a-de-c-v/	->	/rankings/agencias-btl-promotoria-mexico/
6909	activa	regex=False	Directorio a rankings	/listing/hve-creativo/	->	/rankings/estudios-diseno-branding-mexico/
6908	activa	regex=False	Directorio a rankings	/listing/iconico/	->	/rankings/agencias-de-publicidad-por-estado/
6907	activa	regex=False	Directorio a rankings	/listing/unipolares-y-espectaculares-del-norte-s-a-de-c-v/	->	/rankings/empresas-publicidad-exterior-mexico/
6906	activa	regex=False	Directorio a rankings	/listing/graba2/	->	/rankings/agencias-de-publicidad-por-estado/
6905	activa	regex=False	Directorio a rankings	/listing/ideas-impresos/	->	/rankings/proveedores-pop-promocionales-mexico/
6904	activa	regex=False	Directorio a rankings	/listing/xpresate-publicidad/	->	/rankings/agencias-de-publicidad-por-estado/
6903	activa	regex=False	Directorio a rankings	/listing/matisse-publicidad/	->	/rankings/agencias-de-publicidad-por-estado/
6902	activa	regex=False	Directorio a rankings	/listing/click-articulos-promocionales-s-a-de-c-v/	->	/rankings/agencias-btl-promotoria-mexico/
6901	activa	regex=False	Directorio a rankings	/listing/imprimiendo-estilo/	->	/rankings/agencias-de-publicidad-por-estado/
6900	activa	regex=False	Directorio a rankings	/listing/publicidad-ojo-cielo-diseñadores/	->	/rankings/agencias-de-publicidad-por-estado/
6899	activa	regex=False	Directorio a rankings	/listing/publitotal-sa-de-cv/	->	/rankings/agencias-de-publicidad-monterrey/
6898	activa	regex=False	Directorio a rankings	/listing/agl-publicidad-y-textiles-s-a-de-c-v/	->	/rankings/agencias-de-publicidad-por-estado/
6897	activa	regex=False	Directorio a rankings	/listing/inspirando-ideas-sa-de-cv/	->	/rankings/agencias-de-publicidad-queretaro/
6896	activa	regex=False	Directorio a rankings	/listing/comercializadora-chester-s-a-de-c-v/	->	/rankings/agencias-de-publicidad-por-estado/
6895	activa	regex=False	Directorio a rankings	/listing/imagen-kreativa/	->	/rankings/agencias-de-publicidad-por-estado/
6894	activa	regex=False	Directorio a rankings	/listing/sign-fussion-s-a-de-c-v/	->	/rankings/agencias-de-publicidad-por-estado/
6893	activa	regex=False	Directorio a rankings	/listing/publicidad-coherente-sa-de-cv/	->	/rankings/agencias-de-publicidad-cdmx/
6892	activa	regex=False	Directorio a rankings	/listing/distribuidora-bratley-s-a-de-c-v/	->	/rankings/agencias-de-publicidad-por-estado/
6891	activa	regex=False	Directorio a rankings	/listing/pluvilivl/	->	/rankings/agencias-de-publicidad-por-estado/
6890	activa	regex=False	Directorio a rankings	/listing/servicios-letonia-s-de-rl-de-cv/	->	/rankings/agencias-de-publicidad-por-estado/
6889	activa	regex=False	Directorio a rankings	/listing/publicaciones-del-chuviscar-s-a-de-c-v/	->	/rankings/agencias-de-publicidad-por-estado/
6888	activa	regex=False	Directorio a rankings	/listing/duranyork/	->	/rankings/agencias-de-publicidad-por-estado/
6887	activa	regex=False	Directorio a rankings	/listing/out-world-media-systems-s-a-de-cv/	->	/rankings/agencias-de-medios-mexico/
6886	activa	regex=False	Directorio a rankings	/listing/paralelo-20-comunicacion-y-medios-s-a-de-c-v/	->	/rankings/agencias-de-medios-mexico/
6885	activa	regex=False	Directorio a rankings	/listing/marketing-y-diseño-dob-sa-de-cv/	->	/rankings/estudios-diseno-branding-mexico/
6884	activa	regex=False	Directorio a rankings	/listing/grupo-herlezq-s-a-de-c-v/	->	/rankings/agencias-de-publicidad-por-estado/
6883	activa	regex=False	Directorio a rankings	/listing/lym/	->	/rankings/agencias-de-publicidad-por-estado/
6882	activa	regex=False	Directorio a rankings	/listing/producciones-signaleticas-mexicanas-s-a-de-c-v/	->	/rankings/casas-productoras-mexico/
6881	activa	regex=False	Directorio a rankings	/listing/ponme-imagen-s-a-de-c-v/	->	/rankings/agencias-de-publicidad-por-estado/
6880	activa	regex=False	Directorio a rankings	/listing/north-american-mailing-services-s-de-r-l-de-c-v/	->	/rankings/proveedores-pop-promocionales-mexico/
6879	activa	regex=False	Directorio a rankings	/listing/mass-pub-sa-de-cv/	->	/rankings/agencias-de-publicidad-cdmx/
6878	activa	regex=False	Directorio a rankings	/listing/estrategia-inteligente-de-medios-s-a-de-c-v/	->	/rankings/agencias-de-medios-mexico/
6877	activa	regex=False	Directorio a rankings	/listing/sri-publicidad/	->	/rankings/agencias-de-publicidad-por-estado/
6876	activa	regex=False	Directorio a rankings	/listing/tecnoprint/	->	/rankings/agencias-de-publicidad-por-estado/
6875	activa	regex=False	Directorio a rankings	/listing/comercializadora-megaprint-s-de-r-l-de-c-v/	->	/rankings/proveedores-pop-promocionales-mexico/
6874	activa	regex=False	Directorio a rankings	/listing/publicidad-diseño-y-mercadotecnia/	->	/rankings/estudios-diseno-branding-mexico/
6873	activa	regex=False	Directorio a rankings	/listing/gastro-media-s-a-de-c-v/	->	/rankings/agencias-de-medios-mexico/
6872	activa	regex=False	Directorio a rankings	/listing/rodco/	->	/rankings/proveedores-pop-promocionales-mexico/
6871	activa	regex=False	Directorio a rankings	/listing/revista-progreso/	->	/rankings/agencias-de-publicidad-por-estado/
6870	activa	regex=False	Directorio a rankings	/listing/xpress-gift/	->	/rankings/proveedores-pop-promocionales-mexico/
6869	activa	regex=False	Directorio a rankings	/listing/market/	->	/rankings/agencias-de-publicidad-por-estado/
6868	activa	regex=False	Directorio a rankings	/listing/agencia-interal-capital-mix-sa-de-cv/	->	/rankings/agencias-de-publicidad-cdmx/
6867	activa	regex=False	Directorio a rankings	/listing/facilite/	->	/rankings/agencias-de-publicidad-por-estado/
6866	activa	regex=False	Directorio a rankings	/listing/milgraf-puebla-s-a-de-c-v/	->	/rankings/agencias-de-publicidad-por-estado/
6865	activa	regex=False	Directorio a rankings	/listing/penta-diseño-y-publicidad/	->	/rankings/estudios-diseno-branding-mexico/
6864	activa	regex=False	Directorio a rankings	/listing/piblic-city/	->	/rankings/agencias-de-publicidad-por-estado/
6863	activa	regex=False	Directorio a rankings	/listing/power-torner/	->	/rankings/agencias-de-publicidad-por-estado/
6862	activa	regex=False	Directorio a rankings	/listing/xl-taller-de-diseño/	->	/rankings/estudios-diseno-branding-mexico/
6861	activa	regex=False	Directorio a rankings	/listing/bunker-y-taylor-s-a-de-c-v/	->	/rankings/agencias-de-publicidad-por-estado/
6860	activa	regex=False	Directorio a rankings	/listing/orlandos-publicidad/	->	/rankings/agencias-de-publicidad-por-estado/
6859	activa	regex=False	Directorio a rankings	/listing/imanes/	->	/rankings/agencias-de-publicidad-por-estado/
6858	activa	regex=False	Directorio a rankings	/listing/sv-comunicacion-sc/	->	/rankings/agencias-de-marketing-mexico/
6857	activa	regex=False	Directorio a rankings	/listing/creaciones-720/	->	/rankings/agencias-de-publicidad-por-estado/
6856	activa	regex=False	Directorio a rankings	/listing/rotulos-computarizados-e-impuresos-del-surestes-s-a-de-c-v/	->	/rankings/agencias-de-publicidad-por-estado/
6855	activa	regex=False	Directorio a rankings	/listing/aseco-sa-de-cv/	->	/rankings/agencias-de-publicidad-por-estado/
6854	activa	regex=False	Directorio a rankings	/listing/consultoria-y-asesoria-en-publicidad-sa-de-cv/	->	/rankings/agencias-de-marketing-mexico/
6853	activa	regex=False	Directorio a rankings	/listing/efeckto-urbano/	->	/rankings/agencias-de-publicidad-por-estado/
6852	activa	regex=False	Directorio a rankings	/listing/optimizacion-en-medios-s-a-de-c-v/	->	/rankings/agencias-de-medios-mexico/
6851	activa	regex=False	Directorio a rankings	/listing/top-medios-s-a-de-c-v/	->	/rankings/agencias-de-medios-mexico/
6850	activa	regex=False	Directorio a rankings	/listing/24-grafics-s-a-de-c-v/	->	/rankings/proveedores-pop-promocionales-mexico/
6849	activa	regex=False	Directorio a rankings	/listing/publicidad-en-transporte/	->	/rankings/agencias-de-publicidad-por-estado/
6848	activa	regex=False	Directorio a rankings	/listing/publicidad-hermanos-rojas/	->	/rankings/agencias-de-publicidad-por-estado/
6847	activa	regex=False	Directorio a rankings	/listing/jorge/	->	/rankings/agencias-de-publicidad-queretaro/
6846	activa	regex=False	Directorio a rankings	/listing/corporacion-publicitaria-rg-sa-de-cv/	->	/rankings/agencias-de-publicidad-cdmx/
6845	activa	regex=False	Directorio a rankings	/listing/g4-de-mexico-s-a-de-c-v/	->	/rankings/agencias-de-publicidad-por-estado/
6844	activa	regex=False	Directorio a rankings	/listing/snell-ventures-s-de-rl-de-cv/	->	/rankings/agencias-de-publicidad-por-estado/
6843	activa	regex=False	Directorio a rankings	/listing/comercializadora-gps-2000-sa-de-cv/	->	/rankings/agencias-de-publicidad-por-estado/
6842	activa	regex=False	Directorio a rankings	/listing/comercabos-sa-de-cv/	->	/rankings/agencias-de-publicidad-por-estado/
6841	activa	regex=False	Directorio a rankings	/listing/publicidad-y-medios-asociados/	->	/rankings/agencias-de-medios-mexico/
6840	activa	regex=False	Directorio a rankings	/listing/quiality-and-permance-it-sc/	->	/rankings/agencias-de-publicidad-por-estado/
6839	activa	regex=False	Directorio a rankings	/listing/anuncios-luminosos-neon-america/	->	/rankings/empresas-publicidad-exterior-mexico/
6838	activa	regex=False	Directorio a rankings	/listing/ayje-imprenta-s-a-de-c-v/	->	/rankings/proveedores-pop-promocionales-mexico/
6837	activa	regex=False	Directorio a rankings	/listing/blog-creativo/	->	/rankings/estudios-diseno-branding-mexico/
6836	activa	regex=False	Directorio a rankings	/listing/a-publicidad/	->	/rankings/agencias-de-publicidad-queretaro/
6835	activa	regex=False	Directorio a rankings	/listing/real-image/	->	/rankings/agencias-de-publicidad-por-estado/
6834	activa	regex=False	Directorio a rankings	/listing/kreativos/	->	/rankings/agencias-de-publicidad-por-estado/
6833	activa	regex=False	Directorio a rankings	/listing/jaqueline/	->	/rankings/agencias-de-publicidad-por-estado/
6832	activa	regex=False	Directorio a rankings	/listing/tisca-publicidad/	->	/rankings/proveedores-pop-promocionales-mexico/
6831	activa	regex=False	Directorio a rankings	/listing/top-model/	->	/rankings/agencias-de-publicidad-por-estado/
6830	activa	regex=False	Directorio a rankings	/listing/ab-kam/	->	/rankings/agencias-de-publicidad-queretaro/
6829	activa	regex=False	Directorio a rankings	/listing/tricomia-diseño-y-publicidad/	->	/rankings/estudios-diseno-branding-mexico/
6828	activa	regex=False	Directorio a rankings	/listing/publicidad-augusto-elias-s-a-de-c-v/	->	/rankings/agencias-de-publicidad-cdmx/
6827	activa	regex=False	Directorio a rankings	/listing/grupo-radio-mexico-cuidad-juarez-s-a-de-c-v/	->	/rankings/grupos-radiofonicos-mexico/
6826	activa	regex=False	Directorio a rankings	/listing/graxtes-publicidad/	->	/rankings/agencias-de-publicidad-por-estado/
6825	activa	regex=False	Directorio a rankings	/listing/graphics-sistem-print/	->	/rankings/agencias-de-publicidad-por-estado/
6824	activa	regex=False	Directorio a rankings	/listing/corporativo-medios-en-movimiento-s-a-de-c-v/	->	/rankings/agencias-de-medios-mexico/
6823	activa	regex=False	Directorio a rankings	/listing/trazo-corporativo-en-publicidad-sa-de-cv/	->	/rankings/agencias-de-publicidad-por-estado/
6822	activa	regex=False	Directorio a rankings	/listing/ideas-graficas/	->	/rankings/proveedores-pop-promocionales-mexico/
6821	activa	regex=False	Directorio a rankings	/listing/bimad-publicidad-s-a-de-c-v/	->	/rankings/agencias-de-publicidad-por-estado/
6820	activa	regex=False	Directorio a rankings	/listing/viny-laser/	->	/rankings/agencias-de-publicidad-por-estado/
6819	activa	regex=False	Directorio a rankings	/listing/servicios-publicitarios-publiram/	->	/rankings/agencias-de-publicidad-por-estado/
6818	activa	regex=False	Directorio a rankings	/listing/diseño-y-publicidad/	->	/rankings/estudios-diseno-branding-mexico/
6817	activa	regex=False	Directorio a rankings	/listing/branding-five/	->	/rankings/estudios-diseno-branding-mexico/
6816	activa	regex=False	Directorio a rankings	/listing/multiservicios-y-publicidad/	->	/rankings/agencias-de-publicidad-por-estado/
6815	activa	regex=False	Directorio a rankings	/listing/grupo-namis-negocios-alianzas-medios-interactivos-sa-de-cv/	->	/rankings/agencias-de-medios-mexico/
6814	activa	regex=False	Directorio a rankings	/listing/impacto-publicitario-de-tamaulipas-s-a-de-c-v/	->	/rankings/agencias-de-publicidad-por-estado/
6813	activa	regex=False	Directorio a rankings	/listing/magneta-graficas/	->	/rankings/proveedores-pop-promocionales-mexico/
6812	activa	regex=False	Directorio a rankings	/listing/reyes-cano-publicidad-sa-de-cv/	->	/rankings/empresas-publicidad-exterior-mexico/
6811	activa	regex=False	Directorio a rankings	/listing/comercializadora-copasi-publicidad/	->	/rankings/agencias-de-publicidad-por-estado/
6810	activa	regex=False	Directorio a rankings	/listing/webstation-s-a-de-c-v/	->	/rankings/agencias-inbound-marketing-mexico/
6809	activa	regex=False	Directorio a rankings	/listing/el-matutino-sa-de-cv/	->	/rankings/agencias-de-publicidad-por-estado/
6808	activa	regex=False	Directorio a rankings	/listing/alroja-medios-sa-de-cv/	->	/rankings/agencias-de-medios-mexico/
6807	activa	regex=False	Directorio a rankings	/listing/empresa-de-tecnologia-virtual-sa-de-cv/	->	/rankings/agencias-de-publicidad-por-estado/
6806	activa	regex=False	Directorio a rankings	/listing/imagen-empresarial/	->	/rankings/empresas-publicidad-exterior-mexico/
6805	activa	regex=False	Directorio a rankings	/listing/servicios-de-asesoria-y-marketing-de-tamaulipas-sa-de-cv/	->	/rankings/agencias-de-marketing-mexico/
6804	activa	regex=False	Directorio a rankings	/listing/pyn-radio-publicidad-s-a-de-c-v/	->	/rankings/grupos-radiofonicos-mexico/
6803	activa	regex=False	Directorio a rankings	/listing/grupo-multimedia-la-otra-plana-sa-de-cv/	->	/rankings/agencias-de-medios-mexico/
6802	activa	regex=False	Directorio a rankings	/listing/orlandoz-publicidad/	->	/rankings/agencias-de-publicidad-por-estado/
6801	activa	regex=False	Directorio a rankings	/listing/en-vivo-radio-y-tv-sa-de-cv/	->	/rankings/grupos-radiofonicos-mexico/
6800	activa	regex=False	Directorio a rankings	/listing/publicidad-plastivei/	->	/rankings/agencias-de-publicidad-por-estado/
6799	activa	regex=False	Directorio a rankings	/listing/servicios-de-publicidad/	->	/rankings/agencias-de-publicidad-por-estado/
6798	activa	regex=False	Directorio a rankings	/listing/creativa/	->	/rankings/estudios-diseno-branding-mexico/
6797	activa	regex=False	Directorio a rankings	/listing/megamovil/	->	/rankings/agencias-de-publicidad-por-estado/
6796	activa	regex=False	Directorio a rankings	/listing/graphic-lab/	->	/rankings/agencias-de-publicidad-por-estado/
6795	activa	regex=False	Directorio a rankings	/listing/paranoide/	->	/rankings/agencias-de-publicidad-por-estado/
6794	activa	regex=False	Directorio a rankings	/listing/imprenta-siglo-xxv-s-a-de-c-v/	->	/rankings/proveedores-pop-promocionales-mexico/
6793	activa	regex=False	Directorio a rankings	/listing/ideas-publicidad/	->	/rankings/agencias-de-publicidad-por-estado/
6792	activa	regex=False	Directorio a rankings	/listing/todo-es-politica-noticias-s-a-de-c-v/	->	/rankings/agencias-de-publicidad-por-estado/
6791	activa	regex=False	Directorio a rankings	/listing/sonido-digital-cotzver/	->	/rankings/agencias-inbound-marketing-mexico/
6790	activa	regex=False	Directorio a rankings	/listing/onilix-s-a-de-c-v/	->	/rankings/agencias-de-publicidad-por-estado/
6789	activa	regex=False	Directorio a rankings	/listing/capaco-sa-de-cv/	->	/rankings/agencias-de-publicidad-cdmx/
6788	activa	regex=False	Directorio a rankings	/listing/el-horno-de-las-noticias/	->	/rankings/agencias-de-publicidad-por-estado/
6787	activa	regex=False	Directorio a rankings	/listing/casa-publicidad-y-asociados-s-a-de-c-v/	->	/rankings/empresas-publicidad-exterior-mexico/
6786	activa	regex=False	Directorio a rankings	/listing/inovacion-de-fabricas-de-rl-de-c-v/	->	/rankings/agencias-de-publicidad-por-estado/
6785	activa	regex=False	Directorio a rankings	/listing/publix/	->	/rankings/agencias-de-publicidad-por-estado/
6784	activa	regex=False	Directorio a rankings	/listing/contreras-publicidad/	->	/rankings/agencias-de-publicidad-por-estado/
6783	activa	regex=False	Directorio a rankings	/listing/el-angel/	->	/rankings/agencias-de-publicidad-por-estado/
6782	activa	regex=False	Directorio a rankings	/listing/atm-espectaculares-s-a-de-c-v/	->	/rankings/empresas-publicidad-exterior-mexico/
6781	activa	regex=False	Directorio a rankings	/listing/sendos/	->	/rankings/agencias-de-publicidad-por-estado/
6780	activa	regex=False	Directorio a rankings	/listing/dario-del-centro-sa-de-cv/	->	/rankings/agencias-de-publicidad-cdmx/
6779	activa	regex=False	Directorio a rankings	/listing/grupo-dado/	->	/rankings/agencias-de-publicidad-por-estado/
6778	activa	regex=False	Directorio a rankings	/listing/dynamic-displaydd/	->	/rankings/proveedores-pop-promocionales-mexico/
6777	activa	regex=False	Directorio a rankings	/listing/jnn-publicidad-y-buro-de-publicidad-y-diseño/	->	/rankings/estudios-diseno-branding-mexico/
6776	activa	regex=False	Directorio a rankings	/listing/el-real-de-chihuahua/	->	/rankings/agencias-de-publicidad-por-estado/
6775	activa	regex=False	Directorio a rankings	/listing/profesionales-de-playa-mujeres-sa-de-cv/	->	/rankings/agencias-de-publicidad-por-estado/
6774	activa	regex=False	Directorio a rankings	/listing/el-circulo-rojo/	->	/rankings/agencias-de-publicidad-por-estado/
6773	activa	regex=False	Directorio a rankings	/listing/servicios-de-publicidad-y-comunicacion/	->	/rankings/agencias-de-marketing-mexico/
6772	activa	regex=False	Directorio a rankings	/listing/agdi-publicidad/	->	/rankings/proveedores-pop-promocionales-mexico/
6771	activa	regex=False	Directorio a rankings	/listing/espacios-gigantes-s-a-de-c-v/	->	/rankings/agencias-de-publicidad-por-estado/
6770	activa	regex=False	Directorio a rankings	/listing/grafinsa-grafica-s-a-de-c-v/	->	/rankings/proveedores-pop-promocionales-mexico/
6769	activa	regex=False	Directorio a rankings	/listing/crea/	->	/rankings/agencias-de-publicidad-por-estado/
6768	activa	regex=False	Directorio a rankings	/listing/imaginación-en-arte-visual-sa-de-cv/	->	/rankings/agencias-de-publicidad-por-estado/
6767	activa	regex=False	Directorio a rankings	/listing/proyectame-publicidad-y-papeleria-s-a-de-c-v/	->	/rankings/agencias-de-publicidad-por-estado/
6766	activa	regex=False	Directorio a rankings	/listing/imagen-impresa-de-occidente-s-a-de-c-v/	->	/rankings/proveedores-pop-promocionales-mexico/
6765	activa	regex=False	Directorio a rankings	/listing/publicidad-creativa/	->	/rankings/estudios-diseno-branding-mexico/
6764	activa	regex=False	Directorio a rankings	/listing/eye-publicity/	->	/rankings/agencias-de-publicidad-por-estado/
6763	activa	regex=False	Directorio a rankings	/listing/inpressit/	->	/rankings/proveedores-pop-promocionales-mexico/
6762	activa	regex=False	Directorio a rankings	/listing/gmb-comunicaciones-sa-de-cv/	->	/rankings/agencias-de-marketing-mexico/
6761	activa	regex=False	Directorio a rankings	/listing/go-print/	->	/rankings/proveedores-pop-promocionales-mexico/
6760	activa	regex=False	Directorio a rankings	/listing/radio-comunicacion-de-mexico/	->	/rankings/grupos-radiofonicos-mexico/
6759	activa	regex=False	Directorio a rankings	/listing/graficos/	->	/rankings/proveedores-pop-promocionales-mexico/
6758	activa	regex=False	Directorio a rankings	/listing/led-tec-y-beyond-s-de-rl-de-c-v/	->	/rankings/agencias-de-publicidad-por-estado/
6757	activa	regex=False	Directorio a rankings	/listing/el-notichero/	->	/rankings/casas-productoras-mexico/
6756	activa	regex=False	Directorio a rankings	/listing/ptm-mx-sa-de-cv/	->	/rankings/agencias-de-publicidad-por-estado/
6755	activa	regex=False	Directorio a rankings	/listing/records-music/	->	/rankings/agencias-de-publicidad-por-estado/
6754	activa	regex=False	Directorio a rankings	/listing/publi-1000/	->	/rankings/agencias-de-publicidad-por-estado/
6753	activa	regex=False	Directorio a rankings	/listing/nyksa-print/	->	/rankings/agencias-btl-promotoria-mexico/
6752	activa	regex=False	Directorio a rankings	/listing/publiplaya/	->	/rankings/agencias-de-publicidad-por-estado/
6751	activa	regex=False	Directorio a rankings	/listing/estudio-mixi/	->	/rankings/estudios-diseno-branding-mexico/
6750	activa	regex=False	Directorio a rankings	/listing/fernando-arturo-martinez-aguilar/	->	/rankings/agencias-inbound-marketing-mexico/
6749	activa	regex=False	Directorio a rankings	/listing/publimedios/	->	/rankings/agencias-de-medios-mexico/
6748	activa	regex=False	Directorio a rankings	/listing/inbound/	->	/rankings/agencias-inbound-marketing-mexico/
6747	activa	regex=False	Directorio a rankings	/listing/agencia-de-capacitacion-acc-consultores/	->	/rankings/agencias-de-marketing-mexico/
6746	activa	regex=False	Directorio a rankings	/listing/quinque-foto-diseno/	->	/rankings/estudios-diseno-branding-mexico/
6745	activa	regex=False	Directorio a rankings	/listing/agencia-de-capacitacion-acervus/	->	/rankings/agencias-de-publicidad-mexico/
6744	activa	regex=False	Directorio a rankings	/listing/agencia-de-capacitacion-achieveglobal/	->	/rankings/agencias-de-marketing-mexico/
6743	activa	regex=False	Directorio a rankings	/listing/agencia-de-capacitacion-acelerant-consulting-group/	->	/rankings/agencias-de-publicidad-mexico/
6742	activa	regex=False	Directorio a rankings	/listing/agencia-de-capacitacion-alef-consultores/	->	/rankings/agencias-de-marketing-mexico/
6741	activa	regex=False	Directorio a rankings	/listing/agencia-de-capacitacion-efectus/	->	/rankings/agencias-de-marketing-mexico/
6740	activa	regex=False	Directorio a rankings	/listing/agencia-de-capacitacion-esther-gurrion-estrategia-y-liderazgo-creativo/	->	/rankings/estudios-diseno-branding-mexico/
6739	activa	regex=False	Directorio a rankings	/listing/agencia-de-capacitacion-percepcion-e-imagen/	->	/rankings/agencias-de-marketing-mexico/
6738	activa	regex=False	Directorio a rankings	/listing/agencia-de-capacitacion-evolve/	->	/rankings/agencias-de-publicidad-mexico/
6737	activa	regex=False	Directorio a rankings	/listing/agencia-de-capacitacion-ascentium/	->	/rankings/agencias-de-publicidad-mexico/
6736	activa	regex=False	Directorio a rankings	/listing/agencia-de-comunicacion-y-marketing-abc-digital/	->	/rankings/agencias-inbound-marketing-mexico/
6735	activa	regex=False	Directorio a rankings	/listing/agencia-de-comunicacion-y-marketing-bbdagency/	->	/rankings/agencias-de-marketing-mexico/
6734	activa	regex=False	Directorio a rankings	/listing/agencia-de-comunicacion-y-marketing-agencia-i/	->	/rankings/agencias-de-marketing-mexico/
6733	activa	regex=False	Directorio a rankings	/listing/agencia-de-comunicacion-y-marketing-central-media/	->	/rankings/agencias-de-medios-mexico/
6732	activa	regex=False	Directorio a rankings	/listing/agencia-de-comunicacion-y-marketing-blue-marketing/	->	/rankings/agencias-de-marketing-mexico/
6731	activa	regex=False	Directorio a rankings	/listing/agencia-de-comunicacion-y-marketing-cliente-y-medio/	->	/rankings/agencias-de-marketing-mexico/
6730	activa	regex=False	Directorio a rankings	/listing/agencia-de-comunicacion-y-marketing-concepto-total/	->	/rankings/agencias-de-marketing-mexico/
6729	activa	regex=False	Directorio a rankings	/listing/agencia-de-comunicacion-y-marketing-contenidos-web/	->	/rankings/agencias-inbound-marketing-mexico/
6728	activa	regex=False	Directorio a rankings	/listing/agencia-de-comunicacion-y-marketing-doubleyou/	->	/rankings/agencias-de-marketing-mexico/
6727	activa	regex=False	Directorio a rankings	/listing/agencia-de-comunicacion-y-marketing-godisruptive/	->	/rankings/agencias-de-marketing-mexico/
6726	activa	regex=False	Directorio a rankings	/listing/agencia-de-comunicacion-y-marketing-guru-estudio/	->	/rankings/agencias-de-marketing-mexico/
6725	activa	regex=False	Directorio a rankings	/listing/agencia-de-comunicacion-y-marketing-grupo-axius/	->	/rankings/agencias-de-marketing-mexico/
6724	activa	regex=False	Directorio a rankings	/listing/agencia-de-comunicacion-y-marketing-hdo-ideas-realidad/	->	/rankings/agencias-de-marketing-mexico/
6723	activa	regex=False	Directorio a rankings	/listing/agencia-de-comunicacion-y-marketing-idyllium/	->	/rankings/agencias-de-marketing-mexico/
6722	activa	regex=False	Directorio a rankings	/listing/agencia-de-comunicacion-y-marketing-intravox/	->	/rankings/agencias-de-marketing-mexico/
6721	activa	regex=False	Directorio a rankings	/listing/agencia-de-comunicacion-y-marketing-llorente-y-cuenca/	->	/rankings/agencias-de-marketing-mexico/
6720	activa	regex=False	Directorio a rankings	/listing/agencia-de-comunicacion-y-marketing-labase/	->	/rankings/agencias-de-marketing-mexico/
6719	activa	regex=False	Directorio a rankings	/listing/agencia-de-comunicacion-y-marketing-ion-comunicacion/	->	/rankings/agencias-de-marketing-mexico/
6718	activa	regex=False	Directorio a rankings	/listing/agencia-de-comunicacion-y-marketing-pixel-siete/	->	/rankings/agencias-de-marketing-mexico/
6717	activa	regex=False	Directorio a rankings	/listing/agencia-de-comunicacion-y-marketing-random-interactive/	->	/rankings/agencias-de-marketing-mexico/
6716	activa	regex=False	Directorio a rankings	/listing/agencia-de-comunicacion-y-marketing-spalancati/	->	/rankings/agencias-de-marketing-mexico/
6715	activa	regex=False	Directorio a rankings	/listing/agencia-de-comunicacion-y-marketing-revolucion0/	->	/rankings/agencias-de-marketing-mexico/
6714	activa	regex=False	Directorio a rankings	/listing/agencia-de-comunicacion-y-marketing-t7marketing/	->	/rankings/agencias-de-marketing-mexico/
6713	activa	regex=False	Directorio a rankings	/listing/agencia-de-comunicacion-y-marketing-tangerine-soul-pr/	->	/rankings/agencias-relaciones-publicas-mexico/
6712	activa	regex=False	Directorio a rankings	/listing/agencia-de-comunicacion-y-marketing-tengo-una-idea/	->	/rankings/agencias-de-marketing-mexico/
6711	activa	regex=False	Directorio a rankings	/listing/agencia-de-comunicacion-y-marketing-the-jeffrey-group/	->	/rankings/agencias-de-marketing-mexico/
6710	activa	regex=False	Directorio a rankings	/listing/agencia-de-comunicacion-y-marketing-teorus/	->	/rankings/agencias-de-marketing-mexico/
6709	activa	regex=False	Directorio a rankings	/listing/agencia-de-comunicacion-y-marketing-vinter-marketing-vibrations/	->	/rankings/agencias-de-marketing-mexico/
6708	activa	regex=False	Directorio a rankings	/listing/agencia-de-diseno-industrial-traktor-lab/	->	/rankings/estudios-diseno-branding-mexico/
6707	activa	regex=False	Directorio a rankings	/listing/agencia-de-comunicacion-y-marketing-la-agencia-viva/	->	/rankings/agencias-de-marketing-mexico/
6706	activa	regex=False	Directorio a rankings	/listing/agencia-de-eventos-blend-producciones/	->	/rankings/casas-productoras-mexico/
6705	activa	regex=False	Directorio a rankings	/listing/agencia-de-eventos-conceptual-holding/	->	/rankings/productoras-de-eventos-mexico/
6704	activa	regex=False	Directorio a rankings	/listing/agencia-de-eventos-conferencistas-mexico/	->	/rankings/productoras-de-eventos-mexico/
6703	activa	regex=False	Directorio a rankings	/listing/agencia-de-eventos-creatividad/	->	/rankings/productoras-de-eventos-mexico/
6702	activa	regex=False	Directorio a rankings	/listing/agencia-de-eventos-csf-av-productions/	->	/rankings/productoras-de-eventos-mexico/
6701	activa	regex=False	Directorio a rankings	/listing/agencia-de-eventos-design-tecnologia-audiovisual/	->	/rankings/productoras-de-eventos-mexico/
6700	activa	regex=False	Directorio a rankings	/listing/agencia-de-eventos-elektro-mood/	->	/rankings/productoras-de-eventos-mexico/
6699	activa	regex=False	Directorio a rankings	/listing/agencia-de-eventos-grupo-probaco/	->	/rankings/productoras-de-eventos-mexico/
6698	activa	regex=False	Directorio a rankings	/listing/agencia-de-eventos-gurus-creativos/	->	/rankings/productoras-de-eventos-mexico/
6697	activa	regex=False	Directorio a rankings	/listing/agencia-de-eventos-grupo-nicte/	->	/rankings/productoras-de-eventos-mexico/
6696	activa	regex=False	Directorio a rankings	/listing/agencia-de-eventos-jyj-eventos/	->	/rankings/productoras-de-eventos-mexico/
6695	activa	regex=False	Directorio a rankings	/listing/agencia-de-eventos-kuatro-producciones/	->	/rankings/casas-productoras-mexico/
6694	activa	regex=False	Directorio a rankings	/listing/agencia-de-eventos-macllam-producciones/	->	/rankings/casas-productoras-mexico/
6693	activa	regex=False	Directorio a rankings	/listing/agencia-de-eventos-mh-producciones/	->	/rankings/casas-productoras-mexico/
6692	activa	regex=False	Directorio a rankings	/listing/agencia-de-eventos-motion-comunicacion/	->	/rankings/productoras-de-eventos-mexico/
6691	activa	regex=False	Directorio a rankings	/listing/agencia-de-eventos-next-motiv/	->	/rankings/productoras-de-eventos-mexico/
6690	activa	regex=False	Directorio a rankings	/listing/agencia-de-eventos-premier-meetings/	->	/rankings/productoras-de-eventos-mexico/
6689	activa	regex=False	Directorio a rankings	/listing/agencia-de-eventos-pae-publicidad/	->	/rankings/productoras-de-eventos-mexico/
6688	activa	regex=False	Directorio a rankings	/listing/agencia-de-eventos-pspm/	->	/rankings/productoras-de-eventos-mexico/
6687	activa	regex=False	Directorio a rankings	/listing/agencia-de-eventos-promotion-mexico/	->	/rankings/agencias-btl-promotoria-mexico/
6686	activa	regex=False	Directorio a rankings	/listing/agencia-de-eventos-punto-eventos/	->	/rankings/productoras-de-eventos-mexico/
6685	activa	regex=False	Directorio a rankings	/listing/agencia-de-eventos-servem/	->	/rankings/productoras-de-eventos-mexico/
6684	activa	regex=False	Directorio a rankings	/listing/agencia-de-eventos-sync/	->	/rankings/productoras-de-eventos-mexico/
6683	activa	regex=False	Directorio a rankings	/listing/agencia-de-eventos-eventos-vb/	->	/rankings/productoras-de-eventos-mexico/
6682	activa	regex=False	Directorio a rankings	/listing/agencia-de-eventos-synergia-eventos/	->	/rankings/productoras-de-eventos-mexico/
6681	activa	regex=False	Directorio a rankings	/listing/agencia-de-eventos-we-love-party/	->	/rankings/productoras-de-eventos-mexico/
6680	activa	regex=False	Directorio a rankings	/listing/agencia-de-eventos-zc-eventos-y-publicidad/	->	/rankings/productoras-de-eventos-mexico/
6679	activa	regex=False	Directorio a rankings	/listing/agencia-de-imagen-publica-image-design/	->	/rankings/estudios-diseno-branding-mexico/
6678	activa	regex=False	Directorio a rankings	/listing/agencia-de-imagen-publica-imagen-publica/	->	/rankings/agencias-de-medios-mexico/
6677	activa	regex=False	Directorio a rankings	/listing/agencia-de-locutores-allegro-publicitario/	->	/rankings/estudios-doblaje-locucion-mexico/
6676	activa	regex=False	Directorio a rankings	/listing/agencia-de-locutores-bomberazostv/	->	/rankings/estudios-doblaje-locucion-mexico/
6675	activa	regex=False	Directorio a rankings	/listing/agencia-de-locutores-audiomarketing/	->	/rankings/estudios-doblaje-locucion-mexico/
6674	activa	regex=False	Directorio a rankings	/listing/agencia-de-locutores-fvlocutorescom/	->	/rankings/estudios-doblaje-locucion-mexico/
6673	activa	regex=False	Directorio a rankings	/listing/agencia-de-locutores-la-cuarta-pared/	->	/rankings/estudios-doblaje-locucion-mexico/
6672	activa	regex=False	Directorio a rankings	/listing/agencia-de-locutores-locutorescom/	->	/rankings/estudios-doblaje-locucion-mexico/
6671	activa	regex=False	Directorio a rankings	/listing/agencia-de-locutores-produccion-coordinada/	->	/rankings/estudios-doblaje-locucion-mexico/
6670	activa	regex=False	Directorio a rankings	/listing/agencia-de-locutores-manhattan-beat/	->	/rankings/estudios-doblaje-locucion-mexico/
6669	activa	regex=False	Directorio a rankings	/listing/agencia-de-locutores-ronin-locutores/	->	/rankings/estudios-doblaje-locucion-mexico/
6668	activa	regex=False	Directorio a rankings	/listing/agencia-de-locutores-palestino-y-asociados/	->	/rankings/estudios-doblaje-locucion-mexico/
6667	activa	regex=False	Directorio a rankings	/listing/agencia-de-marketing-digital-abaco-digital/	->	/rankings/agencias-inbound-marketing-mexico/
6666	activa	regex=False	Directorio a rankings	/listing/agencia-de-locutores-tm-locutores/	->	/rankings/estudios-doblaje-locucion-mexico/
6665	activa	regex=False	Directorio a rankings	/listing/agencia-de-marketing-digital-adssociales/	->	/rankings/agencias-inbound-marketing-mexico/
6664	activa	regex=False	Directorio a rankings	/listing/agencia-de-marketing-digital-antevenio-mexico/	->	/rankings/agencias-inbound-marketing-mexico/
6663	activa	regex=False	Directorio a rankings	/listing/agencia-de-marketing-digital-ainity/	->	/rankings/agencias-inbound-marketing-mexico/
6662	activa	regex=False	Directorio a rankings	/listing/agencia-de-marketing-digital-arena-media/	->	/rankings/agencias-de-medios-mexico/
6661	activa	regex=False	Directorio a rankings	/listing/agencia-de-marketing-digital-attaph/	->	/rankings/agencias-inbound-marketing-mexico/
6660	activa	regex=False	Directorio a rankings	/listing/agencia-de-marketing-digital-beleri/	->	/rankings/agencias-inbound-marketing-mexico/
6659	activa	regex=False	Directorio a rankings	/listing/agencia-de-marketing-digital-blue-web-marketing/	->	/rankings/agencias-inbound-marketing-mexico/
6658	activa	regex=False	Directorio a rankings	/listing/agencia-de-marketing-digital-bnn/	->	/rankings/agencias-inbound-marketing-mexico/
6657	activa	regex=False	Directorio a rankings	/listing/agencia-de-marketing-digital-carbono/	->	/rankings/agencias-inbound-marketing-mexico/
6656	activa	regex=False	Directorio a rankings	/listing/agencia-de-marketing-digital-brandigital/	->	/rankings/agencias-inbound-marketing-mexico/
6655	activa	regex=False	Directorio a rankings	/listing/agencia-de-marketing-digital-catom/	->	/rankings/agencias-inbound-marketing-mexico/
6654	activa	regex=False	Directorio a rankings	/listing/agencia-de-marketing-digital-catorce-dias/	->	/rankings/agencias-inbound-marketing-mexico/
6653	activa	regex=False	Directorio a rankings	/listing/agencia-de-marketing-digital-clicker-360/	->	/rankings/agencias-inbound-marketing-mexico/
6652	activa	regex=False	Directorio a rankings	/listing/agencia-de-marketing-digital-cliento/	->	/rankings/agencias-inbound-marketing-mexico/
6651	activa	regex=False	Directorio a rankings	/listing/agencia-de-marketing-digital-coco-marketing/	->	/rankings/agencias-inbound-marketing-mexico/
6650	activa	regex=False	Directorio a rankings	/listing/agencia-de-marketing-digital-creative-works/	->	/rankings/agencias-inbound-marketing-mexico/
6649	activa	regex=False	Directorio a rankings	/listing/agencia-de-marketing-digital-cubos-web/	->	/rankings/agencias-inbound-marketing-mexico/
6648	activa	regex=False	Directorio a rankings	/listing/agencia-de-marketing-digital-crossmedia/	->	/rankings/agencias-de-medios-mexico/
6647	activa	regex=False	Directorio a rankings	/listing/agencia-de-marketing-digital-dm-playbook/	->	/rankings/agencias-inbound-marketing-mexico/
6646	activa	regex=False	Directorio a rankings	/listing/agencia-de-marketing-digital-digilant/	->	/rankings/agencias-inbound-marketing-mexico/
6645	activa	regex=False	Directorio a rankings	/listing/agencia-de-marketing-digital-elogia-mexico/	->	/rankings/agencias-inbound-marketing-mexico/
6644	activa	regex=False	Directorio a rankings	/listing/agencia-de-marketing-digital-emarketing-total/	->	/rankings/agencias-inbound-marketing-mexico/
6643	activa	regex=False	Directorio a rankings	/listing/agencia-de-marketing-digital-existes/	->	/rankings/agencias-inbound-marketing-mexico/
6642	activa	regex=False	Directorio a rankings	/listing/agencia-de-marketing-digital-ensight-mexico/	->	/rankings/agencias-inbound-marketing-mexico/
6641	activa	regex=False	Directorio a rankings	/listing/agencia-de-marketing-digital-follow-me-brand/	->	/rankings/agencias-inbound-marketing-mexico/
6640	activa	regex=False	Directorio a rankings	/listing/agencia-de-marketing-digital-figment/	->	/rankings/agencias-inbound-marketing-mexico/
6639	activa	regex=False	Directorio a rankings	/listing/agencia-de-marketing-digital-foostudio/	->	/rankings/agencias-inbound-marketing-mexico/
6638	activa	regex=False	Directorio a rankings	/listing/agencia-de-marketing-digital-garritz-online-media/	->	/rankings/agencias-de-medios-mexico/
6637	activa	regex=False	Directorio a rankings	/listing/agencia-de-marketing-digital-gloop/	->	/rankings/agencias-inbound-marketing-mexico/
6636	activa	regex=False	Directorio a rankings	/listing/agencia-de-marketing-digital-intempestivo-comunicacion-digital/	->	/rankings/agencias-inbound-marketing-mexico/
6635	activa	regex=False	Directorio a rankings	/listing/agencia-de-marketing-digital-insistec-web/	->	/rankings/agencias-inbound-marketing-mexico/
6634	activa	regex=False	Directorio a rankings	/listing/agencia-de-marketing-digital-icrossing/	->	/rankings/agencias-inbound-marketing-mexico/
6633	activa	regex=False	Directorio a rankings	/listing/agencia-de-marketing-digital-interactive-art-marketing/	->	/rankings/agencias-inbound-marketing-mexico/
6632	activa	regex=False	Directorio a rankings	/listing/agencia-de-marketing-digital-interalia/	->	/rankings/agencias-inbound-marketing-mexico/
6631	activa	regex=False	Directorio a rankings	/listing/agencia-de-marketing-digital-jetclic/	->	/rankings/agencias-inbound-marketing-mexico/
6630	activa	regex=False	Directorio a rankings	/listing/agencia-de-marketing-digital-klein-und-gross/	->	/rankings/agencias-inbound-marketing-mexico/
6629	activa	regex=False	Directorio a rankings	/listing/agencia-de-marketing-digital-kamikaze-lab/	->	/rankings/agencias-inbound-marketing-mexico/
6628	activa	regex=False	Directorio a rankings	/listing/agencia-de-marketing-digital-konzeppt/	->	/rankings/agencias-inbound-marketing-mexico/
6627	activa	regex=False	Directorio a rankings	/listing/agencia-de-marketing-digital-labelium/	->	/rankings/agencias-inbound-marketing-mexico/
6626	activa	regex=False	Directorio a rankings	/listing/agencia-de-marketing-digital-liceadmp/	->	/rankings/agencias-inbound-marketing-mexico/
6625	activa	regex=False	Directorio a rankings	/listing/agencia-de-marketing-digital-marnie-agency-mexico/	->	/rankings/agencias-inbound-marketing-mexico/
6624	activa	regex=False	Directorio a rankings	/listing/agencia-de-marketing-digital-masoko/	->	/rankings/agencias-inbound-marketing-mexico/
6623	activa	regex=False	Directorio a rankings	/listing/agencia-de-marketing-digital-meca/	->	/rankings/agencias-inbound-marketing-mexico/
6622	activa	regex=False	Directorio a rankings	/listing/agencia-de-marketing-digital-mboost/	->	/rankings/agencias-inbound-marketing-mexico/
6621	activa	regex=False	Directorio a rankings	/listing/agencia-de-marketing-digital-mediasource/	->	/rankings/agencias-de-medios-mexico/
6620	activa	regex=False	Directorio a rankings	/listing/agencia-de-marketing-digital-mediatika/	->	/rankings/agencias-de-medios-mexico/
6619	activa	regex=False	Directorio a rankings	/listing/agencia-de-marketing-digital-merca-3w/	->	/rankings/agencias-inbound-marketing-mexico/
6618	activa	regex=False	Directorio a rankings	/listing/agencia-de-marketing-digital-merka/	->	/rankings/agencias-inbound-marketing-mexico/
6617	activa	regex=False	Directorio a rankings	/listing/agencia-de-marketing-digital-metrica-btl-y-digital/	->	/rankings/agencias-inbound-marketing-mexico/
6616	activa	regex=False	Directorio a rankings	/listing/agencia-de-marketing-digital-nativo-digital/	->	/rankings/agencias-inbound-marketing-mexico/
6615	activa	regex=False	Directorio a rankings	/listing/agencia-de-marketing-digital-minfinito/	->	/rankings/agencias-inbound-marketing-mexico/
6614	activa	regex=False	Directorio a rankings	/listing/agencia-de-marketing-digital-neo-red/	->	/rankings/agencias-inbound-marketing-mexico/
6613	activa	regex=False	Directorio a rankings	/listing/agencia-de-marketing-digital-ontwice-interactive-marketing/	->	/rankings/agencias-inbound-marketing-mexico/
6612	activa	regex=False	Directorio a rankings	/listing/agencia-de-marketing-digital-orangeline/	->	/rankings/agencias-inbound-marketing-mexico/
6611	activa	regex=False	Directorio a rankings	/listing/agencia-de-marketing-digital-pentagrama/	->	/rankings/agencias-inbound-marketing-mexico/
6610	activa	regex=False	Directorio a rankings	/listing/agencia-de-marketing-digital-overtake/	->	/rankings/agencias-inbound-marketing-mexico/
6609	activa	regex=False	Directorio a rankings	/listing/agencia-de-marketing-digital-out-of-the-box/	->	/rankings/agencias-inbound-marketing-mexico/
6608	activa	regex=False	Directorio a rankings	/listing/agencia-de-marketing-digital-paxzu/	->	/rankings/agencias-inbound-marketing-mexico/
6607	activa	regex=False	Directorio a rankings	/listing/agencia-de-marketing-digital-pixart/	->	/rankings/agencias-inbound-marketing-mexico/
6606	activa	regex=False	Directorio a rankings	/listing/agencia-de-marketing-digital-publiclick/	->	/rankings/agencias-inbound-marketing-mexico/
6605	activa	regex=False	Directorio a rankings	/listing/agencia-de-marketing-digital-resultics/	->	/rankings/agencias-inbound-marketing-mexico/
6604	activa	regex=False	Directorio a rankings	/listing/agencia-de-marketing-digital-qark-digital/	->	/rankings/agencias-inbound-marketing-mexico/
6603	activa	regex=False	Directorio a rankings	/listing/agencia-de-marketing-digital-retuit/	->	/rankings/agencias-inbound-marketing-mexico/
6602	activa	regex=False	Directorio a rankings	/listing/agencia-de-marketing-digital-sb-magazine/	->	/rankings/agencias-inbound-marketing-mexico/
6601	activa	regex=False	Directorio a rankings	/listing/agencia-de-marketing-digital-socialand/	->	/rankings/agencias-inbound-marketing-mexico/
6600	activa	regex=False	Directorio a rankings	/listing/agencia-de-marketing-digital-tagcloud/	->	/rankings/agencias-inbound-marketing-mexico/
6599	activa	regex=False	Directorio a rankings	/listing/agencia-de-marketing-digital-t2o-media-mexico/	->	/rankings/agencias-de-medios-mexico/
6598	activa	regex=False	Directorio a rankings	/listing/agencia-de-marketing-digital-socialmetrix/	->	/rankings/agencias-inbound-marketing-mexico/
6597	activa	regex=False	Directorio a rankings	/listing/agencia-de-marketing-digital-the-project-agency/	->	/rankings/agencias-inbound-marketing-mexico/
6596	activa	regex=False	Directorio a rankings	/listing/agencia-de-marketing-digital-social-y-web-marketing/	->	/rankings/agencias-inbound-marketing-mexico/
6595	activa	regex=False	Directorio a rankings	/listing/agencia-de-marketing-digital-trimcode/	->	/rankings/agencias-inbound-marketing-mexico/
6594	activa	regex=False	Directorio a rankings	/listing/agencia-de-marketing-digital-virket/	->	/rankings/agencias-inbound-marketing-mexico/
6593	activa	regex=False	Directorio a rankings	/listing/agencia-de-marketing-digital-wsibsns/	->	/rankings/agencias-inbound-marketing-mexico/
6592	activa	regex=False	Directorio a rankings	/listing/agencia-de-marketing-digital-wulf-media/	->	/rankings/agencias-de-medios-mexico/
6591	activa	regex=False	Directorio a rankings	/listing/agencia-de-marketing-digital-zon-agencia-digital/	->	/rankings/agencias-inbound-marketing-mexico/
6590	activa	regex=False	Directorio a rankings	/listing/agencia-de-medios-initiative/	->	/rankings/agencias-de-medios-mexico/
6589	activa	regex=False	Directorio a rankings	/listing/agencia-de-medios-mediacorp/	->	/rankings/agencias-de-medios-mexico/
6588	activa	regex=False	Directorio a rankings	/listing/agencia-de-medios-mpg-media/	->	/rankings/agencias-de-medios-mexico/
6587	activa	regex=False	Directorio a rankings	/listing/agencia-de-medios-nuklear/	->	/rankings/agencias-de-medios-mexico/
6586	activa	regex=False	Directorio a rankings	/listing/agencia-de-medios-medios-masivos-mexicanos/	->	/rankings/agencias-de-medios-mexico/
6585	activa	regex=False	Directorio a rankings	/listing/agencia-de-medios-promosat/	->	/rankings/agencias-de-medios-mexico/
6584	activa	regex=False	Directorio a rankings	/listing/agencia-de-medios-omd-mexico/	->	/rankings/agencias-de-medios-mexico/
6583	activa	regex=False	Directorio a rankings	/listing/agencia-de-medios-quiroga-agencia-de-medios/	->	/rankings/agencias-de-medios-mexico/
6582	activa	regex=False	Directorio a rankings	/listing/agencia-de-modelos-baxt-modelos/	->	/rankings/productoras-de-eventos-mexico/
6581	activa	regex=False	Directorio a rankings	/listing/agencia-de-medios-zenithoptimedia/	->	/rankings/agencias-de-medios-mexico/
6580	activa	regex=False	Directorio a rankings	/listing/agencia-de-modelos-captura-models/	->	/rankings/productoras-de-eventos-mexico/
6579	activa	regex=False	Directorio a rankings	/listing/agencia-de-modelos-bravo-model/	->	/rankings/productoras-de-eventos-mexico/
6578	activa	regex=False	Directorio a rankings	/listing/agencia-de-modelos-agencia-de-modelos-mexico/	->	/rankings/productoras-de-eventos-mexico/
6577	activa	regex=False	Directorio a rankings	/listing/agencia-de-modelos-conceptos-mexico/	->	/rankings/productoras-de-eventos-mexico/
6576	activa	regex=False	Directorio a rankings	/listing/agencia-de-modelos-eleganza/	->	/rankings/productoras-de-eventos-mexico/
6575	activa	regex=False	Directorio a rankings	/listing/agencia-de-modelos-gli-attori-casting/	->	/rankings/productoras-de-eventos-mexico/
6574	activa	regex=False	Directorio a rankings	/listing/agencia-de-modelos-eventa/	->	/rankings/productoras-de-eventos-mexico/
6573	activa	regex=False	Directorio a rankings	/listing/agencia-de-modelos-gamodels/	->	/rankings/productoras-de-eventos-mexico/
6572	activa	regex=False	Directorio a rankings	/listing/agencia-de-modelos-id-corporativo/	->	/rankings/productoras-de-eventos-mexico/
6571	activa	regex=False	Directorio a rankings	/listing/agencia-de-modelos-lmnts-promotions/	->	/rankings/productoras-de-eventos-mexico/
6570	activa	regex=False	Directorio a rankings	/listing/agencia-de-modelos-look-models-mexico/	->	/rankings/productoras-de-eventos-mexico/
6569	activa	regex=False	Directorio a rankings	/listing/agencia-de-modelos-modelsite/	->	/rankings/productoras-de-eventos-mexico/
6568	activa	regex=False	Directorio a rankings	/listing/agencia-de-modelos-tandem-modelos/	->	/rankings/productoras-de-eventos-mexico/
6567	activa	regex=False	Directorio a rankings	/listing/agencia-de-promocion-alterna-dinamica-btl/	->	/rankings/agencias-btl-promotoria-mexico/
6566	activa	regex=False	Directorio a rankings	/listing/agencia-de-promocion-advertising-and-promotion/	->	/rankings/agencias-btl-promotoria-mexico/
6565	activa	regex=False	Directorio a rankings	/listing/agencia-de-modelos-voala-models/	->	/rankings/productoras-de-eventos-mexico/
6564	activa	regex=False	Directorio a rankings	/listing/agencia-de-promocion-art-kingdom/	->	/rankings/agencias-btl-promotoria-mexico/
6563	activa	regex=False	Directorio a rankings	/listing/agencia-de-promocion-grupo-bahlcasa/	->	/rankings/agencias-btl-promotoria-mexico/
6562	activa	regex=False	Directorio a rankings	/listing/agencia-de-promocion-business-insight-group/	->	/rankings/agencias-btl-promotoria-mexico/
6561	activa	regex=False	Directorio a rankings	/listing/agencia-de-promocion-bilou-btl/	->	/rankings/agencias-btl-promotoria-mexico/
6560	activa	regex=False	Directorio a rankings	/listing/agencia-de-promocion-brand-promotion/	->	/rankings/agencias-btl-promotoria-mexico/
6559	activa	regex=False	Directorio a rankings	/listing/agencia-de-promocion-biruzz/	->	/rankings/agencias-btl-promotoria-mexico/
6558	activa	regex=False	Directorio a rankings	/listing/agencia-de-promocion-cartepsa/	->	/rankings/agencias-btl-promotoria-mexico/
6557	activa	regex=False	Directorio a rankings	/listing/agencia-de-promocion-circus-marketing/	->	/rankings/agencias-btl-promotoria-mexico/
6556	activa	regex=False	Directorio a rankings	/listing/agencia-de-promocion-corporativo-pedrote/	->	/rankings/agencias-btl-promotoria-mexico/
6555	activa	regex=False	Directorio a rankings	/listing/agencia-de-promocion-grupo-creatica/	->	/rankings/agencias-btl-promotoria-mexico/
6554	activa	regex=False	Directorio a rankings	/listing/agencia-de-promocion-dinamica-en-mercadotecnia/	->	/rankings/agencias-btl-promotoria-mexico/
6553	activa	regex=False	Directorio a rankings	/listing/agencia-de-promocion-grupo-ctp/	->	/rankings/agencias-btl-promotoria-mexico/
6552	activa	regex=False	Directorio a rankings	/listing/agencia-de-promocion-dinamerc/	->	/rankings/agencias-btl-promotoria-mexico/
6551	activa	regex=False	Directorio a rankings	/listing/agencia-de-promocion-ejecutando-ideas/	->	/rankings/agencias-btl-promotoria-mexico/
6550	activa	regex=False	Directorio a rankings	/listing/agencia-de-promocion-enfoque-creativo/	->	/rankings/agencias-btl-promotoria-mexico/
6549	activa	regex=False	Directorio a rankings	/listing/agencia-de-promocion-engloba/	->	/rankings/agencias-btl-promotoria-mexico/
6548	activa	regex=False	Directorio a rankings	/listing/agencia-de-promocion-gap/	->	/rankings/agencias-btl-promotoria-mexico/
6547	activa	regex=False	Directorio a rankings	/listing/agencia-de-promocion-expresa/	->	/rankings/agencias-btl-promotoria-mexico/
6546	activa	regex=False	Directorio a rankings	/listing/agencia-de-promocion-glow-y-grow/	->	/rankings/agencias-btl-promotoria-mexico/
6545	activa	regex=False	Directorio a rankings	/listing/agencia-de-promocion-grupo-cosmic/	->	/rankings/agencias-btl-promotoria-mexico/
6544	activa	regex=False	Directorio a rankings	/listing/agencia-de-promocion-grupo-cepron/	->	/rankings/agencias-btl-promotoria-mexico/
6543	activa	regex=False	Directorio a rankings	/listing/agencia-de-promocion-integramerk/	->	/rankings/agencias-btl-promotoria-mexico/
6542	activa	regex=False	Directorio a rankings	/listing/agencia-de-promocion-grupo-top/	->	/rankings/agencias-btl-promotoria-mexico/
6541	activa	regex=False	Directorio a rankings	/listing/agencia-de-promocion-integra-mercadotecnia-y-promocion/	->	/rankings/agencias-btl-promotoria-mexico/
6540	activa	regex=False	Directorio a rankings	/listing/agencia-de-promocion-grupo-sur-promociones/	->	/rankings/agencias-btl-promotoria-mexico/
6539	activa	regex=False	Directorio a rankings	/listing/agencia-de-promocion-ifahto/	->	/rankings/agencias-btl-promotoria-mexico/
6538	activa	regex=False	Directorio a rankings	/listing/agencia-de-promocion-grupo-interlinks/	->	/rankings/agencias-btl-promotoria-mexico/
6537	activa	regex=False	Directorio a rankings	/listing/agencia-de-promocion-inteligencia-avanzada/	->	/rankings/agencias-btl-promotoria-mexico/
6536	activa	regex=False	Directorio a rankings	/listing/agencia-de-promocion-market-pro-lideres-de-mercado/	->	/rankings/agencias-btl-promotoria-mexico/
6535	activa	regex=False	Directorio a rankings	/listing/agencia-de-promocion-menta-producciones/	->	/rankings/casas-productoras-mexico/
6534	activa	regex=False	Directorio a rankings	/listing/agencia-de-promocion-mp-marketing-group/	->	/rankings/agencias-btl-promotoria-mexico/
6533	activa	regex=False	Directorio a rankings	/listing/agencia-de-promocion-mercalogic/	->	/rankings/agencias-btl-promotoria-mexico/
6532	activa	regex=False	Directorio a rankings	/listing/agencia-de-promocion-msprom/	->	/rankings/agencias-btl-promotoria-mexico/
6531	activa	regex=False	Directorio a rankings	/listing/agencia-de-promocion-pauta-creativa/	->	/rankings/agencias-btl-promotoria-mexico/
6530	activa	regex=False	Directorio a rankings	/listing/agencia-de-promocion-promo-conceptos/	->	/rankings/agencias-btl-promotoria-mexico/
6529	activa	regex=False	Directorio a rankings	/listing/agencia-de-promocion-payroling/	->	/rankings/agencias-btl-promotoria-mexico/
6528	activa	regex=False	Directorio a rankings	/listing/agencia-de-promocion-primer-nivel/	->	/rankings/agencias-btl-promotoria-mexico/
6527	activa	regex=False	Directorio a rankings	/listing/agencia-de-promocion-marketing-y-promotion/	->	/rankings/agencias-btl-promotoria-mexico/
6526	activa	regex=False	Directorio a rankings	/listing/agencia-de-promocion-promerc/	->	/rankings/agencias-btl-promotoria-mexico/
6525	activa	regex=False	Directorio a rankings	/listing/agencia-de-promocion-promosapiens/	->	/rankings/agencias-btl-promotoria-mexico/
6524	activa	regex=False	Directorio a rankings	/listing/agencia-de-promocion-promotion/	->	/rankings/agencias-btl-promotoria-mexico/
6523	activa	regex=False	Directorio a rankings	/listing/agencia-de-promocion-promolatina/	->	/rankings/agencias-btl-promotoria-mexico/
6522	activa	regex=False	Directorio a rankings	/listing/agencia-de-promocion-proprom/	->	/rankings/agencias-btl-promotoria-mexico/
6521	activa	regex=False	Directorio a rankings	/listing/agencia-de-promocion-protarget/	->	/rankings/agencias-btl-promotoria-mexico/
6520	activa	regex=False	Directorio a rankings	/listing/agencia-de-promocion-ratpack/	->	/rankings/agencias-btl-promotoria-mexico/
6519	activa	regex=False	Directorio a rankings	/listing/agencia-de-promocion-raya2/	->	/rankings/agencias-btl-promotoria-mexico/
6518	activa	regex=False	Directorio a rankings	/listing/agencia-de-promocion-red-promex/	->	/rankings/agencias-btl-promotoria-mexico/
6517	activa	regex=False	Directorio a rankings	/listing/agencia-de-promocion-ronin7/	->	/rankings/agencias-btl-promotoria-mexico/
6516	activa	regex=False	Directorio a rankings	/listing/agencia-de-promocion-sinergia-xxi/	->	/rankings/agencias-btl-promotoria-mexico/
6515	activa	regex=False	Directorio a rankings	/listing/agencia-de-promocion-rua-mkt/	->	/rankings/agencias-btl-promotoria-mexico/
6514	activa	regex=False	Directorio a rankings	/listing/agencia-de-promocion-shark-btl/	->	/rankings/agencias-btl-promotoria-mexico/
6513	activa	regex=False	Directorio a rankings	/listing/agencia-de-promocion-sepreom/	->	/rankings/agencias-btl-promotoria-mexico/
6512	activa	regex=False	Directorio a rankings	/listing/agencia-de-promocion-silva-corporativo/	->	/rankings/agencias-btl-promotoria-mexico/
6511	activa	regex=False	Directorio a rankings	/listing/agencia-de-promocion-sip/	->	/rankings/agencias-btl-promotoria-mexico/
6510	activa	regex=False	Directorio a rankings	/listing/agencia-de-promocion-sp-group/	->	/rankings/agencias-btl-promotoria-mexico/
6509	activa	regex=False	Directorio a rankings	/listing/agencia-de-promocion-unlimited-ideas/	->	/rankings/agencias-btl-promotoria-mexico/
6508	activa	regex=False	Directorio a rankings	/listing/agencia-de-publicidad-021-comunicaciones/	->	/rankings/agencias-de-marketing-mexico/
6507	activa	regex=False	Directorio a rankings	/listing/agencia-de-promocion-topping-ttl/	->	/rankings/agencias-btl-promotoria-mexico/
6506	activa	regex=False	Directorio a rankings	/listing/agencia-de-promocion-grupo-todo-promo/	->	/rankings/agencias-btl-promotoria-mexico/
6505	activa	regex=False	Directorio a rankings	/listing/agencia-de-publicidad-360btl/	->	/rankings/agencias-btl-promotoria-mexico/
6504	activa	regex=False	Directorio a rankings	/listing/agencia-de-publicidad-area6/	->	/rankings/agencias-de-publicidad-mexico/
6503	activa	regex=False	Directorio a rankings	/listing/agencia-de-publicidad-64seis-consultores/	->	/rankings/agencias-de-marketing-mexico/
6502	activa	regex=False	Directorio a rankings	/listing/agencia-de-publicidad-accse-accion-social-empresarial/	->	/rankings/agencias-inbound-marketing-mexico/
6501	activa	regex=False	Directorio a rankings	/listing/agencia-de-publicidad-addivina/	->	/rankings/agencias-de-publicidad-mexico/
6500	activa	regex=False	Directorio a rankings	/listing/agencia-de-publicidad-adcafe-publicidad/	->	/rankings/agencias-de-publicidad-mexico/
6499	activa	regex=False	Directorio a rankings	/listing/agencia-de-publicidad-ad-livitum/	->	/rankings/estudios-diseno-branding-mexico/
6498	activa	regex=False	Directorio a rankings	/listing/agencia-de-publicidad-alex-design/	->	/rankings/estudios-diseno-branding-mexico/
6497	activa	regex=False	Directorio a rankings	/listing/agencia-de-publicidad-alazraki-y-asociados/	->	/rankings/casas-productoras-mexico/
6496	activa	regex=False	Directorio a rankings	/listing/agencia-de-publicidad-alvarado-molina/	->	/rankings/estudios-diseno-branding-mexico/
6495	activa	regex=False	Directorio a rankings	/listing/agencia-de-publicidad-agencia-vainilla/	->	/rankings/agencias-de-publicidad-mexico/
6494	activa	regex=False	Directorio a rankings	/listing/agencia-de-publicidad-augusto-elias/	->	/rankings/estudios-diseno-branding-mexico/
6493	activa	regex=False	Directorio a rankings	/listing/agencia-de-publicidad-alx-design/	->	/rankings/estudios-diseno-branding-mexico/
6492	activa	regex=False	Directorio a rankings	/listing/agencia-de-publicidad-amk-healthcare/	->	/rankings/agencias-de-marketing-mexico/
6491	activa	regex=False	Directorio a rankings	/listing/agencia-de-publicidad-anonimo/	->	/rankings/agencias-de-publicidad-mexico/
6490	activa	regex=False	Directorio a rankings	/listing/agencia-de-publicidad-arrechedera-claverol/	->	/rankings/agencias-de-publicidad-mexico/
6489	activa	regex=False	Directorio a rankings	/listing/agencia-de-publicidad-apositivo/	->	/rankings/estudios-diseno-branding-mexico/
6488	activa	regex=False	Directorio a rankings	/listing/agencia-de-publicidad-archer-troy/	->	/rankings/estudios-diseno-branding-mexico/
6487	activa	regex=False	Directorio a rankings	/listing/agencia-de-publicidad-arroyo-publicidad/	->	/rankings/agencias-de-medios-mexico/
6486	activa	regex=False	Directorio a rankings	/listing/agencia-de-publicidad-autoconsulting-y-merchandising/	->	/rankings/agencias-btl-promotoria-mexico/
6485	activa	regex=False	Directorio a rankings	/listing/agencia-de-publicidad-banana-btl/	->	/rankings/agencias-btl-promotoria-mexico/
6484	activa	regex=False	Directorio a rankings	/listing/agencia-de-publicidad-bbdo-mexico/	->	/rankings/agencias-de-publicidad-mexico/
6483	activa	regex=False	Directorio a rankings	/listing/agencia-de-publicidad-btl-innova/	->	/rankings/agencias-btl-promotoria-mexico/
6482	activa	regex=False	Directorio a rankings	/listing/agencia-de-publicidad-barsobea/	->	/rankings/agencias-de-marketing-mexico/
6481	activa	regex=False	Directorio a rankings	/listing/agencia-de-publicidad-bypower/	->	/rankings/estudios-diseno-branding-mexico/
6480	activa	regex=False	Directorio a rankings	/listing/agencia-de-publicidad-bolivar-cisneros/	->	/rankings/agencias-relaciones-publicas-mexico/
6479	activa	regex=False	Directorio a rankings	/listing/agencia-de-publicidad-central-de-ideas/	->	/rankings/agencias-de-medios-mexico/
6478	activa	regex=False	Directorio a rankings	/listing/agencia-de-publicidad-chilaquile-btl/	->	/rankings/agencias-btl-promotoria-mexico/
6477	activa	regex=False	Directorio a rankings	/listing/agencia-de-publicidad-centro-creativo/	->	/rankings/estudios-diseno-branding-mexico/
6476	activa	regex=False	Directorio a rankings	/listing/agencia-de-publicidad-cheil-mexico/	->	/rankings/agencias-de-publicidad-mexico/
6475	activa	regex=False	Directorio a rankings	/listing/agencia-de-publicidad-circulo-diseno/	->	/rankings/estudios-diseno-branding-mexico/
6474	activa	regex=False	Directorio a rankings	/listing/agencia-de-publicidad-clemente-camara-y-asociados/	->	/rankings/agencias-de-publicidad-mexico/
6473	activa	regex=False	Directorio a rankings	/listing/agencia-de-publicidad-click-publicidad/	->	/rankings/agencias-de-publicidad-mexico/
6472	activa	regex=False	Directorio a rankings	/listing/agencia-de-publicidad-creativos-y-co/	->	/rankings/estudios-diseno-branding-mexico/
6471	activa	regex=False	Directorio a rankings	/listing/agencia-de-publicidad-crecere-quorum/	->	/rankings/agencias-btl-promotoria-mexico/
6470	activa	regex=False	Directorio a rankings	/listing/agencia-de-publicidad-com-comunicacion-integral/	->	/rankings/agencias-de-marketing-mexico/
6469	activa	regex=False	Directorio a rankings	/listing/agencia-de-publicidad-dada-publicidad/	->	/rankings/agencias-de-publicidad-mexico/
6468	activa	regex=False	Directorio a rankings	/listing/agencia-de-publicidad-darwin-ad/	->	/rankings/agencias-de-publicidad-mexico/
6467	activa	regex=False	Directorio a rankings	/listing/agencia-de-publicidad-ddb-mexico/	->	/rankings/agencias-de-publicidad-mexico/
6466	activa	regex=False	Directorio a rankings	/listing/agencia-de-publicidad-dcastrum/	->	/rankings/estudios-diseno-branding-mexico/
6465	activa	regex=False	Directorio a rankings	/listing/agencia-de-publicidad-de-haro-publicidad/	->	/rankings/agencias-inbound-marketing-mexico/
6464	activa	regex=False	Directorio a rankings	/listing/agencia-de-publicidad-delta-group/	->	/rankings/estudios-diseno-branding-mexico/
6463	activa	regex=False	Directorio a rankings	/listing/agencia-de-publicidad-draftfcb/	->	/rankings/estudios-diseno-branding-mexico/
6462	activa	regex=False	Directorio a rankings	/listing/agencia-de-publicidad-dendrita-publicidad/	->	/rankings/agencias-de-publicidad-mexico/
6461	activa	regex=False	Directorio a rankings	/listing/agencia-de-publicidad-e99-branding/	->	/rankings/estudios-diseno-branding-mexico/
6460	activa	regex=False	Directorio a rankings	/listing/agencia-de-publicidad-euro-beker-rscg/	->	/rankings/productoras-de-eventos-mexico/
6459	activa	regex=False	Directorio a rankings	/listing/agencia-de-publicidad-grupo-ferrer/	->	/rankings/agencias-de-publicidad-mexico/
6458	activa	regex=False	Directorio a rankings	/listing/agencia-de-publicidad-figallo-comunicaciones/	->	/rankings/agencias-de-marketing-mexico/
6457	activa	regex=False	Directorio a rankings	/listing/agencia-de-publicidad-ganem-group/	->	/rankings/agencias-de-publicidad-mexico/
6456	activa	regex=False	Directorio a rankings	/listing/agencia-de-publicidad-frente-btl/	->	/rankings/agencias-btl-promotoria-mexico/
6455	activa	regex=False	Directorio a rankings	/listing/agencia-de-publicidad-gibert/	->	/rankings/estudios-diseno-branding-mexico/
6454	activa	regex=False	Directorio a rankings	/listing/agencia-de-publicidad-gaudelli-mcw/	->	/rankings/agencias-de-marketing-mexico/
6453	activa	regex=False	Directorio a rankings	/listing/agencia-de-publicidad-gangagency/	->	/rankings/agencias-de-marketing-mexico/
6452	activa	regex=False	Directorio a rankings	/listing/agencia-de-publicidad-grey-global-group-mexico/	->	/rankings/estudios-diseno-branding-mexico/
6451	activa	regex=False	Directorio a rankings	/listing/agencia-de-publicidad-grupo-difusion/	->	/rankings/agencias-de-medios-mexico/
6450	activa	regex=False	Directorio a rankings	/listing/agencia-de-publicidad-guru-market/	->	/rankings/productoras-de-eventos-mexico/
6449	activa	regex=False	Directorio a rankings	/listing/agencia-de-publicidad-haz-comunicacion/	->	/rankings/agencias-de-marketing-mexico/
6448	activa	regex=False	Directorio a rankings	/listing/agencia-de-publicidad-havas-worldwide-mexico/	->	/rankings/estudios-diseno-branding-mexico/
6447	activa	regex=False	Directorio a rankings	/listing/agencia-de-publicidad-ike/	->	/rankings/estudios-diseno-branding-mexico/
6446	activa	regex=False	Directorio a rankings	/listing/agencia-de-publicidad-imagogenia/	->	/rankings/agencias-de-publicidad-mexico/
6445	activa	regex=False	Directorio a rankings	/listing/agencia-de-publicidad-imagic-group/	->	/rankings/agencias-de-publicidad-mexico/
6444	activa	regex=False	Directorio a rankings	/listing/agencia-de-publicidad-increapublicidad/	->	/rankings/agencias-investigacion-de-mercados-mexico/
6443	activa	regex=False	Directorio a rankings	/listing/agencia-de-publicidad-inmotion-productions/	->	/rankings/estudios-diseno-branding-mexico/
6442	activa	regex=False	Directorio a rankings	/listing/agencia-de-publicidad-grupo-inventiva/	->	/rankings/agencias-de-marketing-mexico/
6441	activa	regex=False	Directorio a rankings	/listing/agencia-de-publicidad-in-situ-publicidad/	->	/rankings/productoras-de-eventos-mexico/
6440	activa	regex=False	Directorio a rankings	/listing/agencia-de-publicidad-jwt-mexico/	->	/rankings/agencias-de-publicidad-mexico/
6439	activa	regex=False	Directorio a rankings	/listing/agencia-de-publicidad-la-despensa/	->	/rankings/agencias-de-publicidad-mexico/
6438	activa	regex=False	Directorio a rankings	/listing/agencia-de-publicidad-la-doble-vida/	->	/rankings/agencias-de-publicidad-mexico/
6437	activa	regex=False	Directorio a rankings	/listing/agencia-de-publicidad-leo-burnett-mexico/	->	/rankings/agencias-de-publicidad-mexico/
6436	activa	regex=False	Directorio a rankings	/listing/agencia-de-publicidad-lebrija-rubio-publicidad/	->	/rankings/agencias-de-publicidad-mexico/
6435	activa	regex=False	Directorio a rankings	/listing/agencia-de-publicidad-la-fraternidad/	->	/rankings/agencias-de-medios-mexico/
6434	activa	regex=False	Directorio a rankings	/listing/agencia-de-publicidad-lowe/	->	/rankings/agencias-de-publicidad-mexico/
6433	activa	regex=False	Directorio a rankings	/listing/agencia-de-publicidad-magnus-mccoy/	->	/rankings/agencias-de-publicidad-mexico/
6432	activa	regex=False	Directorio a rankings	/listing/agencia-de-publicidad-medellin-publicistas/	->	/rankings/agencias-de-publicidad-mexico/
6431	activa	regex=False	Directorio a rankings	/listing/agencia-de-publicidad-marioni/	->	/rankings/agencias-de-publicidad-mexico/
6430	activa	regex=False	Directorio a rankings	/listing/agencia-de-publicidad-mccann-worldgroup/	->	/rankings/agencias-de-marketing-mexico/
6429	activa	regex=False	Directorio a rankings	/listing/agencia-de-publicidad-mala-conducta/	->	/rankings/agencias-btl-promotoria-mexico/
6428	activa	regex=False	Directorio a rankings	/listing/agencia-de-publicidad-moller-comunicacion-de-marcas/	->	/rankings/estudios-diseno-branding-mexico/
6427	activa	regex=False	Directorio a rankings	/listing/agencia-de-publicidad-montenegro-comunicacion/	->	/rankings/agencias-de-marketing-mexico/
6426	activa	regex=False	Directorio a rankings	/listing/agencia-de-publicidad-martinez-fresan/	->	/rankings/agencias-de-publicidad-mexico/
6425	activa	regex=False	Directorio a rankings	/listing/agencia-de-publicidad-neutech/	->	/rankings/agencias-de-publicidad-mexico/
6424	activa	regex=False	Directorio a rankings	/listing/agencia-de-publicidad-nucleo-publicidad/	->	/rankings/agencias-de-publicidad-mexico/
6423	activa	regex=False	Directorio a rankings	/listing/agencia-de-publicidad-la-agencia/	->	/rankings/agencias-de-publicidad-mexico/
6422	activa	regex=False	Directorio a rankings	/listing/agencia-de-publicidad-ninja/	->	/rankings/agencias-btl-promotoria-mexico/
6421	activa	regex=False	Directorio a rankings	/listing/agencia-de-publicidad-ogilvy-y-mather/	->	/rankings/agencias-investigacion-de-mercados-mexico/
6420	activa	regex=False	Directorio a rankings	/listing/agencia-de-publicidad-panacea-comunicacion/	->	/rankings/agencias-de-marketing-mexico/
6419	activa	regex=False	Directorio a rankings	/listing/agencia-de-publicidad-on-cue/	->	/rankings/estudios-diseno-branding-mexico/
6418	activa	regex=False	Directorio a rankings	/listing/agencia-de-publicidad-ophium/	->	/rankings/agencias-inbound-marketing-mexico/
6417	activa	regex=False	Directorio a rankings	/listing/agencia-de-publicidad-perspectiva-cym/	->	/rankings/agencias-de-marketing-mexico/
6416	activa	regex=False	Directorio a rankings	/listing/agencia-de-publicidad-olabuenaga-chemistri/	->	/rankings/agencias-de-publicidad-mexico/
6415	activa	regex=False	Directorio a rankings	/listing/agencia-de-publicidad-pgiovascom/	->	/rankings/agencias-inbound-marketing-mexico/
6414	activa	regex=False	Directorio a rankings	/listing/agencia-de-publicidad-pico-adworks/	->	/rankings/agencias-de-publicidad-mexico/
6413	activa	regex=False	Directorio a rankings	/listing/agencia-de-publicidad-phi-comunicaciones/	->	/rankings/agencias-de-marketing-mexico/
6412	activa	regex=False	Directorio a rankings	/listing/agencia-de-publicidad-pool-creativo/	->	/rankings/estudios-diseno-branding-mexico/
6411	activa	regex=False	Directorio a rankings	/listing/agencia-de-publicidad-postermedia/	->	/rankings/agencias-de-medios-mexico/
6410	activa	regex=False	Directorio a rankings	/listing/agencia-de-publicidad-primitivo-publicidad/	->	/rankings/agencias-btl-promotoria-mexico/
6409	activa	regex=False	Directorio a rankings	/listing/agencia-de-publicidad-promarket/	->	/rankings/agencias-de-marketing-mexico/
6408	activa	regex=False	Directorio a rankings	/listing/agencia-de-publicidad-promo-express/	->	/rankings/agencias-btl-promotoria-mexico/
6407	activa	regex=False	Directorio a rankings	/listing/agencia-de-publicidad-proyecta-live-brand/	->	/rankings/estudios-diseno-branding-mexico/
6406	activa	regex=False	Directorio a rankings	/listing/agencia-de-publicidad-proyecta-publicidad/	->	/rankings/agencias-de-publicidad-mexico/
6405	activa	regex=False	Directorio a rankings	/listing/agencia-de-publicidad-publicidad-global-mexico/	->	/rankings/agencias-inbound-marketing-mexico/
6404	activa	regex=False	Directorio a rankings	/listing/agencia-de-publicidad-publicis-mexico/	->	/rankings/agencias-inbound-marketing-mexico/
6403	activa	regex=False	Directorio a rankings	/listing/agencia-de-publicidad-publycity/	->	/rankings/estudios-diseno-branding-mexico/
6402	activa	regex=False	Directorio a rankings	/listing/agencia-de-publicidad-pw-agency/	->	/rankings/estudios-diseno-branding-mexico/
6401	activa	regex=False	Directorio a rankings	/listing/agencia-de-publicidad-nazca-saatchi-y-saatchi/	->	/rankings/agencias-de-publicidad-mexico/
6400	activa	regex=False	Directorio a rankings	/listing/agencia-de-publicidad-resolucion-pixel/	->	/rankings/casas-productoras-mexico/
6399	activa	regex=False	Directorio a rankings	/listing/agencia-de-publicidad-sbtl/	->	/rankings/agencias-btl-promotoria-mexico/
6398	activa	regex=False	Directorio a rankings	/listing/agencia-de-publicidad-el-recreo-comunicacion/	->	/rankings/agencias-de-marketing-mexico/
6397	activa	regex=False	Directorio a rankings	/listing/agencia-de-publicidad-seis-grados/	->	/rankings/estudios-diseno-branding-mexico/
6396	activa	regex=False	Directorio a rankings	/listing/agencia-de-publicidad-spora-publicidad-y-diseno-grafico/	->	/rankings/proveedores-pop-promocionales-mexico/
6395	activa	regex=False	Directorio a rankings	/listing/agencia-de-publicidad-sparkling/	->	/rankings/agencias-de-publicidad-mexico/
6394	activa	regex=False	Directorio a rankings	/listing/agencia-de-publicidad-slogan-publicidad/	->	/rankings/agencias-de-publicidad-mexico/
6393	activa	regex=False	Directorio a rankings	/listing/agencia-de-publicidad-silverlight-cbs/	->	/rankings/estudios-diseno-branding-mexico/
6392	activa	regex=False	Directorio a rankings	/listing/agencia-de-publicidad-spot-lite-sa-de-cv/	->	/rankings/agencias-inbound-marketing-mexico/
6391	activa	regex=False	Directorio a rankings	/listing/agencia-de-publicidad-sprim/	->	/rankings/agencias-de-publicidad-mexico/
6390	activa	regex=False	Directorio a rankings	/listing/agencia-de-publicidad-synapsis-de-mexico/	->	/rankings/agencias-de-marketing-mexico/
6389	activa	regex=False	Directorio a rankings	/listing/agencia-de-publicidad-target-gbm/	->	/rankings/agencias-investigacion-de-mercados-mexico/
6388	activa	regex=False	Directorio a rankings	/listing/agencia-de-publicidad-tanquegroup/	->	/rankings/agencias-de-medios-mexico/
6387	activa	regex=False	Directorio a rankings	/listing/agencia-de-publicidad-starbrands/	->	/rankings/agencias-inbound-marketing-mexico/
6386	activa	regex=False	Directorio a rankings	/listing/agencia-de-publicidad-teran-tbwa/	->	/rankings/agencias-de-medios-mexico/
6385	activa	regex=False	Directorio a rankings	/listing/agencia-de-publicidad-titan-mexico/	->	/rankings/agencias-de-medios-mexico/
6384	activa	regex=False	Directorio a rankings	/listing/agencia-de-publicidad-todolocontrario/	->	/rankings/estudios-diseno-branding-mexico/
6383	activa	regex=False	Directorio a rankings	/listing/agencia-de-publicidad-tovar-mina-y-asociados/	->	/rankings/agencias-de-marketing-mexico/
6382	activa	regex=False	Directorio a rankings	/listing/agencia-de-publicidad-visual-latina/	->	/rankings/agencias-btl-promotoria-mexico/
6381	activa	regex=False	Directorio a rankings	/listing/agencia-de-publicidad-grupo-vale-euro-rscg/	->	/rankings/agencias-de-publicidad-mexico/
6380	activa	regex=False	Directorio a rankings	/listing/agencia-de-publicidad-vux/	->	/rankings/agencias-de-medios-mexico/
6379	activa	regex=False	Directorio a rankings	/listing/agencia-de-publicidad-w360/	->	/rankings/agencias-de-marketing-mexico/
6378	activa	regex=False	Directorio a rankings	/listing/agencia-de-publicidad-w-comunicacion/	->	/rankings/agencias-de-marketing-mexico/
6377	activa	regex=False	Directorio a rankings	/listing/agencia-de-publicidad-ar-weitzner-y-asociados/	->	/rankings/agencias-btl-promotoria-mexico/
6376	activa	regex=False	Directorio a rankings	/listing/agencia-de-publicidad-w-marketing/	->	/rankings/agencias-de-marketing-mexico/
6375	activa	regex=False	Directorio a rankings	/listing/agencia-de-publicidad-agency-world-services/	->	/rankings/agencias-de-marketing-mexico/
6374	activa	regex=False	Directorio a rankings	/listing/agencia-de-publicidad-wunderman-mexico/	->	/rankings/agencias-de-publicidad-mexico/
6373	activa	regex=False	Directorio a rankings	/listing/agencia-de-publicidad-xpand-marketing-group/	->	/rankings/agencias-de-marketing-mexico/
6372	activa	regex=False	Directorio a rankings	/listing/agencia-de-publicidad-young-y-rubicam/	->	/rankings/agencias-de-publicidad-mexico/
6371	activa	regex=False	Directorio a rankings	/listing/agencia-de-publicidad-zoo/	->	/rankings/agencias-de-publicidad-mexico/
6370	activa	regex=False	Directorio a rankings	/listing/agencia-de-publicidad-zaga-consulting/	->	/rankings/agencias-de-publicidad-mexico/
6369	activa	regex=False	Directorio a rankings	/listing/agencia-de-publicidad-zeta-publicidad/	->	/rankings/productoras-de-eventos-mexico/
6368	activa	regex=False	Directorio a rankings	/listing/agencia-de-publicidad-exterior-actives-btl/	->	/rankings/empresas-publicidad-exterior-mexico/
6367	activa	regex=False	Directorio a rankings	/listing/agencia-de-publicidad-exterior-cadpro-vallas-moviles/	->	/rankings/empresas-publicidad-exterior-mexico/
6366	activa	regex=False	Directorio a rankings	/listing/agencia-de-publicidad-exterior-cartelerascom/	->	/rankings/empresas-publicidad-exterior-mexico/
6365	activa	regex=False	Directorio a rankings	/listing/agencia-de-publicidad-exterior-casa-publicidad-y-asociados/	->	/rankings/empresas-publicidad-exterior-mexico/
6364	activa	regex=False	Directorio a rankings	/listing/agencia-de-publicidad-exterior-clear-channel/	->	/rankings/empresas-publicidad-exterior-mexico/
6363	activa	regex=False	Directorio a rankings	/listing/agencia-de-publicidad-exterior-5m2/	->	/rankings/empresas-publicidad-exterior-mexico/
6362	activa	regex=False	Directorio a rankings	/listing/agencia-de-publicidad-exterior-cencom/	->	/rankings/empresas-publicidad-exterior-mexico/
6361	activa	regex=False	Directorio a rankings	/listing/agencia-de-publicidad-exterior-grupo-rentable/	->	/rankings/empresas-publicidad-exterior-mexico/
6360	activa	regex=False	Directorio a rankings	/listing/agencia-de-publicidad-exterior-impacto-capital/	->	/rankings/empresas-publicidad-exterior-mexico/
6359	activa	regex=False	Directorio a rankings	/listing/agencia-de-publicidad-exterior-publicidad-exterior-lagunas/	->	/rankings/empresas-publicidad-exterior-mexico/
6358	activa	regex=False	Directorio a rankings	/listing/agencia-de-publicidad-exterior-grupo-imu/	->	/rankings/empresas-publicidad-exterior-mexico/
6357	activa	regex=False	Directorio a rankings	/listing/agencia-de-publicidad-exterior-isa-corporativo/	->	/rankings/empresas-publicidad-exterior-mexico/
6356	activa	regex=False	Directorio a rankings	/listing/agencia-de-publicidad-exterior-marcavision/	->	/rankings/empresas-publicidad-exterior-mexico/
6355	activa	regex=False	Directorio a rankings	/listing/agencia-de-publicidad-exterior-ledies/	->	/rankings/empresas-publicidad-exterior-mexico/
6354	activa	regex=False	Directorio a rankings	/listing/agencia-de-publicidad-exterior-medios-populares/	->	/rankings/agencias-de-medios-mexico/
6353	activa	regex=False	Directorio a rankings	/listing/agencia-de-publicidad-exterior-mepexsa/	->	/rankings/empresas-publicidad-exterior-mexico/
6352	activa	regex=False	Directorio a rankings	/listing/agencia-de-publicidad-exterior-publicarteleras/	->	/rankings/empresas-publicidad-exterior-mexico/
6351	activa	regex=False	Directorio a rankings	/listing/agencia-de-publicidad-exterior-pm-on-street/	->	/rankings/empresas-publicidad-exterior-mexico/
6350	activa	regex=False	Directorio a rankings	/listing/agencia-de-publicidad-exterior-publisitios/	->	/rankings/empresas-publicidad-exterior-mexico/
6349	activa	regex=False	Directorio a rankings	/listing/agencia-de-publicidad-exterior-grupo-atm/	->	/rankings/empresas-publicidad-exterior-mexico/
6348	activa	regex=False	Directorio a rankings	/listing/agencia-de-publicidad-exterior-strada-publicidad/	->	/rankings/empresas-publicidad-exterior-mexico/
6347	activa	regex=False	Directorio a rankings	/listing/agencia-de-publicidad-exterior-vanguardia-publicitaria/	->	/rankings/empresas-publicidad-exterior-mexico/
6346	activa	regex=False	Directorio a rankings	/listing/agencia-de-publicidad-exterior-vendor/	->	/rankings/empresas-publicidad-exterior-mexico/
6345	activa	regex=False	Directorio a rankings	/listing/agencia-de-publicidad-exterior-wachovia/	->	/rankings/empresas-publicidad-exterior-mexico/
6344	activa	regex=False	Directorio a rankings	/listing/agencia-de-publicidad-farmaceutica-adacosta/	->	/rankings/estudios-diseno-branding-mexico/
6343	activa	regex=False	Directorio a rankings	/listing/agencia-de-publicidad-farmaceutica-asesores-en-prensa-y-comunicacion/	->	/rankings/agencias-relaciones-publicas-mexico/
6342	activa	regex=False	Directorio a rankings	/listing/agencia-de-publicidad-farmaceutica-asterisco-healthcare-communications/	->	/rankings/estudios-diseno-branding-mexico/
6341	activa	regex=False	Directorio a rankings	/listing/agencia-de-publicidad-farmaceutica-baktun-13-comunicacion/	->	/rankings/agencias-de-marketing-mexico/
6340	activa	regex=False	Directorio a rankings	/listing/agencia-de-publicidad-farmaceutica-carlos-ascobereta-publicidad/	->	/rankings/estudios-diseno-branding-mexico/
6339	activa	regex=False	Directorio a rankings	/listing/agencia-de-publicidad-farmaceutica-cdyp-concepto-diseno-y-publicidad/	->	/rankings/estudios-diseno-branding-mexico/
6338	activa	regex=False	Directorio a rankings	/listing/agencia-de-publicidad-farmaceutica-designing-advertising/	->	/rankings/estudios-diseno-branding-mexico/
6337	activa	regex=False	Directorio a rankings	/listing/agencia-de-publicidad-farmaceutica-marketing-latino/	->	/rankings/agencias-de-marketing-mexico/
6336	activa	regex=False	Directorio a rankings	/listing/agencia-de-publicidad-farmaceutica-ifloat-mexico/	->	/rankings/agencias-de-medios-mexico/
6335	activa	regex=False	Directorio a rankings	/listing/agencia-de-publicidad-farmaceutica-medicacf/	->	/rankings/agencias-de-medios-mexico/
6334	activa	regex=False	Directorio a rankings	/listing/agencia-de-publicidad-farmaceutica-queruva/	->	/rankings/agencias-inbound-marketing-mexico/
6333	activa	regex=False	Directorio a rankings	/listing/agencia-de-publicidad-farmaceutica-punto-pen/	->	/rankings/agencias-de-medios-mexico/
6332	activa	regex=False	Directorio a rankings	/listing/agencia-de-publicidad-farmaceutica-el-taller-de-las-ideas/	->	/rankings/agencias-inbound-marketing-mexico/
6331	activa	regex=False	Directorio a rankings	/listing/agencia-de-publicidad-farmaceutica-timspa/	->	/rankings/agencias-investigacion-de-mercados-mexico/
6330	activa	regex=False	Directorio a rankings	/listing/agencia-de-recursos-humanos-cm-talent-y-development/	->	/rankings/productoras-de-eventos-mexico/
6329	activa	regex=False	Directorio a rankings	/listing/agencia-de-recursos-humanos-delta-middle-management/	->	/rankings/agencias-de-medios-mexico/
6328	activa	regex=False	Directorio a rankings	/listing/agencia-de-recursos-humanos-corporativo-yebiah/	->	/rankings/agencias-de-publicidad-mexico/
6327	activa	regex=False	Directorio a rankings	/listing/agencia-de-recursos-humanos-direccion-humana/	->	/rankings/agencias-de-publicidad-mexico/
6326	activa	regex=False	Directorio a rankings	/listing/agencia-de-recursos-humanos-great-team/	->	/rankings/productoras-de-eventos-mexico/
6325	activa	regex=False	Directorio a rankings	/listing/agencia-de-recursos-humanos-hm-consultores/	->	/rankings/agencias-de-marketing-mexico/
6324	activa	regex=False	Directorio a rankings	/listing/agencia-de-recursos-humanos-human-dynamics-bureau/	->	/rankings/agencias-de-marketing-mexico/
6323	activa	regex=False	Directorio a rankings	/listing/agencia-de-recursos-humanos-human-kind/	->	/rankings/agencias-de-publicidad-mexico/
6322	activa	regex=False	Directorio a rankings	/listing/agencia-de-recursos-humanos-ips/	->	/rankings/agencias-de-publicidad-mexico/
6321	activa	regex=False	Directorio a rankings	/listing/agencia-de-recursos-humanos-human-sourcing/	->	/rankings/productoras-de-eventos-mexico/
6320	activa	regex=False	Directorio a rankings	/listing/agencia-de-recursos-humanos-mercury-data/	->	/rankings/agencias-de-publicidad-mexico/
6319	activa	regex=False	Directorio a rankings	/listing/agencia-de-recursos-humanos-mexidooro-internacional/	->	/rankings/agencias-de-marketing-mexico/
6318	activa	regex=False	Directorio a rankings	/listing/agencia-de-recursos-humanos-randstad/	->	/rankings/productoras-de-eventos-mexico/
6317	activa	regex=False	Directorio a rankings	/listing/agencia-de-recursos-humanos-people-value/	->	/rankings/agencias-de-publicidad-mexico/
6316	activa	regex=False	Directorio a rankings	/listing/agencia-de-recursos-humanos-rolling-personnel/	->	/rankings/agencias-inbound-marketing-mexico/
6315	activa	regex=False	Directorio a rankings	/listing/agencia-de-recursos-humanos-red-ring/	->	/rankings/agencias-de-publicidad-mexico/
6314	activa	regex=False	Directorio a rankings	/listing/agencia-de-recursos-humanos-staffing-personal/	->	/rankings/agencias-de-publicidad-mexico/
6313	activa	regex=False	Directorio a rankings	/listing/agencia-de-recursos-humanos-suplementos-corporativos/	->	/rankings/agencias-de-publicidad-mexico/
6312	activa	regex=False	Directorio a rankings	/listing/agencia-de-relaciones-publicas-aldebaran-comunicacion/	->	/rankings/agencias-relaciones-publicas-mexico/
6311	activa	regex=False	Directorio a rankings	/listing/agencia-de-relaciones-publicas-alterpraxis/	->	/rankings/agencias-relaciones-publicas-mexico/
6310	activa	regex=False	Directorio a rankings	/listing/agencia-de-relaciones-publicas-ache-entretenimiento/	->	/rankings/agencias-relaciones-publicas-mexico/
6309	activa	regex=False	Directorio a rankings	/listing/agencia-de-relaciones-publicas-arvizu/	->	/rankings/agencias-relaciones-publicas-mexico/
6308	activa	regex=False	Directorio a rankings	/listing/agencia-de-relaciones-publicas-audacia-comunicacion/	->	/rankings/agencias-relaciones-publicas-mexico/
6307	activa	regex=False	Directorio a rankings	/listing/agencia-de-relaciones-publicas-atelier/	->	/rankings/agencias-relaciones-publicas-mexico/
6306	activa	regex=False	Directorio a rankings	/listing/agencia-de-relaciones-publicas-bluemind-creative-works/	->	/rankings/agencias-relaciones-publicas-mexico/
6305	activa	regex=False	Directorio a rankings	/listing/agencia-de-relaciones-publicas-cohn-y-wolfe-mexico/	->	/rankings/agencias-relaciones-publicas-mexico/
6304	activa	regex=False	Directorio a rankings	/listing/agencia-de-relaciones-publicas-ebeaconcommunication/	->	/rankings/agencias-relaciones-publicas-mexico/
6303	activa	regex=False	Directorio a rankings	/listing/agencia-de-relaciones-publicas-dickins-y-asociados/	->	/rankings/agencias-relaciones-publicas-mexico/
6302	activa	regex=False	Directorio a rankings	/listing/agencia-de-relaciones-publicas-enlace-integral/	->	/rankings/agencias-relaciones-publicas-mexico/
6301	activa	regex=False	Directorio a rankings	/listing/agencia-de-relaciones-publicas-eureka-y-co/	->	/rankings/agencias-relaciones-publicas-mexico/
6300	activa	regex=False	Directorio a rankings	/listing/agencia-de-relaciones-publicas-edelman/	->	/rankings/agencias-relaciones-publicas-mexico/
6299	activa	regex=False	Directorio a rankings	/listing/agencia-de-relaciones-publicas-euroamerica/	->	/rankings/agencias-relaciones-publicas-mexico/
6298	activa	regex=False	Directorio a rankings	/listing/agencia-de-relaciones-publicas-fabrik/	->	/rankings/agencias-relaciones-publicas-mexico/
6297	activa	regex=False	Directorio a rankings	/listing/agencia-de-relaciones-publicas-fleishmanhillard-mexico/	->	/rankings/agencias-relaciones-publicas-mexico/
6296	activa	regex=False	Directorio a rankings	/listing/agencia-de-relaciones-publicas-international-consulting-and-marketing-icym/	->	/rankings/agencias-relaciones-publicas-mexico/
6295	activa	regex=False	Directorio a rankings	/listing/agencia-de-relaciones-publicas-grupo-public/	->	/rankings/agencias-relaciones-publicas-mexico/
6294	activa	regex=False	Directorio a rankings	/listing/agencia-de-relaciones-publicas-kaleidoscopio-pr/	->	/rankings/agencias-relaciones-publicas-mexico/
6293	activa	regex=False	Directorio a rankings	/listing/agencia-de-relaciones-publicas-iq-pr/	->	/rankings/agencias-relaciones-publicas-mexico/
6292	activa	regex=False	Directorio a rankings	/listing/agencia-de-relaciones-publicas-keep-engaged/	->	/rankings/agencias-relaciones-publicas-mexico/
6291	activa	regex=False	Directorio a rankings	/listing/agencia-de-relaciones-publicas-lead-image/	->	/rankings/agencias-relaciones-publicas-mexico/
6290	activa	regex=False	Directorio a rankings	/listing/agencia-de-relaciones-publicas-litio-bmp/	->	/rankings/agencias-relaciones-publicas-mexico/
6289	activa	regex=False	Directorio a rankings	/listing/agencia-de-relaciones-publicas-macias-pr/	->	/rankings/agencias-relaciones-publicas-mexico/
6288	activa	regex=False	Directorio a rankings	/listing/agencia-de-relaciones-publicas-makken-rrpp/	->	/rankings/agencias-relaciones-publicas-mexico/
6287	activa	regex=False	Directorio a rankings	/listing/agencia-de-relaciones-publicas-lithiumpr/	->	/rankings/agencias-relaciones-publicas-mexico/
6286	activa	regex=False	Directorio a rankings	/listing/agencia-de-relaciones-publicas-marketing-q/	->	/rankings/agencias-relaciones-publicas-mexico/
6285	activa	regex=False	Directorio a rankings	/listing/agencia-de-relaciones-publicas-massideas/	->	/rankings/agencias-relaciones-publicas-mexico/
6284	activa	regex=False	Directorio a rankings	/listing/agencia-de-relaciones-publicas-penagos-comunicacion/	->	/rankings/agencias-relaciones-publicas-mexico/
6283	activa	regex=False	Directorio a rankings	/listing/agencia-de-relaciones-publicas-nucleus-by-crm/	->	/rankings/agencias-relaciones-publicas-mexico/
6282	activa	regex=False	Directorio a rankings	/listing/agencia-de-relaciones-publicas-mun-logic/	->	/rankings/agencias-relaciones-publicas-mexico/
6281	activa	regex=False	Directorio a rankings	/listing/agencia-de-relaciones-publicas-newcom/	->	/rankings/agencias-relaciones-publicas-mexico/
6280	activa	regex=False	Directorio a rankings	/listing/agencia-de-relaciones-publicas-31416r-relaciones-publicas/	->	/rankings/agencias-relaciones-publicas-mexico/
6279	activa	regex=False	Directorio a rankings	/listing/agencia-de-relaciones-publicas-planeco/	->	/rankings/agencias-relaciones-publicas-mexico/
6278	activa	regex=False	Directorio a rankings	/listing/agencia-de-tecnologia-4fsystems/	->	/rankings/productoras-de-eventos-mexico/
6277	activa	regex=False	Directorio a rankings	/listing/agencia-de-relaciones-publicas-prmind-group/	->	/rankings/agencias-relaciones-publicas-mexico/
6276	activa	regex=False	Directorio a rankings	/listing/agencia-de-relaciones-publicas-sara-cuellar-comunicacion/	->	/rankings/agencias-relaciones-publicas-mexico/
6275	activa	regex=False	Directorio a rankings	/listing/agencia-de-tecnologia-daysoft/	->	/rankings/agencias-de-marketing-mexico/
6274	activa	regex=False	Directorio a rankings	/listing/agencia-de-tecnologia-abd-systems/	->	/rankings/agencias-de-marketing-mexico/
6273	activa	regex=False	Directorio a rankings	/listing/agencia-de-tecnologia-factor-evolucion/	->	/rankings/agencias-de-publicidad-mexico/
6272	activa	regex=False	Directorio a rankings	/listing/agencia-de-tecnologia-intruder-consulting/	->	/rankings/agencias-de-publicidad-mexico/
6271	activa	regex=False	Directorio a rankings	/listing/agencia-de-tecnologia-grupo-fidalex/	->	/rankings/agencias-de-publicidad-mexico/
6270	activa	regex=False	Directorio a rankings	/listing/agencia-de-tecnologia-intelisis/	->	/rankings/agencias-de-publicidad-mexico/
6269	activa	regex=False	Directorio a rankings	/listing/agencia-de-tecnologia-opentec/	->	/rankings/agencias-de-publicidad-mexico/
6268	activa	regex=False	Directorio a rankings	/listing/agencia-de-tecnologia-monere-business/	->	/rankings/agencias-de-marketing-mexico/
6267	activa	regex=False	Directorio a rankings	/listing/agencia-de-tecnologia-pyramid/	->	/rankings/agencias-de-publicidad-mexico/
6266	activa	regex=False	Directorio a rankings	/listing/agencia-digital-altusmedia/	->	/rankings/agencias-de-medios-mexico/
6265	activa	regex=False	Directorio a rankings	/listing/agencia-digital-ada-mexico/	->	/rankings/agencias-inbound-marketing-mexico/
6264	activa	regex=False	Directorio a rankings	/listing/agencia-de-tecnologia-tkinov/	->	/rankings/agencias-de-marketing-mexico/
6263	activa	regex=False	Directorio a rankings	/listing/agencia-digital-clarus-digital/	->	/rankings/agencias-inbound-marketing-mexico/
6262	activa	regex=False	Directorio a rankings	/listing/agencia-digital-the-cluster-agency/	->	/rankings/agencias-inbound-marketing-mexico/
6261	activa	regex=False	Directorio a rankings	/listing/agencia-digital-axiona/	->	/rankings/agencias-inbound-marketing-mexico/
6260	activa	regex=False	Directorio a rankings	/listing/agencia-digital-di-paola-marquez/	->	/rankings/agencias-inbound-marketing-mexico/
6259	activa	regex=False	Directorio a rankings	/listing/agencia-digital-dialogo-comunicacion/	->	/rankings/agencias-inbound-marketing-mexico/
6258	activa	regex=False	Directorio a rankings	/listing/agencia-digital-digital-coaster/	->	/rankings/agencias-inbound-marketing-mexico/
6257	activa	regex=False	Directorio a rankings	/listing/agencia-digital-efecinco/	->	/rankings/agencias-inbound-marketing-mexico/
6256	activa	regex=False	Directorio a rankings	/listing/agencia-digital-grupo-smart/	->	/rankings/agencias-inbound-marketing-mexico/
6255	activa	regex=False	Directorio a rankings	/listing/agencia-digital-espora-estudio/	->	/rankings/agencias-inbound-marketing-mexico/
6254	activa	regex=False	Directorio a rankings	/listing/agencia-digital-imagia-creativa/	->	/rankings/agencias-inbound-marketing-mexico/
6253	activa	regex=False	Directorio a rankings	/listing/agencia-digital-hello-mexico/	->	/rankings/agencias-inbound-marketing-mexico/
6252	activa	regex=False	Directorio a rankings	/listing/agencia-digital-digital-solutions/	->	/rankings/agencias-inbound-marketing-mexico/
6251	activa	regex=False	Directorio a rankings	/listing/agencia-digital-hashtag/	->	/rankings/agencias-inbound-marketing-mexico/
6250	activa	regex=False	Directorio a rankings	/listing/agencia-digital-virtual-inflexion-software/	->	/rankings/agencias-inbound-marketing-mexico/
6249	activa	regex=False	Directorio a rankings	/listing/agencia-digital-kml-media/	->	/rankings/agencias-de-medios-mexico/
6248	activa	regex=False	Directorio a rankings	/listing/agencia-digital-kontrabando/	->	/rankings/agencias-inbound-marketing-mexico/
6247	activa	regex=False	Directorio a rankings	/listing/agencia-digital-lunave/	->	/rankings/agencias-inbound-marketing-mexico/
6246	activa	regex=False	Directorio a rankings	/listing/agencia-digital-lightdesign/	->	/rankings/agencias-inbound-marketing-mexico/
6245	activa	regex=False	Directorio a rankings	/listing/agencia-digital-lead2action/	->	/rankings/agencias-inbound-marketing-mexico/
6244	activa	regex=False	Directorio a rankings	/listing/agencia-digital-mediagency/	->	/rankings/agencias-de-medios-mexico/
6243	activa	regex=False	Directorio a rankings	/listing/agencia-digital-mustard/	->	/rankings/agencias-inbound-marketing-mexico/
6242	activa	regex=False	Directorio a rankings	/listing/agencia-digital-render-farm-studios/	->	/rankings/agencias-inbound-marketing-mexico/
6241	activa	regex=False	Directorio a rankings	/listing/agencia-digital-rancho-digital/	->	/rankings/agencias-inbound-marketing-mexico/
6240	activa	regex=False	Directorio a rankings	/listing/agencia-digital-noir-digital/	->	/rankings/agencias-inbound-marketing-mexico/
6239	activa	regex=False	Directorio a rankings	/listing/agencia-digital-otromexico-sc/	->	/rankings/agencias-inbound-marketing-mexico/
6238	activa	regex=False	Directorio a rankings	/listing/agencia-digital-radical-testa/	->	/rankings/agencias-inbound-marketing-mexico/
6237	activa	regex=False	Directorio a rankings	/listing/agencia-digital-p1stache/	->	/rankings/agencias-inbound-marketing-mexico/
6236	activa	regex=False	Directorio a rankings	/listing/agencia-digital-tanai-cruz/	->	/rankings/agencias-inbound-marketing-mexico/
6235	activa	regex=False	Directorio a rankings	/listing/agencia-digital-smartclip-mexico/	->	/rankings/agencias-inbound-marketing-mexico/
6234	activa	regex=False	Directorio a rankings	/listing/agencia-digital-toro-digital/	->	/rankings/agencias-inbound-marketing-mexico/
6233	activa	regex=False	Directorio a rankings	/listing/agencia-interactiva-atomo-interactive/	->	/rankings/agencias-inbound-marketing-mexico/
6232	activa	regex=False	Directorio a rankings	/listing/agencia-digital-zetabe/	->	/rankings/agencias-inbound-marketing-mexico/
6231	activa	regex=False	Directorio a rankings	/listing/agencia-interactiva-adp/	->	/rankings/agencias-de-publicidad-mexico/
6230	activa	regex=False	Directorio a rankings	/listing/agencia-interactiva-estrategas-digitales/	->	/rankings/agencias-inbound-marketing-mexico/
6229	activa	regex=False	Directorio a rankings	/listing/agencia-interactiva-mockup-studio/	->	/rankings/agencias-inbound-marketing-mexico/
6228	activa	regex=False	Directorio a rankings	/listing/agencia-interactiva-ingenia-group/	->	/rankings/agencias-inbound-marketing-mexico/
6227	activa	regex=False	Directorio a rankings	/listing/agencia-interactiva-substance/	->	/rankings/agencias-de-medios-mexico/
6226	activa	regex=False	Directorio a rankings	/listing/agencia-multimedia-concepto-movil/	->	/rankings/agencias-de-medios-mexico/
6225	activa	regex=False	Directorio a rankings	/listing/agencia-multimedia-dinamica-generica/	->	/rankings/agencias-de-medios-mexico/
6224	activa	regex=False	Directorio a rankings	/listing/agencia-multimedia-elixir-creativo/	->	/rankings/agencias-de-medios-mexico/
6223	activa	regex=False	Directorio a rankings	/listing/agencia-multimedia-proyecktoweb/	->	/rankings/agencias-de-medios-mexico/
6222	activa	regex=False	Directorio a rankings	/listing/agencia-multimedia-mobalis/	->	/rankings/agencias-de-medios-mexico/
6221	activa	regex=False	Directorio a rankings	/listing/agencia-multimedia-rengo-renders/	->	/rankings/agencias-de-medios-mexico/
6220	activa	regex=False	Directorio a rankings	/listing/agencia-multimedia-kinnetic-studio/	->	/rankings/agencias-de-medios-mexico/
6219	activa	regex=False	Directorio a rankings	/listing/agencia-multimedia-goblin-creative/	->	/rankings/agencias-de-medios-mexico/
6218	activa	regex=False	Directorio a rankings	/listing/agencias-de-marketing-aaltaan/	->	/rankings/agencias-de-marketing-mexico/
6217	activa	regex=False	Directorio a rankings	/listing/agencia-multimedia-sietegrados-agencia/	->	/rankings/agencias-de-medios-mexico/
6216	activa	regex=False	Directorio a rankings	/listing/agencias-de-marketing-0800-a-m/	->	/rankings/agencias-de-marketing-mexico/
6215	activa	regex=False	Directorio a rankings	/listing/agencias-de-marketing-alternativa-mdi/	->	/rankings/agencias-de-marketing-mexico/
6214	activa	regex=False	Directorio a rankings	/listing/agencias-de-marketing-alternativa-integral/	->	/rankings/agencias-de-marketing-mexico/
6213	activa	regex=False	Directorio a rankings	/listing/agencias-de-marketing-arista/	->	/rankings/agencias-de-marketing-mexico/
6212	activa	regex=False	Directorio a rankings	/listing/agencias-de-marketing-branch-branding/	->	/rankings/estudios-diseno-branding-mexico/
6211	activa	regex=False	Directorio a rankings	/listing/agencias-de-marketing-asylum-mexico/	->	/rankings/agencias-de-marketing-mexico/
6210	activa	regex=False	Directorio a rankings	/listing/agencias-de-marketing-bombay/	->	/rankings/agencias-de-marketing-mexico/
6209	activa	regex=False	Directorio a rankings	/listing/agencias-de-marketing-brand-advertising-and-design/	->	/rankings/estudios-diseno-branding-mexico/
6208	activa	regex=False	Directorio a rankings	/listing/agencias-de-marketing-business-landing-mexico/	->	/rankings/agencias-de-marketing-mexico/
6207	activa	regex=False	Directorio a rankings	/listing/agencias-de-marketing-camaleon-marketing/	->	/rankings/agencias-de-marketing-mexico/
6206	activa	regex=False	Directorio a rankings	/listing/agencias-de-marketing-campus-marketing/	->	/rankings/agencias-de-marketing-mexico/
6205	activa	regex=False	Directorio a rankings	/listing/agencias-de-marketing-capuano/	->	/rankings/agencias-de-marketing-mexico/
6204	activa	regex=False	Directorio a rankings	/listing/agencias-de-marketing-circulo-de-ideas-btl/	->	/rankings/agencias-btl-promotoria-mexico/
6203	activa	regex=False	Directorio a rankings	/listing/agencias-de-marketing-cmv/	->	/rankings/agencias-de-marketing-mexico/
6202	activa	regex=False	Directorio a rankings	/listing/agencias-de-marketing-conceptmkt/	->	/rankings/agencias-de-marketing-mexico/
6201	activa	regex=False	Directorio a rankings	/listing/agencias-de-marketing-csi-mexico/	->	/rankings/agencias-de-marketing-mexico/
6200	activa	regex=False	Directorio a rankings	/listing/agencias-de-marketing-diablo-comunicacion/	->	/rankings/agencias-de-marketing-mexico/
6199	activa	regex=False	Directorio a rankings	/listing/agencias-de-marketing-dharma-publicidad/	->	/rankings/agencias-de-marketing-mexico/
6198	activa	regex=False	Directorio a rankings	/listing/agencias-de-marketing-dergalyco/	->	/rankings/agencias-de-marketing-mexico/
6197	activa	regex=False	Directorio a rankings	/listing/agencias-de-marketing-dlb-group-mexico/	->	/rankings/agencias-de-marketing-mexico/
6196	activa	regex=False	Directorio a rankings	/listing/agencias-de-marketing-dialogo-boutique-creativa/	->	/rankings/estudios-diseno-branding-mexico/
6195	activa	regex=False	Directorio a rankings	/listing/agencias-de-marketing-ede/	->	/rankings/agencias-de-marketing-mexico/
6194	activa	regex=False	Directorio a rankings	/listing/agencias-de-marketing-el-orfanato-ideas-sin-madre/	->	/rankings/agencias-de-marketing-mexico/
6193	activa	regex=False	Directorio a rankings	/listing/agencias-de-marketing-el-tintero-boutique-creativa/	->	/rankings/estudios-diseno-branding-mexico/
6192	activa	regex=False	Directorio a rankings	/listing/agencias-de-marketing-enmarca/	->	/rankings/estudios-diseno-branding-mexico/
6191	activa	regex=False	Directorio a rankings	/listing/agencias-de-marketing-estacion-central/	->	/rankings/agencias-de-medios-mexico/
6190	activa	regex=False	Directorio a rankings	/listing/agencias-de-marketing-marketing911/	->	/rankings/agencias-de-marketing-mexico/
6189	activa	regex=False	Directorio a rankings	/listing/agencias-de-marketing-exotic-marketing-group/	->	/rankings/agencias-de-marketing-mexico/
6188	activa	regex=False	Directorio a rankings	/listing/agencias-de-marketing-fidelity-marketing/	->	/rankings/agencias-de-marketing-mexico/
6187	activa	regex=False	Directorio a rankings	/listing/agencias-de-marketing-forza-creativa/	->	/rankings/estudios-diseno-branding-mexico/
6186	activa	regex=False	Directorio a rankings	/listing/agencias-de-marketing-future-group/	->	/rankings/agencias-de-marketing-mexico/
6185	activa	regex=False	Directorio a rankings	/listing/agencias-de-marketing-forward/	->	/rankings/agencias-de-marketing-mexico/
6184	activa	regex=False	Directorio a rankings	/listing/agencias-de-marketing-genera-studio/	->	/rankings/agencias-de-marketing-mexico/
6183	activa	regex=False	Directorio a rankings	/listing/agencias-de-marketing-genes-creativos/	->	/rankings/estudios-diseno-branding-mexico/
6182	activa	regex=False	Directorio a rankings	/listing/agencias-de-marketing-geomarketing/	->	/rankings/agencias-de-marketing-mexico/
6181	activa	regex=False	Directorio a rankings	/listing/agencias-de-marketing-gideas/	->	/rankings/agencias-de-marketing-mexico/
6180	activa	regex=False	Directorio a rankings	/listing/agencias-de-marketing-idennto/	->	/rankings/agencias-de-marketing-mexico/
6179	activa	regex=False	Directorio a rankings	/listing/agencias-de-marketing-handelhaus/	->	/rankings/agencias-de-marketing-mexico/
6178	activa	regex=False	Directorio a rankings	/listing/agencias-de-marketing-how-mkt/	->	/rankings/agencias-de-marketing-mexico/
6177	activa	regex=False	Directorio a rankings	/listing/agencias-de-marketing-idi-marketing/	->	/rankings/agencias-de-marketing-mexico/
6176	activa	regex=False	Directorio a rankings	/listing/agencias-de-marketing-imagine/	->	/rankings/agencias-de-marketing-mexico/
6175	activa	regex=False	Directorio a rankings	/listing/agencias-de-marketing-keep-in-touch-marketing-mexico/	->	/rankings/agencias-de-marketing-mexico/
6174	activa	regex=False	Directorio a rankings	/listing/agencias-de-marketing-imbora/	->	/rankings/agencias-de-marketing-mexico/
6173	activa	regex=False	Directorio a rankings	/listing/agencias-de-marketing-interbrand/	->	/rankings/agencias-de-marketing-mexico/
6172	activa	regex=False	Directorio a rankings	/listing/agencias-de-marketing-kr-mexico/	->	/rankings/agencias-de-marketing-mexico/
6171	activa	regex=False	Directorio a rankings	/listing/agencias-de-marketing-litobel/	->	/rankings/agencias-de-marketing-mexico/
6170	activa	regex=False	Directorio a rankings	/listing/agencias-de-marketing-loyalty-marketing-services/	->	/rankings/agencias-de-marketing-mexico/
6169	activa	regex=False	Directorio a rankings	/listing/agencias-de-marketing-maniac/	->	/rankings/agencias-de-marketing-mexico/
6168	activa	regex=False	Directorio a rankings	/listing/agencias-de-marketing-materia-gris/	->	/rankings/agencias-de-marketing-mexico/
6167	activa	regex=False	Directorio a rankings	/listing/agencias-de-marketing-mass-marketing-research/	->	/rankings/agencias-investigacion-de-mercados-mexico/
6166	activa	regex=False	Directorio a rankings	/listing/agencias-de-marketing-maquinaria-creativa/	->	/rankings/estudios-diseno-branding-mexico/
6165	activa	regex=False	Directorio a rankings	/listing/agencias-de-marketing-matrix-marketing-oob/	->	/rankings/agencias-de-marketing-mexico/
6164	activa	regex=False	Directorio a rankings	/listing/agencias-de-marketing-medcenter/	->	/rankings/agencias-de-marketing-mexico/
6163	activa	regex=False	Directorio a rankings	/listing/agencias-de-marketing-megadirect/	->	/rankings/agencias-de-marketing-mexico/
6162	activa	regex=False	Directorio a rankings	/listing/agencias-de-marketing-mercanz/	->	/rankings/agencias-de-marketing-mexico/
6161	activa	regex=False	Directorio a rankings	/listing/agencias-de-marketing-merkaresulta/	->	/rankings/agencias-de-marketing-mexico/
6160	activa	regex=False	Directorio a rankings	/listing/agencias-de-marketing-melding/	->	/rankings/agencias-de-marketing-mexico/
6159	activa	regex=False	Directorio a rankings	/listing/agencias-de-marketing-merk4/	->	/rankings/agencias-de-marketing-mexico/
6158	activa	regex=False	Directorio a rankings	/listing/agencias-de-marketing-milagro-creativo/	->	/rankings/estudios-diseno-branding-mexico/
6157	activa	regex=False	Directorio a rankings	/listing/agencias-de-marketing-orbetech/	->	/rankings/agencias-de-marketing-mexico/
6156	activa	regex=False	Directorio a rankings	/listing/agencias-de-marketing-pcc-brand-group-mexico/	->	/rankings/agencias-de-marketing-mexico/
6155	activa	regex=False	Directorio a rankings	/listing/agencias-de-marketing-pensamiento-creativo/	->	/rankings/estudios-diseno-branding-mexico/
6154	activa	regex=False	Directorio a rankings	/listing/agencias-de-marketing-porter-novelli/	->	/rankings/agencias-de-marketing-mexico/
6153	activa	regex=False	Directorio a rankings	/listing/agencias-de-marketing-publisenal/	->	/rankings/proveedores-pop-promocionales-mexico/
6152	activa	regex=False	Directorio a rankings	/listing/agencias-de-marketing-publiza-marketing/	->	/rankings/agencias-de-marketing-mexico/
6151	activa	regex=False	Directorio a rankings	/listing/agencias-de-marketing-punto-tres/	->	/rankings/agencias-de-marketing-mexico/
6150	activa	regex=False	Directorio a rankings	/listing/agencias-de-marketing-rapp/	->	/rankings/agencias-de-marketing-mexico/
6149	activa	regex=False	Directorio a rankings	/listing/agencias-de-marketing-quarks-consultoria-creativa/	->	/rankings/estudios-diseno-branding-mexico/
6148	activa	regex=False	Directorio a rankings	/listing/agencias-de-marketing-revolver-radical/	->	/rankings/agencias-de-marketing-mexico/
6147	activa	regex=False	Directorio a rankings	/listing/agencias-de-marketing-rt-marketing/	->	/rankings/agencias-de-marketing-mexico/
6146	activa	regex=False	Directorio a rankings	/listing/agencias-de-marketing-ideas-ruizmed/	->	/rankings/agencias-de-marketing-mexico/
6145	activa	regex=False	Directorio a rankings	/listing/agencias-de-marketing-sensorik-mkt/	->	/rankings/agencias-de-marketing-mexico/
6144	activa	regex=False	Directorio a rankings	/listing/agencias-de-marketing-suma-mercadotecnia/	->	/rankings/agencias-de-marketing-mexico/
6143	activa	regex=False	Directorio a rankings	/listing/agencias-de-marketing-servipromer/	->	/rankings/agencias-de-marketing-mexico/
6142	activa	regex=False	Directorio a rankings	/listing/agencias-de-marketing-the-legacy/	->	/rankings/agencias-de-marketing-mexico/
6141	activa	regex=False	Directorio a rankings	/listing/agencias-de-marketing-upgrade-marketing/	->	/rankings/agencias-de-marketing-mexico/
6140	activa	regex=False	Directorio a rankings	/listing/agencias-de-marketing-vandergeist/	->	/rankings/agencias-de-marketing-mexico/
6139	activa	regex=False	Directorio a rankings	/listing/agencias-de-marketing-victoria/	->	/rankings/agencias-de-marketing-mexico/
6138	activa	regex=False	Directorio a rankings	/listing/agencias-de-marketing-waimarketing/	->	/rankings/agencias-de-marketing-mexico/
6137	activa	regex=False	Directorio a rankings	/listing/agencias-de-marketing-wwbtl/	->	/rankings/agencias-btl-promotoria-mexico/
6136	activa	regex=False	Directorio a rankings	/listing/agencias-de-marketing-tematica-creativa/	->	/rankings/estudios-diseno-branding-mexico/
6135	activa	regex=False	Directorio a rankings	/listing/agencias-de-marketing-zogno/	->	/rankings/agencias-de-marketing-mexico/
6134	activa	regex=False	Directorio a rankings	/listing/agencias-de-publicidad-pop-aerotec-publicidad/	->	/rankings/proveedores-pop-promocionales-mexico/
6133	activa	regex=False	Directorio a rankings	/listing/agencias-de-publicidad-pop-colorimagen/	->	/rankings/proveedores-pop-promocionales-mexico/
6132	activa	regex=False	Directorio a rankings	/listing/agencias-de-publicidad-pop-exhibipop/	->	/rankings/proveedores-pop-promocionales-mexico/
6131	activa	regex=False	Directorio a rankings	/listing/agencias-de-publicidad-pop-solid-image/	->	/rankings/proveedores-pop-promocionales-mexico/
6130	activa	regex=False	Directorio a rankings	/listing/agencias-de-publicidad-pop-popmart/	->	/rankings/proveedores-pop-promocionales-mexico/
6129	activa	regex=False	Directorio a rankings	/listing/agencias-de-publicidad-pop-pulso-tec/	->	/rankings/proveedores-pop-promocionales-mexico/
6128	activa	regex=False	Directorio a rankings	/listing/agencias-de-publicidad-pop-grupo-rubrica/	->	/rankings/proveedores-pop-promocionales-mexico/
6127	activa	regex=False	Directorio a rankings	/listing/articulos-promocionales-gimmick/	->	/rankings/agencias-btl-promotoria-mexico/
6126	activa	regex=False	Directorio a rankings	/listing/articulos-promocionales-linkar-publicidad/	->	/rankings/agencias-btl-promotoria-mexico/
6125	activa	regex=False	Directorio a rankings	/listing/articulos-promocionales-imagina-usb/	->	/rankings/agencias-btl-promotoria-mexico/
6124	activa	regex=False	Directorio a rankings	/listing/articulos-promocionales-promoline/	->	/rankings/agencias-btl-promotoria-mexico/
6123	activa	regex=False	Directorio a rankings	/listing/despacho-de-diseno-adc-global-creativity/	->	/rankings/estudios-diseno-branding-mexico/
6122	activa	regex=False	Directorio a rankings	/listing/despacho-de-diseno-arg-comunicacion/	->	/rankings/estudios-diseno-branding-mexico/
6121	activa	regex=False	Directorio a rankings	/listing/despacho-de-diseno-al-cuadrado/	->	/rankings/estudios-diseno-branding-mexico/
6120	activa	regex=False	Directorio a rankings	/listing/despacho-de-diseno-beyondit/	->	/rankings/estudios-diseno-branding-mexico/
6119	activa	regex=False	Directorio a rankings	/listing/despacho-de-diseno-bikreative/	->	/rankings/estudios-diseno-branding-mexico/
6118	activa	regex=False	Directorio a rankings	/listing/despacho-de-diseno-burak-y-asociados/	->	/rankings/estudios-diseno-branding-mexico/
6117	activa	regex=False	Directorio a rankings	/listing/despacho-de-diseno-correvedile/	->	/rankings/estudios-diseno-branding-mexico/
6116	activa	regex=False	Directorio a rankings	/listing/despacho-de-diseno-cdstudio/	->	/rankings/estudios-diseno-branding-mexico/
6115	activa	regex=False	Directorio a rankings	/listing/despacho-de-diseno-corvin/	->	/rankings/estudios-diseno-branding-mexico/
6114	activa	regex=False	Directorio a rankings	/listing/despacho-de-diseno-design-bureau/	->	/rankings/estudios-diseno-branding-mexico/
6113	activa	regex=False	Directorio a rankings	/listing/despacho-de-diseno-creatividad-inteligente/	->	/rankings/estudios-diseno-branding-mexico/
6112	activa	regex=False	Directorio a rankings	/listing/despacho-de-diseno-dimension/	->	/rankings/estudios-diseno-branding-mexico/
6111	activa	regex=False	Directorio a rankings	/listing/despacho-de-diseno-diseno-y-publicidad-mexicana/	->	/rankings/estudios-diseno-branding-mexico/
6110	activa	regex=False	Directorio a rankings	/listing/despacho-de-diseno-diseno-equis/	->	/rankings/estudios-diseno-branding-mexico/
6109	activa	regex=False	Directorio a rankings	/listing/despacho-de-diseno-domino-estudio/	->	/rankings/estudios-diseno-branding-mexico/
6108	activa	regex=False	Directorio a rankings	/listing/despacho-de-diseno-elite-design-studio/	->	/rankings/estudios-diseno-branding-mexico/
6107	activa	regex=False	Directorio a rankings	/listing/despacho-de-diseno-esferica/	->	/rankings/estudios-diseno-branding-mexico/
6106	activa	regex=False	Directorio a rankings	/listing/despacho-de-diseno-estop-diseno/	->	/rankings/estudios-diseno-branding-mexico/
6105	activa	regex=False	Directorio a rankings	/listing/despacho-de-diseno-factortres/	->	/rankings/estudios-diseno-branding-mexico/
6104	activa	regex=False	Directorio a rankings	/listing/despacho-de-diseno-figura-7/	->	/rankings/estudios-diseno-branding-mexico/
6103	activa	regex=False	Directorio a rankings	/listing/despacho-de-diseno-foic-lecanda/	->	/rankings/estudios-diseno-branding-mexico/
6102	activa	regex=False	Directorio a rankings	/listing/despacho-de-diseno-gallo-soluciones-graficas/	->	/rankings/proveedores-pop-promocionales-mexico/
6101	activa	regex=False	Directorio a rankings	/listing/despacho-de-diseno-id-inteligencia-en-diseno/	->	/rankings/estudios-diseno-branding-mexico/
6100	activa	regex=False	Directorio a rankings	/listing/despacho-de-diseno-gvisual/	->	/rankings/estudios-diseno-branding-mexico/
6099	activa	regex=False	Directorio a rankings	/listing/despacho-de-diseno-kolazh-diseno-grafico/	->	/rankings/proveedores-pop-promocionales-mexico/
6098	activa	regex=False	Directorio a rankings	/listing/despacho-de-diseno-hs-publicidad/	->	/rankings/estudios-diseno-branding-mexico/
6097	activa	regex=False	Directorio a rankings	/listing/despacho-de-diseno-ysunza-santiago-cv/	->	/rankings/estudios-diseno-branding-mexico/
6096	activa	regex=False	Directorio a rankings	/listing/despacho-de-diseno-leonsteven/	->	/rankings/estudios-diseno-branding-mexico/
6095	activa	regex=False	Directorio a rankings	/listing/despacho-de-diseno-marte-creativos/	->	/rankings/estudios-diseno-branding-mexico/
6094	activa	regex=False	Directorio a rankings	/listing/despacho-de-diseno-mba-estudio-de-diseno/	->	/rankings/estudios-diseno-branding-mexico/
6093	activa	regex=False	Directorio a rankings	/listing/despacho-de-diseno-lerf-diseno/	->	/rankings/estudios-diseno-branding-mexico/
6092	activa	regex=False	Directorio a rankings	/listing/despacho-de-diseno-metanoia-publicidad/	->	/rankings/estudios-diseno-branding-mexico/
6091	activa	regex=False	Directorio a rankings	/listing/despacho-de-diseno-litoimagen/	->	/rankings/estudios-diseno-branding-mexico/
6090	activa	regex=False	Directorio a rankings	/listing/despacho-de-diseno-mira/	->	/rankings/estudios-diseno-branding-mexico/
6089	activa	regex=False	Directorio a rankings	/listing/despacho-de-diseno-musicos-del-titanic/	->	/rankings/estudios-diseno-branding-mexico/
6088	activa	regex=False	Directorio a rankings	/listing/despacho-de-diseno-momentum-media-design/	->	/rankings/agencias-de-medios-mexico/
6087	activa	regex=False	Directorio a rankings	/listing/despacho-de-diseno-pigmento/	->	/rankings/estudios-diseno-branding-mexico/
6086	activa	regex=False	Directorio a rankings	/listing/despacho-de-diseno-pensatori/	->	/rankings/estudios-diseno-branding-mexico/
6085	activa	regex=False	Directorio a rankings	/listing/despacho-de-diseno-pong/	->	/rankings/estudios-diseno-branding-mexico/
6084	activa	regex=False	Directorio a rankings	/listing/despacho-de-diseno-retorno-tassier/	->	/rankings/estudios-diseno-branding-mexico/
6083	activa	regex=False	Directorio a rankings	/listing/despacho-de-diseno-promomania/	->	/rankings/estudios-diseno-branding-mexico/
6082	activa	regex=False	Directorio a rankings	/listing/despacho-de-diseno-propositivos/	->	/rankings/estudios-diseno-branding-mexico/
6081	activa	regex=False	Directorio a rankings	/listing/despacho-de-diseno-sago-publicidad/	->	/rankings/estudios-diseno-branding-mexico/
6080	activa	regex=False	Directorio a rankings	/listing/despacho-de-diseno-rigoletti/	->	/rankings/estudios-diseno-branding-mexico/
6079	activa	regex=False	Directorio a rankings	/listing/despacho-de-diseno-ruiz-rocha/	->	/rankings/estudios-diseno-branding-mexico/
6078	activa	regex=False	Directorio a rankings	/listing/despacho-de-diseno-scientika/	->	/rankings/estudios-diseno-branding-mexico/
6077	activa	regex=False	Directorio a rankings	/listing/despacho-de-diseno-serikat-diseno/	->	/rankings/estudios-diseno-branding-mexico/
6076	activa	regex=False	Directorio a rankings	/listing/despacho-de-diseno-sol-consultores/	->	/rankings/estudios-diseno-branding-mexico/
6075	activa	regex=False	Directorio a rankings	/listing/despacho-de-diseno-signi/	->	/rankings/estudios-diseno-branding-mexico/
6074	activa	regex=False	Directorio a rankings	/listing/despacho-de-diseno-so-diseno/	->	/rankings/estudios-diseno-branding-mexico/
6073	activa	regex=False	Directorio a rankings	/listing/despacho-de-diseno-solo-idea/	->	/rankings/estudios-diseno-branding-mexico/
6072	activa	regex=False	Directorio a rankings	/listing/despacho-de-diseno-spinozo-diseno/	->	/rankings/estudios-diseno-branding-mexico/
6071	activa	regex=False	Directorio a rankings	/listing/despacho-de-diseno-sphein-design-studios/	->	/rankings/estudios-diseno-branding-mexico/
6070	activa	regex=False	Directorio a rankings	/listing/despacho-de-diseno-the-toilettes/	->	/rankings/estudios-diseno-branding-mexico/
6069	activa	regex=False	Directorio a rankings	/listing/despacho-de-diseno-top-design/	->	/rankings/estudios-diseno-branding-mexico/
6068	activa	regex=False	Directorio a rankings	/listing/despacho-de-diseno-torneo-de-ideas/	->	/rankings/estudios-diseno-branding-mexico/
6067	activa	regex=False	Directorio a rankings	/listing/despacho-de-diseno-vivencia-design/	->	/rankings/estudios-diseno-branding-mexico/
6066	activa	regex=False	Directorio a rankings	/listing/directorio-de-locutores-ada-sepulveda/	->	/rankings/estudios-doblaje-locucion-mexico/
6065	activa	regex=False	Directorio a rankings	/listing/directorio-de-locutores-carlos-reynoso-locutor/	->	/rankings/estudios-doblaje-locucion-mexico/
6064	activa	regex=False	Directorio a rankings	/listing/despacho-de-diseno-wish-socios-creativos/	->	/rankings/estudios-diseno-branding-mexico/
6063	activa	regex=False	Directorio a rankings	/listing/directorio-de-locutores-locutor-antonio-x-sosa/	->	/rankings/estudios-doblaje-locucion-mexico/
6062	activa	regex=False	Directorio a rankings	/listing/directorio-de-locutores-daniel-cubillo/	->	/rankings/estudios-doblaje-locucion-mexico/
6061	activa	regex=False	Directorio a rankings	/listing/directorio-de-locutores-gabriel-munoz-locutor/	->	/rankings/estudios-doblaje-locucion-mexico/
6060	activa	regex=False	Directorio a rankings	/listing/directorio-de-locutores-ricardo-brust/	->	/rankings/estudios-doblaje-locucion-mexico/
6059	activa	regex=False	Directorio a rankings	/listing/directorio-de-locutores-milton-wolch/	->	/rankings/estudios-doblaje-locucion-mexico/
6058	activa	regex=False	Directorio a rankings	/listing/directorio-de-locutores-juan-alfonso-puente-arteaga/	->	/rankings/estudios-doblaje-locucion-mexico/
6057	activa	regex=False	Directorio a rankings	/listing/directorio-de-locutores-geo-garcia/	->	/rankings/estudios-doblaje-locucion-mexico/
6056	activa	regex=False	Directorio a rankings	/listing/directorio-de-locutores-rona-fletcher/	->	/rankings/estudios-doblaje-locucion-mexico/
6055	activa	regex=False	Directorio a rankings	/listing/diseno-y-desarrollo-web-abargon-evalue-developers/	->	/rankings/agencias-inbound-marketing-mexico/
6054	activa	regex=False	Directorio a rankings	/listing/diseno-y-desarrollo-web-activamente/	->	/rankings/agencias-inbound-marketing-mexico/
6053	activa	regex=False	Directorio a rankings	/listing/diseno-y-desarrollo-web-albegrafic/	->	/rankings/agencias-inbound-marketing-mexico/
6052	activa	regex=False	Directorio a rankings	/listing/diseno-y-desarrollo-web-ambigrama-estudio-creativo/	->	/rankings/agencias-inbound-marketing-mexico/
6051	activa	regex=False	Directorio a rankings	/listing/diseno-y-desarrollo-web-adivor/	->	/rankings/agencias-inbound-marketing-mexico/
6050	activa	regex=False	Directorio a rankings	/listing/diseno-y-desarrollo-web-animala-web/	->	/rankings/agencias-inbound-marketing-mexico/
6049	activa	regex=False	Directorio a rankings	/listing/diseno-y-desarrollo-web-area/	->	/rankings/agencias-inbound-marketing-mexico/
6048	activa	regex=False	Directorio a rankings	/listing/diseno-y-desarrollo-web-asi-diseno-web/	->	/rankings/agencias-inbound-marketing-mexico/
6047	activa	regex=False	Directorio a rankings	/listing/diseno-y-desarrollo-web-arroba-system/	->	/rankings/agencias-inbound-marketing-mexico/
6046	activa	regex=False	Directorio a rankings	/listing/diseno-y-desarrollo-web-azul-bambu/	->	/rankings/agencias-inbound-marketing-mexico/
6045	activa	regex=False	Directorio a rankings	/listing/diseno-y-desarrollo-web-aypinternet/	->	/rankings/agencias-inbound-marketing-mexico/
6044	activa	regex=False	Directorio a rankings	/listing/diseno-y-desarrollo-web-bitlab-interactive/	->	/rankings/agencias-inbound-marketing-mexico/
6043	activa	regex=False	Directorio a rankings	/listing/diseno-y-desarrollo-web-azulgris/	->	/rankings/agencias-inbound-marketing-mexico/
6042	activa	regex=False	Directorio a rankings	/listing/diseno-y-desarrollo-web-blu-concept/	->	/rankings/agencias-inbound-marketing-mexico/
6041	activa	regex=False	Directorio a rankings	/listing/diseno-y-desarrollo-web-codice/	->	/rankings/agencias-inbound-marketing-mexico/
6040	activa	regex=False	Directorio a rankings	/listing/diseno-y-desarrollo-web-clise-digital/	->	/rankings/agencias-inbound-marketing-mexico/
6039	activa	regex=False	Directorio a rankings	/listing/diseno-y-desarrollo-web-cocktail-marketing/	->	/rankings/agencias-inbound-marketing-mexico/
6038	activa	regex=False	Directorio a rankings	/listing/diseno-y-desarrollo-web-creactivo/	->	/rankings/agencias-inbound-marketing-mexico/
6037	activa	regex=False	Directorio a rankings	/listing/diseno-y-desarrollo-web-copyleft-solutions/	->	/rankings/agencias-inbound-marketing-mexico/
6036	activa	regex=False	Directorio a rankings	/listing/diseno-y-desarrollo-web-crmen-mexico/	->	/rankings/agencias-inbound-marketing-mexico/
6035	activa	regex=False	Directorio a rankings	/listing/diseno-y-desarrollo-web-element-studios/	->	/rankings/agencias-inbound-marketing-mexico/
6034	activa	regex=False	Directorio a rankings	/listing/diseno-y-desarrollo-web-el-milagrito/	->	/rankings/agencias-inbound-marketing-mexico/
6033	activa	regex=False	Directorio a rankings	/listing/diseno-y-desarrollo-web-ekodeva-design-studio/	->	/rankings/agencias-inbound-marketing-mexico/
6032	activa	regex=False	Directorio a rankings	/listing/diseno-y-desarrollo-web-dinamico-group/	->	/rankings/agencias-inbound-marketing-mexico/
6031	activa	regex=False	Directorio a rankings	/listing/diseno-y-desarrollo-web-denumeris-interactive/	->	/rankings/agencias-inbound-marketing-mexico/
6030	activa	regex=False	Directorio a rankings	/listing/diseno-y-desarrollo-web-ezra/	->	/rankings/agencias-inbound-marketing-mexico/
6029	activa	regex=False	Directorio a rankings	/listing/diseno-y-desarrollo-web-enfoque3w/	->	/rankings/agencias-inbound-marketing-mexico/
6028	activa	regex=False	Directorio a rankings	/listing/diseno-y-desarrollo-web-fahrenheit/	->	/rankings/agencias-inbound-marketing-mexico/
6027	activa	regex=False	Directorio a rankings	/listing/diseno-y-desarrollo-web-gamol/	->	/rankings/agencias-inbound-marketing-mexico/
6026	activa	regex=False	Directorio a rankings	/listing/diseno-y-desarrollo-web-go-room-dl/	->	/rankings/agencias-inbound-marketing-mexico/
6025	activa	regex=False	Directorio a rankings	/listing/diseno-y-desarrollo-web-gradocero-studio/	->	/rankings/agencias-inbound-marketing-mexico/
6024	activa	regex=False	Directorio a rankings	/listing/diseno-y-desarrollo-web-grafico-total/	->	/rankings/agencias-inbound-marketing-mexico/
6023	activa	regex=False	Directorio a rankings	/listing/diseno-y-desarrollo-web-graffistika/	->	/rankings/agencias-inbound-marketing-mexico/
6022	activa	regex=False	Directorio a rankings	/listing/diseno-y-desarrollo-web-interactuar-digital/	->	/rankings/agencias-inbound-marketing-mexico/
6021	activa	regex=False	Directorio a rankings	/listing/diseno-y-desarrollo-web-iss/	->	/rankings/agencias-inbound-marketing-mexico/
6020	activa	regex=False	Directorio a rankings	/listing/diseno-y-desarrollo-web-intermexico/	->	/rankings/agencias-inbound-marketing-mexico/
6019	activa	regex=False	Directorio a rankings	/listing/diseno-y-desarrollo-web-grupo-bfx/	->	/rankings/agencias-inbound-marketing-mexico/
6018	activa	regex=False	Directorio a rankings	/listing/diseno-y-desarrollo-web-macroidea-web-studio/	->	/rankings/agencias-inbound-marketing-mexico/
6017	activa	regex=False	Directorio a rankings	/listing/diseno-y-desarrollo-web-masclicks/	->	/rankings/agencias-inbound-marketing-mexico/
6016	activa	regex=False	Directorio a rankings	/listing/diseno-y-desarrollo-web-mebecom/	->	/rankings/agencias-inbound-marketing-mexico/
6015	activa	regex=False	Directorio a rankings	/listing/diseno-y-desarrollo-web-mercatech/	->	/rankings/agencias-inbound-marketing-mexico/
6014	activa	regex=False	Directorio a rankings	/listing/diseno-y-desarrollo-web-licorne/	->	/rankings/agencias-inbound-marketing-mexico/
6013	activa	regex=False	Directorio a rankings	/listing/diseno-y-desarrollo-web-jpsconceptos/	->	/rankings/agencias-inbound-marketing-mexico/
6012	activa	regex=False	Directorio a rankings	/listing/diseno-y-desarrollo-web-meximex/	->	/rankings/agencias-inbound-marketing-mexico/
6011	activa	regex=False	Directorio a rankings	/listing/diseno-y-desarrollo-web-multi-dimension-studio/	->	/rankings/agencias-inbound-marketing-mexico/
6010	activa	regex=False	Directorio a rankings	/listing/diseno-y-desarrollo-web-nuts/	->	/rankings/agencias-inbound-marketing-mexico/
6009	activa	regex=False	Directorio a rankings	/listing/diseno-y-desarrollo-web-grupo-meridian/	->	/rankings/agencias-inbound-marketing-mexico/
6008	activa	regex=False	Directorio a rankings	/listing/diseno-y-desarrollo-web-naranya/	->	/rankings/agencias-inbound-marketing-mexico/
6007	activa	regex=False	Directorio a rankings	/listing/diseno-y-desarrollo-web-mxigen/	->	/rankings/agencias-inbound-marketing-mexico/
6006	activa	regex=False	Directorio a rankings	/listing/diseno-y-desarrollo-web-pixel-dot/	->	/rankings/agencias-inbound-marketing-mexico/
6005	activa	regex=False	Directorio a rankings	/listing/diseno-y-desarrollo-web-opalo-negro/	->	/rankings/agencias-inbound-marketing-mexico/
6004	activa	regex=False	Directorio a rankings	/listing/diseno-y-desarrollo-web-orange-studio/	->	/rankings/agencias-inbound-marketing-mexico/
6003	activa	regex=False	Directorio a rankings	/listing/diseno-y-desarrollo-web-podernet/	->	/rankings/agencias-inbound-marketing-mexico/
6002	activa	regex=False	Directorio a rankings	/listing/diseno-y-desarrollo-web-paginas-web-mexico/	->	/rankings/agencias-inbound-marketing-mexico/
6001	activa	regex=False	Directorio a rankings	/listing/diseno-y-desarrollo-web-pq-design/	->	/rankings/agencias-inbound-marketing-mexico/
6000	activa	regex=False	Directorio a rankings	/listing/diseno-y-desarrollo-web-publisearch/	->	/rankings/agencias-inbound-marketing-mexico/
5999	activa	regex=False	Directorio a rankings	/listing/diseno-y-desarrollo-web-quantum-family/	->	/rankings/agencias-inbound-marketing-mexico/
5998	activa	regex=False	Directorio a rankings	/listing/diseno-y-desarrollo-web-quimera-urbana/	->	/rankings/agencias-inbound-marketing-mexico/
5997	activa	regex=False	Directorio a rankings	/listing/diseno-y-desarrollo-web-sigmait/	->	/rankings/agencias-inbound-marketing-mexico/
5996	activa	regex=False	Directorio a rankings	/listing/diseno-y-desarrollo-web-riss/	->	/rankings/agencias-inbound-marketing-mexico/
5995	activa	regex=False	Directorio a rankings	/listing/diseno-y-desarrollo-web-red-light-web-studio/	->	/rankings/agencias-inbound-marketing-mexico/
5994	activa	regex=False	Directorio a rankings	/listing/diseno-y-desarrollo-web-synergya/	->	/rankings/agencias-inbound-marketing-mexico/
5993	activa	regex=False	Directorio a rankings	/listing/diseno-y-desarrollo-web-tictoc-studio/	->	/rankings/agencias-inbound-marketing-mexico/
5992	activa	regex=False	Directorio a rankings	/listing/diseno-y-desarrollo-web-tdw-two-digit-world/	->	/rankings/agencias-inbound-marketing-mexico/
5991	activa	regex=False	Directorio a rankings	/listing/diseno-y-desarrollo-web-weblex/	->	/rankings/agencias-inbound-marketing-mexico/
5990	activa	regex=False	Directorio a rankings	/listing/diseno-y-desarrollo-web-webmastercommx/	->	/rankings/agencias-inbound-marketing-mexico/
5989	activa	regex=False	Directorio a rankings	/listing/diseno-y-desarrollo-web-ytion/	->	/rankings/agencias-inbound-marketing-mexico/
5988	activa	regex=False	Directorio a rankings	/listing/diseno-y-desarrollo-web-zoomlanet-solutions/	->	/rankings/agencias-inbound-marketing-mexico/
5987	activa	regex=False	Directorio a rankings	/listing/doblaje-y-subtitulaje-audio-acustica/	->	/rankings/estudios-doblaje-locucion-mexico/
5986	activa	regex=False	Directorio a rankings	/listing/doblaje-y-subtitulaje-candiani-dubbing-studios/	->	/rankings/estudios-doblaje-locucion-mexico/
5985	activa	regex=False	Directorio a rankings	/listing/doblaje-y-subtitulaje-datdoblaje/	->	/rankings/estudios-doblaje-locucion-mexico/
5984	activa	regex=False	Directorio a rankings	/listing/doblaje-y-subtitulaje-digifilm/	->	/rankings/estudios-doblaje-locucion-mexico/
5983	activa	regex=False	Directorio a rankings	/listing/doblaje-y-subtitulaje-ki-audio/	->	/rankings/estudios-doblaje-locucion-mexico/
5982	activa	regex=False	Directorio a rankings	/listing/doblaje-y-subtitulaje-lenguaje-visual/	->	/rankings/estudios-doblaje-locucion-mexico/
5981	activa	regex=False	Directorio a rankings	/listing/doblaje-y-subtitulaje-new-art-dub/	->	/rankings/estudios-doblaje-locucion-mexico/
5980	activa	regex=False	Directorio a rankings	/listing/doblaje-y-subtitulaje-subsub-quality-subtitles/	->	/rankings/estudios-doblaje-locucion-mexico/
5979	activa	regex=False	Directorio a rankings	/listing/doblaje-y-subtitulaje-prime-dubb/	->	/rankings/estudios-doblaje-locucion-mexico/
5978	activa	regex=False	Directorio a rankings	/listing/doblaje-y-subtitulaje-rgb-21/	->	/rankings/estudios-doblaje-locucion-mexico/
5977	activa	regex=False	Directorio a rankings	/listing/estudio-de-animacion-cinema-fantasma/	->	/rankings/casas-productoras-mexico/
5976	activa	regex=False	Directorio a rankings	/listing/estudio-de-animacion-organika/	->	/rankings/casas-productoras-mexico/
5975	activa	regex=False	Directorio a rankings	/listing/estudio-de-animacion-cluster-studio/	->	/rankings/casas-productoras-mexico/
5974	activa	regex=False	Directorio a rankings	/listing/estudio-de-animacion-phenomena/	->	/rankings/casas-productoras-mexico/
5973	activa	regex=False	Directorio a rankings	/listing/estudio-de-grabacion-3cnuno-producciones/	->	/rankings/estudios-doblaje-locucion-mexico/
5972	activa	regex=False	Directorio a rankings	/listing/estudio-de-grabacion-equis-cosa/	->	/rankings/estudios-doblaje-locucion-mexico/
5971	activa	regex=False	Directorio a rankings	/listing/estudio-de-grabacion-aio-estudio/	->	/rankings/estudios-doblaje-locucion-mexico/
5970	activa	regex=False	Directorio a rankings	/listing/estudio-de-grabacion-bulevard-studio/	->	/rankings/estudios-doblaje-locucion-mexico/
5969	activa	regex=False	Directorio a rankings	/listing/estudio-de-grabacion-aquasound-studio/	->	/rankings/estudios-doblaje-locucion-mexico/
5968	activa	regex=False	Directorio a rankings	/listing/estudio-de-grabacion-bulbo/	->	/rankings/estudios-doblaje-locucion-mexico/
5967	activa	regex=False	Directorio a rankings	/listing/estudio-de-grabacion-carlos-ortega/	->	/rankings/estudios-doblaje-locucion-mexico/
5966	activa	regex=False	Directorio a rankings	/listing/estudio-de-grabacion-catapulta-studios/	->	/rankings/estudios-doblaje-locucion-mexico/
5965	activa	regex=False	Directorio a rankings	/listing/estudio-de-grabacion-dna/	->	/rankings/estudios-doblaje-locucion-mexico/
5964	activa	regex=False	Directorio a rankings	/listing/estudio-de-grabacion-el-estudio/	->	/rankings/estudios-doblaje-locucion-mexico/
5963	activa	regex=False	Directorio a rankings	/listing/estudio-de-grabacion-el-cuarto-de-atras/	->	/rankings/estudios-doblaje-locucion-mexico/
5962	activa	regex=False	Directorio a rankings	/listing/estudio-de-grabacion-estudio-cuarto-del-fondo/	->	/rankings/estudios-doblaje-locucion-mexico/
5961	activa	regex=False	Directorio a rankings	/listing/estudio-de-grabacion-jarpa-studio/	->	/rankings/estudios-doblaje-locucion-mexico/
5960	activa	regex=False	Directorio a rankings	/listing/estudio-de-grabacion-esound/	->	/rankings/estudios-doblaje-locucion-mexico/
5959	activa	regex=False	Directorio a rankings	/listing/estudio-de-grabacion-mono-aural/	->	/rankings/estudios-doblaje-locucion-mexico/
5958	activa	regex=False	Directorio a rankings	/listing/estudio-de-grabacion-lado-a-estudios/	->	/rankings/estudios-doblaje-locucion-mexico/
5957	activa	regex=False	Directorio a rankings	/listing/estudio-de-grabacion-mixtlan-producciones/	->	/rankings/estudios-doblaje-locucion-mexico/
5956	activa	regex=False	Directorio a rankings	/listing/estudio-de-grabacion-pianica/	->	/rankings/estudios-doblaje-locucion-mexico/
5955	activa	regex=False	Directorio a rankings	/listing/estudio-de-grabacion-prado-sur-audio/	->	/rankings/estudios-doblaje-locucion-mexico/
5954	activa	regex=False	Directorio a rankings	/listing/estudio-de-grabacion-sala-de-audio/	->	/rankings/estudios-doblaje-locucion-mexico/
5953	activa	regex=False	Directorio a rankings	/listing/estudios-y-foros-en-renta-k-estudio/	->	/rankings/agencias-de-publicidad-mexico/
5952	activa	regex=False	Directorio a rankings	/listing/estudio-de-grabacion-septimo-sello/	->	/rankings/estudios-doblaje-locucion-mexico/
5951	activa	regex=False	Directorio a rankings	/listing/estudios-y-foros-en-renta-palmera-films/	->	/rankings/casas-productoras-mexico/
5950	activa	regex=False	Directorio a rankings	/listing/estudios-y-foros-en-renta-56-cinco-punto-seis/	->	/rankings/casas-productoras-mexico/
5949	activa	regex=False	Directorio a rankings	/listing/estudios-y-foros-en-renta-pixstudio/	->	/rankings/casas-productoras-mexico/
5948	activa	regex=False	Directorio a rankings	/listing/estudios-y-foros-en-renta-squadra/	->	/rankings/productoras-de-eventos-mexico/
5947	activa	regex=False	Directorio a rankings	/listing/estudios-y-foros-en-renta-talento-post/	->	/rankings/productoras-de-eventos-mexico/
5946	activa	regex=False	Directorio a rankings	/listing/fotografia-calavera-studios/	->	/rankings/casas-productoras-mexico/
5945	activa	regex=False	Directorio a rankings	/listing/fotografia-hector-paris-fotografia/	->	/rankings/casas-productoras-mexico/
5944	activa	regex=False	Directorio a rankings	/listing/fotografia-fotofilms/	->	/rankings/casas-productoras-mexico/
5943	activa	regex=False	Directorio a rankings	/listing/fotografia-horacio-vasquez/	->	/rankings/casas-productoras-mexico/
5942	activa	regex=False	Directorio a rankings	/listing/fotografia-isaac-ramarti-fotogafia-y-diseno/	->	/rankings/casas-productoras-mexico/
5941	activa	regex=False	Directorio a rankings	/listing/fotografia-nasty-danny-studio/	->	/rankings/casas-productoras-mexico/
5940	activa	regex=False	Directorio a rankings	/listing/fotografia-segarra-estudio/	->	/rankings/casas-productoras-mexico/
5939	activa	regex=False	Directorio a rankings	/listing/fotografia-ktc/	->	/rankings/casas-productoras-mexico/
5938	activa	regex=False	Directorio a rankings	/listing/fotografia-paul-brauns-photo/	->	/rankings/casas-productoras-mexico/
5937	activa	regex=False	Directorio a rankings	/listing/fotografia-shaktiprod/	->	/rankings/casas-productoras-mexico/
5936	activa	regex=False	Directorio a rankings	/listing/fotografia-tuekphoto/	->	/rankings/casas-productoras-mexico/
5935	activa	regex=False	Directorio a rankings	/listing/impresion-digital-argoga-soluciones-avanzadas-en-sistemas/	->	/rankings/agencias-inbound-marketing-mexico/
5934	activa	regex=False	Directorio a rankings	/listing/ilustradores-raul-cruz-figueroa/	->	/rankings/agencias-de-publicidad-mexico/
5933	activa	regex=False	Directorio a rankings	/listing/ilustradores-lowbrowmx-alto-diseno/	->	/rankings/estudios-diseno-branding-mexico/
5932	activa	regex=False	Directorio a rankings	/listing/impresion-digital-avance-publicidad/	->	/rankings/agencias-inbound-marketing-mexico/
5931	activa	regex=False	Directorio a rankings	/listing/impresion-digital-geformas/	->	/rankings/agencias-inbound-marketing-mexico/
5930	activa	regex=False	Directorio a rankings	/listing/impresion-digital-grupo-efsa/	->	/rankings/agencias-inbound-marketing-mexico/
5929	activa	regex=False	Directorio a rankings	/listing/investigacion-de-mercados-aljamia/	->	/rankings/agencias-investigacion-de-mercados-mexico/
5928	activa	regex=False	Directorio a rankings	/listing/impresion-digital-grupo-venegraphic/	->	/rankings/agencias-inbound-marketing-mexico/
5927	activa	regex=False	Directorio a rankings	/listing/investigacion-de-mercados-analitica-marketing/	->	/rankings/agencias-investigacion-de-mercados-mexico/
5926	activa	regex=False	Directorio a rankings	/listing/impresion-digital-litografica-selene/	->	/rankings/agencias-inbound-marketing-mexico/
5925	activa	regex=False	Directorio a rankings	/listing/investigacion-de-mercados-berumen/	->	/rankings/agencias-investigacion-de-mercados-mexico/
5924	activa	regex=False	Directorio a rankings	/listing/investigacion-de-mercados-consultoria-mkt/	->	/rankings/agencias-investigacion-de-mercados-mexico/
5923	activa	regex=False	Directorio a rankings	/listing/investigacion-de-mercados-de-la-riva-group/	->	/rankings/agencias-investigacion-de-mercados-mexico/
5922	activa	regex=False	Directorio a rankings	/listing/investigacion-de-mercados-factum/	->	/rankings/agencias-investigacion-de-mercados-mexico/
5921	activa	regex=False	Directorio a rankings	/listing/investigacion-de-mercados-grupo-arkho/	->	/rankings/agencias-investigacion-de-mercados-mexico/
5920	activa	regex=False	Directorio a rankings	/listing/investigacion-de-mercados-evamerc/	->	/rankings/agencias-investigacion-de-mercados-mexico/
5919	activa	regex=False	Directorio a rankings	/listing/investigacion-de-mercados-ibope-agb/	->	/rankings/agencias-investigacion-de-mercados-mexico/
5918	activa	regex=False	Directorio a rankings	/listing/investigacion-de-mercados-gyd-investigacion-de-mercados/	->	/rankings/agencias-investigacion-de-mercados-mexico/
5917	activa	regex=False	Directorio a rankings	/listing/investigacion-de-mercados-inmega/	->	/rankings/agencias-investigacion-de-mercados-mexico/
5916	activa	regex=False	Directorio a rankings	/listing/investigacion-de-mercados-innovative-marketing-y-consultants/	->	/rankings/agencias-investigacion-de-mercados-mexico/
5915	activa	regex=False	Directorio a rankings	/listing/investigacion-de-mercados-ipsos-bimsa/	->	/rankings/agencias-investigacion-de-mercados-mexico/
5914	activa	regex=False	Directorio a rankings	/listing/investigacion-de-mercados-lexia-insights-solutions/	->	/rankings/agencias-investigacion-de-mercados-mexico/
5913	activa	regex=False	Directorio a rankings	/listing/investigacion-de-mercados-kandavarumarken/	->	/rankings/agencias-investigacion-de-mercados-mexico/
5912	activa	regex=False	Directorio a rankings	/listing/investigacion-de-mercados-marketing-group/	->	/rankings/agencias-investigacion-de-mercados-mexico/
5911	activa	regex=False	Directorio a rankings	/listing/investigacion-de-mercados-master-research/	->	/rankings/agencias-investigacion-de-mercados-mexico/
5910	activa	regex=False	Directorio a rankings	/listing/investigacion-de-mercados-mapor/	->	/rankings/agencias-investigacion-de-mercados-mexico/
5909	activa	regex=False	Directorio a rankings	/listing/investigacion-de-mercados-mercaei/	->	/rankings/agencias-investigacion-de-mercados-mexico/
5908	activa	regex=False	Directorio a rankings	/listing/investigacion-de-mercados-mgr-marketing-global-research/	->	/rankings/agencias-investigacion-de-mercados-mexico/
5907	activa	regex=False	Directorio a rankings	/listing/investigacion-de-mercados-merc-gfk/	->	/rankings/agencias-investigacion-de-mercados-mexico/
5906	activa	regex=False	Directorio a rankings	/listing/investigacion-de-mercados-mkt-noroeste/	->	/rankings/agencias-investigacion-de-mercados-mexico/
5905	activa	regex=False	Directorio a rankings	/listing/investigacion-de-mercados-parametria/	->	/rankings/agencias-investigacion-de-mercados-mexico/
5904	activa	regex=False	Directorio a rankings	/listing/investigacion-de-mercados-nielsen/	->	/rankings/agencias-investigacion-de-mercados-mexico/
5903	activa	regex=False	Directorio a rankings	/listing/investigacion-de-mercados-nodo-investigacionestrategia/	->	/rankings/agencias-investigacion-de-mercados-mexico/
5902	activa	regex=False	Directorio a rankings	/listing/investigacion-de-mercados-phenoma/	->	/rankings/agencias-investigacion-de-mercados-mexico/
5901	activa	regex=False	Directorio a rankings	/listing/investigacion-de-mercados-planning-antropologico/	->	/rankings/agencias-investigacion-de-mercados-mexico/
5900	activa	regex=False	Directorio a rankings	/listing/investigacion-de-mercados-psyma-latina/	->	/rankings/agencias-investigacion-de-mercados-mexico/
5899	activa	regex=False	Directorio a rankings	/listing/investigacion-de-mercados-qualimerc/	->	/rankings/agencias-investigacion-de-mercados-mexico/
5898	activa	regex=False	Directorio a rankings	/listing/investigacion-de-mercados-q-solutions/	->	/rankings/agencias-investigacion-de-mercados-mexico/
5897	activa	regex=False	Directorio a rankings	/listing/investigacion-de-mercados-pulso-mercadologico/	->	/rankings/agencias-investigacion-de-mercados-mexico/
5896	activa	regex=False	Directorio a rankings	/listing/investigacion-de-mercados-questudies/	->	/rankings/agencias-investigacion-de-mercados-mexico/
5895	activa	regex=False	Directorio a rankings	/listing/investigacion-de-mercados-sigmate-research/	->	/rankings/agencias-investigacion-de-mercados-mexico/
5894	activa	regex=False	Directorio a rankings	/listing/investigacion-de-mercados-tns-mexico/	->	/rankings/agencias-investigacion-de-mercados-mexico/
5893	activa	regex=False	Directorio a rankings	/listing/investigacion-de-mercados-wilbert-sierra-y-asociados/	->	/rankings/agencias-investigacion-de-mercados-mexico/
5892	activa	regex=False	Directorio a rankings	/listing/productoras-1910-films/	->	/rankings/casas-productoras-mexico/
5891	activa	regex=False	Directorio a rankings	/listing/icarus/	->	/rankings/agencias-de-publicidad-mexico/
5890	activa	regex=False	Directorio a rankings	/listing/productoras-23imedio-films/	->	/rankings/casas-productoras-mexico/
5889	activa	regex=False	Directorio a rankings	/listing/productoras-6cero7studios/	->	/rankings/casas-productoras-mexico/
5888	activa	regex=False	Directorio a rankings	/listing/productoras-advideosmm/	->	/rankings/casas-productoras-mexico/
5887	activa	regex=False	Directorio a rankings	/listing/productoras-altavision-producciones-sc/	->	/rankings/casas-productoras-mexico/
5886	activa	regex=False	Directorio a rankings	/listing/productoras-adicta-films/	->	/rankings/casas-productoras-mexico/
5885	activa	regex=False	Directorio a rankings	/listing/productoras-alameda-films/	->	/rankings/casas-productoras-mexico/
5884	activa	regex=False	Directorio a rankings	/listing/productoras-anima-estudios/	->	/rankings/casas-productoras-mexico/
5883	activa	regex=False	Directorio a rankings	/listing/productoras-caponeto/	->	/rankings/casas-productoras-mexico/
5882	activa	regex=False	Directorio a rankings	/listing/productoras-arado-films/	->	/rankings/casas-productoras-mexico/
5881	activa	regex=False	Directorio a rankings	/listing/productoras-producciones-arje/	->	/rankings/casas-productoras-mexico/
5880	activa	regex=False	Directorio a rankings	/listing/productoras-ares-producciones/	->	/rankings/casas-productoras-mexico/
5879	activa	regex=False	Directorio a rankings	/listing/productoras-arbol-cine/	->	/rankings/casas-productoras-mexico/
5878	activa	regex=False	Directorio a rankings	/listing/productoras-armar-producciones/	->	/rankings/casas-productoras-mexico/
5877	activa	regex=False	Directorio a rankings	/listing/productoras-atomik-cine-y-video/	->	/rankings/casas-productoras-mexico/
5876	activa	regex=False	Directorio a rankings	/listing/productoras-arts-studios/	->	/rankings/casas-productoras-mexico/
5875	activa	regex=False	Directorio a rankings	/listing/productoras-audioimagen/	->	/rankings/casas-productoras-mexico/
5874	activa	regex=False	Directorio a rankings	/listing/productoras-avanti-pictures/	->	/rankings/casas-productoras-mexico/
5873	activa	regex=False	Directorio a rankings	/listing/productoras-betelfilms/	->	/rankings/casas-productoras-mexico/
5872	activa	regex=False	Directorio a rankings	/listing/productoras-bit-produccion-de-medios-digitales/	->	/rankings/casas-productoras-mexico/
5871	activa	regex=False	Directorio a rankings	/listing/productoras-brixton-films/	->	/rankings/casas-productoras-mexico/
5870	activa	regex=False	Directorio a rankings	/listing/productoras-bitbang-studio/	->	/rankings/casas-productoras-mexico/
5869	activa	regex=False	Directorio a rankings	/listing/productoras-bulldog-films/	->	/rankings/casas-productoras-mexico/
5868	activa	regex=False	Directorio a rankings	/listing/productoras-byg-studio/	->	/rankings/casas-productoras-mexico/
5867	activa	regex=False	Directorio a rankings	/listing/productoras-cafepost/	->	/rankings/casas-productoras-mexico/
5866	activa	regex=False	Directorio a rankings	/listing/productoras-camaleon-films/	->	/rankings/casas-productoras-mexico/
5865	activa	regex=False	Directorio a rankings	/listing/productoras-canal-izquierdo/	->	/rankings/casas-productoras-mexico/
5864	activa	regex=False	Directorio a rankings	/listing/productoras-candiani-producciones/	->	/rankings/casas-productoras-mexico/
5863	activa	regex=False	Directorio a rankings	/listing/productoras-cantarranas-films/	->	/rankings/casas-productoras-mexico/
5862	activa	regex=False	Directorio a rankings	/listing/productoras-cartucho-films/	->	/rankings/casas-productoras-mexico/
5861	activa	regex=False	Directorio a rankings	/listing/productoras-casa-12-producciones/	->	/rankings/casas-productoras-mexico/
5860	activa	regex=False	Directorio a rankings	/listing/productoras-la-casa-productora/	->	/rankings/casas-productoras-mexico/
5859	activa	regex=False	Directorio a rankings	/listing/productoras-catatonia-films/	->	/rankings/casas-productoras-mexico/
5858	activa	regex=False	Directorio a rankings	/listing/productoras-chapulte-pictures/	->	/rankings/casas-productoras-mexico/
5857	activa	regex=False	Directorio a rankings	/listing/productoras-contenido-neto/	->	/rankings/casas-productoras-mexico/
5856	activa	regex=False	Directorio a rankings	/listing/productoras-central-films/	->	/rankings/casas-productoras-mexico/
5855	activa	regex=False	Directorio a rankings	/listing/productoras-chilaktazo-films/	->	/rankings/casas-productoras-mexico/
5854	activa	regex=False	Directorio a rankings	/listing/productoras-ciberfilms/	->	/rankings/casas-productoras-mexico/
5853	activa	regex=False	Directorio a rankings	/listing/productoras-cineconcepto/	->	/rankings/casas-productoras-mexico/
5852	activa	regex=False	Directorio a rankings	/listing/productoras-corte-y-queda/	->	/rankings/casas-productoras-mexico/
5851	activa	regex=False	Directorio a rankings	/listing/productoras-dr-comunicacion/	->	/rankings/casas-productoras-mexico/
5850	activa	regex=False	Directorio a rankings	/listing/productoras-dead-astronauts/	->	/rankings/casas-productoras-mexico/
5849	activa	regex=False	Directorio a rankings	/listing/productoras-distrito-films/	->	/rankings/casas-productoras-mexico/
5848	activa	regex=False	Directorio a rankings	/listing/productoras-elemento-producciones/	->	/rankings/casas-productoras-mexico/
5847	activa	regex=False	Directorio a rankings	/listing/productoras-elite-studios/	->	/rankings/casas-productoras-mexico/
5846	activa	regex=False	Directorio a rankings	/listing/productoras-el-mall/	->	/rankings/casas-productoras-mexico/
5845	activa	regex=False	Directorio a rankings	/listing/productoras-elote-films/	->	/rankings/casas-productoras-mexico/
5844	activa	regex=False	Directorio a rankings	/listing/productoras-factory/	->	/rankings/casas-productoras-mexico/
5843	activa	regex=False	Directorio a rankings	/listing/productoras-espejo-y-asociados/	->	/rankings/casas-productoras-mexico/
5842	activa	regex=False	Directorio a rankings	/listing/productoras-fc-films/	->	/rankings/casas-productoras-mexico/
5841	activa	regex=False	Directorio a rankings	/listing/productoras-filma/	->	/rankings/casas-productoras-mexico/
5840	activa	regex=False	Directorio a rankings	/listing/productoras-filmmaking/	->	/rankings/casas-productoras-mexico/
5839	activa	regex=False	Directorio a rankings	/listing/productoras-filmmen/	->	/rankings/casas-productoras-mexico/
5838	activa	regex=False	Directorio a rankings	/listing/productoras-garcia-bross-y-asociados/	->	/rankings/casas-productoras-mexico/
5837	activa	regex=False	Directorio a rankings	/listing/productoras-gelatina-films/	->	/rankings/casas-productoras-mexico/
5836	activa	regex=False	Directorio a rankings	/listing/productoras-grupo-de-leon/	->	/rankings/casas-productoras-mexico/
5835	activa	regex=False	Directorio a rankings	/listing/productoras-hormiga-films/	->	/rankings/casas-productoras-mexico/
5834	activa	regex=False	Directorio a rankings	/listing/productoras-home/	->	/rankings/casas-productoras-mexico/
5833	activa	regex=False	Directorio a rankings	/listing/productoras-industria-3-studios/	->	/rankings/casas-productoras-mexico/
5832	activa	regex=False	Directorio a rankings	/listing/productoras-ikarus/	->	/rankings/casas-productoras-mexico/
5831	activa	regex=False	Directorio a rankings	/listing/productoras-imax-producciones/	->	/rankings/casas-productoras-mexico/
5830	activa	regex=False	Directorio a rankings	/listing/productoras-kuter-creativos-exactos/	->	/rankings/casas-productoras-mexico/
5829	activa	regex=False	Directorio a rankings	/listing/productoras-kreatta-producciones/	->	/rankings/casas-productoras-mexico/
5828	activa	regex=False	Directorio a rankings	/listing/productoras-kafer-producciones/	->	/rankings/casas-productoras-mexico/
5827	activa	regex=False	Directorio a rankings	/listing/productoras-la-fabrica-films/	->	/rankings/casas-productoras-mexico/
5826	activa	regex=False	Directorio a rankings	/listing/productoras-la-maripepa-films/	->	/rankings/casas-productoras-mexico/
5825	activa	regex=False	Directorio a rankings	/listing/productoras-la-nave-centro-de-produccion/	->	/rankings/casas-productoras-mexico/
5824	activa	regex=False	Directorio a rankings	/listing/productoras-the-lift/	->	/rankings/casas-productoras-mexico/
5823	activa	regex=False	Directorio a rankings	/listing/productoras-leonis-films/	->	/rankings/casas-productoras-mexico/
5822	activa	regex=False	Directorio a rankings	/listing/productoras-la-ventana-producciones/	->	/rankings/casas-productoras-mexico/
5821	activa	regex=False	Directorio a rankings	/listing/productoras-los-ojos-de-mi-abuela/	->	/rankings/casas-productoras-mexico/
5820	activa	regex=False	Directorio a rankings	/listing/productoras-araudio/	->	/rankings/casas-productoras-mexico/
5819	activa	regex=False	Directorio a rankings	/listing/productoras-medianaranja/	->	/rankings/casas-productoras-mexico/
5818	activa	regex=False	Directorio a rankings	/listing/productoras-marango-networks/	->	/rankings/casas-productoras-mexico/
5817	activa	regex=False	Directorio a rankings	/listing/productoras-metro-producciones/	->	/rankings/casas-productoras-mexico/
5816	activa	regex=False	Directorio a rankings	/listing/productoras-my-goodness/	->	/rankings/casas-productoras-mexico/
5815	activa	regex=False	Directorio a rankings	/listing/productoras-muela-producciones/	->	/rankings/casas-productoras-mexico/
5814	activa	regex=False	Directorio a rankings	/listing/productoras-n-producciones/	->	/rankings/casas-productoras-mexico/
5813	activa	regex=False	Directorio a rankings	/listing/productoras-orange-producers/	->	/rankings/casas-productoras-mexico/
5812	activa	regex=False	Directorio a rankings	/listing/productoras-producciones-carbajo/	->	/rankings/casas-productoras-mexico/
5811	activa	regex=False	Directorio a rankings	/listing/productoras-peliculas-imaginarias/	->	/rankings/casas-productoras-mexico/
5810	activa	regex=False	Directorio a rankings	/listing/productoras-pimienta-films/	->	/rankings/casas-productoras-mexico/
5809	activa	regex=False	Directorio a rankings	/listing/productoras-pirana/	->	/rankings/casas-productoras-mexico/
5808	activa	regex=False	Directorio a rankings	/listing/productoras-qiafilms/	->	/rankings/casas-productoras-mexico/
5807	activa	regex=False	Directorio a rankings	/listing/productoras-quantica-studio/	->	/rankings/casas-productoras-mexico/
5806	activa	regex=False	Directorio a rankings	/listing/productoras-retina/	->	/rankings/casas-productoras-mexico/
5805	activa	regex=False	Directorio a rankings	/listing/productoras-rojo-films/	->	/rankings/casas-productoras-mexico/
5804	activa	regex=False	Directorio a rankings	/listing/productoras-ryp-producciones/	->	/rankings/casas-productoras-mexico/
5803	activa	regex=False	Directorio a rankings	/listing/productoras-silver-media-studio/	->	/rankings/casas-productoras-mexico/
5802	activa	regex=False	Directorio a rankings	/listing/productoras-sinergis/	->	/rankings/casas-productoras-mexico/
5801	activa	regex=False	Directorio a rankings	/listing/productoras-sprocket-films/	->	/rankings/casas-productoras-mexico/
5800	activa	regex=False	Directorio a rankings	/listing/productoras-digital-sprockets/	->	/rankings/casas-productoras-mexico/
5799	activa	regex=False	Directorio a rankings	/listing/productoras-ssl/	->	/rankings/casas-productoras-mexico/
5798	activa	regex=False	Directorio a rankings	/listing/productoras-suave-films/	->	/rankings/casas-productoras-mexico/
5797	activa	regex=False	Directorio a rankings	/listing/productoras-suitechocolate/	->	/rankings/casas-productoras-mexico/
5796	activa	regex=False	Directorio a rankings	/listing/productoras-surreal-factory/	->	/rankings/casas-productoras-mexico/
5795	activa	regex=False	Directorio a rankings	/listing/productoras-the-maestros/	->	/rankings/casas-productoras-mexico/
5794	activa	regex=False	Directorio a rankings	/listing/productoras-tiempo-y-tono-films/	->	/rankings/casas-productoras-mexico/
5793	activa	regex=False	Directorio a rankings	/listing/productoras-terciopelo-films/	->	/rankings/casas-productoras-mexico/
5792	activa	regex=False	Directorio a rankings	/listing/productoras-grupo-traziende/	->	/rankings/casas-productoras-mexico/
5791	activa	regex=False	Directorio a rankings	/listing/productoras-tribu-films-producciones/	->	/rankings/casas-productoras-mexico/
5790	activa	regex=False	Directorio a rankings	/listing/productoras-vdm-casa-productora/	->	/rankings/casas-productoras-mexico/
5789	activa	regex=False	Directorio a rankings	/listing/productoras-videotalento/	->	/rankings/productoras-de-eventos-mexico/
5788	activa	regex=False	Directorio a rankings	/listing/productoras-whiskey-films/	->	/rankings/casas-productoras-mexico/
5787	activa	regex=False	Directorio a rankings	/listing/productoras-producciones-por-marca/	->	/rankings/casas-productoras-mexico/
5786	activa	regex=False	Directorio a rankings	/listing/productoras-yellow-films/	->	/rankings/casas-productoras-mexico/
5785	activa	regex=False	Directorio a rankings	/listing/productoras-vietnam-films/	->	/rankings/casas-productoras-mexico/
5784	activa	regex=False	Directorio a rankings	/listing/productoras-zombie-tv/	->	/rankings/casas-productoras-mexico/
5783	activa	regex=False	Directorio a rankings	/listing/soporte-tecnico-it-sistemas-sitmexico/	->	/rankings/agencias-de-medios-mexico/
5782	activa	regex=False	Directorio a rankings	/listing/soporte-tecnico-it-sistemas-savesa-sistemas/	->	/rankings/productoras-de-eventos-mexico/
5781	activa	regex=False	Directorio a rankings	/listing/soporte-tecnico-it-sistemas-asisteo-it/	->	/rankings/agencias-de-publicidad-mexico/
5780	activa	regex=False	Directorio a rankings	/listing/soporte-tecnico-it-sistemas-tecnocen/	->	/rankings/casas-productoras-mexico/
5779	activa	regex=False	Directorio a rankings	/listing/stands-y-displays-cr-rpo-display/	->	/rankings/proveedores-pop-promocionales-mexico/
5778	activa	regex=False	Directorio a rankings	/listing/stands-y-displays-dm-display/	->	/rankings/proveedores-pop-promocionales-mexico/
5777	activa	regex=False	Directorio a rankings	/listing/stands-y-displays-expoexpress/	->	/rankings/proveedores-pop-promocionales-mexico/
5776	activa	regex=False	Directorio a rankings	/listing/stands-y-displays-eliptic/	->	/rankings/proveedores-pop-promocionales-mexico/
5775	activa	regex=False	Directorio a rankings	/listing/stands-y-displays-expoquarzo/	->	/rankings/proveedores-pop-promocionales-mexico/
5774	activa	regex=False	Directorio a rankings	/listing/stands-y-displays-grupo-om/	->	/rankings/proveedores-pop-promocionales-mexico/
5773	activa	regex=False	Directorio a rankings	/listing/stands-y-displays-grupo-tochijara/	->	/rankings/proveedores-pop-promocionales-mexico/
5772	activa	regex=False	Directorio a rankings	/listing/stands-y-displays-holders/	->	/rankings/proveedores-pop-promocionales-mexico/
5771	activa	regex=False	Directorio a rankings	/listing/stands-y-displays-stand-123/	->	/rankings/proveedores-pop-promocionales-mexico/
5770	activa	regex=False	Directorio a rankings	/listing/grupo-acir-df/	->	/rankings/grupos-radiofonicos-mexico/
5769	activa	regex=False	Directorio a rankings	/listing/fama-impresos-df/	->	/rankings/proveedores-pop-promocionales-mexico/
5768	activa	regex=False	Directorio a rankings	/listing/digital-993-df/	->	/rankings/grupos-radiofonicos-mexico/
5767	activa	regex=False	Directorio a rankings	/listing/stands-y-displays-qualton/	->	/rankings/proveedores-pop-promocionales-mexico/
5766	activa	regex=False	Directorio a rankings	/listing/centro-banamex-df/	->	/rankings/agencias-inbound-marketing-mexico/
5765	activa	regex=False	Directorio a rankings	/listing/banquetes-extelarys/	->	/rankings/productoras-de-eventos-mexico/
5764	activa	regex=False	Directorio a rankings	/listing/rotulen-de-mexico-s-a-de-c-v/	->	/rankings/agencias-de-publicidad-por-estado/
5763	activa	regex=False	Directorio a rankings	/listing/ingra-publicidad-s-de-r-l-de-c-v/	->	/rankings/agencias-de-publicidad-por-estado/
5762	activa	regex=False	Directorio a rankings	/listing/exhibit-y-promotion-df/	->	/rankings/agencias-btl-promotoria-mexico/
5761	activa	regex=False	Directorio a rankings	/listing/csd-publicidad/	->	/rankings/agencias-inbound-marketing-mexico/
5760	activa	regex=False	Directorio a rankings	/listing/faster-print/	->	/rankings/agencias-de-publicidad-por-estado/
5759	activa	regex=False	Directorio a rankings	/listing/comercializadora-publishuttle-sa-de-cv/	->	/rankings/agencias-de-publicidad-por-estado/
5758	activa	regex=False	Directorio a rankings	/listing/hidaltur-tips/	->	/rankings/agencias-de-publicidad-por-estado/
5757	activa	regex=False	Directorio a rankings	/listing/gransfeer-ideas-publicidad-impresa-especializada-sa-de-cv/	->	/rankings/proveedores-pop-promocionales-mexico/
5756	activa	regex=False	Directorio a rankings	/listing/viniletras-s-a-de-c-v/	->	/rankings/agencias-de-publicidad-por-estado/
5755	activa	regex=False	Directorio a rankings	/listing/west-mex-s-a-de-c-v/	->	/rankings/agencias-de-publicidad-por-estado/
5754	activa	regex=False	Directorio a rankings	/listing/silverlight-records-sa-de-cv/	->	/rankings/agencias-de-publicidad-cdmx/
5753	activa	regex=False	Directorio a rankings	/listing/macrea/	->	/rankings/agencias-de-publicidad-por-estado/
5752	activa	regex=False	Directorio a rankings	/listing/evolucion-grafica/	->	/rankings/proveedores-pop-promocionales-mexico/
5751	activa	regex=False	Directorio a rankings	/listing/saga-del-cupatitzio-s-a-de-c-v/	->	/rankings/grupos-radiofonicos-mexico/
5750	activa	regex=False	Directorio a rankings	/listing/corporativo-vitrodiseño-s-a-de-c-v/	->	/rankings/estudios-diseno-branding-mexico/
5749	activa	regex=False	Directorio a rankings	/listing/impresos-caba-s-a-de-c-v/	->	/rankings/proveedores-pop-promocionales-mexico/
5748	activa	regex=False	Directorio a rankings	/listing/lonas-j-lonas-l/	->	/rankings/proveedores-pop-promocionales-mexico/
5747	activa	regex=False	Directorio a rankings	/listing/agencia-de-eventos-eslabon-empresarial/	->	/rankings/productoras-de-eventos-mexico/
5746	activa	regex=False	Directorio a rankings	/listing/agencia-de-publicidad-lagencita/	->	/rankings/agencias-de-publicidad-mexico/
5745	activa	regex=False	Directorio a rankings	/listing/agencia-de-marketing-digital-prospect-factory/	->	/rankings/agencias-inbound-marketing-mexico/
5744	activa	regex=False	Directorio a rankings	/listing/productoras-planeta-films/	->	/rankings/casas-productoras-mexico/
5743	activa	regex=False	Directorio a rankings	/listing/agencia-de-marketing-digital-digitalcodemx/	->	/rankings/agencias-inbound-marketing-mexico/
5742	activa	regex=False	Directorio a rankings	/listing/agencia-de-marketing-digital-mente-digital/	->	/rankings/agencias-inbound-marketing-mexico/
5741	activa	regex=False	Directorio a rankings	/listing/go-virtual/	->	/rankings/productoras-de-eventos-mexico/
4492	inactiva	regex=False	Redirecciones	/noticias/converse-x-brain-dead	->	https://www.publi20.com/converse-x-brain-dead/
4491	activa	regex=False	Redirecciones	/publicidad-negocios-mexico/amda-retail-digital-y-la-innovacion-en-el-mercado-de-autos-seminuevos-en-mexico	->	https://www.publi20.com/amda-retail-digital-y-la-innovacion-en-el-mercado-de-autos-seminuevos-en-mexico/
4490	activa	regex=False	Redirecciones	/publicidad-negocios-mexico/autofintech-mexico	->	https://www.publi20.com/autofintech-mexico/
4489	inactiva	regex=False	Redirecciones	/noticias/canela-tv-plataforma-de-streaming-gratuito-llega-a-mexico	->	https://www.publi20.com/canela-tv-plataforma-de-streaming-gratuito-llega-a-mexico/
4488	activa	regex=False	Redirecciones	/publicidad-negocios-mexico/que-significa-la-llegada-de-facebook-marketplace-para-las-agencias-de-autos	->	https://www.publi20.com/que-significa-la-llegada-de-facebook-marketplace-para-las-agencias-de-autos/
4487	activa	regex=False	Redirecciones	/publicidad-negocios-mexico/equipo-interno-de-marketing-digital-o-agencia-externa-la-experiencia-del-sector-automotriz	->	https://www.publi20.com/equipo-interno-de-marketing-digital-o-agencia-externa-la-experiencia-del-sector-automotriz/
4486	inactiva	regex=False	Redirecciones	/noticias/qs-world-university-rankings-by-subject-2017	->	https://www.publi20.com/qs-world-university-rankings-by-subject-2017/
4485	inactiva	regex=False	Redirecciones	/noticias/zte-corporation-llega-a-un-arreglo-con-las-autoridades-estadounidenses	->	https://www.publi20.com/zte-corporation-llega-a-un-arreglo-con-las-autoridades-estadounidenses/
4484	inactiva	regex=False	Redirecciones	/noticias/la-fundacion-tory-burch-lanza-una-campana-alentando-a-las-mujeres-a-ser-mas-ambiciosas-con-el-hashtag-embraceambition	->	https://www.publi20.com/la-fundacion-tory-burch-lanza-una-campana-alentando-a-las-mujeres-a-ser-mas-ambiciosas-con-el-hashtag-embraceambition/
4483	inactiva	regex=False	Redirecciones	/noticias/el-primer-destino-en-linea-global-para-la-moda-recatada-de-lujo-se-lanza-el-dia-internacional-de-la-mujer-el-8-de-marzo-de-2017	->	https://www.publi20.com/el-primer-destino-en-linea-global-para-la-moda-recatada-de-lujo-se-lanza-el-dia-internacional-de-la-mujer-el-8-de-marzo-de-2017/
4482	inactiva	regex=False	Redirecciones	/noticias/mas-seguidores-menos-oportunidades-de-encontrar-el-amor	->	https://www.publi20.com/mas-seguidores-menos-oportunidades-de-encontrar-el-amor/
4481	inactiva	regex=False	Redirecciones	/noticias/smirnoff-lanza-la-iniciativa-equalizing-music-en-un-esfuerzo-por-duplicar-la-cantidad-de-figuras-femeninas-destacadas-para-el-ano-2020	->	https://www.publi20.com/smirnoff-lanza-la-iniciativa-equalizing-music-en-un-esfuerzo-por-duplicar-la-cantidad-de-figuras-femeninas-destacadas-para-el-ano-2020/
4480	inactiva	regex=False	Redirecciones	/noticias/donde-el-retorno-a-la-vida-silvestre-produce-maravillas-se-inaugura-en-shanghai-leden-by-perrier-jout	->	https://www.publi20.com/donde-el-retorno-a-la-vida-silvestre-produce-maravillas-se-inaugura-en-shanghai-leden-by-perrier-jout/
4479	inactiva	regex=False	Redirecciones	/noticias/movado-se-asocia-con-google-para-lanzar-una-nueva-coleccion-de-relojes-inteligentes	->	https://www.publi20.com/movado-se-asocia-con-google-para-lanzar-una-nueva-coleccion-de-relojes-inteligentes/
4478	inactiva	regex=False	Redirecciones	/noticias/miranda-xmod-el-primer-conjunto-de-biela-y-plato-para-bicicletas-totalmente-modular-del-mundo	->	https://www.publi20.com/miranda-xmod-el-primer-conjunto-de-biela-y-plato-para-bicicletas-totalmente-modular-del-mundo/
4477	inactiva	regex=False	Redirecciones	/noticias/michelin-presenta-el-nuevo-neumatico-defender-el-neumatico-mas-largo-entre-los-principales-competidores	->	https://www.publi20.com/michelin-presenta-el-nuevo-neumatico-defender-el-neumatico-mas-largo-entre-los-principales-competidores/
4476	inactiva	regex=False	Redirecciones	/noticias/attain-anuncia-licencia-de-paternidad-pagada	->	https://www.publi20.com/attain-anuncia-licencia-de-paternidad-pagada/
4475	inactiva	regex=False	Redirecciones	/noticias/cendyn-es-ahora-el-mayor-integrante-de-crm-en-la-industria-hospitalaria	->	https://www.publi20.com/cendyn-es-ahora-el-mayor-integrante-de-crm-en-la-industria-hospitalaria/
4474	inactiva	regex=False	Redirecciones	/noticias/dugout-la-maxima-expresion-de-plataforma-futbolistica-para-los-aficionados-lanza-su-primera-aplicacion	->	https://www.publi20.com/dugout-la-maxima-expresion-de-plataforma-futbolistica-para-los-aficionados-lanza-su-primera-aplicacion/
4473	inactiva	regex=False	Redirecciones	/noticias/para-mejorar-la-vida-de-casi-2-millones-de-trabajadores-el-grupo-hm-alentara-a-los-proveedores-a-pagarles-a-los-trabajadores-de-manera-digital	->	https://www.publi20.com/para-mejorar-la-vida-de-casi-2-millones-de-trabajadores-el-grupo-hm-alentara-a-los-proveedores-a-pagarles-a-los-trabajadores-de-manera-digital/
4472	inactiva	regex=False	Redirecciones	/noticias/alberto-moreno-nuevo-director-de-vanity-fair-de-espana-y-mexico	->	https://www.publi20.com/alberto-moreno-nuevo-director-de-vanity-fair-de-espana-y-mexico/
4471	inactiva	regex=False	Redirecciones	/noticias/se-estrena-exhibicion-sobre-educacion-en-ddhh-en-la-sede-de-la-onu-ginebra	->	https://www.publi20.com/se-estrena-exhibicion-sobre-educacion-en-ddhh-en-la-sede-de-la-onu-ginebra/
4470	inactiva	regex=False	Redirecciones	/noticias/el-futuro-de-los-viajes-internacionales-y-el-papel-del-seguro	->	https://www.publi20.com/el-futuro-de-los-viajes-internacionales-y-el-papel-del-seguro/
4469	inactiva	regex=False	Redirecciones	/noticias/fast-evolving-watersport-company-flydive-anuncia-la-adquisicion-de-aquafly	->	https://www.publi20.com/fast-evolving-watersport-company-flydive-anuncia-la-adquisicion-de-aquafly/
4468	inactiva	regex=False	Redirecciones	/noticias/havas-edge-nombra-a-nicole-cordero-como-vicepresidenta-de-medios-hispanos-de-ee-uu	->	https://www.publi20.com/havas-edge-nombra-a-nicole-cordero-como-vicepresidenta-de-medios-hispanos-de-ee-uu/
4467	inactiva	regex=False	Redirecciones	/noticias/genius-plaza-lanza-sammie-seal-un-juego-de-lenguaje-educativo-bilinge-y-gratuito	->	https://www.publi20.com/genius-plaza-lanza-sammie-seal-un-juego-de-lenguaje-educativo-bilinge-y-gratuito/
4466	activa	regex=False	Redirecciones	/publicidad-negocios-mexico/infografia-claves-para-edificar-tu-marca-personal	->	https://www.publi20.com/infografia-claves-para-edificar-tu-marca-personal/
4465	activa	regex=False	Redirecciones	/publicidad-negocios-mexico/si-tu-puedes-despedir-a-un-cliente	->	https://www.publi20.com/si-tu-puedes-despedir-a-un-cliente/
4464	activa	regex=False	Redirecciones	/publicidad-negocios-mexico/ya-vienen-los-effies	->	https://www.publi20.com/ya-vienen-los-effies/
4463	inactiva	regex=False	Redirecciones	/noticias/los-megaataques-alcanzan-un-nuevo-record-se-dispara-el-numero-de-ataques-repetidos-los-sitios-de-stresserbooter-lanzan-vectores-de-ataque-multiples-de-forma-simultanea	->	https://www.publi20.com/los-megaataques-alcanzan-un-nuevo-record-se-dispara-el-numero-de-ataques-repetidos-los-sitios-de-stresserbooter-lanzan-vectores-de-ataque-multiples-de-forma-simultanea/
4462	inactiva	regex=False	Redirecciones	/noticias/reciclaje-de-eps-una-realidad-para-cuidar-el-medio-ambiente	->	https://www.publi20.com/reciclaje-de-eps-una-realidad-para-cuidar-el-medio-ambiente/
4461	inactiva	regex=False	Redirecciones	/noticias/rafael-valdez-de-envision-fue-nominado-como-campeon-de-la-industria-eolica-en-la-conferencia-sobre-energias-renovables-2016-de-mexico	->	https://www.publi20.com/rafael-valdez-de-envision-fue-nominado-como-campeon-de-la-industria-eolica-en-la-conferencia-sobre-energias-renovables-2016-de-mexico/
4460	inactiva	regex=False	Redirecciones	/noticias/equisoft-gana-un-premio-de-excelencia-de-la-industria	->	https://www.publi20.com/equisoft-gana-un-premio-de-excelencia-de-la-industria/
4459	inactiva	regex=False	Redirecciones	/noticias/la-desigualdad-global-en-materia-de-paz-se-ha-ampliado-el-ano-pasado-al-aumentar-la-violencia-en-los-paises-menos-pacificos	->	https://www.publi20.com/la-desigualdad-global-en-materia-de-paz-se-ha-ampliado-el-ano-pasado-al-aumentar-la-violencia-en-los-paises-menos-pacificos/
4458	inactiva	regex=False	Redirecciones	/noticias/wyndham-hotel-group-revela-su-estrategia-de-transformacion-global-a-lo-largo-de-16-marcas	->	https://www.publi20.com/wyndham-hotel-group-revela-su-estrategia-de-transformacion-global-a-lo-largo-de-16-marcas/
4457	inactiva	regex=False	Redirecciones	/noticias/pruebas-realizadas-por-un-laboratorio-independiente-demuestran-una-diferencia-de-rendimiento-de-hasta-el-40-entre-los-turbocargadores-para-el-mercado-postventa-originales-de-honeywell-y-sus-copias	->	https://www.publi20.com/pruebas-realizadas-por-un-laboratorio-independiente-demuestran-una-diferencia-de-rendimiento-de-hasta-el-40-entre-los-turbocargadores-para-el-mercado-postventa-originales-de-honeywell-y-sus-copias/
4456	inactiva	regex=False	Redirecciones	/noticias/netflix-y-los-maratones-un-nuevo-indice-revela-que-series-devoramos-y-cuales-saboreamos	->	https://www.publi20.com/netflix-y-los-maratones-un-nuevo-indice-revela-que-series-devoramos-y-cuales-saboreamos/
4455	inactiva	regex=False	Redirecciones	/noticias/ifly-res-de-ibs-recibe-estatus-ndc-capable-nivel-3-de-iata	->	https://www.publi20.com/ifly-res-de-ibs-recibe-estatus-ndc-capable-nivel-3-de-iata/
4454	inactiva	regex=False	Redirecciones	/noticias/papa-merece-tecnologia-best-buy	->	https://www.publi20.com/papa-merece-tecnologia-best-buy/
4453	inactiva	regex=False	Redirecciones	/noticias/pancho-guru-el-origen-by-yellowlink	->	https://www.publi20.com/pancho-guru-el-origen-by-yellowlink/
4452	inactiva	regex=False	Redirecciones	/noticias/conozca-una-de-las-7-maravillas-de-la-ingenieria-moderna-la-torre-cn-de-toronto-by-iway-magazine	->	https://www.publi20.com/conozca-una-de-las-7-maravillas-de-la-ingenieria-moderna-la-torre-cn-de-toronto-by-iway-magazine/
4451	inactiva	regex=False	Redirecciones	/noticias/la-competencia-de-diseno-innovador-medioambiental-xcmg-cup-se-enfoca-en-las-tecnologias-medioambientales-limpias	->	https://www.publi20.com/la-competencia-de-diseno-innovador-medioambiental-xcmg-cup-se-enfoca-en-las-tecnologias-medioambientales-limpias/
4450	inactiva	regex=False	Redirecciones	/noticias/spin-master-mexico-se-expande-con-nuevas-oficinas-corporativas-y-contrataciones-de-talento-senior	->	https://www.publi20.com/spin-master-mexico-se-expande-con-nuevas-oficinas-corporativas-y-contrataciones-de-talento-senior/
4449	inactiva	regex=False	Redirecciones	/noticias/nucor-y-jfe-steel-forman-empresa-conjunta-para-abastecer-al-mercado-automotriz-de-mexico	->	https://www.publi20.com/nucor-y-jfe-steel-forman-empresa-conjunta-para-abastecer-al-mercado-automotriz-de-mexico/
4448	inactiva	regex=False	Redirecciones	/noticias/la-division-consumer-healthdesempenara-un-papel-fundamental-en-la-estrategia-de-crecimiento-de-merck-para-africa	->	https://www.publi20.com/la-division-consumer-healthdesempenara-un-papel-fundamental-en-la-estrategia-de-crecimiento-de-merck-para-africa/
4447	inactiva	regex=False	Redirecciones	/noticias/bulldog-gin-crea-division-region-america	->	https://www.publi20.com/bulldog-gin-crea-division-region-america/
4446	inactiva	regex=False	Redirecciones	/noticias/pacific-anuncia-dictamen-de-reconocimiento-del-tribunal-de-bancarrotas-de-estados-unidos-segun-lo-dispuesto-en-el-capitulo-15	->	https://www.publi20.com/pacific-anuncia-dictamen-de-reconocimiento-del-tribunal-de-bancarrotas-de-estados-unidos-segun-lo-dispuesto-en-el-capitulo-15/
4445	inactiva	regex=False	Redirecciones	/noticias/carrier-ethernet-20-llega-a-brasil-tim-se-asocia-con-accedian-para-obtener-certificacion-mef	->	https://www.publi20.com/carrier-ethernet-20-llega-a-brasil-tim-se-asocia-con-accedian-para-obtener-certificacion-mef/
4444	inactiva	regex=False	Redirecciones	/noticias/pew-nombra-a-10-cientificos-latinoamericanos-como-becarios	->	https://www.publi20.com/pew-nombra-a-10-cientificos-latinoamericanos-como-becarios/
4443	inactiva	regex=False	Redirecciones	/noticias/por-que-snapchat-se-ha-convertido-en-una-interesante-herramienta-para-el-marketing-digital	->	https://www.publi20.com/por-que-snapchat-se-ha-convertido-en-una-interesante-herramienta-para-el-marketing-digital/
4442	activa	regex=False	Redirecciones	/publicidad-negocios-mexico/los-numeros-no-importan-la-influencia-si	->	https://www.publi20.com/los-numeros-no-importan-la-influencia-si/
4441	activa	regex=False	Redirecciones	/publicidad-negocios-mexico/etica-en-las-agencias-de-publicidad-y-anarquia-en-los-negocios	->	https://www.publi20.com/etica-en-las-agencias-de-publicidad-y-anarquia-en-los-negocios/
4440	inactiva	regex=False	Redirecciones	/noticias/el-grupo-expansion-firma-contrato-con-navegg	->	https://www.publi20.com/el-grupo-expansion-firma-contrato-con-navegg/
4439	inactiva	regex=False	Redirecciones	/noticias/despega-el-deporte-del-futuro-mountain-dew-se-asocia-con-dr1-racing	->	https://www.publi20.com/despega-el-deporte-del-futuro-mountain-dew-se-asocia-con-dr1-racing/
4438	inactiva	regex=False	Redirecciones	/noticias/comba-telecom-ofrece-conectividad-inalambrica-para-los-108-millones-de-pasajeros-de-un-aeropuerto-regional	->	https://www.publi20.com/comba-telecom-ofrece-conectividad-inalambrica-para-los-108-millones-de-pasajeros-de-un-aeropuerto-regional/
4437	inactiva	regex=False	Redirecciones	/noticias/american-bookkeeping-institute-ahora-ensena-a-los-estudiantes-a-trabajar-en-linea-como-contadores-independientes	->	https://www.publi20.com/american-bookkeeping-institute-ahora-ensena-a-los-estudiantes-a-trabajar-en-linea-como-contadores-independientes/
4436	inactiva	regex=False	Redirecciones	/noticias/eurasia-media-forum-coincidira-el-ano-que-viene-con-astana-expo-2017	->	https://www.publi20.com/eurasia-media-forum-coincidira-el-ano-que-viene-con-astana-expo-2017/
4435	inactiva	regex=False	Redirecciones	/noticias/octopus-dentro-del-top-100-de-mejores-agencias-marketing-digital-en-mexico	->	https://www.publi20.com/octopus-dentro-del-top-100-de-mejores-agencias-marketing-digital-en-mexico/
4434	inactiva	regex=False	Redirecciones	/noticias/un-nuevo-registro-de-multiples-centros-estudiara-los-beneficios-de-la-terapia-stretta-para-pacientes-gerd-luego-de-una-gastrectomia-en-manga	->	https://www.publi20.com/un-nuevo-registro-de-multiples-centros-estudiara-los-beneficios-de-la-terapia-stretta-para-pacientes-gerd-luego-de-una-gastrectomia-en-manga/
4433	inactiva	regex=False	Redirecciones	/noticias/la-provincia-de-neuquen-anuncia-la-modificacion-del-coeficiente-de-cambio-de-su-oferta-de-cambio	->	https://www.publi20.com/la-provincia-de-neuquen-anuncia-la-modificacion-del-coeficiente-de-cambio-de-su-oferta-de-cambio/
4432	inactiva	regex=False	Redirecciones	/noticias/la-119a-feria-de-canton-finaliza-con-acuerdos-comerciales-por-un-total-de-us28000-millones	->	https://www.publi20.com/la-119a-feria-de-canton-finaliza-con-acuerdos-comerciales-por-un-total-de-us28000-millones/
4431	inactiva	regex=False	Redirecciones	/noticias/wyndham-rewards-presenta-niveles-de-miembro-y-amplia-su-premiado-programa-de-lealtad-con-la-primera-experiencia-mejorada-en-canje-de-puntos-del-sector	->	https://www.publi20.com/wyndham-rewards-presenta-niveles-de-miembro-y-amplia-su-premiado-programa-de-lealtad-con-la-primera-experiencia-mejorada-en-canje-de-puntos-del-sector/
4430	inactiva	regex=False	Redirecciones	/noticias/dunkin-brands-dona-us10000-para-ayudar-a-los-damnificados-del-reciente-terremoto-en-ecuador	->	https://www.publi20.com/dunkin-brands-dona-us10000-para-ayudar-a-los-damnificados-del-reciente-terremoto-en-ecuador/
4429	inactiva	regex=False	Redirecciones	/noticias/risen-coloca-22-mwp-en-europa-del-este	->	https://www.publi20.com/risen-coloca-22-mwp-en-europa-del-este/
4428	inactiva	regex=False	Redirecciones	/noticias/visa-inc-designa-a-eduardo-perez-lider-de-riesgo-para-america-latina-y-el-caribe	->	https://www.publi20.com/visa-inc-designa-a-eduardo-perez-lider-de-riesgo-para-america-latina-y-el-caribe/
4427	inactiva	regex=False	Redirecciones	/noticias/ningxia-ansia-recibir-mas-visitantes-americanos-y-celebra-un-evento-en-los-angeles	->	https://www.publi20.com/ningxia-ansia-recibir-mas-visitantes-americanos-y-celebra-un-evento-en-los-angeles/
4426	inactiva	regex=False	Redirecciones	/noticias/conceden-el-be-open-young-talent-award-a-jovenes-de-chile	->	https://www.publi20.com/conceden-el-be-open-young-talent-award-a-jovenes-de-chile/
4425	inactiva	regex=False	Redirecciones	/noticias/impartner-se-asocia-con-expertos-del-sector-de-canales-de-venta-indirecta-para-abordar-los-principales-desafios-que-desvelan-a-los-directores-de-canal	->	https://www.publi20.com/impartner-se-asocia-con-expertos-del-sector-de-canales-de-venta-indirecta-para-abordar-los-principales-desafios-que-desvelan-a-los-directores-de-canal/
4424	inactiva	regex=False	Redirecciones	/noticias/huawei-permite-a-las-portadoras-hacer-realidad-un-futuro-digital-mediante-la-transformacion-de-las-operaciones-y-un-ecosistema-abierto	->	https://www.publi20.com/huawei-permite-a-las-portadoras-hacer-realidad-un-futuro-digital-mediante-la-transformacion-de-las-operaciones-y-un-ecosistema-abierto/
4423	inactiva	regex=False	Redirecciones	/noticias/bridgestone-extiende-alianza-premium-con-grupo-bmw	->	https://www.publi20.com/bridgestone-extiende-alianza-premium-con-grupo-bmw/
4422	inactiva	regex=False	Redirecciones	/noticias/la-compania-de-busqueda-de-ejecutivos-kincannon-reed-expande-su-presencia-en-latinoamerica	->	https://www.publi20.com/la-compania-de-busqueda-de-ejecutivos-kincannon-reed-expande-su-presencia-en-latinoamerica/
4421	inactiva	regex=False	Redirecciones	/noticias/phenomenome-discoveries-anuncia-la-exitosa-validacion-de-ovaware-un-simple-analisis-de-sangre-para-la-deteccion-precoz-de-cancer-de-ovario	->	https://www.publi20.com/phenomenome-discoveries-anuncia-la-exitosa-validacion-de-ovaware-un-simple-analisis-de-sangre-para-la-deteccion-precoz-de-cancer-de-ovario/
4420	inactiva	regex=False	Redirecciones	/noticias/polyeco-international-y-lamor-fusionan-sus-operaciones-de-servicios-internacionales-y-forman-polyeco-group-empresa-de-servicios-ambientales-totalmente-integrados	->	https://www.publi20.com/polyeco-international-y-lamor-fusionan-sus-operaciones-de-servicios-internacionales-y-forman-polyeco-group-empresa-de-servicios-ambientales-totalmente-integrados/
4419	inactiva	regex=False	Redirecciones	/noticias/las-ventas-netas-consolidadas-de-grupo-famsa-crecieron-120-durante-el-1t16	->	https://www.publi20.com/las-ventas-netas-consolidadas-de-grupo-famsa-crecieron-120-durante-el-1t16/
4418	inactiva	regex=False	Redirecciones	/noticias/continua-llegando-ayuda-tras-el-terremoto-en-ecuador-mas-de-un-millon-de-dolares-recolectados-en-gofundme	->	https://www.publi20.com/continua-llegando-ayuda-tras-el-terremoto-en-ecuador-mas-de-un-millon-de-dolares-recolectados-en-gofundme/
4417	inactiva	regex=False	Redirecciones	/noticias/el-empire-state-deja-a-sus-fans-decidir-como-lucira-iluminado-para-celebrar-su-cumpleanos-numero-85	->	https://www.publi20.com/el-empire-state-deja-a-sus-fans-decidir-como-lucira-iluminado-para-celebrar-su-cumpleanos-numero-85/
4416	inactiva	regex=False	Redirecciones	/noticias/la-curacao-lanza-una-nueva-aplicacion-movil-para-sus-usuarios	->	https://www.publi20.com/la-curacao-lanza-una-nueva-aplicacion-movil-para-sus-usuarios/
4415	inactiva	regex=False	Redirecciones	/noticias/jared-leto-en-exlusiva-para-la-edicion-de-mayo-by-gq-mexico	->	https://www.publi20.com/jared-leto-en-exlusiva-para-la-edicion-de-mayo-by-gq-mexico/
4414	inactiva	regex=False	Redirecciones	/noticias/hacienda-altagracia-an-auberge-resort-es-destacado-como-uno-de-los-mejores-nuevos-hoteles-del-mundo-en-la-lista-de-lo-mejor-del-2016-de-conde-nast-traveler	->	https://www.publi20.com/hacienda-altagracia-an-auberge-resort-es-destacado-como-uno-de-los-mejores-nuevos-hoteles-del-mundo-en-la-lista-de-lo-mejor-del-2016-de-conde-nast-traveler/
4413	inactiva	regex=False	Redirecciones	/noticias/los-clientes-de-impartner-reciben-una-cantidad-record-de-premios-destacados-de-crn-magazine	->	https://www.publi20.com/los-clientes-de-impartner-reciben-una-cantidad-record-de-premios-destacados-de-crn-magazine/
4412	inactiva	regex=False	Redirecciones	/noticias/uruguay-avanza-firmemente-hacia-la-universalizacion-del-acceso-a-servicios-financieros	->	https://www.publi20.com/uruguay-avanza-firmemente-hacia-la-universalizacion-del-acceso-a-servicios-financieros/
4411	inactiva	regex=False	Redirecciones	/noticias/m-holland-finaliza-adquisiciones-en-puerto-rico	->	https://www.publi20.com/m-holland-finaliza-adquisiciones-en-puerto-rico/
4410	inactiva	regex=False	Redirecciones	/noticias/la-marca-sothebys-international-realty-se-extiende-a-nicaragua	->	https://www.publi20.com/la-marca-sothebys-international-realty-se-extiende-a-nicaragua/
4409	inactiva	regex=False	Redirecciones	/noticias/bladex-registra-reporte-anual-formulario-20-f	->	https://www.publi20.com/bladex-registra-reporte-anual-formulario-20-f/
4408	inactiva	regex=False	Redirecciones	/noticias/comunicado-al-mercado-itau-unibanco-holding-archiva-formulario-20-f-de-2015-en-sec-y-cvm	->	https://www.publi20.com/comunicado-al-mercado-itau-unibanco-holding-archiva-formulario-20-f-de-2015-en-sec-y-cvm/
4407	inactiva	regex=False	Redirecciones	/noticias/el-salvador-presenta-logros-de-foro-de-inversiones-realizado-en-chile-by-contra-punto-diario-digital	->	https://www.publi20.com/el-salvador-presenta-logros-de-foro-de-inversiones-realizado-en-chile-by-contra-punto-diario-digital/
4406	inactiva	regex=False	Redirecciones	/noticias/fibra-prologis-anuncia-asamblea-extraordinaria-de-tenedores	->	https://www.publi20.com/fibra-prologis-anuncia-asamblea-extraordinaria-de-tenedores/
4405	inactiva	regex=False	Redirecciones	/noticias/fibra-prologis-anuncia-los-resultados-de-la-asamblea-anual-ordinaria-de-tenedores	->	https://www.publi20.com/fibra-prologis-anuncia-los-resultados-de-la-asamblea-anual-ordinaria-de-tenedores/
4404	inactiva	regex=False	Redirecciones	/noticias/rotarios-asistieron-a-la-audiencia-del-jubileo-en-la-ciudad-del-vaticano	->	https://www.publi20.com/rotarios-asistieron-a-la-audiencia-del-jubileo-en-la-ciudad-del-vaticano/
4403	inactiva	regex=False	Redirecciones	/noticias/pacific-da-a-conocer-actualizacion-sobre-la-reestructuracion-y-considerable-apoyo-por-parte-de-los-tenedores-de-notas-y-prestamistas-asi-como-una-prorroga-de-la-fecha-limite-para-la-contraprestacion-a-los-tenedores-de-notas-que-apoyan-la-reestructuracion-hasta-el-6-de-mayo-de-2016	->	https://www.publi20.com/pacific-da-a-conocer-actualizacion-sobre-la-reestructuracion-y-considerable-apoyo-por-parte-de-los-tenedores-de-notas-y-prestamistas-asi-como-una-prorroga-de-la-fecha-limite-para-la-contraprestacion-a-los-tenedores-de-notas-que-apoyan-la-reestructuracion-hasta-el-6-de-mayo-de-2016/
4402	inactiva	regex=False	Redirecciones	/noticias/pew-se-congratula-del-amplio-apoyo-mundial-a-las-propuestas-de-proteccion-de-tiburones-y-rayas	->	https://www.publi20.com/pew-se-congratula-del-amplio-apoyo-mundial-a-las-propuestas-de-proteccion-de-tiburones-y-rayas/
4401	inactiva	regex=False	Redirecciones	/noticias/proximamente-seran-anunciados-los-ganadores-de-la-tarjeta-verde-2017	->	https://www.publi20.com/proximamente-seran-anunciados-los-ganadores-de-la-tarjeta-verde-2017/
4400	activa	regex=False	Redirecciones	/publicidad-negocios-mexico/como-la-ves-verdad-que-todo-depende	->	https://www.publi20.com/como-la-ves-verdad-que-todo-depende/
4399	activa	regex=False	Redirecciones	/publicidad-negocios-mexico/las-redes-sociales-como-canal-de-atencion-a-clientes	->	https://www.publi20.com/las-redes-sociales-como-canal-de-atencion-a-clientes/
4398	activa	regex=False	Redirecciones	/publicidad-negocios-mexico/regla-de-oro-para-tu-marca-personal-contra-la-homogeneidad-se-tu-mismo	->	https://www.publi20.com/regla-de-oro-para-tu-marca-personal-contra-la-homogeneidad-se-tu-mismo/
4397	inactiva	regex=False	Redirecciones	/noticias/cancun-y-riviera-maya-los-destinos-favoritos-para-viajar-este-verano-by-cancun-foros	->	https://www.publi20.com/cancun-y-riviera-maya-los-destinos-favoritos-para-viajar-este-verano-by-cancun-foros/
4396	inactiva	regex=False	Redirecciones	/noticias/impulso-a-emprendedurismo-ambiental-premios-verde-by-juan-carlos-machorro	->	https://www.publi20.com/impulso-a-emprendedurismo-ambiental-premios-verde-by-juan-carlos-machorro/
4395	inactiva	regex=False	Redirecciones	/noticias/latin-trade-presenta-el-ranking-de-multimillonarios-de-america-latina	->	https://www.publi20.com/latin-trade-presenta-el-ranking-de-multimillonarios-de-america-latina/
4394	inactiva	regex=False	Redirecciones	/noticias/huawei-habilita-la-aplicacion-de-la-nb-iot-en-industrias-verticales-a-traves-de-la-innovacion-y-la-colaboracion	->	https://www.publi20.com/huawei-habilita-la-aplicacion-de-la-nb-iot-en-industrias-verticales-a-traves-de-la-innovacion-y-la-colaboracion/
4393	inactiva	regex=False	Redirecciones	/noticias/mead-johnson-nutrition-llevo-a-cabo-encuentros-medicos-sobre-nuevas-tendencias-en-nutricion-pediatrica-y-desarrollo-mental	->	https://www.publi20.com/mead-johnson-nutrition-llevo-a-cabo-encuentros-medicos-sobre-nuevas-tendencias-en-nutricion-pediatrica-y-desarrollo-mental/
4392	inactiva	regex=False	Redirecciones	/noticias/lenovo-revela-el-zuk-z2-pro-el-dispositivo-que-cambiara-las-reglas	->	https://www.publi20.com/lenovo-revela-el-zuk-z2-pro-el-dispositivo-que-cambiara-las-reglas/
4391	inactiva	regex=False	Redirecciones	/noticias/la-universidad-laval-recupera-el-titulo-en-la-shell-eco-marathon-de-las-americas-que-ostentaba-la-universidad-de-toronto	->	https://www.publi20.com/la-universidad-laval-recupera-el-titulo-en-la-shell-eco-marathon-de-las-americas-que-ostentaba-la-universidad-de-toronto/
4390	inactiva	regex=False	Redirecciones	/noticias/los-pilotos-de-ups-respetaran-los-piquetes-alemanes-en-el-aeropuerto-de-colonia-bonn	->	https://www.publi20.com/los-pilotos-de-ups-respetaran-los-piquetes-alemanes-en-el-aeropuerto-de-colonia-bonn/
4389	inactiva	regex=False	Redirecciones	/noticias/uefa-y-pepsi-llevan-por-primera-vez-epico-recital-en-vivo-a-la-final-de-la-liga-de-campeones-de-la-uefa	->	https://www.publi20.com/uefa-y-pepsi-llevan-por-primera-vez-epico-recital-en-vivo-a-la-final-de-la-liga-de-campeones-de-la-uefa/
4388	inactiva	regex=False	Redirecciones	/noticias/amazoncrossing-en-espanol-lanza-estados-unidos-de-banana-libro-latinoamericano-vislumbra-la-desintegracion-del-imperio-americano	->	https://www.publi20.com/amazoncrossing-en-espanol-lanza-estados-unidos-de-banana-libro-latinoamericano-vislumbra-la-desintegracion-del-imperio-americano/
4387	inactiva	regex=False	Redirecciones	/noticias/la-capacidad-financiera-mas-que-los-conocimientos-basicos-o-la-educacion-es-la-clave-para-la-inclusion-financiera	->	https://www.publi20.com/la-capacidad-financiera-mas-que-los-conocimientos-basicos-o-la-educacion-es-la-clave-para-la-inclusion-financiera/
4386	inactiva	regex=False	Redirecciones	/noticias/fortinet-elige-la-tecnologia-prm-de-impartner-para-ayudar-a-transformar-su-plataforma-global-de-relaciones-con-los-socios	->	https://www.publi20.com/fortinet-elige-la-tecnologia-prm-de-impartner-para-ayudar-a-transformar-su-plataforma-global-de-relaciones-con-los-socios/
4385	inactiva	regex=False	Redirecciones	/noticias/sc-johnson-reconocida-como-el-mejor-lugar-para-trabajar-en-mexico-por-decimoquinto-ano-consecutivo-en-2016	->	https://www.publi20.com/sc-johnson-reconocida-como-el-mejor-lugar-para-trabajar-en-mexico-por-decimoquinto-ano-consecutivo-en-2016/
4384	inactiva	regex=False	Redirecciones	/noticias/hennessy-celebra-la-llegada-de-la-octava-generacion-de-maestros-mezcladores-con-el-legado-cognac-hennessy-8	->	https://www.publi20.com/hennessy-celebra-la-llegada-de-la-octava-generacion-de-maestros-mezcladores-con-el-legado-cognac-hennessy-8/
4383	inactiva	regex=False	Redirecciones	/noticias/ipoint-presenta-borrador-de-leyes-sobre-trafico-de-personas-y-esclavitud-para-el-sector-privado	->	https://www.publi20.com/ipoint-presenta-borrador-de-leyes-sobre-trafico-de-personas-y-esclavitud-para-el-sector-privado/
4382	inactiva	regex=False	Redirecciones	/noticias/joven-emprendedor-forestal-premia-el-talento-de-jovenes-de-mexico-centro-y-sudamerica-en-su-tercer-certamen	->	https://www.publi20.com/joven-emprendedor-forestal-premia-el-talento-de-jovenes-de-mexico-centro-y-sudamerica-en-su-tercer-certamen/
4381	inactiva	regex=False	Redirecciones	/noticias/landsteiner-scientific-la-farmaceutica-mexicana-mejor-posicionada-en-el-ranking-great-place-to-work	->	https://www.publi20.com/landsteiner-scientific-la-farmaceutica-mexicana-mejor-posicionada-en-el-ranking-great-place-to-work/
4380	inactiva	regex=False	Redirecciones	/noticias/hna-tourism-group-sella-un-acuerdo-con-carlson-hospitality-group-para-la-adquisicion-de-carlson-hotels-inc	->	https://www.publi20.com/hna-tourism-group-sella-un-acuerdo-con-carlson-hospitality-group-para-la-adquisicion-de-carlson-hotels-inc/
4379	inactiva	regex=False	Redirecciones	/noticias/el-festival-internacional-de-cine-de-morelia-presentara-una-funcion-especial-en-el-festival-de-cannes	->	https://www.publi20.com/el-festival-internacional-de-cine-de-morelia-presentara-una-funcion-especial-en-el-festival-de-cannes/
4378	inactiva	regex=False	Redirecciones	/noticias/pacific-anuncia-presentacion-bajo-la-ley-de-acuerdo-para-acreedores-de-empresas-en-relacion-con-su-reestructuracion-integral-anunciada-previamente-con-la-participacion-de-catalyst-capital-y-tenedores-de-notas-y-prestamistas-de-pacific	->	https://www.publi20.com/pacific-anuncia-presentacion-bajo-la-ley-de-acuerdo-para-acreedores-de-empresas-en-relacion-con-su-reestructuracion-integral-anunciada-previamente-con-la-participacion-de-catalyst-capital-y-tenedores-de-notas-y-prestamistas-de-pacific/
4377	activa	regex=False	Redirecciones	/publicidad-negocios-mexico/en-la-vida-y-los-negocios	->	https://www.publi20.com/en-la-vida-y-los-negocios/
4376	inactiva	regex=False	Redirecciones	/noticias/el-inversionista-en-internet-y-filantropo-de-las-ciencias-yuri-milner-y-el-fisico-stephen-hawking-anuncian-el-proyecto-breakthrough-starshot-para-desarrollar-una-mision-a-las-estrellas-a-100-millones-de-millas-por-hora-dentro-de-una-generacion	->	https://www.publi20.com/el-inversionista-en-internet-y-filantropo-de-las-ciencias-yuri-milner-y-el-fisico-stephen-hawking-anuncian-el-proyecto-breakthrough-starshot-para-desarrollar-una-mision-a-las-estrellas-a-100-millones-de-millas-por-hora-dentro-de-una-generacion/
4375	inactiva	regex=False	Redirecciones	/noticias/versy-nueva-red-social-basada-en-los-intereses-de-los-usuarios	->	https://www.publi20.com/versy-nueva-red-social-basada-en-los-intereses-de-los-usuarios/
4374	inactiva	regex=False	Redirecciones	/noticias/pacific-da-a-conocer-actualizacion-acerca-de-la-reestructuracion	->	https://www.publi20.com/pacific-da-a-conocer-actualizacion-acerca-de-la-reestructuracion/
4373	inactiva	regex=False	Redirecciones	/noticias/womens-forum-mexico-2016-recibe-a-la-delegacion-cubana-de-mujeres-emprendedoras	->	https://www.publi20.com/womens-forum-mexico-2016-recibe-a-la-delegacion-cubana-de-mujeres-emprendedoras/
4372	inactiva	regex=False	Redirecciones	/noticias/el-mercado-europeo-responde-de-manera-favorable-a-los-productos-exclusivos-de-xcmg-en-bauma-2016	->	https://www.publi20.com/el-mercado-europeo-responde-de-manera-favorable-a-los-productos-exclusivos-de-xcmg-en-bauma-2016/
4371	inactiva	regex=False	Redirecciones	/noticias/cornershop-recibe-inversion-por-usd-67-millones	->	https://www.publi20.com/cornershop-recibe-inversion-por-usd-67-millones/
4370	inactiva	regex=False	Redirecciones	/noticias/grundig-presenta-su-coleccion-premium-de-electrodomesticos-integrados-en-eurocucina	->	https://www.publi20.com/grundig-presenta-su-coleccion-premium-de-electrodomesticos-integrados-en-eurocucina/
4369	inactiva	regex=False	Redirecciones	/noticias/el-parque-eolico-dominica-de-enel-en-mexico-gana-el-premio-de-sostenibilidad-del-bid	->	https://www.publi20.com/el-parque-eolico-dominica-de-enel-en-mexico-gana-el-premio-de-sostenibilidad-del-bid/
4368	inactiva	regex=False	Redirecciones	/noticias/netflix-confirma-nueva-serie-original-basada-en-la-actual-investigacion-de-corrupcion-brasilena	->	https://www.publi20.com/netflix-confirma-nueva-serie-original-basada-en-la-actual-investigacion-de-corrupcion-brasilena/
4367	inactiva	regex=False	Redirecciones	/noticias/packers-plus-y-schlumberger-ingresan-a-una-alianza-global	->	https://www.publi20.com/packers-plus-y-schlumberger-ingresan-a-una-alianza-global/
4366	inactiva	regex=False	Redirecciones	/noticias/desde-la-costa-a-costa-southwest-airlines-conecta-a-los-pasajeros-de-los-angeles-con-las-playas-doradas-de-costa-rica	->	https://www.publi20.com/desde-la-costa-a-costa-southwest-airlines-conecta-a-los-pasajeros-de-los-angeles-con-las-playas-doradas-de-costa-rica/
4365	inactiva	regex=False	Redirecciones	/noticias/agile-alliance-anuncia-el-programa-del-agile2016	->	https://www.publi20.com/agile-alliance-anuncia-el-programa-del-agile2016/
4364	inactiva	regex=False	Redirecciones	/noticias/cooper-gay-argentina-le-da-la-bienvenida-a-los-nuevos-miembros-del-equipo-de-contratos-para-fortalecer-y-desarrollar-su-posicion-en-el-mercado	->	https://www.publi20.com/cooper-gay-argentina-le-da-la-bienvenida-a-los-nuevos-miembros-del-equipo-de-contratos-para-fortalecer-y-desarrollar-su-posicion-en-el-mercado/
4363	inactiva	regex=False	Redirecciones	/noticias/level-3-designada-como-miembro-avanzado-de-aws-partner-network	->	https://www.publi20.com/level-3-designada-como-miembro-avanzado-de-aws-partner-network/
4362	inactiva	regex=False	Redirecciones	/noticias/el-programa-futbol-por-la-amistad-de-gazprom-international-gana-los-premios-gold-quill-2016	->	https://www.publi20.com/el-programa-futbol-por-la-amistad-de-gazprom-international-gana-los-premios-gold-quill-2016/
4361	inactiva	regex=False	Redirecciones	/noticias/destino-extraordinario-el-nuevo-reto-de-meditacion-de-deepak-chopra-e-ismael-cala	->	https://www.publi20.com/destino-extraordinario-el-nuevo-reto-de-meditacion-de-deepak-chopra-e-ismael-cala/
4360	inactiva	regex=False	Redirecciones	/noticias/pacific-anuncia-revision-de-su-elegibilidad-para-cotizar-en-la-bolsa-de-valores-de-toronto	->	https://www.publi20.com/pacific-anuncia-revision-de-su-elegibilidad-para-cotizar-en-la-bolsa-de-valores-de-toronto/
4359	inactiva	regex=False	Redirecciones	/noticias/el-fabricante-chino-de-ropa-deportiva-peak-celebra-una-nueva-presentacion-de-productos-olimpicos-en-eslovenia	->	https://www.publi20.com/el-fabricante-chino-de-ropa-deportiva-peak-celebra-una-nueva-presentacion-de-productos-olimpicos-en-eslovenia/
4358	inactiva	regex=False	Redirecciones	/noticias/inauguracion-oficial-de-la-119na-feria-de-canton	->	https://www.publi20.com/inauguracion-oficial-de-la-119na-feria-de-canton/
4357	inactiva	regex=False	Redirecciones	/noticias/mot-hennessy-y-solar-impulse-continuan-celebrando-la-sustentabilidad-en-2016	->	https://www.publi20.com/mot-hennessy-y-solar-impulse-continuan-celebrando-la-sustentabilidad-en-2016/
4356	activa	regex=False	Redirecciones	/publicidad-negocios-mexico/el-consumidor-no-quiere-mas-opciones	->	https://www.publi20.com/el-consumidor-no-quiere-mas-opciones/
4355	inactiva	regex=False	Redirecciones	/noticias/nerium-international-presenta-el-suero-anti-edad-para-ojos	->	https://www.publi20.com/nerium-international-presenta-el-suero-anti-edad-para-ojos/
4354	inactiva	regex=False	Redirecciones	/noticias/la-ultra-hd-4k-smart-ir-ptz-de-hikvision-gano-el-premio-new-product-showcase-en-isc-west	->	https://www.publi20.com/la-ultra-hd-4k-smart-ir-ptz-de-hikvision-gano-el-premio-new-product-showcase-en-isc-west/
4353	inactiva	regex=False	Redirecciones	/noticias/modulo-digitalizador-de-viewsonic-mejora-las-soluciones-de-cajeros-automaticos-vtm-de-avanzada-para-el-sector-bancario	->	https://www.publi20.com/modulo-digitalizador-de-viewsonic-mejora-las-soluciones-de-cajeros-automaticos-vtm-de-avanzada-para-el-sector-bancario/
4352	inactiva	regex=False	Redirecciones	/noticias/barbados-asevera-los-beneficios-economicos-de-sus-estructuras-offshore	->	https://www.publi20.com/barbados-asevera-los-beneficios-economicos-de-sus-estructuras-offshore/
4351	inactiva	regex=False	Redirecciones	/noticias/fibra-prologis-anuncia-asamblea-anual-y-extraordinaria-de-tenedores	->	https://www.publi20.com/fibra-prologis-anuncia-asamblea-anual-y-extraordinaria-de-tenedores/
4350	inactiva	regex=False	Redirecciones	/noticias/isuzu-motors-de-mexico-anuncia-cambios-en-sus-puestos-directivos	->	https://www.publi20.com/isuzu-motors-de-mexico-anuncia-cambios-en-sus-puestos-directivos/
4349	inactiva	regex=False	Redirecciones	/noticias/h2opendoors-llega-a-cuba	->	https://www.publi20.com/h2opendoors-llega-a-cuba/
4348	inactiva	regex=False	Redirecciones	/noticias/hikvision-anuncia-su-exito-en-el-isc-brasil	->	https://www.publi20.com/hikvision-anuncia-su-exito-en-el-isc-brasil/
4347	inactiva	regex=False	Redirecciones	/noticias/mohawk-industries-inc-invita-a-sumarse-a-la-teleconferencia-del-primer-trimestre-de-2016-en-internet	->	https://www.publi20.com/mohawk-industries-inc-invita-a-sumarse-a-la-teleconferencia-del-primer-trimestre-de-2016-en-internet/
4346	inactiva	regex=False	Redirecciones	/noticias/omnicom-media-group-revela-detalles-sobre-su-tercera-red	->	https://www.publi20.com/omnicom-media-group-revela-detalles-sobre-su-tercera-red/
4345	inactiva	regex=False	Redirecciones	/noticias/la-oficina-mas-sostenible-del-mundo-se-encuentra-en-los-paises-bajos	->	https://www.publi20.com/la-oficina-mas-sostenible-del-mundo-se-encuentra-en-los-paises-bajos/
4344	inactiva	regex=False	Redirecciones	/noticias/reed-exhibitions-japan-hara-la-3ra-wearable-expo-del-18-al-20-de-enero-de-2017-en-tokio	->	https://www.publi20.com/reed-exhibitions-japan-hara-la-3ra-wearable-expo-del-18-al-20-de-enero-de-2017-en-tokio/
4343	inactiva	regex=False	Redirecciones	/noticias/emaar-da-forma-al-fastuoso-perfil-nuevo-de-dubai-con-una-impactante-torre-en-el-puerto-dubai-creek	->	https://www.publi20.com/emaar-da-forma-al-fastuoso-perfil-nuevo-de-dubai-con-una-impactante-torre-en-el-puerto-dubai-creek/
4342	inactiva	regex=False	Redirecciones	/noticias/nerium-international-ofrece-innovacion-para-la-vitalidad-cerebral-con-el-lanzamiento-en-mexico-del-suplemento-alimenticio-eht	->	https://www.publi20.com/nerium-international-ofrece-innovacion-para-la-vitalidad-cerebral-con-el-lanzamiento-en-mexico-del-suplemento-alimenticio-eht/
4341	inactiva	regex=False	Redirecciones	/noticias/reed-presenta-exposiciones-inaugurales-de-robotica-y-fabricacion-inteligente-en-tokio-desde-el-18-de-enero-de-2017	->	https://www.publi20.com/reed-presenta-exposiciones-inaugurales-de-robotica-y-fabricacion-inteligente-en-tokio-desde-el-18-de-enero-de-2017/
4340	inactiva	regex=False	Redirecciones	/noticias/ofertas-365-inc-anuncia-el-lanzamiento-de-su-juego-lucky-6-en-colombia-mercado-de-gaming-en-pleno-desarrollo-en-alianza-con-el-operador-local-eds-inversiones	->	https://www.publi20.com/ofertas-365-inc-anuncia-el-lanzamiento-de-su-juego-lucky-6-en-colombia-mercado-de-gaming-en-pleno-desarrollo-en-alianza-con-el-operador-local-eds-inversiones/
4339	inactiva	regex=False	Redirecciones	/noticias/i-protect-el-gran-avance-de-kiekert-en-sistemas-de-proteccion-de-puertas	->	https://www.publi20.com/i-protect-el-gran-avance-de-kiekert-en-sistemas-de-proteccion-de-puertas/
4338	inactiva	regex=False	Redirecciones	/noticias/la-version-mas-reciente-de-finscan-simplifica-y-acelera-la-exploracion-de-cumplimiento-antilavado-de-dinero	->	https://www.publi20.com/la-version-mas-reciente-de-finscan-simplifica-y-acelera-la-exploracion-de-cumplimiento-antilavado-de-dinero/
4337	inactiva	regex=False	Redirecciones	/noticias/gillette-revela-la-campana-lo-perfecto-no-es-bonito-rumbo-a-los-juegos-olimpicos-de-rio-de-janeiro-2016	->	https://www.publi20.com/gillette-revela-la-campana-lo-perfecto-no-es-bonito-rumbo-a-los-juegos-olimpicos-de-rio-de-janeiro-2016/
4336	inactiva	regex=False	Redirecciones	/noticias/colaboracion-hemisferica-para-resolver-problemas-relevantes-a-traves-de-la-investigacion	->	https://www.publi20.com/colaboracion-hemisferica-para-resolver-problemas-relevantes-a-traves-de-la-investigacion/
4335	inactiva	regex=False	Redirecciones	/noticias/un-ano-al-aire-by-diario-moda-radio	->	https://www.publi20.com/un-ano-al-aire-by-diario-moda-radio/
4334	inactiva	regex=False	Redirecciones	/noticias/menor-crecimiento-economico-para-el-salvador-en-2016-by-contrapunto-diario-digital	->	https://www.publi20.com/menor-crecimiento-economico-para-el-salvador-en-2016-by-contrapunto-diario-digital/
4333	inactiva	regex=False	Redirecciones	/noticias/las-renombradas-instituciones-de-diseno-domus-academy-y-nuova-accademia-di-belle-arti-milano-naba-se-asocian-con-la-universidad-tsinghua-para-presentar-noosphere-xx1-un-modelo-para-la-produccion-de-conocimiento-en-la-xxi-exposicion-internacional-de-la-trienal-de-milan	->	https://www.publi20.com/las-renombradas-instituciones-de-diseno-domus-academy-y-nuova-accademia-di-belle-arti-milano-naba-se-asocian-con-la-universidad-tsinghua-para-presentar-noosphere-xx1-un-modelo-para-la-produccion-de-conocimiento-en-la-xxi-exposicion-internacional-de-la-trienal-de-milan/
4332	inactiva	regex=False	Redirecciones	/noticias/gobierno-cubano-toma-represalia-contra-reportera-de-america-teve	->	https://www.publi20.com/gobierno-cubano-toma-represalia-contra-reportera-de-america-teve/
4331	inactiva	regex=False	Redirecciones	/noticias/el-mayors-challenge-2016-de-bloomberg-philanthropies-da-la-bienvenida-a-363-ciudades-de-america-latina-y-el-caribe-con-30-ciudades-de-argentina-representadas	->	https://www.publi20.com/el-mayors-challenge-2016-de-bloomberg-philanthropies-da-la-bienvenida-a-363-ciudades-de-america-latina-y-el-caribe-con-30-ciudades-de-argentina-representadas/
4330	inactiva	regex=False	Redirecciones	/noticias/el-mayors-challenge-2016-de-bloomberg-philanthropies-da-la-bienvenida-a-363-ciudades-de-america-latina-y-el-caribe-con-34-ciudades-de-chile-representadas	->	https://www.publi20.com/el-mayors-challenge-2016-de-bloomberg-philanthropies-da-la-bienvenida-a-363-ciudades-de-america-latina-y-el-caribe-con-34-ciudades-de-chile-representadas/
4329	inactiva	regex=False	Redirecciones	/noticias/el-mayors-challenge-2016-de-bloomberg-philanthropies-da-la-bienvenida-a-363-ciudades-de-america-latina-y-el-caribe-con-55-ciudades-de-colombia-representadas	->	https://www.publi20.com/el-mayors-challenge-2016-de-bloomberg-philanthropies-da-la-bienvenida-a-363-ciudades-de-america-latina-y-el-caribe-con-55-ciudades-de-colombia-representadas/
4328	inactiva	regex=False	Redirecciones	/noticias/el-mayors-challenge-2016-de-bloomberg-philanthropies-da-la-bienvenida-a-363-ciudades-de-america-latina-y-el-caribe-con-cinco-ciudades-de-la-republica-dominicana-representadas	->	https://www.publi20.com/el-mayors-challenge-2016-de-bloomberg-philanthropies-da-la-bienvenida-a-363-ciudades-de-america-latina-y-el-caribe-con-cinco-ciudades-de-la-republica-dominicana-representadas/
4327	inactiva	regex=False	Redirecciones	/noticias/el-mayors-challenge-2016-de-bloomberg-philanthropies-da-la-bienvenida-a-363-ciudades-de-america-latina-y-el-caribe-con-12-ciudades-de-ecuador-representadas	->	https://www.publi20.com/el-mayors-challenge-2016-de-bloomberg-philanthropies-da-la-bienvenida-a-363-ciudades-de-america-latina-y-el-caribe-con-12-ciudades-de-ecuador-representadas/
4326	inactiva	regex=False	Redirecciones	/noticias/el-mayors-challenge-2016-de-bloomberg-philanthropies-da-la-bienvenida-a-363-ciudades-de-america-latina-y-el-caribe-con-68-ciudades-de-mejico-representadas	->	https://www.publi20.com/el-mayors-challenge-2016-de-bloomberg-philanthropies-da-la-bienvenida-a-363-ciudades-de-america-latina-y-el-caribe-con-68-ciudades-de-mejico-representadas/
4325	inactiva	regex=False	Redirecciones	/noticias/el-mayors-challenge-2016-de-bloomberg-philanthropies-da-la-bienvenida-a-363-ciudades-de-america-latina-y-el-caribe-con-12-ciudades-de-peru-representadas	->	https://www.publi20.com/el-mayors-challenge-2016-de-bloomberg-philanthropies-da-la-bienvenida-a-363-ciudades-de-america-latina-y-el-caribe-con-12-ciudades-de-peru-representadas/
4324	inactiva	regex=False	Redirecciones	/noticias/level-3-incorpora-microsoft-office-365-a-su-ecosistema-de-soluciones-cloud-connect	->	https://www.publi20.com/level-3-incorpora-microsoft-office-365-a-su-ecosistema-de-soluciones-cloud-connect/
4323	inactiva	regex=False	Redirecciones	/noticias/phoenix-tower-international-cierra-la-compra-de-145-torres-de-telecomunicacion-inalambricas-y-derechos-de-mercadeo-sobre-400-sitios-de-viva-en-la-republica-dominicana	->	https://www.publi20.com/phoenix-tower-international-cierra-la-compra-de-145-torres-de-telecomunicacion-inalambricas-y-derechos-de-mercadeo-sobre-400-sitios-de-viva-en-la-republica-dominicana/
4322	inactiva	regex=False	Redirecciones	/noticias/datos-y-sesiones-relevantes-en-la-reunion-de-la-sages-2016-prueban-la-seguridad-y-la-eficacia-de-la-terapia-stretta-para-la-erge	->	https://www.publi20.com/datos-y-sesiones-relevantes-en-la-reunion-de-la-sages-2016-prueban-la-seguridad-y-la-eficacia-de-la-terapia-stretta-para-la-erge/
4321	inactiva	regex=False	Redirecciones	/noticias/ventanilla-unica-para-los-paneles-de-pantalla-schenck-process-continua-enfocandose-en-la-proximidad-del-cliente-y-es-la-primera-compania-en-establecer-en-brasil-una-planta-de-produccion-de-paneles-de-pantalla-moldeados-a-inyeccion	->	https://www.publi20.com/ventanilla-unica-para-los-paneles-de-pantalla-schenck-process-continua-enfocandose-en-la-proximidad-del-cliente-y-es-la-primera-compania-en-establecer-en-brasil-una-planta-de-produccion-de-paneles-de-pantalla-moldeados-a-inyeccion/
4320	inactiva	regex=False	Redirecciones	/noticias/enel-green-power-confirma-su-liderazgo-en-energias-renovables-en-mexico-tras-resultados-de-subasta	->	https://www.publi20.com/enel-green-power-confirma-su-liderazgo-en-energias-renovables-en-mexico-tras-resultados-de-subasta/
4319	inactiva	regex=False	Redirecciones	/noticias/make-up-for-ever-se-asocia-con-charli-xcx-para-su-nueva-campana-aqua-xl	->	https://www.publi20.com/make-up-for-ever-se-asocia-con-charli-xcx-para-su-nueva-campana-aqua-xl/
4318	inactiva	regex=False	Redirecciones	/noticias/gamechange-solar-recibe-orden-de-genius-tracker-de-28-mw-para-el-sudeste	->	https://www.publi20.com/gamechange-solar-recibe-orden-de-genius-tracker-de-28-mw-para-el-sudeste/
4317	inactiva	regex=False	Redirecciones	/noticias/del-director-y-los-productores-de-velvet-y-gran-hotel-llega-la-primera-serie-original-de-netflix-filmada-y-producida-en-espana	->	https://www.publi20.com/del-director-y-los-productores-de-velvet-y-gran-hotel-llega-la-primera-serie-original-de-netflix-filmada-y-producida-en-espana/
4316	inactiva	regex=False	Redirecciones	/noticias/circum-designa-a-morgan-stanley-para-llevar-a-cabo-una-revision-estrategica-y-optimiza-el-estudio-de-factibilidad	->	https://www.publi20.com/circum-designa-a-morgan-stanley-para-llevar-a-cabo-una-revision-estrategica-y-optimiza-el-estudio-de-factibilidad/
4315	inactiva	regex=False	Redirecciones	/noticias/las-perspectivas-de-la-cooperacion-entre-rusia-y-los-paises-de-america-latina-fueron-discutidas-en-la-ronda-mediatica-y-el-foro-de-negocios-en-uruguay	->	https://www.publi20.com/las-perspectivas-de-la-cooperacion-entre-rusia-y-los-paises-de-america-latina-fueron-discutidas-en-la-ronda-mediatica-y-el-foro-de-negocios-en-uruguay/
4314	inactiva	regex=False	Redirecciones	/noticias/portadalat-anuncia-un-importante-listado-de-conferencistas-que-incluye-a-avon-meliahoteles-best-western-brown-forman-y-nestle	->	https://www.publi20.com/portadalat-anuncia-un-importante-listado-de-conferencistas-que-incluye-a-avon-meliahoteles-best-western-brown-forman-y-nestle/
4313	inactiva	regex=False	Redirecciones	/noticias/virgin-hotels-anuncia-a-su-nuevo-vicepresidente-de-desarrollo	->	https://www.publi20.com/virgin-hotels-anuncia-a-su-nuevo-vicepresidente-de-desarrollo/
4312	inactiva	regex=False	Redirecciones	/noticias/care-energy-ofrece-representacion-a-accionistas-de-eon-y-rwe-los-modelos-de-negocios-de-las-sa-deben-ser-controlados-de-manera-mas-cercana-con-una-experiencia-especializada	->	https://www.publi20.com/care-energy-ofrece-representacion-a-accionistas-de-eon-y-rwe-los-modelos-de-negocios-de-las-sa-deben-ser-controlados-de-manera-mas-cercana-con-una-experiencia-especializada/
4311	inactiva	regex=False	Redirecciones	/noticias/ypf-presenta-informe-anual-2015-en-formulario-20-f	->	https://www.publi20.com/ypf-presenta-informe-anual-2015-en-formulario-20-f/
4310	inactiva	regex=False	Redirecciones	/noticias/diebold-cumple-con-exito-con-las-condiciones-de-oferta-para-las-acciones-de-wincor-nixdorf	->	https://www.publi20.com/diebold-cumple-con-exito-con-las-condiciones-de-oferta-para-las-acciones-de-wincor-nixdorf/
4309	inactiva	regex=False	Redirecciones	/noticias/la-fundacion-loreal-junto-a-la-unesco-lanzan-un-manifiesto-para-defender-el-rol-de-las-mujeres-en-las-ciencias	->	https://www.publi20.com/la-fundacion-loreal-junto-a-la-unesco-lanzan-un-manifiesto-para-defender-el-rol-de-las-mujeres-en-las-ciencias/
4308	inactiva	regex=False	Redirecciones	/noticias/pacific-prorroga-hasta-el-29-de-abril-de-2016-los-acuerdos-de-indulgencia-con-bancos-y-un-importante-grupo-de-tenedores-de-notas	->	https://www.publi20.com/pacific-prorroga-hasta-el-29-de-abril-de-2016-los-acuerdos-de-indulgencia-con-bancos-y-un-importante-grupo-de-tenedores-de-notas/
4307	inactiva	regex=False	Redirecciones	/noticias/antes-y-despues-connie-talbot-la-estrella-de-britains-got-talent-emerge-como-una-increible-compositora-y-cantante-con-su-nuevo-album-matters-to-me-en-venta-a-traves-de-evolution-music-group	->	https://www.publi20.com/antes-y-despues-connie-talbot-la-estrella-de-britains-got-talent-emerge-como-una-increible-compositora-y-cantante-con-su-nuevo-album-matters-to-me-en-venta-a-traves-de-evolution-music-group/
4306	inactiva	regex=False	Redirecciones	/noticias/el-ganador-de-1-idea-para-cambiar-la-historia-reconocido-por-barack-obama	->	https://www.publi20.com/el-ganador-de-1-idea-para-cambiar-la-historia-reconocido-por-barack-obama/
4305	inactiva	regex=False	Redirecciones	/noticias/cru-ofrece-la-conferencia-mundial-del-cobre-mas-completa-hasta-la-fecha	->	https://www.publi20.com/cru-ofrece-la-conferencia-mundial-del-cobre-mas-completa-hasta-la-fecha/
4304	inactiva	regex=False	Redirecciones	/noticias/uol-boacompra-llega-a-chile	->	https://www.publi20.com/uol-boacompra-llega-a-chile/
4303	inactiva	regex=False	Redirecciones	/noticias/fibra-prologis-anuncia-que-el-22-de-abril-llevara-a-cabo-la-conferencia-telefonica-donde-presentara-los-resultados-financieros-del-primer-trimestre-de-2016	->	https://www.publi20.com/fibra-prologis-anuncia-que-el-22-de-abril-llevara-a-cabo-la-conferencia-telefonica-donde-presentara-los-resultados-financieros-del-primer-trimestre-de-2016/
4302	inactiva	regex=False	Redirecciones	/noticias/safetypay-lanza-aplicacion-y-peruvian-es-la-primera-compania-aerea-de-america-latina-en-invertir-en-la-tecnologia	->	https://www.publi20.com/safetypay-lanza-aplicacion-y-peruvian-es-la-primera-compania-aerea-de-america-latina-en-invertir-en-la-tecnologia/
4301	inactiva	regex=False	Redirecciones	/noticias/xs-international-fue-incluida-en-el-informe-2016-competitive-landscape-report-de-gartner	->	https://www.publi20.com/xs-international-fue-incluida-en-el-informe-2016-competitive-landscape-report-de-gartner/
4300	inactiva	regex=False	Redirecciones	/noticias/emprendedores-de-silicon-valley-y-america-latina-comienzan-un-equipo-de-futbol-profesional-en-san-francisco	->	https://www.publi20.com/emprendedores-de-silicon-valley-y-america-latina-comienzan-un-equipo-de-futbol-profesional-en-san-francisco/
4299	inactiva	regex=False	Redirecciones	/noticias/haciendo-que-cada-dolar-cuente-jereh-en-la-cippe-2016	->	https://www.publi20.com/haciendo-que-cada-dolar-cuente-jereh-en-la-cippe-2016/
4298	inactiva	regex=False	Redirecciones	/noticias/best-buy-apoya-a-los-emprendedores-en-mexico	->	https://www.publi20.com/best-buy-apoya-a-los-emprendedores-en-mexico/
4297	inactiva	regex=False	Redirecciones	/noticias/spectra-group-y-tesacom-presentan-slingshot-en-chile	->	https://www.publi20.com/spectra-group-y-tesacom-presentan-slingshot-en-chile/
4296	inactiva	regex=False	Redirecciones	/noticias/servicio-de-video-iot-smartvue-ahora-es-mas-grande-que-youtube-carga-28-millones-de-minutos-de-videovigilancia-a-diario	->	https://www.publi20.com/servicio-de-video-iot-smartvue-ahora-es-mas-grande-que-youtube-carga-28-millones-de-minutos-de-videovigilancia-a-diario/
4295	inactiva	regex=False	Redirecciones	/noticias/diebold-confirma-los-resultados-de-la-oferta-de-compra-de-acciones-de-wincor-nixdorf	->	https://www.publi20.com/diebold-confirma-los-resultados-de-la-oferta-de-compra-de-acciones-de-wincor-nixdorf/
4294	inactiva	regex=False	Redirecciones	/noticias/markets-group-mas-de-400-socios-limitados-se-reunen-con-lideres-en-materia-de-capital-de-riesgo-en-nueva-york-para-abordar-las-principales-asignaciones-del-2016	->	https://www.publi20.com/markets-group-mas-de-400-socios-limitados-se-reunen-con-lideres-en-materia-de-capital-de-riesgo-en-nueva-york-para-abordar-las-principales-asignaciones-del-2016/
4293	inactiva	regex=False	Redirecciones	/noticias/husqvarna-lanza-la-primera-aplicacion-apple-watch-para-cortadoras-de-cesped-roboticas	->	https://www.publi20.com/husqvarna-lanza-la-primera-aplicacion-apple-watch-para-cortadoras-de-cesped-roboticas/
4292	inactiva	regex=False	Redirecciones	/noticias/sc-johnson-venezuela-fue-reconocida-como-el-mejor-lugar-de-trabajo	->	https://www.publi20.com/sc-johnson-venezuela-fue-reconocida-como-el-mejor-lugar-de-trabajo/
4291	inactiva	regex=False	Redirecciones	/noticias/andes-wines-invita-a-cosechar-malbec-de-san-rosendo-de-mas-de-140-anos	->	https://www.publi20.com/andes-wines-invita-a-cosechar-malbec-de-san-rosendo-de-mas-de-140-anos/
4290	inactiva	regex=False	Redirecciones	/noticias/fibra-prologis-anuncia-canje-de-titulo-de-cbfis	->	https://www.publi20.com/fibra-prologis-anuncia-canje-de-titulo-de-cbfis/
4289	inactiva	regex=False	Redirecciones	/noticias/pacific-confirma-conversaciones-con-los-accionistas-en-relacion-con-el-proceso-de-reestructuracion-de-deuda	->	https://www.publi20.com/pacific-confirma-conversaciones-con-los-accionistas-en-relacion-con-el-proceso-de-reestructuracion-de-deuda/
4288	inactiva	regex=False	Redirecciones	/noticias/maria-laria-presentadora-de-arrebatados-en-america-teve-celebra-su-decimo-aniversario	->	https://www.publi20.com/maria-laria-presentadora-de-arrebatados-en-america-teve-celebra-su-decimo-aniversario/
4287	inactiva	regex=False	Redirecciones	/noticias/la-alianza-con-rainforest-alliance-anade-una-capa-mas-de-placer-al-comer-una-paleta-magnum	->	https://www.publi20.com/la-alianza-con-rainforest-alliance-anade-una-capa-mas-de-placer-al-comer-una-paleta-magnum/
4286	inactiva	regex=False	Redirecciones	/noticias/conectividad-vial-para-favorece-desarrollo-economico-en-el-salvador-by-contrapunto-diario-digital	->	https://www.publi20.com/conectividad-vial-para-favorece-desarrollo-economico-en-el-salvador-by-contrapunto-diario-digital/
4285	inactiva	regex=False	Redirecciones	/noticias/20-de-marzo-dia-internacional-de-la-felicidad	->	https://www.publi20.com/20-de-marzo-dia-internacional-de-la-felicidad/
4284	inactiva	regex=False	Redirecciones	/noticias/cobertura-especial-del-viaje-del-presidente-obama-a-cuba-domingo-20-de-marzo-por-america-teve	->	https://www.publi20.com/cobertura-especial-del-viaje-del-presidente-obama-a-cuba-domingo-20-de-marzo-por-america-teve/
4283	inactiva	regex=False	Redirecciones	/noticias/las-tres-responsabilidades-corporativas-mas-importantes-segun-los-consumidores	->	https://www.publi20.com/las-tres-responsabilidades-corporativas-mas-importantes-segun-los-consumidores/
4282	inactiva	regex=False	Redirecciones	/noticias/burnham-sterling-cierra-colocacion-privada-de-ocho-aeronaves-con-avianca-holdings	->	https://www.publi20.com/burnham-sterling-cierra-colocacion-privada-de-ocho-aeronaves-con-avianca-holdings/
4281	inactiva	regex=False	Redirecciones	/noticias/kenneth-cole-presenta-su-coleccion-otono-invierno-2016-de-relojes-automaticos	->	https://www.publi20.com/kenneth-cole-presenta-su-coleccion-otono-invierno-2016-de-relojes-automaticos/
4280	inactiva	regex=False	Redirecciones	/noticias/la-digitalizacion-creara-350-millones-de-nuevos-exportadores-segun-el-informe-del-dmcc-el-futuro-del-comercio	->	https://www.publi20.com/la-digitalizacion-creara-350-millones-de-nuevos-exportadores-segun-el-informe-del-dmcc-el-futuro-del-comercio/
4279	inactiva	regex=False	Redirecciones	/noticias/colombia-y-mexico-con-una-actitud-positiva-hacia-el-emprendimiento-resultados-ager-2015-encuesta-aplicada-por-amway	->	https://www.publi20.com/colombia-y-mexico-con-una-actitud-positiva-hacia-el-emprendimiento-resultados-ager-2015-encuesta-aplicada-por-amway/
4278	inactiva	regex=False	Redirecciones	/noticias/afluenta-la-red-lider-de-financiamiento-entre-personas-de-america-latina-recibe-us-8-millones-de-dolares-de-ifc-y-elevar-equity-para-expandirse-en-la-region	->	https://www.publi20.com/afluenta-la-red-lider-de-financiamiento-entre-personas-de-america-latina-recibe-us-8-millones-de-dolares-de-ifc-y-elevar-equity-para-expandirse-en-la-region/
4277	inactiva	regex=False	Redirecciones	/noticias/research-now-anuncia-nuevo-equipo-de-liderazgo-ejecutivo	->	https://www.publi20.com/research-now-anuncia-nuevo-equipo-de-liderazgo-ejecutivo/
4276	inactiva	regex=False	Redirecciones	/noticias/impulsando-el-crecimiento-de-un-nuevo-movimiento-de-lujo-bsi-capital-group-invierte-5m-de-francos-suizos-chf-en-swiss-cosmeceuticals-ag	->	https://www.publi20.com/impulsando-el-crecimiento-de-un-nuevo-movimiento-de-lujo-bsi-capital-group-invierte-5m-de-francos-suizos-chf-en-swiss-cosmeceuticals-ag/
4275	inactiva	regex=False	Redirecciones	/noticias/ceremonia-inaugural-de-baselworld-2016	->	https://www.publi20.com/ceremonia-inaugural-de-baselworld-2016/
4274	inactiva	regex=False	Redirecciones	/noticias/gerilimzumab-de-bird-rock-bio-anticuerpo-anti-il-6-demuestra-potencial-acceso-global-asequible-a-biofarmaco-novedoso-para-tratar-la-artritis-reumatoide	->	https://www.publi20.com/gerilimzumab-de-bird-rock-bio-anticuerpo-anti-il-6-demuestra-potencial-acceso-global-asequible-a-biofarmaco-novedoso-para-tratar-la-artritis-reumatoide/
4273	inactiva	regex=False	Redirecciones	/noticias/urban-jrgensen-la-exclusiva-conexion-danesa-suiza-presenta-una-nueva-coleccion-en-la-baselworld-2016	->	https://www.publi20.com/urban-jrgensen-la-exclusiva-conexion-danesa-suiza-presenta-una-nueva-coleccion-en-la-baselworld-2016/
4272	inactiva	regex=False	Redirecciones	/noticias/digital-marine-solutions-adquirira-la-division-marina-de-jeppesen	->	https://www.publi20.com/digital-marine-solutions-adquirira-la-division-marina-de-jeppesen/
4271	inactiva	regex=False	Redirecciones	/noticias/el-atleta-conocido-como-el-picasso-olimpico-promueve-un-esfuerzo-para-hacer-crecer-al-grupo-de-atletas-olimpicos-artistas	->	https://www.publi20.com/el-atleta-conocido-como-el-picasso-olimpico-promueve-un-esfuerzo-para-hacer-crecer-al-grupo-de-atletas-olimpicos-artistas/
4270	inactiva	regex=False	Redirecciones	/noticias/pedido-canadiense-a-las-agencias-internacionales-para-que-investiguen-el-asesinato-de-berta-caceres	->	https://www.publi20.com/pedido-canadiense-a-las-agencias-internacionales-para-que-investiguen-el-asesinato-de-berta-caceres/
4269	inactiva	regex=False	Redirecciones	/noticias/nuevo-curso-online-de-ismael-cala-quienes-rompen-paradigmas-convierten-los-problemas-en-oportunidades	->	https://www.publi20.com/nuevo-curso-online-de-ismael-cala-quienes-rompen-paradigmas-convierten-los-problemas-en-oportunidades/
4268	inactiva	regex=False	Redirecciones	/noticias/heidrick-struggles-ayuda-al-foro-economico-mundial-a-encontrar-a-los-young-global-leaders-de-2016	->	https://www.publi20.com/heidrick-struggles-ayuda-al-foro-economico-mundial-a-encontrar-a-los-young-global-leaders-de-2016/
4267	inactiva	regex=False	Redirecciones	/noticias/huawei-anuncia-nueva-tecnologia-de-informacion-y-comunicaciones-lider-para-crear-un-mundo-mejor-conectado	->	https://www.publi20.com/huawei-anuncia-nueva-tecnologia-de-informacion-y-comunicaciones-lider-para-crear-un-mundo-mejor-conectado/
4266	inactiva	regex=False	Redirecciones	/noticias/informe-de-la-rueda-de-prensa-en-vivo-de-baselworld-2016	->	https://www.publi20.com/informe-de-la-rueda-de-prensa-en-vivo-de-baselworld-2016/
4265	inactiva	regex=False	Redirecciones	/noticias/new-diamond-technology-ndt-dara-a-conocer-la-piedra-azul-fabricada-en-laboratorio-mas-grande-y-mas-rara-del-mundo-en-baselworld-a-las-1200-del-mediodia-cet	->	https://www.publi20.com/new-diamond-technology-ndt-dara-a-conocer-la-piedra-azul-fabricada-en-laboratorio-mas-grande-y-mas-rara-del-mundo-en-baselworld-a-las-1200-del-mediodia-cet/
4264	inactiva	regex=False	Redirecciones	/noticias/ixblue-presenta-su-novedoso-sistema-de-navegacion-inercial-rovins-nano-y-revoluciona-la-navegacion-de-rov	->	https://www.publi20.com/ixblue-presenta-su-novedoso-sistema-de-navegacion-inercial-rovins-nano-y-revoluciona-la-navegacion-de-rov/
4263	inactiva	regex=False	Redirecciones	/noticias/thuraya-lanza-servicio-m2m-y-primer-terminal-que-operara-en-norteamerica	->	https://www.publi20.com/thuraya-lanza-servicio-m2m-y-primer-terminal-que-operara-en-norteamerica/
4262	inactiva	regex=False	Redirecciones	/noticias/fossil-group-lanzara-wearables-para-ocho-marcas-y-en-40-paises-el-2016	->	https://www.publi20.com/fossil-group-lanzara-wearables-para-ocho-marcas-y-en-40-paises-el-2016/
4261	inactiva	regex=False	Redirecciones	/noticias/mts-3060-smartcan-de-marvin-test-solutions-elegida-como-la-solucion-para-pruebas-de-armamento-de-lineas-de-vuelo-para-aviones-f-16-tafa-50-y-hawk	->	https://www.publi20.com/mts-3060-smartcan-de-marvin-test-solutions-elegida-como-la-solucion-para-pruebas-de-armamento-de-lineas-de-vuelo-para-aviones-f-16-tafa-50-y-hawk/
4260	inactiva	regex=False	Redirecciones	/noticias/activacion-de-la-nueva-ruta-submarina-del-pacifico-de-level-3-mejora-la-conexion-de-colombia-con-las-principales-ciudades-de-las-americas-europa-y-asia	->	https://www.publi20.com/activacion-de-la-nueva-ruta-submarina-del-pacifico-de-level-3-mejora-la-conexion-de-colombia-con-las-principales-ciudades-de-las-americas-europa-y-asia/
4259	inactiva	regex=False	Redirecciones	/noticias/complejo-grand-lucayan-resort-en-venta-en-subasta-a-sobre-cerrado	->	https://www.publi20.com/complejo-grand-lucayan-resort-en-venta-en-subasta-a-sobre-cerrado/
4258	inactiva	regex=False	Redirecciones	/noticias/nira-dynamics-ab-lanza-una-nueva-solucion-de-seguridad-para-una-mayor-conciencia-del-conductor	->	https://www.publi20.com/nira-dynamics-ab-lanza-una-nueva-solucion-de-seguridad-para-una-mayor-conciencia-del-conductor/
4257	inactiva	regex=False	Redirecciones	/noticias/sundyne-anuncia-un-nuevo-centro-de-servicio-autorizado-en-colombia	->	https://www.publi20.com/sundyne-anuncia-un-nuevo-centro-de-servicio-autorizado-en-colombia/
4256	inactiva	regex=False	Redirecciones	/noticias/basf-y-avantium-pretenden-establecer-una-joint-venture	->	https://www.publi20.com/basf-y-avantium-pretenden-establecer-una-joint-venture/
4255	inactiva	regex=False	Redirecciones	/noticias/institucion-del-grupo-ser-educacional-se-asocia-con-colgate-de-ee-uu	->	https://www.publi20.com/institucion-del-grupo-ser-educacional-se-asocia-con-colgate-de-ee-uu/
4254	inactiva	regex=False	Redirecciones	/noticias/cuatro-increibles-activistas-humanitarios-finalistas-del-aurora-prize-for-awakening-humanity-por-us1-millon	->	https://www.publi20.com/cuatro-increibles-activistas-humanitarios-finalistas-del-aurora-prize-for-awakening-humanity-por-us1-millon/
4253	inactiva	regex=False	Redirecciones	/noticias/juegos-de-casino-de-primera-de-playstudios-amplian-la-asociacion-con-resorts-world-con-el-lanzamiento-de-premios-en-nueva-york-y-bimini	->	https://www.publi20.com/juegos-de-casino-de-primera-de-playstudios-amplian-la-asociacion-con-resorts-world-con-el-lanzamiento-de-premios-en-nueva-york-y-bimini/
4252	inactiva	regex=False	Redirecciones	/noticias/solucion-automatizada-camds-de-ipoint-minimiza-esfuerzos-de-datos-materiales-para-la-industria-automotriz	->	https://www.publi20.com/solucion-automatizada-camds-de-ipoint-minimiza-esfuerzos-de-datos-materiales-para-la-industria-automotriz/
4251	inactiva	regex=False	Redirecciones	/noticias/estudio-comisionado-por-visa-estima-que-la-migracion-a-los-pagos-electronicos-aporto-cerca-de-us300-mil-millones-al-pib-de-70-paises	->	https://www.publi20.com/estudio-comisionado-por-visa-estima-que-la-migracion-a-los-pagos-electronicos-aporto-cerca-de-us300-mil-millones-al-pib-de-70-paises/
4250	inactiva	regex=False	Redirecciones	/noticias/fossil-presenta-nuevos-smartwatches-android-wear-mas-finos-en-baselworld	->	https://www.publi20.com/fossil-presenta-nuevos-smartwatches-android-wear-mas-finos-en-baselworld/
4249	inactiva	regex=False	Redirecciones	/noticias/diario-bae-negocios-internacional-reconoce-a-las-mujeres-argentinas-extraordinarias-2016	->	https://www.publi20.com/diario-bae-negocios-internacional-reconoce-a-las-mujeres-argentinas-extraordinarias-2016/
4248	inactiva	regex=False	Redirecciones	/noticias/nuevo-webinar-de-impartner-presenta-a-analista-prm-de-gartner-y-ofrece-terapia-de-relaciones-para-profesionales-de-ti-y-sus-contrapartes-de-ventasmarketing	->	https://www.publi20.com/nuevo-webinar-de-impartner-presenta-a-analista-prm-de-gartner-y-ofrece-terapia-de-relaciones-para-profesionales-de-ti-y-sus-contrapartes-de-ventasmarketing/
4247	inactiva	regex=False	Redirecciones	/noticias/sothebys-international-realty-amplia-la-presencia-de-su-marca-de-lujo-en-toda-la-argentina	->	https://www.publi20.com/sothebys-international-realty-amplia-la-presencia-de-su-marca-de-lujo-en-toda-la-argentina/
4246	inactiva	regex=False	Redirecciones	/noticias/canticos-presenta-los-pollitos-little-chickies-el-primer-titulo-de-la-coleccion-inspirada-en-las-adorables-canciones-de-cuna	->	https://www.publi20.com/canticos-presenta-los-pollitos-little-chickies-el-primer-titulo-de-la-coleccion-inspirada-en-las-adorables-canciones-de-cuna/
4245	inactiva	regex=False	Redirecciones	/noticias/dermalog-suministra-lectores-de-huellas-digitales-para-el-registro-de-refugiados-en-alemania	->	https://www.publi20.com/dermalog-suministra-lectores-de-huellas-digitales-para-el-registro-de-refugiados-en-alemania/
4244	inactiva	regex=False	Redirecciones	/noticias/trax-designa-a-steve-hornyak-para-dirigir-su-expansion-por-el-continente-americano	->	https://www.publi20.com/trax-designa-a-steve-hornyak-para-dirigir-su-expansion-por-el-continente-americano/
4243	inactiva	regex=False	Redirecciones	/noticias/hennessy-xo-invita-al-director-de-cine-nicolas-winding-refn-a-crear-un-viaje-sensorial-para-su-nueva-campana-odyssey	->	https://www.publi20.com/hennessy-xo-invita-al-director-de-cine-nicolas-winding-refn-a-crear-un-viaje-sensorial-para-su-nueva-campana-odyssey/
4242	inactiva	regex=False	Redirecciones	/noticias/dubai-lleva-la-innovacion-al-area-deportiva-con-los-juegos-world-future-sports-en-diciembre-de-2017	->	https://www.publi20.com/dubai-lleva-la-innovacion-al-area-deportiva-con-los-juegos-world-future-sports-en-diciembre-de-2017/
4241	inactiva	regex=False	Redirecciones	/noticias/latin-trade-presenta-a-los-25-mejores-jovenes-empresarios-de-america-latina	->	https://www.publi20.com/latin-trade-presenta-a-los-25-mejores-jovenes-empresarios-de-america-latina/
4240	inactiva	regex=False	Redirecciones	/noticias/mec-prime-banner-chemicals-uk-se-enorgullece-de-presentar-la-nueva-gama-de-productos-de-cloruro-de-metileno-prime	->	https://www.publi20.com/mec-prime-banner-chemicals-uk-se-enorgullece-de-presentar-la-nueva-gama-de-productos-de-cloruro-de-metileno-prime/
4239	inactiva	regex=False	Redirecciones	/noticias/cana-de-azucar-fuente-de-energia-sostenible-en-el-salvador-by-contra-punto-diario-digital	->	https://www.publi20.com/cana-de-azucar-fuente-de-energia-sostenible-en-el-salvador-by-contra-punto-diario-digital/
4238	inactiva	regex=False	Redirecciones	/noticias/experiencias-fuera-de-lo-ordinario-para-descubrir-la-ciudad-de-mexico-en-semana-santa	->	https://www.publi20.com/experiencias-fuera-de-lo-ordinario-para-descubrir-la-ciudad-de-mexico-en-semana-santa/
4237	inactiva	regex=False	Redirecciones	/noticias/emblematica-publicacion-de-lancet-neurology-exige-compromiso-a-largo-plazo-para-luchar-contra-la-demencia	->	https://www.publi20.com/emblematica-publicacion-de-lancet-neurology-exige-compromiso-a-largo-plazo-para-luchar-contra-la-demencia/
4236	inactiva	regex=False	Redirecciones	/noticias/pymes-y-sus-marcas-la-mente-y-corazon-de-los-empresarios	->	https://www.publi20.com/pymes-y-sus-marcas-la-mente-y-corazon-de-los-empresarios/
4235	inactiva	regex=False	Redirecciones	/noticias/ramboll-crece-28-a-pesar-de-las-dificiles-condiciones-de-mercado	->	https://www.publi20.com/ramboll-crece-28-a-pesar-de-las-dificiles-condiciones-de-mercado/
4234	inactiva	regex=False	Redirecciones	/noticias/la-biometria-de-dermalog-contribuye-a-la-prevencion-de-fraudes-en-nigeria	->	https://www.publi20.com/la-biometria-de-dermalog-contribuye-a-la-prevencion-de-fraudes-en-nigeria/
4233	inactiva	regex=False	Redirecciones	/noticias/el-lider-global-en-gestion-de-relaciones-con-socios-impartner-gana-en-los-stevie-awards-2016-por-ventas-y-servicio-al-cliente	->	https://www.publi20.com/el-lider-global-en-gestion-de-relaciones-con-socios-impartner-gana-en-los-stevie-awards-2016-por-ventas-y-servicio-al-cliente/
4232	inactiva	regex=False	Redirecciones	/noticias/fibra-prologis-asistira-a-la-conferencia-denominada-citi-2016-global-property-ceo-conference	->	https://www.publi20.com/fibra-prologis-asistira-a-la-conferencia-denominada-citi-2016-global-property-ceo-conference/
4231	inactiva	regex=False	Redirecciones	/noticias/precision-aviation-group-pag-empresa-matriz-de-precision-heliparts-php-anuncia-la-inauguracion-de-nuevo-centro-en-sao-paulo-brasil	->	https://www.publi20.com/precision-aviation-group-pag-empresa-matriz-de-precision-heliparts-php-anuncia-la-inauguracion-de-nuevo-centro-en-sao-paulo-brasil/
4230	inactiva	regex=False	Redirecciones	/noticias/tane-y-la-iconica-iris-apfel-colaboran-juntos-en-una-coleccion-inolvidable	->	https://www.publi20.com/tane-y-la-iconica-iris-apfel-colaboran-juntos-en-una-coleccion-inolvidable/
4229	activa	regex=False	Redirecciones	/publicidad-negocios-mexico/aliados-o-charlatanes-donde-te-ves	->	https://www.publi20.com/aliados-o-charlatanes-donde-te-ves/
4228	activa	regex=False	Redirecciones	/publicidad-negocios-mexico/en-un-mundo-perfecto-la-marca-es-irrelevante	->	https://www.publi20.com/en-un-mundo-perfecto-la-marca-es-irrelevante/
4227	inactiva	regex=False	Redirecciones	/noticias/emerge-americas-anuncia-los-finalistas-del-startup-showcase-2016-que-incluyen-representantes-de-15-paises	->	https://www.publi20.com/emerge-americas-anuncia-los-finalistas-del-startup-showcase-2016-que-incluyen-representantes-de-15-paises/
4226	inactiva	regex=False	Redirecciones	/noticias/celigo-concreta-us8-millones-en-financiacion-de-capital-para-el-crecimiento	->	https://www.publi20.com/celigo-concreta-us8-millones-en-financiacion-de-capital-para-el-crecimiento/
4225	inactiva	regex=False	Redirecciones	/noticias/telepizza-apuesta-por-la-master-franquicia-para-su-expansion-internacional-abrira-100-tiendas-en-10-anos-en-arabia-saudi	->	https://www.publi20.com/telepizza-apuesta-por-la-master-franquicia-para-su-expansion-internacional-abrira-100-tiendas-en-10-anos-en-arabia-saudi/
4224	inactiva	regex=False	Redirecciones	/noticias/moneta-technologies-lanza-solucion-biometrica-facial-que-impide-el-robo-de-identidad	->	https://www.publi20.com/moneta-technologies-lanza-solucion-biometrica-facial-que-impide-el-robo-de-identidad/
4223	inactiva	regex=False	Redirecciones	/noticias/disene-instalaciones-hidraulicas-de-manera-facil-by-iway-magazine	->	https://www.publi20.com/disene-instalaciones-hidraulicas-de-manera-facil-by-iway-magazine/
4222	inactiva	regex=False	Redirecciones	/noticias/consultas-gratis-para-detectar-cancer-de-piel-en-la-republica-mexicana	->	https://www.publi20.com/consultas-gratis-para-detectar-cancer-de-piel-en-la-republica-mexicana/
4221	inactiva	regex=False	Redirecciones	/noticias/sirva-presenta-nueva-identidad-de-marca	->	https://www.publi20.com/sirva-presenta-nueva-identidad-de-marca/
4220	inactiva	regex=False	Redirecciones	/noticias/ddb-worldwide-conmemora-el-dia-internacional-de-la-mujer-2016-con-una-iniciativa-para-eliminar-el-genero	->	https://www.publi20.com/ddb-worldwide-conmemora-el-dia-internacional-de-la-mujer-2016-con-una-iniciativa-para-eliminar-el-genero/
4219	inactiva	regex=False	Redirecciones	/noticias/focusvision-presenta-a-jamin-brazil-como-ceo	->	https://www.publi20.com/focusvision-presenta-a-jamin-brazil-como-ceo/
4218	inactiva	regex=False	Redirecciones	/noticias/el-grupo-lombard-odier-informa-los-resultados-del-ano-2015	->	https://www.publi20.com/el-grupo-lombard-odier-informa-los-resultados-del-ano-2015/
4217	inactiva	regex=False	Redirecciones	/noticias/marcatel-selecciona-la-solucion-de-genband-y-netnumber-para-modernizar-su-vital-infraestructura	->	https://www.publi20.com/marcatel-selecciona-la-solucion-de-genband-y-netnumber-para-modernizar-su-vital-infraestructura/
4216	inactiva	regex=False	Redirecciones	/noticias/etihad-airways-comienza-la-venta-de-pasajes-en-la-argentina	->	https://www.publi20.com/etihad-airways-comienza-la-venta-de-pasajes-en-la-argentina/
4215	inactiva	regex=False	Redirecciones	/noticias/que-compran-en-internet-las-mujeres-de-latinoamerica	->	https://www.publi20.com/que-compran-en-internet-las-mujeres-de-latinoamerica/
4214	inactiva	regex=False	Redirecciones	/noticias/martini-da-inicio-a-la-temporada-2016-de-la-formula-uno-con-felipe-massa-y-valtteri-bottas	->	https://www.publi20.com/martini-da-inicio-a-la-temporada-2016-de-la-formula-uno-con-felipe-massa-y-valtteri-bottas/
4213	inactiva	regex=False	Redirecciones	/noticias/telepizza-se-apoyara-en-master-franquiciados-locales-para-liderar-su-expansion-en-el-reino-unido	->	https://www.publi20.com/telepizza-se-apoyara-en-master-franquiciados-locales-para-liderar-su-expansion-en-el-reino-unido/
4212	inactiva	regex=False	Redirecciones	/noticias/music-world-cup-anuncia-el-prelanzamiento-de-su-plataforma	->	https://www.publi20.com/music-world-cup-anuncia-el-prelanzamiento-de-su-plataforma/
4211	inactiva	regex=False	Redirecciones	/noticias/la-experiencia-de-viajes-blast-off-to-houston-ofrece-grandes-ahorros-en-el-hyatt-regency-houston-y-las-principales-atracciones-de-la-ciudad	->	https://www.publi20.com/la-experiencia-de-viajes-blast-off-to-houston-ofrece-grandes-ahorros-en-el-hyatt-regency-houston-y-las-principales-atracciones-de-la-ciudad/
4210	inactiva	regex=False	Redirecciones	/noticias/un-vistazo-al-festival-imaginativo-thomas-sabo-celebra-el-verano-con-estilo	->	https://www.publi20.com/un-vistazo-al-festival-imaginativo-thomas-sabo-celebra-el-verano-con-estilo/
4209	inactiva	regex=False	Redirecciones	/noticias/otorga-grupo-gentera-apoyos-por-82-mdp-a-organizaciones-civiles-by-juan-carlos-machorro	->	https://www.publi20.com/otorga-grupo-gentera-apoyos-por-82-mdp-a-organizaciones-civiles-by-juan-carlos-machorro/
4208	inactiva	regex=False	Redirecciones	/noticias/premian-a-daniel-chavez-moran-fundador-de-grupo-vidanta-como-empresario-del-ano	->	https://www.publi20.com/premian-a-daniel-chavez-moran-fundador-de-grupo-vidanta-como-empresario-del-ano/
4207	inactiva	regex=False	Redirecciones	/noticias/young-living-nombra-nuevo-coo	->	https://www.publi20.com/young-living-nombra-nuevo-coo/
4206	inactiva	regex=False	Redirecciones	/noticias/isuzu-presenta-el-autobus-para-pasajeros-elf-600-bus	->	https://www.publi20.com/isuzu-presenta-el-autobus-para-pasajeros-elf-600-bus/
4205	inactiva	regex=False	Redirecciones	/noticias/conoce-las-novedades-four-seasons-para-este-2016	->	https://www.publi20.com/conoce-las-novedades-four-seasons-para-este-2016/
4204	inactiva	regex=False	Redirecciones	/noticias/hola-tv-celebra-a-la-mujer-en-marzo-con-estrenos-y-programacion-especial-de-mujeres-que-inspiran	->	https://www.publi20.com/hola-tv-celebra-a-la-mujer-en-marzo-con-estrenos-y-programacion-especial-de-mujeres-que-inspiran/
4203	inactiva	regex=False	Redirecciones	/noticias/donde-vamos-a-cenar-hoy-taco-guru-by-yellowlink	->	https://www.publi20.com/donde-vamos-a-cenar-hoy-taco-guru-by-yellowlink/
4202	inactiva	regex=False	Redirecciones	/noticias/stadler-director-ejecutivo-de-audi-planeamos-continuar-con-nuestro-crecimiento-en-2016	->	https://www.publi20.com/stadler-director-ejecutivo-de-audi-planeamos-continuar-con-nuestro-crecimiento-en-2016/
4201	inactiva	regex=False	Redirecciones	/noticias/anuncian-a-los-ganadores-del-premio-harold-w-mcgraw-jr-en-educacion	->	https://www.publi20.com/anuncian-a-los-ganadores-del-premio-harold-w-mcgraw-jr-en-educacion/
4200	inactiva	regex=False	Redirecciones	/noticias/markets-group-los-principales-bancos-centrales-de-ee-uu-america-latina-y-el-caribe-se-reuniran-en-ciudad-de-panama-con-el-proposito-de-discutir-estrategias-de-inversion	->	https://www.publi20.com/markets-group-los-principales-bancos-centrales-de-ee-uu-america-latina-y-el-caribe-se-reuniran-en-ciudad-de-panama-con-el-proposito-de-discutir-estrategias-de-inversion/
4199	inactiva	regex=False	Redirecciones	/noticias/equipment-spare-parts-de-miami-es-nombrado-vendedor-autorizado-para-el-caribe-por-uno-de-los-principales-suministradores-de-piezas-de-motores-y-maquinaria-del-mundo	->	https://www.publi20.com/equipment-spare-parts-de-miami-es-nombrado-vendedor-autorizado-para-el-caribe-por-uno-de-los-principales-suministradores-de-piezas-de-motores-y-maquinaria-del-mundo/
4198	inactiva	regex=False	Redirecciones	/noticias/a-48-ciudades-en-colombia-les-quedan-10-dias-para-ingresar-al-mayors-challenge-2016-de-bloomberg-philanthropies-y-competir-por-9-millones-de-dolares-estadounidenses-para-fondos-de-innovacion	->	https://www.publi20.com/a-48-ciudades-en-colombia-les-quedan-10-dias-para-ingresar-al-mayors-challenge-2016-de-bloomberg-philanthropies-y-competir-por-9-millones-de-dolares-estadounidenses-para-fondos-de-innovacion/
4197	inactiva	regex=False	Redirecciones	/noticias/a-156-ciudades-en-mexico-les-quedan-10-dias-para-ingresar-al-mayors-challenge-2016-de-bloomberg-philanthropies-y-competir-por-9-millones-de-dolares-estadounidenses-para-fondos-de-innovacion	->	https://www.publi20.com/a-156-ciudades-en-mexico-les-quedan-10-dias-para-ingresar-al-mayors-challenge-2016-de-bloomberg-philanthropies-y-competir-por-9-millones-de-dolares-estadounidenses-para-fondos-de-innovacion/
4196	inactiva	regex=False	Redirecciones	/noticias/la-carrera-de-chicharito-en-canciones-de-rock-by-rock-sonico	->	https://www.publi20.com/la-carrera-de-chicharito-en-canciones-de-rock-by-rock-sonico/
4195	inactiva	regex=False	Redirecciones	/noticias/noche-de-estrellas-en-la-clausura-del-xviii-festival-del-habano	->	https://www.publi20.com/noche-de-estrellas-en-la-clausura-del-xviii-festival-del-habano/
4194	inactiva	regex=False	Redirecciones	/noticias/g2a-junto-con-gaming-for-good-y-save-the-children-activan-a-los-vengadores-de-la-comunidad-de-los-juegos-para-el-humanitarian-emergency-all-out-response-team-heart-en-etiopia	->	https://www.publi20.com/g2a-junto-con-gaming-for-good-y-save-the-children-activan-a-los-vengadores-de-la-comunidad-de-los-juegos-para-el-humanitarian-emergency-all-out-response-team-heart-en-etiopia/
4193	inactiva	regex=False	Redirecciones	/noticias/rokkan-obtiene-la-funcion-de-la-direccion-creativa-para-cafe-de-colombia	->	https://www.publi20.com/rokkan-obtiene-la-funcion-de-la-direccion-creativa-para-cafe-de-colombia/
4192	inactiva	regex=False	Redirecciones	/noticias/el-servicio-de-paqueteria-de-ups-worldwide-express-se-expande-a-nuevos-paises-de-latinoamerica-y-el-caribe	->	https://www.publi20.com/el-servicio-de-paqueteria-de-ups-worldwide-express-se-expande-a-nuevos-paises-de-latinoamerica-y-el-caribe/
4191	inactiva	regex=False	Redirecciones	/noticias/aireuropa-integra-a-safetypay-como-medio-de-pago	->	https://www.publi20.com/aireuropa-integra-a-safetypay-como-medio-de-pago/
4190	inactiva	regex=False	Redirecciones	/noticias/las-ciudades-europeas-continuaron-atrayendo-a-cada-vez-mas-cantidad-de-turistas-a-pesar-de-un-ano-problematico-en-europa-el-numero-de-noches-aumento-42-en-2015	->	https://www.publi20.com/las-ciudades-europeas-continuaron-atrayendo-a-cada-vez-mas-cantidad-de-turistas-a-pesar-de-un-ano-problematico-en-europa-el-numero-de-noches-aumento-42-en-2015/
4189	inactiva	regex=False	Redirecciones	/noticias/a-57-ciudades-en-argentina-les-quedan-10-dias-para-ingresar-al-mayors-challenge-2016-de-bloomberg-philanthropies-y-competir-por-9-millones-de-dolares-estadounidenses-para-fondos-de-innovacion	->	https://www.publi20.com/a-57-ciudades-en-argentina-les-quedan-10-dias-para-ingresar-al-mayors-challenge-2016-de-bloomberg-philanthropies-y-competir-por-9-millones-de-dolares-estadounidenses-para-fondos-de-innovacion/
4188	activa	regex=False	Redirecciones	/publicidad-negocios-mexico/lo-que-todo-anunciante-debe-saber-la-mitad-de-la-publicidad-sirve-la-otra-mitad-no	->	https://www.publi20.com/lo-que-todo-anunciante-debe-saber-la-mitad-de-la-publicidad-sirve-la-otra-mitad-no/
4187	inactiva	regex=False	Redirecciones	/noticias/lcm-partners-gana-en-los-premios-private-debt-investor-2015	->	https://www.publi20.com/lcm-partners-gana-en-los-premios-private-debt-investor-2015/
4186	inactiva	regex=False	Redirecciones	/noticias/arisglobal-firma-acuerdo-con-el-primer-cliente-de-arisg-en-china	->	https://www.publi20.com/arisglobal-firma-acuerdo-con-el-primer-cliente-de-arisg-en-china/
4185	inactiva	regex=False	Redirecciones	/noticias/aeropuerto-salvadoreno-a-la-vanguardia-en-la-region-by-contrapunto-diario-digital	->	https://www.publi20.com/aeropuerto-salvadoreno-a-la-vanguardia-en-la-region-by-contrapunto-diario-digital/
4184	inactiva	regex=False	Redirecciones	/noticias/mohawk-industries-con-record-de-utilidades-en-el-cuarto-trimestre	->	https://www.publi20.com/mohawk-industries-con-record-de-utilidades-en-el-cuarto-trimestre/
4183	inactiva	regex=False	Redirecciones	/noticias/hikvision-comunica-los-resultados-preliminares-de-sus-ganancias-en-2015-con-un-4697-de-crecimiento	->	https://www.publi20.com/hikvision-comunica-los-resultados-preliminares-de-sus-ganancias-en-2015-con-un-4697-de-crecimiento/
4182	inactiva	regex=False	Redirecciones	/noticias/vichy-anuncia-la-primera-beca-exposoma-de-vichy-anual	->	https://www.publi20.com/vichy-anuncia-la-primera-beca-exposoma-de-vichy-anual/
4181	inactiva	regex=False	Redirecciones	/noticias/dentsply-sirona-la-fusion-crea-the-dental-solutions-company	->	https://www.publi20.com/dentsply-sirona-la-fusion-crea-the-dental-solutions-company/
4180	inactiva	regex=False	Redirecciones	/noticias/risen-energy-anuncia-los-resultados-para-el-ano-2015-completo	->	https://www.publi20.com/risen-energy-anuncia-los-resultados-para-el-ano-2015-completo/
4179	inactiva	regex=False	Redirecciones	/noticias/rackspace-lider-en-nube-gestionada-colabora-con-impartner-para-fortalecer-la-experiencia-de-socios-de-canales	->	https://www.publi20.com/rackspace-lider-en-nube-gestionada-colabora-con-impartner-para-fortalecer-la-experiencia-de-socios-de-canales/
4178	inactiva	regex=False	Redirecciones	/noticias/apr-energy-pone-en-marcha-planta-de-turbina-a-gas-para-cliente-industrial-en-egipto	->	https://www.publi20.com/apr-energy-pone-en-marcha-planta-de-turbina-a-gas-para-cliente-industrial-en-egipto/
4177	inactiva	regex=False	Redirecciones	/noticias/reed-meriwether-se-incorpora-a-greeley-and-hansen-como-nuevo-director-gerente	->	https://www.publi20.com/reed-meriwether-se-incorpora-a-greeley-and-hansen-como-nuevo-director-gerente/
4176	inactiva	regex=False	Redirecciones	/noticias/huawei-y-leica-camera-anuncian-alianza-tecnologica-a-largo-plazo-para-la-reinvencion-de-la-fotografia-en-los-telefonos-inteligentes	->	https://www.publi20.com/huawei-y-leica-camera-anuncian-alianza-tecnologica-a-largo-plazo-para-la-reinvencion-de-la-fotografia-en-los-telefonos-inteligentes/
4175	inactiva	regex=False	Redirecciones	/noticias/osteoartritis-de-rodilla-suero-autologo-condicionado-acs-combinado-con-fisioterapia-produjo-una-significativa-mejora-en-el-dolor-y-la-funcion	->	https://www.publi20.com/osteoartritis-de-rodilla-suero-autologo-condicionado-acs-combinado-con-fisioterapia-produjo-una-significativa-mejora-en-el-dolor-y-la-funcion/
4174	inactiva	regex=False	Redirecciones	/noticias/la-feria-de-canton-establece-un-nuevo-modelo-para-presentar-su-negocio-a-traves-de-una-videoconferencia-remota	->	https://www.publi20.com/la-feria-de-canton-establece-un-nuevo-modelo-para-presentar-su-negocio-a-traves-de-una-videoconferencia-remota/
4173	inactiva	regex=False	Redirecciones	/noticias/isagenix-alcanza-los-us4000-millones-en-ventas-globales-acumuladas	->	https://www.publi20.com/isagenix-alcanza-los-us4000-millones-en-ventas-globales-acumuladas/
4172	inactiva	regex=False	Redirecciones	/noticias/ecwid-la-solucion-1-de-comercio-electronico-lanza-un-sitio-web-enfocado-en-mexico	->	https://www.publi20.com/ecwid-la-solucion-1-de-comercio-electronico-lanza-un-sitio-web-enfocado-en-mexico/
4171	activa	regex=False	Redirecciones	/publicidad-negocios-mexico/puedes-haber-sido-victima-de-un-fraude-informate	->	https://www.publi20.com/puedes-haber-sido-victima-de-un-fraude-informate/
4170	inactiva	regex=False	Redirecciones	/noticias/batelco-logra-obtener-embargo-en-india-contra-los-bienes-de-las-partes-relacionadas-de-chinnakannan-sivasankaran-y-siva-limited-para-hacer-efectivo-el-fallo-a-su-favor-por-un-monto-de-210-millones-de-dolares-estadounidenses	->	https://www.publi20.com/batelco-logra-obtener-embargo-en-india-contra-los-bienes-de-las-partes-relacionadas-de-chinnakannan-sivasankaran-y-siva-limited-para-hacer-efectivo-el-fallo-a-su-favor-por-un-monto-de-210-millones-de-dolares-estadounidenses/
4169	inactiva	regex=False	Redirecciones	/noticias/lutron-presenta-ultimas-innovaciones-en-ela-2016	->	https://www.publi20.com/lutron-presenta-ultimas-innovaciones-en-ela-2016/
4168	inactiva	regex=False	Redirecciones	/noticias/italtel-lanza-una-nueva-aplicacion-basada-en-sdn-para-la-harmonizacion-de-la-red-de-servicios	->	https://www.publi20.com/italtel-lanza-una-nueva-aplicacion-basada-en-sdn-para-la-harmonizacion-de-la-red-de-servicios/
4167	inactiva	regex=False	Redirecciones	/noticias/el-aeropuerto-internacional-numero-uno-del-mundo-ahora-mas-grande-y-mejor	->	https://www.publi20.com/el-aeropuerto-internacional-numero-uno-del-mundo-ahora-mas-grande-y-mejor/
4166	inactiva	regex=False	Redirecciones	/noticias/alimentaria-espera-mas-de-5500-visitantes-latinoamericanos	->	https://www.publi20.com/alimentaria-espera-mas-de-5500-visitantes-latinoamericanos/
4165	inactiva	regex=False	Redirecciones	/noticias/lexington-partners-inaugura-oficina-en-santiago	->	https://www.publi20.com/lexington-partners-inaugura-oficina-en-santiago/
4164	inactiva	regex=False	Redirecciones	/noticias/i2c-y-tis-forman-una-asociacion-estrategica-para-llevar-innovadoras-soluciones-de-pago-a-japon-y-otros-mercados-asiaticos-cruciales	->	https://www.publi20.com/i2c-y-tis-forman-una-asociacion-estrategica-para-llevar-innovadoras-soluciones-de-pago-a-japon-y-otros-mercados-asiaticos-cruciales/
4163	inactiva	regex=False	Redirecciones	/noticias/pacific-brinda-actualizacion-con-respecto-al-bloque-quifa	->	https://www.publi20.com/pacific-brinda-actualizacion-con-respecto-al-bloque-quifa/
4162	inactiva	regex=False	Redirecciones	/noticias/el-mayor-talento-musical-en-el-xviii-festival-del-habano	->	https://www.publi20.com/el-mayor-talento-musical-en-el-xviii-festival-del-habano/
4161	inactiva	regex=False	Redirecciones	/noticias/se-publica-el-estudio-sirflox-en-la-journal-of-clinical-oncology	->	https://www.publi20.com/se-publica-el-estudio-sirflox-en-la-journal-of-clinical-oncology/
4160	inactiva	regex=False	Redirecciones	/noticias/barbados-adopta-legislacion-sobre-companias-de-celulas-incorporadas	->	https://www.publi20.com/barbados-adopta-legislacion-sobre-companias-de-celulas-incorporadas/
4159	inactiva	regex=False	Redirecciones	/noticias/huawei-y-deutsche-telekom-presentan-la-tecnologia-de-seccionado-de-red-5g-e2e	->	https://www.publi20.com/huawei-y-deutsche-telekom-presentan-la-tecnologia-de-seccionado-de-red-5g-e2e/
4158	inactiva	regex=False	Redirecciones	/noticias/andes-wines-destaca-que-la-vendimia-argentina-se-atrasara-entre-10-a-30-dias-segun-cepaje	->	https://www.publi20.com/andes-wines-destaca-que-la-vendimia-argentina-se-atrasara-entre-10-a-30-dias-segun-cepaje/
4157	inactiva	regex=False	Redirecciones	/noticias/el-salvador-apuesta-convertir-turismo-en-sector-estrategico-by-contrapunto-diario-digital	->	https://www.publi20.com/el-salvador-apuesta-convertir-turismo-en-sector-estrategico-by-contrapunto-diario-digital/
4156	inactiva	regex=False	Redirecciones	/noticias/mot-chandon-celebro-su-prestigioso-coctel-lovethenow-de-manera-radiante-espontanea-y-romantica-el-ultimo-martes-16-de-febrero-los-invitados-viveron-una-noche-inolvidable-con-el-unico-estilo-de-mot-chandon-quien-ha-celebrado-los-momentos-triunfales-de-la-v	->	https://www.publi20.com/mot-chandon-celebro-su-prestigioso-coctel-lovethenow-de-manera-radiante-espontanea-y-romantica-el-ultimo-martes-16-de-febrero-los-invitados-viveron-una-noche-inolvidable-con-el-unico-estilo-de-mot-chandon-quien-ha-celebrado-los-momentos-triunfales-de-la-v/
4155	inactiva	regex=False	Redirecciones	/noticias/mot-chandon-celebro-su-prestigioso-coctel-lovethenow-de-manera-radiante-espontanea-y-romantica-el-ultimo-martes-16-de-febrero-los-invitados-viveron-una-noche-inolvidable-con-el-unico-estilo-de-mot-chandon-quien-ha-celebrado-los-momentos-triunfales-de-la-v	->	https://www.publi20.com/mot-chandon-celebro-su-prestigioso-coctel-lovethenow-de-manera-radiante-espontanea-y-romantica-el-ultimo-martes-16-de-febrero-los-invitados-viveron-una-noche-inolvidable-con-el-unico-estilo-de-mot-chandon-quien-ha-celebrado-los-momentos-triunfales-de-la-v/
4154	inactiva	regex=False	Redirecciones	/noticias/mot-chandon-celebro-su-prestigioso-coctel-lovethenow-de-manera-radiante-espontanea-y-romantica-el-ultimo-martes-16-de-febrero-los-invitados-viveron-una-noche-inolvidable-con-el-unico-estilo-de-mot-chandon-quien-ha-celebrado-los-momentos-triunfales-de-la-v	->	https://www.publi20.com/mot-chandon-celebro-su-prestigioso-coctel-lovethenow-de-manera-radiante-espontanea-y-romantica-el-ultimo-martes-16-de-febrero-los-invitados-viveron-una-noche-inolvidable-con-el-unico-estilo-de-mot-chandon-quien-ha-celebrado-los-momentos-triunfales-de-la-v/
4153	inactiva	regex=False	Redirecciones	/noticias/mot-chandon-celebro-su-prestigioso-coctel-lovethenow-de-manera-radiante-espontanea-y-romantica-el-ultimo-martes-16-de-febrero-los-invitados-viveron-una-noche-inolvidable-con-el-unico-estilo-de-mot-chandon-quien-ha-celebrado-los-momentos-triunfales-de-la-v	->	https://www.publi20.com/mot-chandon-celebro-su-prestigioso-coctel-lovethenow-de-manera-radiante-espontanea-y-romantica-el-ultimo-martes-16-de-febrero-los-invitados-viveron-una-noche-inolvidable-con-el-unico-estilo-de-mot-chandon-quien-ha-celebrado-los-momentos-triunfales-de-la-v/
4152	inactiva	regex=False	Redirecciones	/noticias/mot-chandon-celebro-su-prestigioso-coctel-lovethenow-de-manera-radiante-espontanea-y-romantica-el-ultimo-martes-16-de-febrero-los-invitados-viveron-una-noche-inolvidable-con-el-unico-estilo-de-mot-chandon-quien-ha-celebrado-los-momentos-triunfales-de-la-v	->	https://www.publi20.com/mot-chandon-celebro-su-prestigioso-coctel-lovethenow-de-manera-radiante-espontanea-y-romantica-el-ultimo-martes-16-de-febrero-los-invitados-viveron-una-noche-inolvidable-con-el-unico-estilo-de-mot-chandon-quien-ha-celebrado-los-momentos-triunfales-de-la-v/
4151	inactiva	regex=False	Redirecciones	/noticias/mot-chandon-celebro-su-prestigioso-coctel-lovethenow-de-manera-radiante-espontanea-y-romantica-el-ultimo-martes-16-de-febrero-los-invitados-viveron-una-noche-inolvidable-con-el-unico-estilo-de-mot-chandon-quien-ha-celebrado-los-momentos-triunfales-de-la-v	->	https://www.publi20.com/mot-chandon-celebro-su-prestigioso-coctel-lovethenow-de-manera-radiante-espontanea-y-romantica-el-ultimo-martes-16-de-febrero-los-invitados-viveron-una-noche-inolvidable-con-el-unico-estilo-de-mot-chandon-quien-ha-celebrado-los-momentos-triunfales-de-la-v/
4150	inactiva	regex=False	Redirecciones	/noticias/que-son-las-familias-en-autodesk-revit-by-iway-magazine	->	https://www.publi20.com/que-son-las-familias-en-autodesk-revit-by-iway-magazine/
4149	inactiva	regex=False	Redirecciones	/noticias/aprendiendo-autocad-2016-en-3d-para-diseno-arquitectonico-by-iway-magazine	->	https://www.publi20.com/aprendiendo-autocad-2016-en-3d-para-diseno-arquitectonico-by-iway-magazine/
4148	inactiva	regex=False	Redirecciones	/noticias/mot-chandon-celebro-su-prestigioso-coctel-lovethenow-de-manera-radiante-espontanea-y-romantica-el-ultimo-martes-16-de-febrero-los-invitados-viveron-una-noche-inolvidable-con-el-unico-estilo-de-mot-chandon-quien-ha-celebrado-los-momentos-triunfales-de-la-v	->	https://www.publi20.com/mot-chandon-celebro-su-prestigioso-coctel-lovethenow-de-manera-radiante-espontanea-y-romantica-el-ultimo-martes-16-de-febrero-los-invitados-viveron-una-noche-inolvidable-con-el-unico-estilo-de-mot-chandon-quien-ha-celebrado-los-momentos-triunfales-de-la-v/
4147	inactiva	regex=False	Redirecciones	/noticias/mot-chandon-celebro-su-prestigioso-coctel-lovethenow-de-manera-radiante-espontanea-y-romantica-el-ultimo-martes-16-de-febrero-los-invitados-viveron-una-noche-inolvidable-con-el-unico-estilo-de-mot-chandon-quien-ha-celebrado-los-momentos-triunfales-de-la-v	->	https://www.publi20.com/mot-chandon-celebro-su-prestigioso-coctel-lovethenow-de-manera-radiante-espontanea-y-romantica-el-ultimo-martes-16-de-febrero-los-invitados-viveron-una-noche-inolvidable-con-el-unico-estilo-de-mot-chandon-quien-ha-celebrado-los-momentos-triunfales-de-la-v/
4146	inactiva	regex=False	Redirecciones	/noticias/mot-chandon-celebro-su-prestigioso-coctel-lovethenow-de-manera-radiante-espontanea-y-romantica-el-ultimo-martes-16-de-febrero-los-invitados-viveron-una-noche-inolvidable-con-el-unico-estilo-de-mot-chandon-quien-ha-celebrado-los-momentos-triunfales-de-la-v	->	https://www.publi20.com/mot-chandon-celebro-su-prestigioso-coctel-lovethenow-de-manera-radiante-espontanea-y-romantica-el-ultimo-martes-16-de-febrero-los-invitados-viveron-una-noche-inolvidable-con-el-unico-estilo-de-mot-chandon-quien-ha-celebrado-los-momentos-triunfales-de-la-v/
4145	inactiva	regex=False	Redirecciones	/noticias/mot-chandon-celebro-su-prestigioso-coctel-lovethenow-de-manera-radiante-espontanea-y-romantica-el-ultimo-martes-16-de-febrero-los-invitados-viveron-una-noche-inolvidable-con-el-unico-estilo-de-mot-chandon-quien-ha-celebrado-los-momentos-triunfales-de-la-v	->	https://www.publi20.com/mot-chandon-celebro-su-prestigioso-coctel-lovethenow-de-manera-radiante-espontanea-y-romantica-el-ultimo-martes-16-de-febrero-los-invitados-viveron-una-noche-inolvidable-con-el-unico-estilo-de-mot-chandon-quien-ha-celebrado-los-momentos-triunfales-de-la-v/
4144	inactiva	regex=False	Redirecciones	/noticias/mot-chandon-celebro-su-prestigioso-coctel-lovethenow-de-manera-radiante-espontanea-y-romantica-el-ultimo-martes-16-de-febrero-los-invitados-viveron-una-noche-inolvidable-con-el-unico-estilo-de-mot-chandon-quien-ha-celebrado-los-momentos-triunfales-de-la-v	->	https://www.publi20.com/mot-chandon-celebro-su-prestigioso-coctel-lovethenow-de-manera-radiante-espontanea-y-romantica-el-ultimo-martes-16-de-febrero-los-invitados-viveron-una-noche-inolvidable-con-el-unico-estilo-de-mot-chandon-quien-ha-celebrado-los-momentos-triunfales-de-la-v/
4143	inactiva	regex=False	Redirecciones	/noticias/mot-chandon-celebro-su-prestigioso-coctel-lovethenow-de-manera-radiante-espontanea-y-romantica-el-ultimo-martes-16-de-febrero-los-invitados-viveron-una-noche-inolvidable-con-el-unico-estilo-de-mot-chandon-quien-ha-celebrado-los-momentos-triunfales-de-la-v	->	https://www.publi20.com/mot-chandon-celebro-su-prestigioso-coctel-lovethenow-de-manera-radiante-espontanea-y-romantica-el-ultimo-martes-16-de-febrero-los-invitados-viveron-una-noche-inolvidable-con-el-unico-estilo-de-mot-chandon-quien-ha-celebrado-los-momentos-triunfales-de-la-v/
4142	inactiva	regex=False	Redirecciones	/noticias/mot-chandon-celebro-su-prestigioso-coctel-lovethenow-de-manera-radiante-espontanea-y-romantica-el-ultimo-martes-16-de-febrero-los-invitados-viveron-una-noche-inolvidable-con-el-unico-estilo-de-mot-chandon-quien-ha-celebrado-los-momentos-triunfales-de-la-v	->	https://www.publi20.com/mot-chandon-celebro-su-prestigioso-coctel-lovethenow-de-manera-radiante-espontanea-y-romantica-el-ultimo-martes-16-de-febrero-los-invitados-viveron-una-noche-inolvidable-con-el-unico-estilo-de-mot-chandon-quien-ha-celebrado-los-momentos-triunfales-de-la-v/
4141	inactiva	regex=False	Redirecciones	/noticias/mot-chandon-celebro-su-prestigioso-coctel-lovethenow-de-manera-radiante-espontanea-y-romantica-el-ultimo-martes-16-de-febrero-los-invitados-viveron-una-noche-inolvidable-con-el-unico-estilo-de-mot-chandon-quien-ha-celebrado-los-momentos-triunfales-de-la-v	->	https://www.publi20.com/mot-chandon-celebro-su-prestigioso-coctel-lovethenow-de-manera-radiante-espontanea-y-romantica-el-ultimo-martes-16-de-febrero-los-invitados-viveron-una-noche-inolvidable-con-el-unico-estilo-de-mot-chandon-quien-ha-celebrado-los-momentos-triunfales-de-la-v/
4140	inactiva	regex=False	Redirecciones	/noticias/mot-chandon-celebro-su-prestigioso-coctel-lovethenow-de-manera-radiante-espontanea-y-romantica-el-ultimo-martes-16-de-febrero-los-invitados-viveron-una-noche-inolvidable-con-el-unico-estilo-de-mot-chandon-quien-ha-celebrado-los-momentos-triunfales-de-la-v	->	https://www.publi20.com/mot-chandon-celebro-su-prestigioso-coctel-lovethenow-de-manera-radiante-espontanea-y-romantica-el-ultimo-martes-16-de-febrero-los-invitados-viveron-una-noche-inolvidable-con-el-unico-estilo-de-mot-chandon-quien-ha-celebrado-los-momentos-triunfales-de-la-v/
4139	inactiva	regex=False	Redirecciones	/noticias/mot-chandon-celebro-su-prestigioso-coctel-lovethenow-de-manera-radiante-espontanea-y-romantica-el-ultimo-martes-16-de-febrero-los-invitados-viveron-una-noche-inolvidable-con-el-unico-estilo-de-mot-chandon-quien-ha-celebrado-los-momentos-triunfales-de-la-v	->	https://www.publi20.com/mot-chandon-celebro-su-prestigioso-coctel-lovethenow-de-manera-radiante-espontanea-y-romantica-el-ultimo-martes-16-de-febrero-los-invitados-viveron-una-noche-inolvidable-con-el-unico-estilo-de-mot-chandon-quien-ha-celebrado-los-momentos-triunfales-de-la-v/
4138	inactiva	regex=False	Redirecciones	/noticias/mot-chandon-celebro-su-prestigioso-coctel-lovethenow-de-manera-radiante-espontanea-y-romantica-el-ultimo-martes-16-de-febrero-los-invitados-viveron-una-noche-inolvidable-con-el-unico-estilo-de-mot-chandon-quien-ha-celebrado-los-momentos-triunfales-de-la-v	->	https://www.publi20.com/mot-chandon-celebro-su-prestigioso-coctel-lovethenow-de-manera-radiante-espontanea-y-romantica-el-ultimo-martes-16-de-febrero-los-invitados-viveron-una-noche-inolvidable-con-el-unico-estilo-de-mot-chandon-quien-ha-celebrado-los-momentos-triunfales-de-la-v/
4137	inactiva	regex=False	Redirecciones	/noticias/mot-chandon-celebro-su-prestigioso-coctel-lovethenow-de-manera-radiante-espontanea-y-romantica-el-ultimo-martes-16-de-febrero-los-invitados-viveron-una-noche-inolvidable-con-el-unico-estilo-de-mot-chandon-quien-ha-celebrado-los-momentos-triunfales-de-la-v	->	https://www.publi20.com/mot-chandon-celebro-su-prestigioso-coctel-lovethenow-de-manera-radiante-espontanea-y-romantica-el-ultimo-martes-16-de-febrero-los-invitados-viveron-una-noche-inolvidable-con-el-unico-estilo-de-mot-chandon-quien-ha-celebrado-los-momentos-triunfales-de-la-v/
4136	inactiva	regex=False	Redirecciones	/noticias/mot-chandon-celebro-su-prestigioso-coctel-lovethenow-de-manera-radiante-espontanea-y-romantica-el-ultimo-martes-16-de-febrero-los-invitados-viveron-una-noche-inolvidable-con-el-unico-estilo-de-mot-chandon-quien-ha-celebrado-los-momentos-triunfales-de-la-v	->	https://www.publi20.com/mot-chandon-celebro-su-prestigioso-coctel-lovethenow-de-manera-radiante-espontanea-y-romantica-el-ultimo-martes-16-de-febrero-los-invitados-viveron-una-noche-inolvidable-con-el-unico-estilo-de-mot-chandon-quien-ha-celebrado-los-momentos-triunfales-de-la-v/
4135	inactiva	regex=False	Redirecciones	/noticias/mot-chandon-celebro-su-prestigioso-coctel-lovethenow-de-manera-radiante-espontanea-y-romantica-el-ultimo-martes-16-de-febrero-los-invitados-viveron-una-noche-inolvidable-con-el-unico-estilo-de-mot-chandon-quien-ha-celebrado-los-momentos-triunfales-de-la-v	->	https://www.publi20.com/mot-chandon-celebro-su-prestigioso-coctel-lovethenow-de-manera-radiante-espontanea-y-romantica-el-ultimo-martes-16-de-febrero-los-invitados-viveron-una-noche-inolvidable-con-el-unico-estilo-de-mot-chandon-quien-ha-celebrado-los-momentos-triunfales-de-la-v/
4134	inactiva	regex=False	Redirecciones	/noticias/mot-chandon-celebro-su-prestigioso-coctel-lovethenow-de-manera-radiante-espontanea-y-romantica-el-ultimo-martes-16-de-febrero-los-invitados-viveron-una-noche-inolvidable-con-el-unico-estilo-de-mot-chandon-quien-ha-celebrado-los-momentos-triunfales-de-la-v	->	https://www.publi20.com/mot-chandon-celebro-su-prestigioso-coctel-lovethenow-de-manera-radiante-espontanea-y-romantica-el-ultimo-martes-16-de-febrero-los-invitados-viveron-una-noche-inolvidable-con-el-unico-estilo-de-mot-chandon-quien-ha-celebrado-los-momentos-triunfales-de-la-v/
4133	inactiva	regex=False	Redirecciones	/noticias/mot-chandon-celebro-su-prestigioso-coctel-lovethenow-de-manera-radiante-espontanea-y-romantica-el-ultimo-martes-16-de-febrero-los-invitados-viveron-una-noche-inolvidable-con-el-unico-estilo-de-mot-chandon-quien-ha-celebrado-los-momentos-triunfales-de-la-v	->	https://www.publi20.com/mot-chandon-celebro-su-prestigioso-coctel-lovethenow-de-manera-radiante-espontanea-y-romantica-el-ultimo-martes-16-de-febrero-los-invitados-viveron-una-noche-inolvidable-con-el-unico-estilo-de-mot-chandon-quien-ha-celebrado-los-momentos-triunfales-de-la-v/
4132	inactiva	regex=False	Redirecciones	/noticias/mot-chandon-celebro-su-prestigioso-coctel-lovethenow-de-manera-radiante-espontanea-y-romantica-el-ultimo-martes-16-de-febrero-los-invitados-viveron-una-noche-inolvidable-con-el-unico-estilo-de-mot-chandon-quien-ha-celebrado-los-momentos-triunfales-de-la-v	->	https://www.publi20.com/mot-chandon-celebro-su-prestigioso-coctel-lovethenow-de-manera-radiante-espontanea-y-romantica-el-ultimo-martes-16-de-febrero-los-invitados-viveron-una-noche-inolvidable-con-el-unico-estilo-de-mot-chandon-quien-ha-celebrado-los-momentos-triunfales-de-la-v/
4131	inactiva	regex=False	Redirecciones	/noticias/mot-chandon-celebro-su-prestigioso-coctel-lovethenow-de-manera-radiante-espontanea-y-romantica-el-ultimo-martes-16-de-febrero-los-invitados-viveron-una-noche-inolvidable-con-el-unico-estilo-de-mot-chandon-quien-ha-celebrado-los-momentos-triunfales-de-la-v	->	https://www.publi20.com/mot-chandon-celebro-su-prestigioso-coctel-lovethenow-de-manera-radiante-espontanea-y-romantica-el-ultimo-martes-16-de-febrero-los-invitados-viveron-una-noche-inolvidable-con-el-unico-estilo-de-mot-chandon-quien-ha-celebrado-los-momentos-triunfales-de-la-v/
4130	inactiva	regex=False	Redirecciones	/noticias/mot-chandon-celebro-su-prestigioso-coctel-lovethenow-de-manera-radiante-espontanea-y-romantica-el-ultimo-martes-16-de-febrero-los-invitados-viveron-una-noche-inolvidable-con-el-unico-estilo-de-mot-chandon-quien-ha-celebrado-los-momentos-triunfales-de-la-v	->	https://www.publi20.com/mot-chandon-celebro-su-prestigioso-coctel-lovethenow-de-manera-radiante-espontanea-y-romantica-el-ultimo-martes-16-de-febrero-los-invitados-viveron-una-noche-inolvidable-con-el-unico-estilo-de-mot-chandon-quien-ha-celebrado-los-momentos-triunfales-de-la-v/
4129	inactiva	regex=False	Redirecciones	/noticias/mot-chandon-celebro-su-prestigioso-coctel-lovethenow-de-manera-radiante-espontanea-y-romantica-el-ultimo-martes-16-de-febrero-los-invitados-viveron-una-noche-inolvidable-con-el-unico-estilo-de-mot-chandon-quien-ha-celebrado-los-momentos-triunfales-de-la-v	->	https://www.publi20.com/mot-chandon-celebro-su-prestigioso-coctel-lovethenow-de-manera-radiante-espontanea-y-romantica-el-ultimo-martes-16-de-febrero-los-invitados-viveron-una-noche-inolvidable-con-el-unico-estilo-de-mot-chandon-quien-ha-celebrado-los-momentos-triunfales-de-la-v/
4128	inactiva	regex=False	Redirecciones	/noticias/mot-chandon-celebro-su-prestigioso-coctel-lovethenow-de-manera-radiante-espontanea-y-romantica-el-ultimo-martes-16-de-febrero-los-invitados-viveron-una-noche-inolvidable-con-el-unico-estilo-de-mot-chandon-quien-ha-celebrado-los-momentos-triunfales-de-la-v	->	https://www.publi20.com/mot-chandon-celebro-su-prestigioso-coctel-lovethenow-de-manera-radiante-espontanea-y-romantica-el-ultimo-martes-16-de-febrero-los-invitados-viveron-una-noche-inolvidable-con-el-unico-estilo-de-mot-chandon-quien-ha-celebrado-los-momentos-triunfales-de-la-v/
4127	inactiva	regex=False	Redirecciones	/noticias/mot-chandon-celebro-su-prestigioso-coctel-lovethenow-de-manera-radiante-espontanea-y-romantica-el-ultimo-martes-16-de-febrero-los-invitados-viveron-una-noche-inolvidable-con-el-unico-estilo-de-mot-chandon-quien-ha-celebrado-los-momentos-triunfales-de-la-v	->	https://www.publi20.com/mot-chandon-celebro-su-prestigioso-coctel-lovethenow-de-manera-radiante-espontanea-y-romantica-el-ultimo-martes-16-de-febrero-los-invitados-viveron-una-noche-inolvidable-con-el-unico-estilo-de-mot-chandon-quien-ha-celebrado-los-momentos-triunfales-de-la-v/
4126	inactiva	regex=False	Redirecciones	/noticias/mot-chandon-celebro-su-prestigioso-coctel-lovethenow-de-manera-radiante-espontanea-y-romantica-el-ultimo-martes-16-de-febrero-los-invitados-viveron-una-noche-inolvidable-con-el-unico-estilo-de-mot-chandon-quien-ha-celebrado-los-momentos-triunfales-de-la-v	->	https://www.publi20.com/mot-chandon-celebro-su-prestigioso-coctel-lovethenow-de-manera-radiante-espontanea-y-romantica-el-ultimo-martes-16-de-febrero-los-invitados-viveron-una-noche-inolvidable-con-el-unico-estilo-de-mot-chandon-quien-ha-celebrado-los-momentos-triunfales-de-la-v/
4125	inactiva	regex=False	Redirecciones	/noticias/mot-chandon-celebro-su-prestigioso-coctel-lovethenow-de-manera-radiante-espontanea-y-romantica-el-ultimo-martes-16-de-febrero-los-invitados-viveron-una-noche-inolvidable-con-el-unico-estilo-de-mot-chandon-quien-ha-celebrado-los-momentos-triunfales-de-la-v	->	https://www.publi20.com/mot-chandon-celebro-su-prestigioso-coctel-lovethenow-de-manera-radiante-espontanea-y-romantica-el-ultimo-martes-16-de-febrero-los-invitados-viveron-una-noche-inolvidable-con-el-unico-estilo-de-mot-chandon-quien-ha-celebrado-los-momentos-triunfales-de-la-v/
4124	inactiva	regex=False	Redirecciones	/noticias/mot-chandon-celebro-su-prestigioso-coctel-lovethenow-de-manera-radiante-espontanea-y-romantica-el-ultimo-martes-16-de-febrero-los-invitados-viveron-una-noche-inolvidable-con-el-unico-estilo-de-mot-chandon-quien-ha-celebrado-los-momentos-triunfales-de-la-v	->	https://www.publi20.com/mot-chandon-celebro-su-prestigioso-coctel-lovethenow-de-manera-radiante-espontanea-y-romantica-el-ultimo-martes-16-de-febrero-los-invitados-viveron-una-noche-inolvidable-con-el-unico-estilo-de-mot-chandon-quien-ha-celebrado-los-momentos-triunfales-de-la-v/
4123	inactiva	regex=False	Redirecciones	/noticias/mot-chandon-celebro-su-prestigioso-coctel-lovethenow-de-manera-radiante-espontanea-y-romantica-el-ultimo-martes-16-de-febrero-los-invitados-viveron-una-noche-inolvidable-con-el-unico-estilo-de-mot-chandon-quien-ha-celebrado-los-momentos-triunfales-de-la-v	->	https://www.publi20.com/mot-chandon-celebro-su-prestigioso-coctel-lovethenow-de-manera-radiante-espontanea-y-romantica-el-ultimo-martes-16-de-febrero-los-invitados-viveron-una-noche-inolvidable-con-el-unico-estilo-de-mot-chandon-quien-ha-celebrado-los-momentos-triunfales-de-la-v/
4122	inactiva	regex=False	Redirecciones	/noticias/mot-chandon-celebro-su-prestigioso-coctel-lovethenow-de-manera-radiante-espontanea-y-romantica-el-ultimo-martes-16-de-febrero-los-invitados-viveron-una-noche-inolvidable-con-el-unico-estilo-de-mot-chandon-quien-ha-celebrado-los-momentos-triunfales-de-la-v	->	https://www.publi20.com/mot-chandon-celebro-su-prestigioso-coctel-lovethenow-de-manera-radiante-espontanea-y-romantica-el-ultimo-martes-16-de-febrero-los-invitados-viveron-una-noche-inolvidable-con-el-unico-estilo-de-mot-chandon-quien-ha-celebrado-los-momentos-triunfales-de-la-v/
4121	inactiva	regex=False	Redirecciones	/noticias/mot-chandon-celebro-su-prestigioso-coctel-lovethenow-de-manera-radiante-espontanea-y-romantica-el-ultimo-martes-16-de-febrero-los-invitados-viveron-una-noche-inolvidable-con-el-unico-estilo-de-mot-chandon-quien-ha-celebrado-los-momentos-triunfales-de-la-v	->	https://www.publi20.com/mot-chandon-celebro-su-prestigioso-coctel-lovethenow-de-manera-radiante-espontanea-y-romantica-el-ultimo-martes-16-de-febrero-los-invitados-viveron-una-noche-inolvidable-con-el-unico-estilo-de-mot-chandon-quien-ha-celebrado-los-momentos-triunfales-de-la-v/
4120	inactiva	regex=False	Redirecciones	/noticias/mot-chandon-celebro-su-prestigioso-coctel-lovethenow-de-manera-radiante-espontanea-y-romantica-el-ultimo-martes-16-de-febrero-los-invitados-viveron-una-noche-inolvidable-con-el-unico-estilo-de-mot-chandon-quien-ha-celebrado-los-momentos-triunfales-de-la-v	->	https://www.publi20.com/mot-chandon-celebro-su-prestigioso-coctel-lovethenow-de-manera-radiante-espontanea-y-romantica-el-ultimo-martes-16-de-febrero-los-invitados-viveron-una-noche-inolvidable-con-el-unico-estilo-de-mot-chandon-quien-ha-celebrado-los-momentos-triunfales-de-la-v/
4119	inactiva	regex=False	Redirecciones	/noticias/mot-chandon-celebro-su-prestigioso-coctel-lovethenow-de-manera-radiante-espontanea-y-romantica-el-ultimo-martes-16-de-febrero-los-invitados-viveron-una-noche-inolvidable-con-el-unico-estilo-de-mot-chandon-quien-ha-celebrado-los-momentos-triunfales-de-la-v	->	https://www.publi20.com/mot-chandon-celebro-su-prestigioso-coctel-lovethenow-de-manera-radiante-espontanea-y-romantica-el-ultimo-martes-16-de-febrero-los-invitados-viveron-una-noche-inolvidable-con-el-unico-estilo-de-mot-chandon-quien-ha-celebrado-los-momentos-triunfales-de-la-v/
4118	inactiva	regex=False	Redirecciones	/noticias/mot-chandon-celebro-su-prestigioso-coctel-lovethenow-de-manera-radiante-espontanea-y-romantica-el-ultimo-martes-16-de-febrero-los-invitados-viveron-una-noche-inolvidable-con-el-unico-estilo-de-mot-chandon-quien-ha-celebrado-los-momentos-triunfales-de-la-v	->	https://www.publi20.com/mot-chandon-celebro-su-prestigioso-coctel-lovethenow-de-manera-radiante-espontanea-y-romantica-el-ultimo-martes-16-de-febrero-los-invitados-viveron-una-noche-inolvidable-con-el-unico-estilo-de-mot-chandon-quien-ha-celebrado-los-momentos-triunfales-de-la-v/
4117	inactiva	regex=False	Redirecciones	/noticias/mot-chandon-celebro-su-prestigioso-coctel-lovethenow-de-manera-radiante-espontanea-y-romantica-el-ultimo-martes-16-de-febrero-los-invitados-viveron-una-noche-inolvidable-con-el-unico-estilo-de-mot-chandon-quien-ha-celebrado-los-momentos-triunfales-de-la-v	->	https://www.publi20.com/mot-chandon-celebro-su-prestigioso-coctel-lovethenow-de-manera-radiante-espontanea-y-romantica-el-ultimo-martes-16-de-febrero-los-invitados-viveron-una-noche-inolvidable-con-el-unico-estilo-de-mot-chandon-quien-ha-celebrado-los-momentos-triunfales-de-la-v/
4116	inactiva	regex=False	Redirecciones	/noticias/mot-chandon-celebro-su-prestigioso-coctel-lovethenow-de-manera-radiante-espontanea-y-romantica-el-ultimo-martes-16-de-febrero-los-invitados-viveron-una-noche-inolvidable-con-el-unico-estilo-de-mot-chandon-quien-ha-celebrado-los-momentos-triunfales-de-la-v	->	https://www.publi20.com/mot-chandon-celebro-su-prestigioso-coctel-lovethenow-de-manera-radiante-espontanea-y-romantica-el-ultimo-martes-16-de-febrero-los-invitados-viveron-una-noche-inolvidable-con-el-unico-estilo-de-mot-chandon-quien-ha-celebrado-los-momentos-triunfales-de-la-v/
4115	inactiva	regex=False	Redirecciones	/noticias/konica-minolta-sensing-anuncia-su-participacion-en-plastimagen-mexico-2016	->	https://www.publi20.com/konica-minolta-sensing-anuncia-su-participacion-en-plastimagen-mexico-2016/
4114	inactiva	regex=False	Redirecciones	/noticias/mot-chandon-celebro-su-prestigioso-coctel-lovethenow-de-manera-radiante-espontanea-y-romantica-el-ultimo-martes-16-de-febrero-los-invitados-viveron-una-noche-inolvidable-con-el-unico-estilo-de-mot-chandon-quien-ha-celebrado-los-momentos-triunfales-de-la-v	->	https://www.publi20.com/mot-chandon-celebro-su-prestigioso-coctel-lovethenow-de-manera-radiante-espontanea-y-romantica-el-ultimo-martes-16-de-febrero-los-invitados-viveron-una-noche-inolvidable-con-el-unico-estilo-de-mot-chandon-quien-ha-celebrado-los-momentos-triunfales-de-la-v/
4113	inactiva	regex=False	Redirecciones	/noticias/mot-chandon-celebro-su-prestigioso-coctel-lovethenow-de-manera-radiante-espontanea-y-romantica-el-ultimo-martes-16-de-febrero-los-invitados-viveron-una-noche-inolvidable-con-el-unico-estilo-de-mot-chandon-quien-ha-celebrado-los-momentos-triunfales-de-la-v	->	https://www.publi20.com/mot-chandon-celebro-su-prestigioso-coctel-lovethenow-de-manera-radiante-espontanea-y-romantica-el-ultimo-martes-16-de-febrero-los-invitados-viveron-una-noche-inolvidable-con-el-unico-estilo-de-mot-chandon-quien-ha-celebrado-los-momentos-triunfales-de-la-v/
4112	inactiva	regex=False	Redirecciones	/noticias/mot-chandon-celebro-su-prestigioso-coctel-lovethenow-de-manera-radiante-espontanea-y-romantica-el-ultimo-martes-16-de-febrero-los-invitados-viveron-una-noche-inolvidable-con-el-unico-estilo-de-mot-chandon-quien-ha-celebrado-los-momentos-triunfales-de-la-v	->	https://www.publi20.com/mot-chandon-celebro-su-prestigioso-coctel-lovethenow-de-manera-radiante-espontanea-y-romantica-el-ultimo-martes-16-de-febrero-los-invitados-viveron-una-noche-inolvidable-con-el-unico-estilo-de-mot-chandon-quien-ha-celebrado-los-momentos-triunfales-de-la-v/
4111	inactiva	regex=False	Redirecciones	/noticias/mot-chandon-celebro-su-prestigioso-coctel-lovethenow-de-manera-radiante-espontanea-y-romantica-el-ultimo-martes-16-de-febrero-los-invitados-viveron-una-noche-inolvidable-con-el-unico-estilo-de-mot-chandon-quien-ha-celebrado-los-momentos-triunfales-de-la-v	->	https://www.publi20.com/mot-chandon-celebro-su-prestigioso-coctel-lovethenow-de-manera-radiante-espontanea-y-romantica-el-ultimo-martes-16-de-febrero-los-invitados-viveron-una-noche-inolvidable-con-el-unico-estilo-de-mot-chandon-quien-ha-celebrado-los-momentos-triunfales-de-la-v/
4110	inactiva	regex=False	Redirecciones	/noticias/mot-chandon-celebro-su-prestigioso-coctel-lovethenow-de-manera-radiante-espontanea-y-romantica-el-ultimo-martes-16-de-febrero-los-invitados-viveron-una-noche-inolvidable-con-el-unico-estilo-de-mot-chandon-quien-ha-celebrado-los-momentos-triunfales-de-la-v	->	https://www.publi20.com/mot-chandon-celebro-su-prestigioso-coctel-lovethenow-de-manera-radiante-espontanea-y-romantica-el-ultimo-martes-16-de-febrero-los-invitados-viveron-una-noche-inolvidable-con-el-unico-estilo-de-mot-chandon-quien-ha-celebrado-los-momentos-triunfales-de-la-v/
4109	inactiva	regex=False	Redirecciones	/noticias/mot-chandon-celebro-su-prestigioso-coctel-lovethenow-de-manera-radiante-espontanea-y-romantica-el-ultimo-martes-16-de-febrero-los-invitados-viveron-una-noche-inolvidable-con-el-unico-estilo-de-mot-chandon-quien-ha-celebrado-los-momentos-triunfales-de-la-v	->	https://www.publi20.com/mot-chandon-celebro-su-prestigioso-coctel-lovethenow-de-manera-radiante-espontanea-y-romantica-el-ultimo-martes-16-de-febrero-los-invitados-viveron-una-noche-inolvidable-con-el-unico-estilo-de-mot-chandon-quien-ha-celebrado-los-momentos-triunfales-de-la-v/
4108	inactiva	regex=False	Redirecciones	/noticias/mot-chandon-celebro-su-prestigioso-coctel-lovethenow-de-manera-radiante-espontanea-y-romantica-el-ultimo-martes-16-de-febrero-los-invitados-viveron-una-noche-inolvidable-con-el-unico-estilo-de-mot-chandon-quien-ha-celebrado-los-momentos-triunfales-de-la-v	->	https://www.publi20.com/mot-chandon-celebro-su-prestigioso-coctel-lovethenow-de-manera-radiante-espontanea-y-romantica-el-ultimo-martes-16-de-febrero-los-invitados-viveron-una-noche-inolvidable-con-el-unico-estilo-de-mot-chandon-quien-ha-celebrado-los-momentos-triunfales-de-la-v/
4107	inactiva	regex=False	Redirecciones	/noticias/mot-chandon-celebro-su-prestigioso-coctel-lovethenow-de-manera-radiante-espontanea-y-romantica-el-ultimo-martes-16-de-febrero-los-invitados-viveron-una-noche-inolvidable-con-el-unico-estilo-de-mot-chandon-quien-ha-celebrado-los-momentos-triunfales-de-la-v	->	https://www.publi20.com/mot-chandon-celebro-su-prestigioso-coctel-lovethenow-de-manera-radiante-espontanea-y-romantica-el-ultimo-martes-16-de-febrero-los-invitados-viveron-una-noche-inolvidable-con-el-unico-estilo-de-mot-chandon-quien-ha-celebrado-los-momentos-triunfales-de-la-v/
4106	inactiva	regex=False	Redirecciones	/noticias/mot-chandon-celebro-su-prestigioso-coctel-lovethenow-de-manera-radiante-espontanea-y-romantica-el-ultimo-martes-16-de-febrero-los-invitados-viveron-una-noche-inolvidable-con-el-unico-estilo-de-mot-chandon-quien-ha-celebrado-los-momentos-triunfales-de-la-v	->	https://www.publi20.com/mot-chandon-celebro-su-prestigioso-coctel-lovethenow-de-manera-radiante-espontanea-y-romantica-el-ultimo-martes-16-de-febrero-los-invitados-viveron-una-noche-inolvidable-con-el-unico-estilo-de-mot-chandon-quien-ha-celebrado-los-momentos-triunfales-de-la-v/
4105	inactiva	regex=False	Redirecciones	/noticias/aplican-ciencia-en-elaboracion-de-tacos-by-juan-carlos-machorro	->	https://www.publi20.com/aplican-ciencia-en-elaboracion-de-tacos-by-juan-carlos-machorro/
4104	inactiva	regex=False	Redirecciones	/noticias/la-nueva-arcserve-unified-data-protection-udp-elimina-el-tiempo-de-recuperacion-mediante-disponibilidad-continua-recuperacion-instantanea-y-replicacion-en-entornos-en-la-nube-virtuales-y-fisicos	->	https://www.publi20.com/la-nueva-arcserve-unified-data-protection-udp-elimina-el-tiempo-de-recuperacion-mediante-disponibilidad-continua-recuperacion-instantanea-y-replicacion-en-entornos-en-la-nube-virtuales-y-fisicos/
4103	inactiva	regex=False	Redirecciones	/noticias/mot-chandon-celebro-su-prestigioso-coctel-lovethenow-de-manera-radiante-espontanea-y-romantica-el-ultimo-martes-16-de-febrero-los-invitados-viveron-una-noche-inolvidable-con-el-unico-estilo-de-mot-chandon-quien-ha-celebrado-los-momentos-triunfales-de-la-v	->	https://www.publi20.com/mot-chandon-celebro-su-prestigioso-coctel-lovethenow-de-manera-radiante-espontanea-y-romantica-el-ultimo-martes-16-de-febrero-los-invitados-viveron-una-noche-inolvidable-con-el-unico-estilo-de-mot-chandon-quien-ha-celebrado-los-momentos-triunfales-de-la-v/
4102	inactiva	regex=False	Redirecciones	/noticias/the-home-depot-anuncia-resultados-record-del-cuarto-trimestre-y-del-ano-fiscal-2015-aumenta-el-dividendo-trimestral-en-un-17-por-ciento-y-proporciona-la-guia-para-el-ano-fiscal-2016	->	https://www.publi20.com/the-home-depot-anuncia-resultados-record-del-cuarto-trimestre-y-del-ano-fiscal-2015-aumenta-el-dividendo-trimestral-en-un-17-por-ciento-y-proporciona-la-guia-para-el-ano-fiscal-2016/
4101	inactiva	regex=False	Redirecciones	/noticias/linedata-anuncia-el-lanzamiento-de-linedata-mobilekip	->	https://www.publi20.com/linedata-anuncia-el-lanzamiento-de-linedata-mobilekip/
4100	inactiva	regex=False	Redirecciones	/noticias/mot-chandon-celebro-su-prestigioso-coctel-lovethenow-de-manera-radiante-espontanea-y-romantica-el-ultimo-martes-16-de-febrero-los-invitados-viveron-una-noche-inolvidable-con-el-unico-estilo-de-mot-chandon-quien-ha-celebrado-los-momentos-triunfales-de-la-v	->	https://www.publi20.com/mot-chandon-celebro-su-prestigioso-coctel-lovethenow-de-manera-radiante-espontanea-y-romantica-el-ultimo-martes-16-de-febrero-los-invitados-viveron-una-noche-inolvidable-con-el-unico-estilo-de-mot-chandon-quien-ha-celebrado-los-momentos-triunfales-de-la-v/
4099	inactiva	regex=False	Redirecciones	/noticias/mot-chandon-celebro-su-prestigioso-coctel-lovethenow-de-manera-radiante-espontanea-y-romantica-el-ultimo-martes-16-de-febrero-los-invitados-viveron-una-noche-inolvidable-con-el-unico-estilo-de-mot-chandon-quien-ha-celebrado-los-momentos-triunfales-de-la-v	->	https://www.publi20.com/mot-chandon-celebro-su-prestigioso-coctel-lovethenow-de-manera-radiante-espontanea-y-romantica-el-ultimo-martes-16-de-febrero-los-invitados-viveron-una-noche-inolvidable-con-el-unico-estilo-de-mot-chandon-quien-ha-celebrado-los-momentos-triunfales-de-la-v/
4098	inactiva	regex=False	Redirecciones	/noticias/la-nomina-del-futbol-de-pepsi-2016-introduce-la-tarjeta-azul-en-el-juego-global	->	https://www.publi20.com/la-nomina-del-futbol-de-pepsi-2016-introduce-la-tarjeta-azul-en-el-juego-global/
4097	inactiva	regex=False	Redirecciones	/noticias/mot-chandon-celebro-su-prestigioso-coctel-lovethenow-de-manera-radiante-espontanea-y-romantica-el-ultimo-martes-16-de-febrero-los-invitados-viveron-una-noche-inolvidable-con-el-unico-estilo-de-mot-chandon-quien-ha-celebrado-los-momentos-triunfales-de-la-v	->	https://www.publi20.com/mot-chandon-celebro-su-prestigioso-coctel-lovethenow-de-manera-radiante-espontanea-y-romantica-el-ultimo-martes-16-de-febrero-los-invitados-viveron-una-noche-inolvidable-con-el-unico-estilo-de-mot-chandon-quien-ha-celebrado-los-momentos-triunfales-de-la-v/
4096	inactiva	regex=False	Redirecciones	/noticias/mot-chandon-celebro-su-prestigioso-coctel-lovethenow-de-manera-radiante-espontanea-y-romantica-el-ultimo-martes-16-de-febrero-los-invitados-viveron-una-noche-inolvidable-con-el-unico-estilo-de-mot-chandon-quien-ha-celebrado-los-momentos-triunfales-de-la-v	->	https://www.publi20.com/mot-chandon-celebro-su-prestigioso-coctel-lovethenow-de-manera-radiante-espontanea-y-romantica-el-ultimo-martes-16-de-febrero-los-invitados-viveron-una-noche-inolvidable-con-el-unico-estilo-de-mot-chandon-quien-ha-celebrado-los-momentos-triunfales-de-la-v/
4095	inactiva	regex=False	Redirecciones	/noticias/se-inaugura-el-festival-internacional-de-cortometrajes-mercy-and-justice	->	https://www.publi20.com/se-inaugura-el-festival-internacional-de-cortometrajes-mercy-and-justice/
4094	inactiva	regex=False	Redirecciones	/noticias/lanzamiento-mundial-de-la-honourable-order-of-international-hotel-general-managers	->	https://www.publi20.com/lanzamiento-mundial-de-la-honourable-order-of-international-hotel-general-managers/
4093	inactiva	regex=False	Redirecciones	/noticias/mot-chandon-celebro-su-prestigioso-coctel-lovethenow-de-manera-radiante-espontanea-y-romantica-el-ultimo-martes-16-de-febrero-los-invitados-viveron-una-noche-inolvidable-con-el-unico-estilo-de-mot-chandon-quien-ha-celebrado-los-momentos-triunfales-de-la-v	->	https://www.publi20.com/mot-chandon-celebro-su-prestigioso-coctel-lovethenow-de-manera-radiante-espontanea-y-romantica-el-ultimo-martes-16-de-febrero-los-invitados-viveron-una-noche-inolvidable-con-el-unico-estilo-de-mot-chandon-quien-ha-celebrado-los-momentos-triunfales-de-la-v/
4092	inactiva	regex=False	Redirecciones	/noticias/mot-chandon-celebro-su-prestigioso-coctel-lovethenow-de-manera-radiante-espontanea-y-romantica-el-ultimo-martes-16-de-febrero-los-invitados-viveron-una-noche-inolvidable-con-el-unico-estilo-de-mot-chandon-quien-ha-celebrado-los-momentos-triunfales-de-la-v	->	https://www.publi20.com/mot-chandon-celebro-su-prestigioso-coctel-lovethenow-de-manera-radiante-espontanea-y-romantica-el-ultimo-martes-16-de-febrero-los-invitados-viveron-una-noche-inolvidable-con-el-unico-estilo-de-mot-chandon-quien-ha-celebrado-los-momentos-triunfales-de-la-v/
4091	inactiva	regex=False	Redirecciones	/noticias/oh-la-la-deals-de-air-france-las-mejores-ofertas-de-temporada	->	https://www.publi20.com/oh-la-la-deals-de-air-france-las-mejores-ofertas-de-temporada/
4090	inactiva	regex=False	Redirecciones	/noticias/mas-del-50-de-las-empresas-tienen-dispositivos-moviles-que-no-cumplen-con-las-normativas	->	https://www.publi20.com/mas-del-50-de-las-empresas-tienen-dispositivos-moviles-que-no-cumplen-con-las-normativas/
4089	inactiva	regex=False	Redirecciones	/noticias/mot-chandon-celebro-su-prestigioso-coctel-lovethenow-de-manera-radiante-espontanea-y-romantica-el-ultimo-martes-16-de-febrero-los-invitados-viveron-una-noche-inolvidable-con-el-unico-estilo-de-mot-chandon-quien-ha-celebrado-los-momentos-triunfales-de-la-v	->	https://www.publi20.com/mot-chandon-celebro-su-prestigioso-coctel-lovethenow-de-manera-radiante-espontanea-y-romantica-el-ultimo-martes-16-de-febrero-los-invitados-viveron-una-noche-inolvidable-con-el-unico-estilo-de-mot-chandon-quien-ha-celebrado-los-momentos-triunfales-de-la-v/
4088	inactiva	regex=False	Redirecciones	/noticias/mot-chandon-celebro-su-prestigioso-coctel-lovethenow-de-manera-radiante-espontanea-y-romantica-el-ultimo-martes-16-de-febrero-los-invitados-viveron-una-noche-inolvidable-con-el-unico-estilo-de-mot-chandon-quien-ha-celebrado-los-momentos-triunfales-de-la-v	->	https://www.publi20.com/mot-chandon-celebro-su-prestigioso-coctel-lovethenow-de-manera-radiante-espontanea-y-romantica-el-ultimo-martes-16-de-febrero-los-invitados-viveron-una-noche-inolvidable-con-el-unico-estilo-de-mot-chandon-quien-ha-celebrado-los-momentos-triunfales-de-la-v/
4087	inactiva	regex=False	Redirecciones	/noticias/mot-chandon-celebro-su-prestigioso-coctel-lovethenow-de-manera-radiante-espontanea-y-romantica-el-ultimo-martes-16-de-febrero-los-invitados-viveron-una-noche-inolvidable-con-el-unico-estilo-de-mot-chandon-quien-ha-celebrado-los-momentos-triunfales-de-la-v	->	https://www.publi20.com/mot-chandon-celebro-su-prestigioso-coctel-lovethenow-de-manera-radiante-espontanea-y-romantica-el-ultimo-martes-16-de-febrero-los-invitados-viveron-una-noche-inolvidable-con-el-unico-estilo-de-mot-chandon-quien-ha-celebrado-los-momentos-triunfales-de-la-v/
4086	inactiva	regex=False	Redirecciones	/noticias/mot-chandon-celebro-su-prestigioso-coctel-lovethenow-de-manera-radiante-espontanea-y-romantica-el-ultimo-martes-16-de-febrero-los-invitados-viveron-una-noche-inolvidable-con-el-unico-estilo-de-mot-chandon-quien-ha-celebrado-los-momentos-triunfales-de-la-v	->	https://www.publi20.com/mot-chandon-celebro-su-prestigioso-coctel-lovethenow-de-manera-radiante-espontanea-y-romantica-el-ultimo-martes-16-de-febrero-los-invitados-viveron-una-noche-inolvidable-con-el-unico-estilo-de-mot-chandon-quien-ha-celebrado-los-momentos-triunfales-de-la-v/
4085	inactiva	regex=False	Redirecciones	/noticias/mot-chandon-celebro-su-prestigioso-coctel-lovethenow-de-manera-radiante-espontanea-y-romantica-el-ultimo-martes-16-de-febrero-los-invitados-viveron-una-noche-inolvidable-con-el-unico-estilo-de-mot-chandon-quien-ha-celebrado-los-momentos-triunfales-de-la-v	->	https://www.publi20.com/mot-chandon-celebro-su-prestigioso-coctel-lovethenow-de-manera-radiante-espontanea-y-romantica-el-ultimo-martes-16-de-febrero-los-invitados-viveron-una-noche-inolvidable-con-el-unico-estilo-de-mot-chandon-quien-ha-celebrado-los-momentos-triunfales-de-la-v/
4084	inactiva	regex=False	Redirecciones	/noticias/mot-chandon-celebro-su-prestigioso-coctel-lovethenow-de-manera-radiante-espontanea-y-romantica-el-ultimo-martes-16-de-febrero-los-invitados-viveron-una-noche-inolvidable-con-el-unico-estilo-de-mot-chandon-quien-ha-celebrado-los-momentos-triunfales-de-la-v	->	https://www.publi20.com/mot-chandon-celebro-su-prestigioso-coctel-lovethenow-de-manera-radiante-espontanea-y-romantica-el-ultimo-martes-16-de-febrero-los-invitados-viveron-una-noche-inolvidable-con-el-unico-estilo-de-mot-chandon-quien-ha-celebrado-los-momentos-triunfales-de-la-v/
4083	inactiva	regex=False	Redirecciones	/noticias/mot-chandon-celebro-su-prestigioso-coctel-lovethenow-de-manera-radiante-espontanea-y-romantica-el-ultimo-martes-16-de-febrero-los-invitados-viveron-una-noche-inolvidable-con-el-unico-estilo-de-mot-chandon-quien-ha-celebrado-los-momentos-triunfales-de-la-v	->	https://www.publi20.com/mot-chandon-celebro-su-prestigioso-coctel-lovethenow-de-manera-radiante-espontanea-y-romantica-el-ultimo-martes-16-de-febrero-los-invitados-viveron-una-noche-inolvidable-con-el-unico-estilo-de-mot-chandon-quien-ha-celebrado-los-momentos-triunfales-de-la-v/
4082	inactiva	regex=False	Redirecciones	/noticias/mot-chandon-celebro-su-prestigioso-coctel-lovethenow-de-manera-radiante-espontanea-y-romantica-el-ultimo-martes-16-de-febrero-los-invitados-viveron-una-noche-inolvidable-con-el-unico-estilo-de-mot-chandon-quien-ha-celebrado-los-momentos-triunfales-de-la-v	->	https://www.publi20.com/mot-chandon-celebro-su-prestigioso-coctel-lovethenow-de-manera-radiante-espontanea-y-romantica-el-ultimo-martes-16-de-febrero-los-invitados-viveron-una-noche-inolvidable-con-el-unico-estilo-de-mot-chandon-quien-ha-celebrado-los-momentos-triunfales-de-la-v/
4081	inactiva	regex=False	Redirecciones	/noticias/mot-chandon-celebro-su-prestigioso-coctel-lovethenow-de-manera-radiante-espontanea-y-romantica-el-ultimo-martes-16-de-febrero-los-invitados-viveron-una-noche-inolvidable-con-el-unico-estilo-de-mot-chandon-quien-ha-celebrado-los-momentos-triunfales-de-la-v	->	https://www.publi20.com/mot-chandon-celebro-su-prestigioso-coctel-lovethenow-de-manera-radiante-espontanea-y-romantica-el-ultimo-martes-16-de-febrero-los-invitados-viveron-una-noche-inolvidable-con-el-unico-estilo-de-mot-chandon-quien-ha-celebrado-los-momentos-triunfales-de-la-v/
4080	inactiva	regex=False	Redirecciones	/noticias/mot-chandon-celebro-su-prestigioso-coctel-lovethenow-de-manera-radiante-espontanea-y-romantica-el-ultimo-martes-16-de-febrero-los-invitados-viveron-una-noche-inolvidable-con-el-unico-estilo-de-mot-chandon-quien-ha-celebrado-los-momentos-triunfales-de-la-v	->	https://www.publi20.com/mot-chandon-celebro-su-prestigioso-coctel-lovethenow-de-manera-radiante-espontanea-y-romantica-el-ultimo-martes-16-de-febrero-los-invitados-viveron-una-noche-inolvidable-con-el-unico-estilo-de-mot-chandon-quien-ha-celebrado-los-momentos-triunfales-de-la-v/
4079	inactiva	regex=False	Redirecciones	/noticias/womens-forum-mexico-2016-girara-en-torno-a-co-creando-junts-co-creating-together	->	https://www.publi20.com/womens-forum-mexico-2016-girara-en-torno-a-co-creando-junts-co-creating-together/
4078	inactiva	regex=False	Redirecciones	/noticias/mot-chandon-celebro-su-prestigioso-coctel-lovethenow-de-manera-radiante-espontanea-y-romantica-el-ultimo-martes-16-de-febrero-los-invitados-viveron-una-noche-inolvidable-con-el-unico-estilo-de-mot-chandon-quien-ha-celebrado-los-momentos-triunfales-de-la-v	->	https://www.publi20.com/mot-chandon-celebro-su-prestigioso-coctel-lovethenow-de-manera-radiante-espontanea-y-romantica-el-ultimo-martes-16-de-febrero-los-invitados-viveron-una-noche-inolvidable-con-el-unico-estilo-de-mot-chandon-quien-ha-celebrado-los-momentos-triunfales-de-la-v/
4077	inactiva	regex=False	Redirecciones	/noticias/mot-chandon-celebro-su-prestigioso-coctel-lovethenow-de-manera-radiante-espontanea-y-romantica-el-ultimo-martes-16-de-febrero-los-invitados-viveron-una-noche-inolvidable-con-el-unico-estilo-de-mot-chandon-quien-ha-celebrado-los-momentos-triunfales-de-la-v	->	https://www.publi20.com/mot-chandon-celebro-su-prestigioso-coctel-lovethenow-de-manera-radiante-espontanea-y-romantica-el-ultimo-martes-16-de-febrero-los-invitados-viveron-una-noche-inolvidable-con-el-unico-estilo-de-mot-chandon-quien-ha-celebrado-los-momentos-triunfales-de-la-v/
4076	inactiva	regex=False	Redirecciones	/noticias/mot-chandon-celebro-su-prestigioso-coctel-lovethenow-de-manera-radiante-espontanea-y-romantica-el-ultimo-martes-16-de-febrero-los-invitados-viveron-una-noche-inolvidable-con-el-unico-estilo-de-mot-chandon-quien-ha-celebrado-los-momentos-triunfales-de-la-v	->	https://www.publi20.com/mot-chandon-celebro-su-prestigioso-coctel-lovethenow-de-manera-radiante-espontanea-y-romantica-el-ultimo-martes-16-de-febrero-los-invitados-viveron-una-noche-inolvidable-con-el-unico-estilo-de-mot-chandon-quien-ha-celebrado-los-momentos-triunfales-de-la-v/
4075	inactiva	regex=False	Redirecciones	/noticias/mot-chandon-celebro-su-prestigioso-coctel-lovethenow-de-manera-radiante-espontanea-y-romantica-el-ultimo-martes-16-de-febrero-los-invitados-viveron-una-noche-inolvidable-con-el-unico-estilo-de-mot-chandon-quien-ha-celebrado-los-momentos-triunfales-de-la-v	->	https://www.publi20.com/mot-chandon-celebro-su-prestigioso-coctel-lovethenow-de-manera-radiante-espontanea-y-romantica-el-ultimo-martes-16-de-febrero-los-invitados-viveron-una-noche-inolvidable-con-el-unico-estilo-de-mot-chandon-quien-ha-celebrado-los-momentos-triunfales-de-la-v/
4074	inactiva	regex=False	Redirecciones	/noticias/mot-chandon-celebro-su-prestigioso-coctel-lovethenow-de-manera-radiante-espontanea-y-romantica-el-ultimo-martes-16-de-febrero-los-invitados-viveron-una-noche-inolvidable-con-el-unico-estilo-de-mot-chandon-quien-ha-celebrado-los-momentos-triunfales-de-la-v	->	https://www.publi20.com/mot-chandon-celebro-su-prestigioso-coctel-lovethenow-de-manera-radiante-espontanea-y-romantica-el-ultimo-martes-16-de-febrero-los-invitados-viveron-una-noche-inolvidable-con-el-unico-estilo-de-mot-chandon-quien-ha-celebrado-los-momentos-triunfales-de-la-v/
4073	inactiva	regex=False	Redirecciones	/noticias/mot-chandon-celebro-su-prestigioso-coctel-lovethenow-de-manera-radiante-espontanea-y-romantica-el-ultimo-martes-16-de-febrero-los-invitados-viveron-una-noche-inolvidable-con-el-unico-estilo-de-mot-chandon-quien-ha-celebrado-los-momentos-triunfales-de-la-v	->	https://www.publi20.com/mot-chandon-celebro-su-prestigioso-coctel-lovethenow-de-manera-radiante-espontanea-y-romantica-el-ultimo-martes-16-de-febrero-los-invitados-viveron-una-noche-inolvidable-con-el-unico-estilo-de-mot-chandon-quien-ha-celebrado-los-momentos-triunfales-de-la-v/
4072	inactiva	regex=False	Redirecciones	/noticias/mot-chandon-celebro-su-prestigioso-coctel-lovethenow-de-manera-radiante-espontanea-y-romantica-el-ultimo-martes-16-de-febrero-los-invitados-viveron-una-noche-inolvidable-con-el-unico-estilo-de-mot-chandon-quien-ha-celebrado-los-momentos-triunfales-de-la-v	->	https://www.publi20.com/mot-chandon-celebro-su-prestigioso-coctel-lovethenow-de-manera-radiante-espontanea-y-romantica-el-ultimo-martes-16-de-febrero-los-invitados-viveron-una-noche-inolvidable-con-el-unico-estilo-de-mot-chandon-quien-ha-celebrado-los-momentos-triunfales-de-la-v/
4071	inactiva	regex=False	Redirecciones	/noticias/mot-chandon-celebro-su-prestigioso-coctel-lovethenow-de-manera-radiante-espontanea-y-romantica-el-ultimo-martes-16-de-febrero-los-invitados-viveron-una-noche-inolvidable-con-el-unico-estilo-de-mot-chandon-quien-ha-celebrado-los-momentos-triunfales-de-la-v	->	https://www.publi20.com/mot-chandon-celebro-su-prestigioso-coctel-lovethenow-de-manera-radiante-espontanea-y-romantica-el-ultimo-martes-16-de-febrero-los-invitados-viveron-una-noche-inolvidable-con-el-unico-estilo-de-mot-chandon-quien-ha-celebrado-los-momentos-triunfales-de-la-v/
4070	inactiva	regex=False	Redirecciones	/noticias/mot-chandon-celebro-su-prestigioso-coctel-lovethenow-de-manera-radiante-espontanea-y-romantica-el-ultimo-martes-16-de-febrero-los-invitados-viveron-una-noche-inolvidable-con-el-unico-estilo-de-mot-chandon-quien-ha-celebrado-los-momentos-triunfales-de-la-v	->	https://www.publi20.com/mot-chandon-celebro-su-prestigioso-coctel-lovethenow-de-manera-radiante-espontanea-y-romantica-el-ultimo-martes-16-de-febrero-los-invitados-viveron-una-noche-inolvidable-con-el-unico-estilo-de-mot-chandon-quien-ha-celebrado-los-momentos-triunfales-de-la-v/
4069	inactiva	regex=False	Redirecciones	/noticias/mot-chandon-celebro-su-prestigioso-coctel-lovethenow-de-manera-radiante-espontanea-y-romantica-el-ultimo-martes-16-de-febrero-los-invitados-viveron-una-noche-inolvidable-con-el-unico-estilo-de-mot-chandon-quien-ha-celebrado-los-momentos-triunfales-de-la-v	->	https://www.publi20.com/mot-chandon-celebro-su-prestigioso-coctel-lovethenow-de-manera-radiante-espontanea-y-romantica-el-ultimo-martes-16-de-febrero-los-invitados-viveron-una-noche-inolvidable-con-el-unico-estilo-de-mot-chandon-quien-ha-celebrado-los-momentos-triunfales-de-la-v/
4068	inactiva	regex=False	Redirecciones	/noticias/mot-chandon-celebro-su-prestigioso-coctel-lovethenow-de-manera-radiante-espontanea-y-romantica-el-ultimo-martes-16-de-febrero-los-invitados-viveron-una-noche-inolvidable-con-el-unico-estilo-de-mot-chandon-quien-ha-celebrado-los-momentos-triunfales-de-la-v	->	https://www.publi20.com/mot-chandon-celebro-su-prestigioso-coctel-lovethenow-de-manera-radiante-espontanea-y-romantica-el-ultimo-martes-16-de-febrero-los-invitados-viveron-una-noche-inolvidable-con-el-unico-estilo-de-mot-chandon-quien-ha-celebrado-los-momentos-triunfales-de-la-v/
4067	inactiva	regex=False	Redirecciones	/noticias/mot-chandon-celebro-su-prestigioso-coctel-lovethenow-de-manera-radiante-espontanea-y-romantica-el-ultimo-martes-16-de-febrero-los-invitados-viveron-una-noche-inolvidable-con-el-unico-estilo-de-mot-chandon-quien-ha-celebrado-los-momentos-triunfales-de-la-v	->	https://www.publi20.com/mot-chandon-celebro-su-prestigioso-coctel-lovethenow-de-manera-radiante-espontanea-y-romantica-el-ultimo-martes-16-de-febrero-los-invitados-viveron-una-noche-inolvidable-con-el-unico-estilo-de-mot-chandon-quien-ha-celebrado-los-momentos-triunfales-de-la-v/
4066	inactiva	regex=False	Redirecciones	/noticias/mot-chandon-celebro-su-prestigioso-coctel-lovethenow-de-manera-radiante-espontanea-y-romantica-el-ultimo-martes-16-de-febrero-los-invitados-viveron-una-noche-inolvidable-con-el-unico-estilo-de-mot-chandon-quien-ha-celebrado-los-momentos-triunfales-de-la-v	->	https://www.publi20.com/mot-chandon-celebro-su-prestigioso-coctel-lovethenow-de-manera-radiante-espontanea-y-romantica-el-ultimo-martes-16-de-febrero-los-invitados-viveron-una-noche-inolvidable-con-el-unico-estilo-de-mot-chandon-quien-ha-celebrado-los-momentos-triunfales-de-la-v/
4065	inactiva	regex=False	Redirecciones	/noticias/wincor-nixdorf-y-mahindra-comviva-se-asocian-para-permitir-operaciones-basadas-en-nfc-y-codigo-qr-en-los-cajeros-automaticos-con-la-billetera-mobiquity	->	https://www.publi20.com/wincor-nixdorf-y-mahindra-comviva-se-asocian-para-permitir-operaciones-basadas-en-nfc-y-codigo-qr-en-los-cajeros-automaticos-con-la-billetera-mobiquity/
4064	inactiva	regex=False	Redirecciones	/noticias/mot-chandon-celebro-su-prestigioso-coctel-lovethenow-de-manera-radiante-espontanea-y-romantica-el-ultimo-martes-16-de-febrero-los-invitados-viveron-una-noche-inolvidable-con-el-unico-estilo-de-mot-chandon-quien-ha-celebrado-los-momentos-triunfales-de-la-v	->	https://www.publi20.com/mot-chandon-celebro-su-prestigioso-coctel-lovethenow-de-manera-radiante-espontanea-y-romantica-el-ultimo-martes-16-de-febrero-los-invitados-viveron-una-noche-inolvidable-con-el-unico-estilo-de-mot-chandon-quien-ha-celebrado-los-momentos-triunfales-de-la-v/
4063	inactiva	regex=False	Redirecciones	/noticias/mot-chandon-celebro-su-prestigioso-coctel-lovethenow-de-manera-radiante-espontanea-y-romantica-el-ultimo-martes-16-de-febrero-los-invitados-viveron-una-noche-inolvidable-con-el-unico-estilo-de-mot-chandon-quien-ha-celebrado-los-momentos-triunfales-de-la-v	->	https://www.publi20.com/mot-chandon-celebro-su-prestigioso-coctel-lovethenow-de-manera-radiante-espontanea-y-romantica-el-ultimo-martes-16-de-febrero-los-invitados-viveron-una-noche-inolvidable-con-el-unico-estilo-de-mot-chandon-quien-ha-celebrado-los-momentos-triunfales-de-la-v/
4062	inactiva	regex=False	Redirecciones	/noticias/mot-chandon-celebro-su-prestigioso-coctel-lovethenow-de-manera-radiante-espontanea-y-romantica-el-ultimo-martes-16-de-febrero-los-invitados-viveron-una-noche-inolvidable-con-el-unico-estilo-de-mot-chandon-quien-ha-celebrado-los-momentos-triunfales-de-la-v	->	https://www.publi20.com/mot-chandon-celebro-su-prestigioso-coctel-lovethenow-de-manera-radiante-espontanea-y-romantica-el-ultimo-martes-16-de-febrero-los-invitados-viveron-una-noche-inolvidable-con-el-unico-estilo-de-mot-chandon-quien-ha-celebrado-los-momentos-triunfales-de-la-v/
4061	inactiva	regex=False	Redirecciones	/noticias/mot-chandon-celebro-su-prestigioso-coctel-lovethenow-de-manera-radiante-espontanea-y-romantica-el-ultimo-martes-16-de-febrero-los-invitados-viveron-una-noche-inolvidable-con-el-unico-estilo-de-mot-chandon-quien-ha-celebrado-los-momentos-triunfales-de-la-v	->	https://www.publi20.com/mot-chandon-celebro-su-prestigioso-coctel-lovethenow-de-manera-radiante-espontanea-y-romantica-el-ultimo-martes-16-de-febrero-los-invitados-viveron-una-noche-inolvidable-con-el-unico-estilo-de-mot-chandon-quien-ha-celebrado-los-momentos-triunfales-de-la-v/
4060	inactiva	regex=False	Redirecciones	/noticias/mot-chandon-celebro-su-prestigioso-coctel-lovethenow-de-manera-radiante-espontanea-y-romantica-el-ultimo-martes-16-de-febrero-los-invitados-viveron-una-noche-inolvidable-con-el-unico-estilo-de-mot-chandon-quien-ha-celebrado-los-momentos-triunfales-de-la-v	->	https://www.publi20.com/mot-chandon-celebro-su-prestigioso-coctel-lovethenow-de-manera-radiante-espontanea-y-romantica-el-ultimo-martes-16-de-febrero-los-invitados-viveron-una-noche-inolvidable-con-el-unico-estilo-de-mot-chandon-quien-ha-celebrado-los-momentos-triunfales-de-la-v/
4059	inactiva	regex=False	Redirecciones	/noticias/mot-chandon-celebro-su-prestigioso-coctel-lovethenow-de-manera-radiante-espontanea-y-romantica-el-ultimo-martes-16-de-febrero-los-invitados-viveron-una-noche-inolvidable-con-el-unico-estilo-de-mot-chandon-quien-ha-celebrado-los-momentos-triunfales-de-la-v	->	https://www.publi20.com/mot-chandon-celebro-su-prestigioso-coctel-lovethenow-de-manera-radiante-espontanea-y-romantica-el-ultimo-martes-16-de-febrero-los-invitados-viveron-una-noche-inolvidable-con-el-unico-estilo-de-mot-chandon-quien-ha-celebrado-los-momentos-triunfales-de-la-v/
4058	inactiva	regex=False	Redirecciones	/noticias/mot-chandon-celebro-su-prestigioso-coctel-lovethenow-de-manera-radiante-espontanea-y-romantica-el-ultimo-martes-16-de-febrero-los-invitados-viveron-una-noche-inolvidable-con-el-unico-estilo-de-mot-chandon-quien-ha-celebrado-los-momentos-triunfales-de-la-v	->	https://www.publi20.com/mot-chandon-celebro-su-prestigioso-coctel-lovethenow-de-manera-radiante-espontanea-y-romantica-el-ultimo-martes-16-de-febrero-los-invitados-viveron-una-noche-inolvidable-con-el-unico-estilo-de-mot-chandon-quien-ha-celebrado-los-momentos-triunfales-de-la-v/
4057	inactiva	regex=False	Redirecciones	/noticias/mot-chandon-celebro-su-prestigioso-coctel-lovethenow-de-manera-radiante-espontanea-y-romantica-el-ultimo-martes-16-de-febrero-los-invitados-viveron-una-noche-inolvidable-con-el-unico-estilo-de-mot-chandon-quien-ha-celebrado-los-momentos-triunfales-de-la-v	->	https://www.publi20.com/mot-chandon-celebro-su-prestigioso-coctel-lovethenow-de-manera-radiante-espontanea-y-romantica-el-ultimo-martes-16-de-febrero-los-invitados-viveron-una-noche-inolvidable-con-el-unico-estilo-de-mot-chandon-quien-ha-celebrado-los-momentos-triunfales-de-la-v/
4056	inactiva	regex=False	Redirecciones	/noticias/mot-chandon-celebro-su-prestigioso-coctel-lovethenow-de-manera-radiante-espontanea-y-romantica-el-ultimo-martes-16-de-febrero-los-invitados-viveron-una-noche-inolvidable-con-el-unico-estilo-de-mot-chandon-quien-ha-celebrado-los-momentos-triunfales-de-la-v	->	https://www.publi20.com/mot-chandon-celebro-su-prestigioso-coctel-lovethenow-de-manera-radiante-espontanea-y-romantica-el-ultimo-martes-16-de-febrero-los-invitados-viveron-una-noche-inolvidable-con-el-unico-estilo-de-mot-chandon-quien-ha-celebrado-los-momentos-triunfales-de-la-v/
4055	inactiva	regex=False	Redirecciones	/noticias/mot-chandon-celebro-su-prestigioso-coctel-lovethenow-de-manera-radiante-espontanea-y-romantica-el-ultimo-martes-16-de-febrero-los-invitados-viveron-una-noche-inolvidable-con-el-unico-estilo-de-mot-chandon-quien-ha-celebrado-los-momentos-triunfales-de-la-v	->	https://www.publi20.com/mot-chandon-celebro-su-prestigioso-coctel-lovethenow-de-manera-radiante-espontanea-y-romantica-el-ultimo-martes-16-de-febrero-los-invitados-viveron-una-noche-inolvidable-con-el-unico-estilo-de-mot-chandon-quien-ha-celebrado-los-momentos-triunfales-de-la-v/
4054	inactiva	regex=False	Redirecciones	/noticias/mot-chandon-celebro-su-prestigioso-coctel-lovethenow-de-manera-radiante-espontanea-y-romantica-el-ultimo-martes-16-de-febrero-los-invitados-viveron-una-noche-inolvidable-con-el-unico-estilo-de-mot-chandon-quien-ha-celebrado-los-momentos-triunfales-de-la-v	->	https://www.publi20.com/mot-chandon-celebro-su-prestigioso-coctel-lovethenow-de-manera-radiante-espontanea-y-romantica-el-ultimo-martes-16-de-febrero-los-invitados-viveron-una-noche-inolvidable-con-el-unico-estilo-de-mot-chandon-quien-ha-celebrado-los-momentos-triunfales-de-la-v/
4053	inactiva	regex=False	Redirecciones	/noticias/mot-chandon-celebro-su-prestigioso-coctel-lovethenow-de-manera-radiante-espontanea-y-romantica-el-ultimo-martes-16-de-febrero-los-invitados-viveron-una-noche-inolvidable-con-el-unico-estilo-de-mot-chandon-quien-ha-celebrado-los-momentos-triunfales-de-la-v	->	https://www.publi20.com/mot-chandon-celebro-su-prestigioso-coctel-lovethenow-de-manera-radiante-espontanea-y-romantica-el-ultimo-martes-16-de-febrero-los-invitados-viveron-una-noche-inolvidable-con-el-unico-estilo-de-mot-chandon-quien-ha-celebrado-los-momentos-triunfales-de-la-v/
4052	inactiva	regex=False	Redirecciones	/noticias/mot-chandon-celebro-su-prestigioso-coctel-lovethenow-de-manera-radiante-espontanea-y-romantica-el-ultimo-martes-16-de-febrero-los-invitados-viveron-una-noche-inolvidable-con-el-unico-estilo-de-mot-chandon-quien-ha-celebrado-los-momentos-triunfales-de-la-v	->	https://www.publi20.com/mot-chandon-celebro-su-prestigioso-coctel-lovethenow-de-manera-radiante-espontanea-y-romantica-el-ultimo-martes-16-de-febrero-los-invitados-viveron-una-noche-inolvidable-con-el-unico-estilo-de-mot-chandon-quien-ha-celebrado-los-momentos-triunfales-de-la-v/
4051	inactiva	regex=False	Redirecciones	/noticias/mot-chandon-celebro-su-prestigioso-coctel-lovethenow-de-manera-radiante-espontanea-y-romantica-el-ultimo-martes-16-de-febrero-los-invitados-viveron-una-noche-inolvidable-con-el-unico-estilo-de-mot-chandon-quien-ha-celebrado-los-momentos-triunfales-de-la-v	->	https://www.publi20.com/mot-chandon-celebro-su-prestigioso-coctel-lovethenow-de-manera-radiante-espontanea-y-romantica-el-ultimo-martes-16-de-febrero-los-invitados-viveron-una-noche-inolvidable-con-el-unico-estilo-de-mot-chandon-quien-ha-celebrado-los-momentos-triunfales-de-la-v/
4050	inactiva	regex=False	Redirecciones	/noticias/mot-chandon-celebro-su-prestigioso-coctel-lovethenow-de-manera-radiante-espontanea-y-romantica-el-ultimo-martes-16-de-febrero-los-invitados-viveron-una-noche-inolvidable-con-el-unico-estilo-de-mot-chandon-quien-ha-celebrado-los-momentos-triunfales-de-la-v	->	https://www.publi20.com/mot-chandon-celebro-su-prestigioso-coctel-lovethenow-de-manera-radiante-espontanea-y-romantica-el-ultimo-martes-16-de-febrero-los-invitados-viveron-una-noche-inolvidable-con-el-unico-estilo-de-mot-chandon-quien-ha-celebrado-los-momentos-triunfales-de-la-v/
4049	inactiva	regex=False	Redirecciones	/noticias/mot-chandon-celebro-su-prestigioso-coctel-lovethenow-de-manera-radiante-espontanea-y-romantica-el-ultimo-martes-16-de-febrero-los-invitados-viveron-una-noche-inolvidable-con-el-unico-estilo-de-mot-chandon-quien-ha-celebrado-los-momentos-triunfales-de-la-v	->	https://www.publi20.com/mot-chandon-celebro-su-prestigioso-coctel-lovethenow-de-manera-radiante-espontanea-y-romantica-el-ultimo-martes-16-de-febrero-los-invitados-viveron-una-noche-inolvidable-con-el-unico-estilo-de-mot-chandon-quien-ha-celebrado-los-momentos-triunfales-de-la-v/
4048	inactiva	regex=False	Redirecciones	/noticias/las-pruebas-con-5g-de-verizon-impulsan-al-ecosistema-hacia-una-rapida-comercializacion	->	https://www.publi20.com/las-pruebas-con-5g-de-verizon-impulsan-al-ecosistema-hacia-una-rapida-comercializacion/
4047	inactiva	regex=False	Redirecciones	/noticias/medico-internista-el-guardian-de-la-salud-en-adultos	->	https://www.publi20.com/medico-internista-el-guardian-de-la-salud-en-adultos/
4046	inactiva	regex=False	Redirecciones	/noticias/mot-chandon-celebro-su-prestigioso-coctel-lovethenow-de-manera-radiante-espontanea-y-romantica-el-ultimo-martes-16-de-febrero-los-invitados-viveron-una-noche-inolvidable-con-el-unico-estilo-de-mot-chandon-quien-ha-celebrado-los-momentos-triunfales-de-la-v	->	https://www.publi20.com/mot-chandon-celebro-su-prestigioso-coctel-lovethenow-de-manera-radiante-espontanea-y-romantica-el-ultimo-martes-16-de-febrero-los-invitados-viveron-una-noche-inolvidable-con-el-unico-estilo-de-mot-chandon-quien-ha-celebrado-los-momentos-triunfales-de-la-v/
4045	inactiva	regex=False	Redirecciones	/noticias/mot-chandon-celebro-su-prestigioso-coctel-lovethenow-de-manera-radiante-espontanea-y-romantica-el-ultimo-martes-16-de-febrero-los-invitados-viveron-una-noche-inolvidable-con-el-unico-estilo-de-mot-chandon-quien-ha-celebrado-los-momentos-triunfales-de-la-v	->	https://www.publi20.com/mot-chandon-celebro-su-prestigioso-coctel-lovethenow-de-manera-radiante-espontanea-y-romantica-el-ultimo-martes-16-de-febrero-los-invitados-viveron-una-noche-inolvidable-con-el-unico-estilo-de-mot-chandon-quien-ha-celebrado-los-momentos-triunfales-de-la-v/
4044	inactiva	regex=False	Redirecciones	/noticias/mot-chandon-celebro-su-prestigioso-coctel-lovethenow-de-manera-radiante-espontanea-y-romantica-el-ultimo-martes-16-de-febrero-los-invitados-viveron-una-noche-inolvidable-con-el-unico-estilo-de-mot-chandon-quien-ha-celebrado-los-momentos-triunfales-de-la-v	->	https://www.publi20.com/mot-chandon-celebro-su-prestigioso-coctel-lovethenow-de-manera-radiante-espontanea-y-romantica-el-ultimo-martes-16-de-febrero-los-invitados-viveron-una-noche-inolvidable-con-el-unico-estilo-de-mot-chandon-quien-ha-celebrado-los-momentos-triunfales-de-la-v/
4043	inactiva	regex=False	Redirecciones	/noticias/mot-chandon-celebro-su-prestigioso-coctel-lovethenow-de-manera-radiante-espontanea-y-romantica-el-ultimo-martes-16-de-febrero-los-invitados-viveron-una-noche-inolvidable-con-el-unico-estilo-de-mot-chandon-quien-ha-celebrado-los-momentos-triunfales-de-la-v	->	https://www.publi20.com/mot-chandon-celebro-su-prestigioso-coctel-lovethenow-de-manera-radiante-espontanea-y-romantica-el-ultimo-martes-16-de-febrero-los-invitados-viveron-una-noche-inolvidable-con-el-unico-estilo-de-mot-chandon-quien-ha-celebrado-los-momentos-triunfales-de-la-v/
4042	inactiva	regex=False	Redirecciones	/noticias/mot-chandon-celebro-su-prestigioso-coctel-lovethenow-de-manera-radiante-espontanea-y-romantica-el-ultimo-martes-16-de-febrero-los-invitados-viveron-una-noche-inolvidable-con-el-unico-estilo-de-mot-chandon-quien-ha-celebrado-los-momentos-triunfales-de-la-v	->	https://www.publi20.com/mot-chandon-celebro-su-prestigioso-coctel-lovethenow-de-manera-radiante-espontanea-y-romantica-el-ultimo-martes-16-de-febrero-los-invitados-viveron-una-noche-inolvidable-con-el-unico-estilo-de-mot-chandon-quien-ha-celebrado-los-momentos-triunfales-de-la-v/
4041	inactiva	regex=False	Redirecciones	/noticias/mot-chandon-celebro-su-prestigioso-coctel-lovethenow-de-manera-radiante-espontanea-y-romantica-el-ultimo-martes-16-de-febrero-los-invitados-viveron-una-noche-inolvidable-con-el-unico-estilo-de-mot-chandon-quien-ha-celebrado-los-momentos-triunfales-de-la-v	->	https://www.publi20.com/mot-chandon-celebro-su-prestigioso-coctel-lovethenow-de-manera-radiante-espontanea-y-romantica-el-ultimo-martes-16-de-febrero-los-invitados-viveron-una-noche-inolvidable-con-el-unico-estilo-de-mot-chandon-quien-ha-celebrado-los-momentos-triunfales-de-la-v/
4040	inactiva	regex=False	Redirecciones	/noticias/mot-chandon-celebro-su-prestigioso-coctel-lovethenow-de-manera-radiante-espontanea-y-romantica-el-ultimo-martes-16-de-febrero-los-invitados-viveron-una-noche-inolvidable-con-el-unico-estilo-de-mot-chandon-quien-ha-celebrado-los-momentos-triunfales-de-la-v	->	https://www.publi20.com/mot-chandon-celebro-su-prestigioso-coctel-lovethenow-de-manera-radiante-espontanea-y-romantica-el-ultimo-martes-16-de-febrero-los-invitados-viveron-una-noche-inolvidable-con-el-unico-estilo-de-mot-chandon-quien-ha-celebrado-los-momentos-triunfales-de-la-v/
4039	inactiva	regex=False	Redirecciones	/noticias/mot-chandon-celebro-su-prestigioso-coctel-lovethenow-de-manera-radiante-espontanea-y-romantica-el-ultimo-martes-16-de-febrero-los-invitados-viveron-una-noche-inolvidable-con-el-unico-estilo-de-mot-chandon-quien-ha-celebrado-los-momentos-triunfales-de-la-v	->	https://www.publi20.com/mot-chandon-celebro-su-prestigioso-coctel-lovethenow-de-manera-radiante-espontanea-y-romantica-el-ultimo-martes-16-de-febrero-los-invitados-viveron-una-noche-inolvidable-con-el-unico-estilo-de-mot-chandon-quien-ha-celebrado-los-momentos-triunfales-de-la-v/
4038	inactiva	regex=False	Redirecciones	/noticias/mot-chandon-celebro-su-prestigioso-coctel-lovethenow-de-manera-radiante-espontanea-y-romantica-el-ultimo-martes-16-de-febrero-los-invitados-viveron-una-noche-inolvidable-con-el-unico-estilo-de-mot-chandon-quien-ha-celebrado-los-momentos-triunfales-de-la-v	->	https://www.publi20.com/mot-chandon-celebro-su-prestigioso-coctel-lovethenow-de-manera-radiante-espontanea-y-romantica-el-ultimo-martes-16-de-febrero-los-invitados-viveron-una-noche-inolvidable-con-el-unico-estilo-de-mot-chandon-quien-ha-celebrado-los-momentos-triunfales-de-la-v/
4037	inactiva	regex=False	Redirecciones	/noticias/huawei-impulsa-apertura-colaboracion-y-exito-compartido-para-habilitar-la-transformacion-digital-y-construir-un-mundo-mejor-conectado	->	https://www.publi20.com/huawei-impulsa-apertura-colaboracion-y-exito-compartido-para-habilitar-la-transformacion-digital-y-construir-un-mundo-mejor-conectado/
4036	inactiva	regex=False	Redirecciones	/noticias/mot-chandon-celebro-su-prestigioso-coctel-lovethenow-de-manera-radiante-espontanea-y-romantica-el-ultimo-martes-16-de-febrero-los-invitados-viveron-una-noche-inolvidable-con-el-unico-estilo-de-mot-chandon-quien-ha-celebrado-los-momentos-triunfales-de-la-v	->	https://www.publi20.com/mot-chandon-celebro-su-prestigioso-coctel-lovethenow-de-manera-radiante-espontanea-y-romantica-el-ultimo-martes-16-de-febrero-los-invitados-viveron-una-noche-inolvidable-con-el-unico-estilo-de-mot-chandon-quien-ha-celebrado-los-momentos-triunfales-de-la-v/
4035	inactiva	regex=False	Redirecciones	/noticias/mot-chandon-celebro-su-prestigioso-coctel-lovethenow-de-manera-radiante-espontanea-y-romantica-el-ultimo-martes-16-de-febrero-los-invitados-viveron-una-noche-inolvidable-con-el-unico-estilo-de-mot-chandon-quien-ha-celebrado-los-momentos-triunfales-de-la-v	->	https://www.publi20.com/mot-chandon-celebro-su-prestigioso-coctel-lovethenow-de-manera-radiante-espontanea-y-romantica-el-ultimo-martes-16-de-febrero-los-invitados-viveron-una-noche-inolvidable-con-el-unico-estilo-de-mot-chandon-quien-ha-celebrado-los-momentos-triunfales-de-la-v/
4034	inactiva	regex=False	Redirecciones	/noticias/mot-chandon-celebro-su-prestigioso-coctel-lovethenow-de-manera-radiante-espontanea-y-romantica-el-ultimo-martes-16-de-febrero-los-invitados-viveron-una-noche-inolvidable-con-el-unico-estilo-de-mot-chandon-quien-ha-celebrado-los-momentos-triunfales-de-la-v	->	https://www.publi20.com/mot-chandon-celebro-su-prestigioso-coctel-lovethenow-de-manera-radiante-espontanea-y-romantica-el-ultimo-martes-16-de-febrero-los-invitados-viveron-una-noche-inolvidable-con-el-unico-estilo-de-mot-chandon-quien-ha-celebrado-los-momentos-triunfales-de-la-v/
4033	inactiva	regex=False	Redirecciones	/noticias/mot-chandon-celebro-su-prestigioso-coctel-lovethenow-de-manera-radiante-espontanea-y-romantica-el-ultimo-martes-16-de-febrero-los-invitados-viveron-una-noche-inolvidable-con-el-unico-estilo-de-mot-chandon-quien-ha-celebrado-los-momentos-triunfales-de-la-v	->	https://www.publi20.com/mot-chandon-celebro-su-prestigioso-coctel-lovethenow-de-manera-radiante-espontanea-y-romantica-el-ultimo-martes-16-de-febrero-los-invitados-viveron-una-noche-inolvidable-con-el-unico-estilo-de-mot-chandon-quien-ha-celebrado-los-momentos-triunfales-de-la-v/
4032	inactiva	regex=False	Redirecciones	/noticias/mot-chandon-celebro-su-prestigioso-coctel-lovethenow-de-manera-radiante-espontanea-y-romantica-el-ultimo-martes-16-de-febrero-los-invitados-viveron-una-noche-inolvidable-con-el-unico-estilo-de-mot-chandon-quien-ha-celebrado-los-momentos-triunfales-de-la-v	->	https://www.publi20.com/mot-chandon-celebro-su-prestigioso-coctel-lovethenow-de-manera-radiante-espontanea-y-romantica-el-ultimo-martes-16-de-febrero-los-invitados-viveron-una-noche-inolvidable-con-el-unico-estilo-de-mot-chandon-quien-ha-celebrado-los-momentos-triunfales-de-la-v/
4031	inactiva	regex=False	Redirecciones	/noticias/los-operadores-de-telefonia-movil-aprovechan-los-us12-billones-del-ecosistema-de-los-viajes	->	https://www.publi20.com/los-operadores-de-telefonia-movil-aprovechan-los-us12-billones-del-ecosistema-de-los-viajes/
4030	inactiva	regex=False	Redirecciones	/noticias/mot-chandon-celebro-su-prestigioso-coctel-lovethenow-de-manera-radiante-espontanea-y-romantica-el-ultimo-martes-16-de-febrero-los-invitados-viveron-una-noche-inolvidable-con-el-unico-estilo-de-mot-chandon-quien-ha-celebrado-los-momentos-triunfales-de-la-v	->	https://www.publi20.com/mot-chandon-celebro-su-prestigioso-coctel-lovethenow-de-manera-radiante-espontanea-y-romantica-el-ultimo-martes-16-de-febrero-los-invitados-viveron-una-noche-inolvidable-con-el-unico-estilo-de-mot-chandon-quien-ha-celebrado-los-momentos-triunfales-de-la-v/
4029	inactiva	regex=False	Redirecciones	/noticias/mot-chandon-celebro-su-prestigioso-coctel-lovethenow-de-manera-radiante-espontanea-y-romantica-el-ultimo-martes-16-de-febrero-los-invitados-viveron-una-noche-inolvidable-con-el-unico-estilo-de-mot-chandon-quien-ha-celebrado-los-momentos-triunfales-de-la-v	->	https://www.publi20.com/mot-chandon-celebro-su-prestigioso-coctel-lovethenow-de-manera-radiante-espontanea-y-romantica-el-ultimo-martes-16-de-febrero-los-invitados-viveron-una-noche-inolvidable-con-el-unico-estilo-de-mot-chandon-quien-ha-celebrado-los-momentos-triunfales-de-la-v/
4028	inactiva	regex=False	Redirecciones	/noticias/mot-chandon-celebro-su-prestigioso-coctel-lovethenow-de-manera-radiante-espontanea-y-romantica-el-ultimo-martes-16-de-febrero-los-invitados-viveron-una-noche-inolvidable-con-el-unico-estilo-de-mot-chandon-quien-ha-celebrado-los-momentos-triunfales-de-la-v	->	https://www.publi20.com/mot-chandon-celebro-su-prestigioso-coctel-lovethenow-de-manera-radiante-espontanea-y-romantica-el-ultimo-martes-16-de-febrero-los-invitados-viveron-una-noche-inolvidable-con-el-unico-estilo-de-mot-chandon-quien-ha-celebrado-los-momentos-triunfales-de-la-v/
4027	inactiva	regex=False	Redirecciones	/noticias/mot-chandon-celebro-su-prestigioso-coctel-lovethenow-de-manera-radiante-espontanea-y-romantica-el-ultimo-martes-16-de-febrero-los-invitados-viveron-una-noche-inolvidable-con-el-unico-estilo-de-mot-chandon-quien-ha-celebrado-los-momentos-triunfales-de-la-v	->	https://www.publi20.com/mot-chandon-celebro-su-prestigioso-coctel-lovethenow-de-manera-radiante-espontanea-y-romantica-el-ultimo-martes-16-de-febrero-los-invitados-viveron-una-noche-inolvidable-con-el-unico-estilo-de-mot-chandon-quien-ha-celebrado-los-momentos-triunfales-de-la-v/
4026	inactiva	regex=False	Redirecciones	/noticias/mot-chandon-celebro-su-prestigioso-coctel-lovethenow-de-manera-radiante-espontanea-y-romantica-el-ultimo-martes-16-de-febrero-los-invitados-viveron-una-noche-inolvidable-con-el-unico-estilo-de-mot-chandon-quien-ha-celebrado-los-momentos-triunfales-de-la-v	->	https://www.publi20.com/mot-chandon-celebro-su-prestigioso-coctel-lovethenow-de-manera-radiante-espontanea-y-romantica-el-ultimo-martes-16-de-febrero-los-invitados-viveron-una-noche-inolvidable-con-el-unico-estilo-de-mot-chandon-quien-ha-celebrado-los-momentos-triunfales-de-la-v/
4025	inactiva	regex=False	Redirecciones	/noticias/mot-chandon-celebro-su-prestigioso-coctel-lovethenow-de-manera-radiante-espontanea-y-romantica-el-ultimo-martes-16-de-febrero-los-invitados-viveron-una-noche-inolvidable-con-el-unico-estilo-de-mot-chandon-quien-ha-celebrado-los-momentos-triunfales-de-la-v	->	https://www.publi20.com/mot-chandon-celebro-su-prestigioso-coctel-lovethenow-de-manera-radiante-espontanea-y-romantica-el-ultimo-martes-16-de-febrero-los-invitados-viveron-una-noche-inolvidable-con-el-unico-estilo-de-mot-chandon-quien-ha-celebrado-los-momentos-triunfales-de-la-v/
4024	inactiva	regex=False	Redirecciones	/noticias/merck-pone-la-salud-y-el-bienestar-de-las-mujeres-en-el-centro-de-su-atencion	->	https://www.publi20.com/merck-pone-la-salud-y-el-bienestar-de-las-mujeres-en-el-centro-de-su-atencion/
4023	inactiva	regex=False	Redirecciones	/noticias/el-programa-de-aprendiz-de-xcmg-presenta-lo-ultimo-en-tecnologia-y-la-cultura-china-a-aprendices-internacionales	->	https://www.publi20.com/el-programa-de-aprendiz-de-xcmg-presenta-lo-ultimo-en-tecnologia-y-la-cultura-china-a-aprendices-internacionales/
4022	inactiva	regex=False	Redirecciones	/noticias/mot-chandon-celebro-su-prestigioso-coctel-lovethenow-de-manera-radiante-espontanea-y-romantica-el-ultimo-martes-16-de-febrero-los-invitados-viveron-una-noche-inolvidable-con-el-unico-estilo-de-mot-chandon-quien-ha-celebrado-los-momentos-triunfales-de-la-v	->	https://www.publi20.com/mot-chandon-celebro-su-prestigioso-coctel-lovethenow-de-manera-radiante-espontanea-y-romantica-el-ultimo-martes-16-de-febrero-los-invitados-viveron-una-noche-inolvidable-con-el-unico-estilo-de-mot-chandon-quien-ha-celebrado-los-momentos-triunfales-de-la-v/
4021	inactiva	regex=False	Redirecciones	/noticias/level-3-inaugura-el-primer-scrubbing-center-de-ddos-de-latinoamerica-en-sao-paulo	->	https://www.publi20.com/level-3-inaugura-el-primer-scrubbing-center-de-ddos-de-latinoamerica-en-sao-paulo/
4020	inactiva	regex=False	Redirecciones	/noticias/un-modelo-para-un-planeta-con-bajas-emisiones-de-carbono-la-central-solar-de-ultima-generacion-de-solarreserve-suministra-electricidad-segun-demanda-gracias-a-revolucionaria-tecnologia-de-almacenamiento-de-energia	->	https://www.publi20.com/un-modelo-para-un-planeta-con-bajas-emisiones-de-carbono-la-central-solar-de-ultima-generacion-de-solarreserve-suministra-electricidad-segun-demanda-gracias-a-revolucionaria-tecnologia-de-almacenamiento-de-energia/
4019	inactiva	regex=False	Redirecciones	/noticias/ja-solar-gana-proyecto-de-parque-solar-de-86-mw-en-sudafrica	->	https://www.publi20.com/ja-solar-gana-proyecto-de-parque-solar-de-86-mw-en-sudafrica/
4018	inactiva	regex=False	Redirecciones	/noticias/markets-group-100-sociedades-personales-de-responsabilidad-limitada-se-reuniran-en-nueva-york-en-el-mayor-encuentro-institucional-del-mercado-inmobiliario	->	https://www.publi20.com/markets-group-100-sociedades-personales-de-responsabilidad-limitada-se-reuniran-en-nueva-york-en-el-mayor-encuentro-institucional-del-mercado-inmobiliario/
4017	inactiva	regex=False	Redirecciones	/noticias/digi-international-anuncia-modulo-xbee-listo-para-utilizar-el-protocolo-thread	->	https://www.publi20.com/digi-international-anuncia-modulo-xbee-listo-para-utilizar-el-protocolo-thread/
4016	inactiva	regex=False	Redirecciones	/noticias/la-guia-de-viajes-forbes-anuncia-los-galardonados-de-los-premios-star-rating-2016	->	https://www.publi20.com/la-guia-de-viajes-forbes-anuncia-los-galardonados-de-los-premios-star-rating-2016/
4015	inactiva	regex=False	Redirecciones	/noticias/funambol-y-realnetworks-anuncian-colaboracion-para-ofrecer-realtimes-a-los-clientes-operadores-moviles-de-funambol-de-todo-el-mundo	->	https://www.publi20.com/funambol-y-realnetworks-anuncian-colaboracion-para-ofrecer-realtimes-a-los-clientes-operadores-moviles-de-funambol-de-todo-el-mundo/
4014	inactiva	regex=False	Redirecciones	/noticias/pacific-confirma-acuerdos-de-prorroga-con-un-importante-grupo-de-tenedores-de-notas-y-sus-prestamistas	->	https://www.publi20.com/pacific-confirma-acuerdos-de-prorroga-con-un-importante-grupo-de-tenedores-de-notas-y-sus-prestamistas/
4013	inactiva	regex=False	Redirecciones	/noticias/los-premios-impartner-exhiben-lo-mejor-de-la-gestion-de-relaciones-con-los-socios-en-la-impartnercon-inaugural	->	https://www.publi20.com/los-premios-impartner-exhiben-lo-mejor-de-la-gestion-de-relaciones-con-los-socios-en-la-impartnercon-inaugural/
4012	inactiva	regex=False	Redirecciones	/noticias/damac-properties-anuncia-aykon-city	->	https://www.publi20.com/damac-properties-anuncia-aykon-city/
4011	inactiva	regex=False	Redirecciones	/noticias/pacific-llega-a-un-acuerdo-de-prorroga-con-un-considerable-grupo-de-tenedores-de-notas	->	https://www.publi20.com/pacific-llega-a-un-acuerdo-de-prorroga-con-un-considerable-grupo-de-tenedores-de-notas/
4010	inactiva	regex=False	Redirecciones	/noticias/white-paper-de-ul-escrito-por-la-economista-jefe-dra-erin-grossi-describe-exito-de-la-energia-renovable-en-redes-de-distribucion-en-alemania-y-potenciales-oportunidades-para-otras-naciones	->	https://www.publi20.com/white-paper-de-ul-escrito-por-la-economista-jefe-dra-erin-grossi-describe-exito-de-la-energia-renovable-en-redes-de-distribucion-en-alemania-y-potenciales-oportunidades-para-otras-naciones/
4009	inactiva	regex=False	Redirecciones	/noticias/se-adjudico-a-posco-ec-un-proyecto-de-us-650-millones-para-una-planta-de-energia-de-ciclo-combinado-y-una-terminal-de-gnl-en-panama	->	https://www.publi20.com/se-adjudico-a-posco-ec-un-proyecto-de-us-650-millones-para-una-planta-de-energia-de-ciclo-combinado-y-una-terminal-de-gnl-en-panama/
4008	inactiva	regex=False	Redirecciones	/noticias/la-experiencia-de-los-asociados-es-clave-para-impulsar-las-ventas-indirectas-dice-un-analista-lider-en-impartnercon-2016	->	https://www.publi20.com/la-experiencia-de-los-asociados-es-clave-para-impulsar-las-ventas-indirectas-dice-un-analista-lider-en-impartnercon-2016/
4007	inactiva	regex=False	Redirecciones	/noticias/el-flujo-operativo-consolidado-de-grupo-famsa-crece-297-durante-el-4t15	->	https://www.publi20.com/el-flujo-operativo-consolidado-de-grupo-famsa-crece-297-durante-el-4t15/
4006	inactiva	regex=False	Redirecciones	/noticias/express-presenta-campana-express-yourself-primavera-2016-a-traves-del-lente-del-afamado-duo-de-fotografos-de-moda-inez-y-vinoodh	->	https://www.publi20.com/express-presenta-campana-express-yourself-primavera-2016-a-traves-del-lente-del-afamado-duo-de-fotografos-de-moda-inez-y-vinoodh/
4005	inactiva	regex=False	Redirecciones	/noticias/g2a-anuncia-que-los-gamers-japoneses-pueden-pagar-con-webmoney-japan	->	https://www.publi20.com/g2a-anuncia-que-los-gamers-japoneses-pueden-pagar-con-webmoney-japan/
4004	inactiva	regex=False	Redirecciones	/noticias/nexen-tire-designa-al-presidente-travis-kang-como-su-nuevo-director-ejecutivo	->	https://www.publi20.com/nexen-tire-designa-al-presidente-travis-kang-como-su-nuevo-director-ejecutivo/
4003	inactiva	regex=False	Redirecciones	/noticias/palo-alto-university-anuncia-nueva-aplicacion-web-gratis-para-dejar-de-fumar	->	https://www.publi20.com/palo-alto-university-anuncia-nueva-aplicacion-web-gratis-para-dejar-de-fumar/
4002	inactiva	regex=False	Redirecciones	/noticias/utilidad-neta-de-ps469-millones-en-4t15-permite-a-findep-exceder-guia-revisada-del-ano-con-ps209-millones-e-icv-de-671	->	https://www.publi20.com/utilidad-neta-de-ps469-millones-en-4t15-permite-a-findep-exceder-guia-revisada-del-ano-con-ps209-millones-e-icv-de-671/
4001	inactiva	regex=False	Redirecciones	/noticias/cm-telecom-se-expande-a-sudafrica-y-hong-kong	->	https://www.publi20.com/cm-telecom-se-expande-a-sudafrica-y-hong-kong/
4000	inactiva	regex=False	Redirecciones	/noticias/twitch-llega-a-america-latina-en-alianza-con-ims-internet-media-services	->	https://www.publi20.com/twitch-llega-a-america-latina-en-alianza-con-ims-internet-media-services/
3999	inactiva	regex=False	Redirecciones	/noticias/public-interest-registry-anuncia-proceso-de-contratacion-de-servicios-de-registro-de-back-end	->	https://www.publi20.com/public-interest-registry-anuncia-proceso-de-contratacion-de-servicios-de-registro-de-back-end/
3998	inactiva	regex=False	Redirecciones	/noticias/mobileum-agrega-un-control-para-fraudes-publicitarios-a-su-suite-de-analisis-contra-fraudes	->	https://www.publi20.com/mobileum-agrega-un-control-para-fraudes-publicitarios-a-su-suite-de-analisis-contra-fraudes/
3997	inactiva	regex=False	Redirecciones	/noticias/gharda-chemicals-suministra-formulaciones-para-controlar-el-brote-de-virus-zika	->	https://www.publi20.com/gharda-chemicals-suministra-formulaciones-para-controlar-el-brote-de-virus-zika/
3996	inactiva	regex=False	Redirecciones	/noticias/micreos-asegura-12-millones-para-nuevos-productos-con-staphefekt-alternativa-a-los-antibioticos-puede-ayudar-a-millones-de-personas	->	https://www.publi20.com/micreos-asegura-12-millones-para-nuevos-productos-con-staphefekt-alternativa-a-los-antibioticos-puede-ayudar-a-millones-de-personas/
3995	inactiva	regex=False	Redirecciones	/noticias/taisys-mobisphere-y-indosat-ooredoo-anuncian-su-asociacion-en-la-alianza-greenroam	->	https://www.publi20.com/taisys-mobisphere-y-indosat-ooredoo-anuncian-su-asociacion-en-la-alianza-greenroam/
3994	inactiva	regex=False	Redirecciones	/noticias/esta-es-una-prueba-de-pr-newswire-con-foto	->	https://www.publi20.com/esta-es-una-prueba-de-pr-newswire-con-foto/
3993	inactiva	regex=False	Redirecciones	/noticias/esta-es-una-prueba-de-pr-newswire	->	https://www.publi20.com/esta-es-una-prueba-de-pr-newswire/
3992	inactiva	regex=False	Redirecciones	/noticias/johnson-johnson-lanza-una-convocatoria-para-ideas-innovadoras-para-reducir-las-infecciones-por-vih-en-el-africa-subsahariana	->	https://www.publi20.com/johnson-johnson-lanza-una-convocatoria-para-ideas-innovadoras-para-reducir-las-infecciones-por-vih-en-el-africa-subsahariana/
3991	inactiva	regex=False	Redirecciones	/noticias/andes-wines-destaca-que-vendimia-chilena-viene-atrasada-y-se-esperan-vinos-frescos-y-perfumados	->	https://www.publi20.com/andes-wines-destaca-que-vendimia-chilena-viene-atrasada-y-se-esperan-vinos-frescos-y-perfumados/
3990	inactiva	regex=False	Redirecciones	/noticias/el-biofungicida-timorex-gold-del-grupo-stockton-recibe-extension-del-uso-de-su-etiqueta-en-colombia	->	https://www.publi20.com/el-biofungicida-timorex-gold-del-grupo-stockton-recibe-extension-del-uso-de-su-etiqueta-en-colombia/
3989	inactiva	regex=False	Redirecciones	/noticias/sc-johnson-anuncia-la-donacion-de-15-millones-para-ayudar-a-proteger-a-las-familias-de-todo-el-mundo-contra-las-enfermedades-transmitidas-por-mosquitos-como-el-zika	->	https://www.publi20.com/sc-johnson-anuncia-la-donacion-de-15-millones-para-ayudar-a-proteger-a-las-familias-de-todo-el-mundo-contra-las-enfermedades-transmitidas-por-mosquitos-como-el-zika/
3988	inactiva	regex=False	Redirecciones	/noticias/el-salvador-un-destino-de-inversion-energetica-contrapunto-diario-digital	->	https://www.publi20.com/el-salvador-un-destino-de-inversion-energetica-contrapunto-diario-digital/
3987	inactiva	regex=False	Redirecciones	/noticias/stefanini-adquiere-la-empresa-colombiana-sysman	->	https://www.publi20.com/stefanini-adquiere-la-empresa-colombiana-sysman/
3986	inactiva	regex=False	Redirecciones	/noticias/el-unico-dueno-de-los-productos-desengrasantes-de-metales-que-cumplen-con-las-normas-de-astm-triklone-y-perklone-ahora-provee-a-sudamerica-y-latinoamerica	->	https://www.publi20.com/el-unico-dueno-de-los-productos-desengrasantes-de-metales-que-cumplen-con-las-normas-de-astm-triklone-y-perklone-ahora-provee-a-sudamerica-y-latinoamerica/
3985	inactiva	regex=False	Redirecciones	/noticias/el-grupo-de-vehiculos-comerciales-anuncia-la-apertura-de-una-nueva-instalacion-en-mexico	->	https://www.publi20.com/el-grupo-de-vehiculos-comerciales-anuncia-la-apertura-de-una-nueva-instalacion-en-mexico/
3984	inactiva	regex=False	Redirecciones	/noticias/asahi-kasei-chemicals-celebra-la-apertura-de-asahi-kasei-plastics-mexico-sa-de-cv	->	https://www.publi20.com/asahi-kasei-chemicals-celebra-la-apertura-de-asahi-kasei-plastics-mexico-sa-de-cv/
3983	inactiva	regex=False	Redirecciones	/noticias/huawei-da-a-conocer-cinco-iniciativas-para-transformacion-digital-en-la-industria-de-las-telecomunicaciones	->	https://www.publi20.com/huawei-da-a-conocer-cinco-iniciativas-para-transformacion-digital-en-la-industria-de-las-telecomunicaciones/
3982	inactiva	regex=False	Redirecciones	/noticias/altos-hornos-de-mexico-sab-de-cv-comienza-el-envio-por-correo-de-declaracion-informativa-para-la-asamblea-de-acreedores-reconocidos-el-18-de-abril-de-2016	->	https://www.publi20.com/altos-hornos-de-mexico-sab-de-cv-comienza-el-envio-por-correo-de-declaracion-informativa-para-la-asamblea-de-acreedores-reconocidos-el-18-de-abril-de-2016/
3981	inactiva	regex=False	Redirecciones	/noticias/spire-talentship-es-destacada-como-mejor-tecnologia-de-analisis-de-rr-hh-en-la-edicion-numero-24-del-congreso-mundial-de-recursos-humanos-2016	->	https://www.publi20.com/spire-talentship-es-destacada-como-mejor-tecnologia-de-analisis-de-rr-hh-en-la-edicion-numero-24-del-congreso-mundial-de-recursos-humanos-2016/
3980	inactiva	regex=False	Redirecciones	/noticias/safetypay-crece-globalmente-y-amplia-su-presencia-en-america-latina	->	https://www.publi20.com/safetypay-crece-globalmente-y-amplia-su-presencia-en-america-latina/
3979	inactiva	regex=False	Redirecciones	/noticias/el-grupo-renault-presenta-sus-planes-para-alpine	->	https://www.publi20.com/el-grupo-renault-presenta-sus-planes-para-alpine/
3978	inactiva	regex=False	Redirecciones	/noticias/the-witcher-esta-en-casa-en-las-oficinas-de-g2acom	->	https://www.publi20.com/the-witcher-esta-en-casa-en-las-oficinas-de-g2acom/
3977	inactiva	regex=False	Redirecciones	/noticias/level-3-posicionada-en-el-cuadrante-de-retadores-en-la-edicion-2016-del-cuadrante-magico-de-gartner-de-servicios-lobales-de-red	->	https://www.publi20.com/level-3-posicionada-en-el-cuadrante-de-retadores-en-la-edicion-2016-del-cuadrante-magico-de-gartner-de-servicios-lobales-de-red/
3976	inactiva	regex=False	Redirecciones	/noticias/se-anuncia-al-analizador-de-electrocirugia-qa-es-iii-para-probar-y-garantizar-el-correcto-desempeno-y-la-seguridad-de-las-unidades-de-electrocirugia	->	https://www.publi20.com/se-anuncia-al-analizador-de-electrocirugia-qa-es-iii-para-probar-y-garantizar-el-correcto-desempeno-y-la-seguridad-de-las-unidades-de-electrocirugia/
3975	inactiva	regex=False	Redirecciones	/noticias/g2a-se-hace-cargo-de-una-multa-a-un-joven-jugador-por-la-prohibicion-de-un-logo-en-el-campeonato-brasileno-de-league-of-legends-cblol-de-deportes-electronicos-2016	->	https://www.publi20.com/g2a-se-hace-cargo-de-una-multa-a-un-joven-jugador-por-la-prohibicion-de-un-logo-en-el-campeonato-brasileno-de-league-of-legends-cblol-de-deportes-electronicos-2016/
3974	inactiva	regex=False	Redirecciones	/noticias/barc-india-se-acerca-otro-paso-hacia-la-medicion-digital-pronto-emitira-rfp	->	https://www.publi20.com/barc-india-se-acerca-otro-paso-hacia-la-medicion-digital-pronto-emitira-rfp/
3973	inactiva	regex=False	Redirecciones	/noticias/afimilk-anuncia-la-adquisicion-de-silent-herdsman	->	https://www.publi20.com/afimilk-anuncia-la-adquisicion-de-silent-herdsman/
3972	inactiva	regex=False	Redirecciones	/noticias/lancer-skincare-y-the-hut-group-se-asocian-en-un-nuevo-enfoque-a-la-distribucion-internacional	->	https://www.publi20.com/lancer-skincare-y-the-hut-group-se-asocian-en-un-nuevo-enfoque-a-la-distribucion-internacional/
3971	inactiva	regex=False	Redirecciones	/noticias/ufc-llega-el-10-de-marzo-a-buenos-aires-argentina-con-un-casting-abierto-para-the-ultimate-fighter-latinoamerica	->	https://www.publi20.com/ufc-llega-el-10-de-marzo-a-buenos-aires-argentina-con-un-casting-abierto-para-the-ultimate-fighter-latinoamerica/
3970	inactiva	regex=False	Redirecciones	/noticias/gartner-situa-en-2016-a-yellowfin-en-su-cuadrante-magico-de-bi-y-plataformas-de-analitica-por-tercer-ano-consecutivo	->	https://www.publi20.com/gartner-situa-en-2016-a-yellowfin-en-su-cuadrante-magico-de-bi-y-plataformas-de-analitica-por-tercer-ano-consecutivo/
3969	inactiva	regex=False	Redirecciones	/noticias/pacific-esta-trabajando-con-sus-prestamistas-y-tenedores-de-notas	->	https://www.publi20.com/pacific-esta-trabajando-con-sus-prestamistas-y-tenedores-de-notas/
3968	inactiva	regex=False	Redirecciones	/noticias/stewart-stevenson-designa-altos-ejecutivos-de-distribucion	->	https://www.publi20.com/stewart-stevenson-designa-altos-ejecutivos-de-distribucion/
3967	inactiva	regex=False	Redirecciones	/noticias/proyecto-de-identificacion-de-victimas-de-la-guerra-de-vietnam-utilizara-el-software-bonaparte-para-concordancia-de-adn	->	https://www.publi20.com/proyecto-de-identificacion-de-victimas-de-la-guerra-de-vietnam-utilizara-el-software-bonaparte-para-concordancia-de-adn/
3966	inactiva	regex=False	Redirecciones	/noticias/tahoe-resources-anuncia-su-intencion-de-voluntariamente-dejar-de-cotizar-en-la-bolsa-de-valores-peruana	->	https://www.publi20.com/tahoe-resources-anuncia-su-intencion-de-voluntariamente-dejar-de-cotizar-en-la-bolsa-de-valores-peruana/
3965	inactiva	regex=False	Redirecciones	/noticias/xviii-festival-del-habano-la-habana-acoge-una-vez-mas-la-gran-cita-anual-del-mejor-tabaco-del-mundo-el-habano	->	https://www.publi20.com/xviii-festival-del-habano-la-habana-acoge-una-vez-mas-la-gran-cita-anual-del-mejor-tabaco-del-mundo-el-habano/
3964	inactiva	regex=False	Redirecciones	/noticias/lanzamiento-mundial-de-strato-una-de-las-principales-empresas-de-alojamiento-europeas	->	https://www.publi20.com/lanzamiento-mundial-de-strato-una-de-las-principales-empresas-de-alojamiento-europeas/
3963	inactiva	regex=False	Redirecciones	/noticias/diebold-presenta-los-resultados-financieros-anuales-y-del-cuarto-trimestre-de-2015	->	https://www.publi20.com/diebold-presenta-los-resultados-financieros-anuales-y-del-cuarto-trimestre-de-2015/
3962	inactiva	regex=False	Redirecciones	/noticias/madison-avenue	->	https://www.publi20.com/madison-avenue/
3961	inactiva	regex=False	Redirecciones	/noticias/capita-desarrolla-una-solucion-de-triage-para-apoyar-a-los-profesionales-del-cuidado-de-la-salud-en-la-lucha-contra-el-virus-del-zika	->	https://www.publi20.com/capita-desarrolla-una-solucion-de-triage-para-apoyar-a-los-profesionales-del-cuidado-de-la-salud-en-la-lucha-contra-el-virus-del-zika/
3960	inactiva	regex=False	Redirecciones	/noticias/africell-utiliza-a-alepo-para-cobro-de-datos-y-control-de-politicas-en-3g-y-lte-en-un-acuerdo-multinacional	->	https://www.publi20.com/africell-utiliza-a-alepo-para-cobro-de-datos-y-control-de-politicas-en-3g-y-lte-en-un-acuerdo-multinacional/
3959	inactiva	regex=False	Redirecciones	/noticias/rohde-schwarz-consolida-su-experiencia-y-conocimiento-en-ciberseguridad	->	https://www.publi20.com/rohde-schwarz-consolida-su-experiencia-y-conocimiento-en-ciberseguridad/
3958	inactiva	regex=False	Redirecciones	/noticias/catolicas-y-catolicos-piden-al-papa-francisco-actuar-ya-con-respeto-a-la-conciencia-y-los-derechos-reproductivos-de-las-mujeres-de-america-latina	->	https://www.publi20.com/catolicas-y-catolicos-piden-al-papa-francisco-actuar-ya-con-respeto-a-la-conciencia-y-los-derechos-reproductivos-de-las-mujeres-de-america-latina/
3957	inactiva	regex=False	Redirecciones	/noticias/realmente-quieres-aprender-revit-2016-by-iway-magazine	->	https://www.publi20.com/realmente-quieres-aprender-revit-2016-by-iway-magazine/
3956	inactiva	regex=False	Redirecciones	/noticias/barc-india-y-tam-india-acaban-de-dar-forma-a-su-iniciativa-empresarial-conjunta	->	https://www.publi20.com/barc-india-y-tam-india-acaban-de-dar-forma-a-su-iniciativa-empresarial-conjunta/
3955	inactiva	regex=False	Redirecciones	/noticias/konica-minolta-sensing-introduce-los-nuevos-medidores-de-color-y-medidores-de-luminancia-precisos-portatiles-y-faciles-de-usar	->	https://www.publi20.com/konica-minolta-sensing-introduce-los-nuevos-medidores-de-color-y-medidores-de-luminancia-precisos-portatiles-y-faciles-de-usar/
3954	inactiva	regex=False	Redirecciones	/noticias/la-consola-wukong-de-taisys-revoluciona-las-relaciones-mno-ott	->	https://www.publi20.com/la-consola-wukong-de-taisys-revoluciona-las-relaciones-mno-ott/
3953	inactiva	regex=False	Redirecciones	/noticias/el-63-de-los-latinoamericanos-compraran-un-regalo-para-este-san-valentin	->	https://www.publi20.com/el-63-de-los-latinoamericanos-compraran-un-regalo-para-este-san-valentin/
3952	inactiva	regex=False	Redirecciones	/noticias/escuela-de-verano-de-oxford-royale-academy-gana-prestigioso-premio-educativo	->	https://www.publi20.com/escuela-de-verano-de-oxford-royale-academy-gana-prestigioso-premio-educativo/
3951	inactiva	regex=False	Redirecciones	/noticias/familias-en-todo-el-mundo-podran-disfrutar-de-beat-bugs-la-serie-infantil-original-de-netflix-inspirada-en-la-musica-de-los-beatles	->	https://www.publi20.com/familias-en-todo-el-mundo-podran-disfrutar-de-beat-bugs-la-serie-infantil-original-de-netflix-inspirada-en-la-musica-de-los-beatles/
3950	inactiva	regex=False	Redirecciones	/noticias/el-ingreso-operativo-de-yamaha-motor-crece-un-38	->	https://www.publi20.com/el-ingreso-operativo-de-yamaha-motor-crece-un-38/
3949	inactiva	regex=False	Redirecciones	/noticias/el-diseno-y-analisis-de-estructuras-de-acero-nunca-fue-tan-facil-by-iway-magazine	->	https://www.publi20.com/el-diseno-y-analisis-de-estructuras-de-acero-nunca-fue-tan-facil-by-iway-magazine/
3948	inactiva	regex=False	Redirecciones	/noticias/adios-al-codigo-de-seguridad-en-tarjetas-de-credito-nueva-medida-antifraude-de-moneta-technologies	->	https://www.publi20.com/adios-al-codigo-de-seguridad-en-tarjetas-de-credito-nueva-medida-antifraude-de-moneta-technologies/
3947	inactiva	regex=False	Redirecciones	/noticias/ups-trae-el-poder-de-la-logistica-este-dia-de-san-valentin	->	https://www.publi20.com/ups-trae-el-poder-de-la-logistica-este-dia-de-san-valentin/
3946	inactiva	regex=False	Redirecciones	/noticias/telefonica-mexico-lanzara-innovador-servicio-movil-con-la-potencia-de-itson	->	https://www.publi20.com/telefonica-mexico-lanzara-innovador-servicio-movil-con-la-potencia-de-itson/
3945	inactiva	regex=False	Redirecciones	/noticias/harry-winston-inc-presenta-el-reloj-countdown-to-a-cure	->	https://www.publi20.com/harry-winston-inc-presenta-el-reloj-countdown-to-a-cure/
3944	inactiva	regex=False	Redirecciones	/noticias/dreamscloud-lanza-la-edicion-en-espanol-de-su-popular-red-social-de-suenos	->	https://www.publi20.com/dreamscloud-lanza-la-edicion-en-espanol-de-su-popular-red-social-de-suenos/
3943	inactiva	regex=False	Redirecciones	/noticias/medscape-lanza-su-nueva-edicion-en-espanol	->	https://www.publi20.com/medscape-lanza-su-nueva-edicion-en-espanol/
3942	inactiva	regex=False	Redirecciones	/noticias/el-sistema-nomos-conecta-a-knx-con-smartthings-de-samsung-en-la-plataforma-de-iot-de-intel	->	https://www.publi20.com/el-sistema-nomos-conecta-a-knx-con-smartthings-de-samsung-en-la-plataforma-de-iot-de-intel/
3941	inactiva	regex=False	Redirecciones	/noticias/asla-abre-oficialmente-la-convocatoria-para-las-postulaciones-de-2016	->	https://www.publi20.com/asla-abre-oficialmente-la-convocatoria-para-las-postulaciones-de-2016/
3940	inactiva	regex=False	Redirecciones	/noticias/los-premios-drones-para-el-bien-eau-e-inteligencia-artificial-y-robotica-para-el-bien-eau-anuncian-los-ganadores-de-us-2-millones	->	https://www.publi20.com/los-premios-drones-para-el-bien-eau-e-inteligencia-artificial-y-robotica-para-el-bien-eau-anuncian-los-ganadores-de-us-2-millones/
3939	inactiva	regex=False	Redirecciones	/noticias/definidas-las-sedes-de-las-selectivas-y-del-evento-principal-del-torneo-crossfit-brasil	->	https://www.publi20.com/definidas-las-sedes-de-las-selectivas-y-del-evento-principal-del-torneo-crossfit-brasil/
3938	inactiva	regex=False	Redirecciones	/noticias/mars-incorporated-eliminara-todos-los-colores-artificiales-de-su-portfolio-de-alimentos-humanos	->	https://www.publi20.com/mars-incorporated-eliminara-todos-los-colores-artificiales-de-su-portfolio-de-alimentos-humanos/
3937	inactiva	regex=False	Redirecciones	/noticias/oasmia-presenta-solicitud-de-autorizacion-de-comercializacion-ante-la-agencia-europea-de-medicamentos-para-su-producto-lider-para-el-cancer-apealea-paclical	->	https://www.publi20.com/oasmia-presenta-solicitud-de-autorizacion-de-comercializacion-ante-la-agencia-europea-de-medicamentos-para-su-producto-lider-para-el-cancer-apealea-paclical/
3936	inactiva	regex=False	Redirecciones	/noticias/seaborne-airlines-vuela-alto-en-la-milla-de-oro-de-san-juan	->	https://www.publi20.com/seaborne-airlines-vuela-alto-en-la-milla-de-oro-de-san-juan/
3935	inactiva	regex=False	Redirecciones	/noticias/bienvenido-a-la-tranquilidad-residencias-b-nayar	->	https://www.publi20.com/bienvenido-a-la-tranquilidad-residencias-b-nayar/
3934	inactiva	regex=False	Redirecciones	/noticias/heliatek-marca-nuevo-record-mundial-del-132-en-eficiencia-fotovoltaica-organica	->	https://www.publi20.com/heliatek-marca-nuevo-record-mundial-del-132-en-eficiencia-fotovoltaica-organica/
3933	inactiva	regex=False	Redirecciones	/noticias/kmimos-el-airbnb-para-perros-en-america-latina-ofrece-una-gran-comunidad-de-cuidadores-certificados-que-abren-las-puertas-de-sus-propios-hogares-convirtiendose-en-una-alternativa-superior-a-una-pension-u-hotel-para-perros	->	https://www.publi20.com/kmimos-el-airbnb-para-perros-en-america-latina-ofrece-una-gran-comunidad-de-cuidadores-certificados-que-abren-las-puertas-de-sus-propios-hogares-convirtiendose-en-una-alternativa-superior-a-una-pension-u-hotel-para-perros/
3932	inactiva	regex=False	Redirecciones	/noticias/venture-global-calcasieu-pass-y-shell-lng-north-america-celebran-un-acuerdo-de-compra-y-venta-de-gnl-a-veinte-anos	->	https://www.publi20.com/venture-global-calcasieu-pass-y-shell-lng-north-america-celebran-un-acuerdo-de-compra-y-venta-de-gnl-a-veinte-anos/
3931	inactiva	regex=False	Redirecciones	/noticias/g2acom-entretiene-a-los-jugadores-en-gist-gaming-estambul-2016	->	https://www.publi20.com/g2acom-entretiene-a-los-jugadores-en-gist-gaming-estambul-2016/
3930	inactiva	regex=False	Redirecciones	/noticias/marken-elegido-para-combatir-el-virus-del-zika	->	https://www.publi20.com/marken-elegido-para-combatir-el-virus-del-zika/
3929	inactiva	regex=False	Redirecciones	/noticias/pacific-anuncia-una-prorroga-de-la-fecha-limite-para-liquidez-minima-conforme-a-las-exenciones-a-sus-acuerdos-de-credito	->	https://www.publi20.com/pacific-anuncia-una-prorroga-de-la-fecha-limite-para-liquidez-minima-conforme-a-las-exenciones-a-sus-acuerdos-de-credito/
3928	inactiva	regex=False	Redirecciones	/noticias/gabriela-isler-miss-universo-2013-y-patrick-gage-activista-contra-la-trata-anuncian-un-nuevo-fondo-para-combatir-la-trata-de-personas	->	https://www.publi20.com/gabriela-isler-miss-universo-2013-y-patrick-gage-activista-contra-la-trata-anuncian-un-nuevo-fondo-para-combatir-la-trata-de-personas/
3927	inactiva	regex=False	Redirecciones	/noticias/g2a-apoya-a-gaming-istanbul-2016-presenta-material-con-impresion-3d-y-3d-de-g2a	->	https://www.publi20.com/g2a-apoya-a-gaming-istanbul-2016-presenta-material-con-impresion-3d-y-3d-de-g2a/
3926	inactiva	regex=False	Redirecciones	/noticias/crowe-horwath-international-alcanza-su-quinto-ano-consecutivo-de-crecimiento-sostenido	->	https://www.publi20.com/crowe-horwath-international-alcanza-su-quinto-ano-consecutivo-de-crecimiento-sostenido/
3925	inactiva	regex=False	Redirecciones	/noticias/crisis-global-armadores-atuneros-se-reunen-en-panama	->	https://www.publi20.com/crisis-global-armadores-atuneros-se-reunen-en-panama/
3924	inactiva	regex=False	Redirecciones	/noticias/deloitte-digital-fue-nombrada-como-lider-por-gartner-en-servicios-de-implementacion-de-crm-y-experiencia-del-cliente-en-todo-el-mundo-por-cuarto-ano-consecutivo	->	https://www.publi20.com/deloitte-digital-fue-nombrada-como-lider-por-gartner-en-servicios-de-implementacion-de-crm-y-experiencia-del-cliente-en-todo-el-mundo-por-cuarto-ano-consecutivo/
3923	inactiva	regex=False	Redirecciones	/noticias/brasil-y-argentina-se-encuentran-entre-la-mitad-superior-de-las-marcas-nacionales-mas-admiradas	->	https://www.publi20.com/brasil-y-argentina-se-encuentran-entre-la-mitad-superior-de-las-marcas-nacionales-mas-admiradas/
3922	inactiva	regex=False	Redirecciones	/noticias/young-living-supera-los-mil-millones-de-dolares-en-ventas-anuales-en-el-2015	->	https://www.publi20.com/young-living-supera-los-mil-millones-de-dolares-en-ventas-anuales-en-el-2015/
3921	inactiva	regex=False	Redirecciones	/noticias/el-grupo-biotoscana-avanza-en-la-integracion-del-laboratorio-lkm-con-una-nueva-estructura-organizacional-y-un-nuevo-equipo-de-liderazgo	->	https://www.publi20.com/el-grupo-biotoscana-avanza-en-la-integracion-del-laboratorio-lkm-con-una-nueva-estructura-organizacional-y-un-nuevo-equipo-de-liderazgo/
3920	inactiva	regex=False	Redirecciones	/noticias/la-alianza-renault-nissan-ha-vendido-85-millones-de-vehiculos-en-2015	->	https://www.publi20.com/la-alianza-renault-nissan-ha-vendido-85-millones-de-vehiculos-en-2015/
3919	inactiva	regex=False	Redirecciones	/noticias/fibra-prologis-declara-distribucion-del-trimestre	->	https://www.publi20.com/fibra-prologis-declara-distribucion-del-trimestre/
3918	inactiva	regex=False	Redirecciones	/noticias/louis-xiii-brinda-por-100-years-the-movie-you-will-never-see	->	https://www.publi20.com/louis-xiii-brinda-por-100-years-the-movie-you-will-never-see/
3917	inactiva	regex=False	Redirecciones	/noticias/isuzu-motors-de-mexico-festeja-la-venta-de-su-unidad-numero-30000	->	https://www.publi20.com/isuzu-motors-de-mexico-festeja-la-venta-de-su-unidad-numero-30000/
3916	inactiva	regex=False	Redirecciones	/noticias/el-museo-dr-guislain-y-janssen-research-development-llc-abren-la-convocatoria-internacional-de-nominaciones-a-la-edicion-2016-del-premio-dr-guislain-breaking-the-chains-of-stigma	->	https://www.publi20.com/el-museo-dr-guislain-y-janssen-research-development-llc-abren-la-convocatoria-internacional-de-nominaciones-a-la-edicion-2016-del-premio-dr-guislain-breaking-the-chains-of-stigma/
3915	inactiva	regex=False	Redirecciones	/noticias/taisys-filial-de-shanghai-f-road-gana-el-primer-premio-en-el-desafio-de-inclusion-financiera-que-organiza-the-wall-sreet-journal	->	https://www.publi20.com/taisys-filial-de-shanghai-f-road-gana-el-primer-premio-en-el-desafio-de-inclusion-financiera-que-organiza-the-wall-sreet-journal/
3914	inactiva	regex=False	Redirecciones	/noticias/pharmacielo-presenta-una-solicitud-de-licencias-para-cultivar-y-procesar-extractos-de-cannabis-medicinal-en-colombia	->	https://www.publi20.com/pharmacielo-presenta-una-solicitud-de-licencias-para-cultivar-y-procesar-extractos-de-cannabis-medicinal-en-colombia/
3913	activa	regex=False	Redirecciones	/publicidad-negocios-mexico/de-merolicos-y-charlatanes	->	/publicidad/aliados-o-charlatanes-donde-te-ves/
3912	inactiva	regex=False	Redirecciones	/noticias/smith-micro-y-zonetail-ofreceran-atraccion-de-huespedes-personalizada-con-marketing-movil-contextual-en-aplicaciones-de-hoteleria	->	https://www.publi20.com/smith-micro-y-zonetail-ofreceran-atraccion-de-huespedes-personalizada-con-marketing-movil-contextual-en-aplicaciones-de-hoteleria/
3911	inactiva	regex=False	Redirecciones	/noticias/tres-ganadores-del-premio-de-la-academia-participan-en-la-pelicula-que-introduce-la-nueva-fragancia-de-dolcegabbana-giuseppe-tornatore-ennio-morricone-y-sophia-loren	->	https://www.publi20.com/tres-ganadores-del-premio-de-la-academia-participan-en-la-pelicula-que-introduce-la-nueva-fragancia-de-dolcegabbana-giuseppe-tornatore-ennio-morricone-y-sophia-loren/
3910	inactiva	regex=False	Redirecciones	/noticias/electrodomesticos-de-tcl-ganan-premios-if-design-awards-2016	->	https://www.publi20.com/electrodomesticos-de-tcl-ganan-premios-if-design-awards-2016/
3909	inactiva	regex=False	Redirecciones	/noticias/cgg-trading-cuenta-con-nuevo-country-manager-en-argentina	->	https://www.publi20.com/cgg-trading-cuenta-con-nuevo-country-manager-en-argentina/
3908	inactiva	regex=False	Redirecciones	/noticias/proteccion-contra-danos-y-robo-disponible-para-los-clientes-de-claro	->	https://www.publi20.com/proteccion-contra-danos-y-robo-disponible-para-los-clientes-de-claro/
3907	inactiva	regex=False	Redirecciones	/noticias/magic-leap-anuncia-una-nueva-financiacion-de-usd7935-millones	->	https://www.publi20.com/magic-leap-anuncia-una-nueva-financiacion-de-usd7935-millones/
3906	inactiva	regex=False	Redirecciones	/noticias/messi-tiene-su-propio-juego-space-scooter	->	https://www.publi20.com/messi-tiene-su-propio-juego-space-scooter/
3905	inactiva	regex=False	Redirecciones	/noticias/aacsb-international-presenta-el-ingenio-y-la-creatividad-global-de-las-escuelas-de-negocios-de-todo-el-mundo	->	https://www.publi20.com/aacsb-international-presenta-el-ingenio-y-la-creatividad-global-de-las-escuelas-de-negocios-de-todo-el-mundo/
3904	inactiva	regex=False	Redirecciones	/noticias/dedicamos-un-promedio-de-4-horas-semanales-al-cuidado-personal-por-que	->	https://www.publi20.com/dedicamos-un-promedio-de-4-horas-semanales-al-cuidado-personal-por-que/
3903	inactiva	regex=False	Redirecciones	/noticias/acuerdo-en-demanda-colectiva-por-titulos-de-fairfield-greenwich	->	https://www.publi20.com/acuerdo-en-demanda-colectiva-por-titulos-de-fairfield-greenwich/
3902	inactiva	regex=False	Redirecciones	/noticias/steba-biotech-anuncia-resultados-preliminares-positivos-de-su-ensayo-clinico-latinoamericano-en-fase-3-de-tookad-en-pacientes-con-cancer-de-prostata-localizado-y-obtiene-la-primera-autorizacion-para-comercializacion-en-mexico	->	https://www.publi20.com/steba-biotech-anuncia-resultados-preliminares-positivos-de-su-ensayo-clinico-latinoamericano-en-fase-3-de-tookad-en-pacientes-con-cancer-de-prostata-localizado-y-obtiene-la-primera-autorizacion-para-comercializacion-en-mexico/
3901	inactiva	regex=False	Redirecciones	/noticias/ofertas365-inc-designa-a-la-ex-directora-de-marketing-global-y-relaciones-publicas-de-888com-jennifer-von-strohe-en-su-junta-asesora	->	https://www.publi20.com/ofertas365-inc-designa-a-la-ex-directora-de-marketing-global-y-relaciones-publicas-de-888com-jennifer-von-strohe-en-su-junta-asesora/
3900	inactiva	regex=False	Redirecciones	/noticias/modulos-pv-de-ja-solar-cumplen-al-100-la-norma-iec62804-anti-pid	->	https://www.publi20.com/modulos-pv-de-ja-solar-cumplen-al-100-la-norma-iec62804-anti-pid/
3899	inactiva	regex=False	Redirecciones	/noticias/artesanos-del-estado-mexicano-de-puebla-expondran-en-una-de-las-principales-ferias-comerciales-de-nueva-york	->	https://www.publi20.com/artesanos-del-estado-mexicano-de-puebla-expondran-en-una-de-las-principales-ferias-comerciales-de-nueva-york/
3898	inactiva	regex=False	Redirecciones	/noticias/millonaria-inversion-en-proyectos-turisticos-by-contrapunto-diario-digital	->	https://www.publi20.com/millonaria-inversion-en-proyectos-turisticos-by-contrapunto-diario-digital/
3897	inactiva	regex=False	Redirecciones	/noticias/perdidas-en-sector-azucarero-por-sequia-by-contrapunto-diario-digital	->	https://www.publi20.com/perdidas-en-sector-azucarero-por-sequia-by-contrapunto-diario-digital/
3896	inactiva	regex=False	Redirecciones	/noticias/el-salvador-mayor-crecimiento-de-las-exportaciones-en-ca	->	https://www.publi20.com/el-salvador-mayor-crecimiento-de-las-exportaciones-en-ca/
3895	inactiva	regex=False	Redirecciones	/noticias/webradar-recibe-financiamiento-de-qualcomm-y-dgf-investimentos	->	https://www.publi20.com/webradar-recibe-financiamiento-de-qualcomm-y-dgf-investimentos/
3894	inactiva	regex=False	Redirecciones	/noticias/g2a-3d-anuncia-asombroso-producto-interactivo-personalizado-en-taipei-game-show-2016	->	https://www.publi20.com/g2a-3d-anuncia-asombroso-producto-interactivo-personalizado-en-taipei-game-show-2016/
3893	inactiva	regex=False	Redirecciones	/noticias/julio-frenk-asume-como-sexto-presidente-de-la-universidad-de-miami-con-celebraciones-academicas-y-comunitarias	->	https://www.publi20.com/julio-frenk-asume-como-sexto-presidente-de-la-universidad-de-miami-con-celebraciones-academicas-y-comunitarias/
3892	inactiva	regex=False	Redirecciones	/noticias/declaracion-actualizada-de-guess-guess-inc-anuncia-nueva-politica-sobre-el-uso-de-fibra-de-angora	->	https://www.publi20.com/declaracion-actualizada-de-guess-guess-inc-anuncia-nueva-politica-sobre-el-uso-de-fibra-de-angora/
3891	inactiva	regex=False	Redirecciones	/noticias/millennials-en-mexico-una-influencia-poderosa	->	https://www.publi20.com/millennials-en-mexico-una-influencia-poderosa/
3890	inactiva	regex=False	Redirecciones	/noticias/g2a-inaugura-oficialmente-el-taipei-game-show-2016	->	https://www.publi20.com/g2a-inaugura-oficialmente-el-taipei-game-show-2016/
3889	inactiva	regex=False	Redirecciones	/noticias/dermalog-provee-nuevos-pasaportes-biometricos-a-maldivas	->	https://www.publi20.com/dermalog-provee-nuevos-pasaportes-biometricos-a-maldivas/
3888	inactiva	regex=False	Redirecciones	/noticias/fibra-prologis-anuncia-sus-resultados-financieros-del-cuarto-trimestre-y-del-ano-2015	->	https://www.publi20.com/fibra-prologis-anuncia-sus-resultados-financieros-del-cuarto-trimestre-y-del-ano-2015/
3887	inactiva	regex=False	Redirecciones	/noticias/elements-global-services-se-desprende-de-elements-peo-como-firma-independiente	->	https://www.publi20.com/elements-global-services-se-desprende-de-elements-peo-como-firma-independiente/
3886	inactiva	regex=False	Redirecciones	/noticias/cadena-toks-impulsa-la-preservacion-de-aves-en-el-nido	->	https://www.publi20.com/cadena-toks-impulsa-la-preservacion-de-aves-en-el-nido/
3885	inactiva	regex=False	Redirecciones	/noticias/la-universidad-de-miami-anuncia-la-investidura-del-presidente-julio-frenk	->	https://www.publi20.com/la-universidad-de-miami-anuncia-la-investidura-del-presidente-julio-frenk/
3884	inactiva	regex=False	Redirecciones	/noticias/llegaron-los-skins-para-counter-strike-global-offensive-de-g2acom	->	https://www.publi20.com/llegaron-los-skins-para-counter-strike-global-offensive-de-g2acom/
3883	inactiva	regex=False	Redirecciones	/noticias/boredom-or-love-till-the-very-end-una-novela-y-una-receta-para-mantener-vivo-el-amor	->	https://www.publi20.com/boredom-or-love-till-the-very-end-una-novela-y-una-receta-para-mantener-vivo-el-amor/
3882	inactiva	regex=False	Redirecciones	/noticias/lanzamiento-del-manual-de-residencia-y-ciudadania-global	->	https://www.publi20.com/lanzamiento-del-manual-de-residencia-y-ciudadania-global/
3881	inactiva	regex=False	Redirecciones	/noticias/g-famsa-reduce-en-11-el-balance-de-su-deuda-colocada-en-dolares-americanos	->	https://www.publi20.com/g-famsa-reduce-en-11-el-balance-de-su-deuda-colocada-en-dolares-americanos/
3880	inactiva	regex=False	Redirecciones	/noticias/inauguracion-de-marble-slab-creamery-en-la-ciudad-de-mexico	->	https://www.publi20.com/inauguracion-de-marble-slab-creamery-en-la-ciudad-de-mexico/
3879	inactiva	regex=False	Redirecciones	/noticias/fibra-prologis-refinancia-us107-millones-de-sus-creditos-hipotecarios	->	https://www.publi20.com/fibra-prologis-refinancia-us107-millones-de-sus-creditos-hipotecarios/
3878	inactiva	regex=False	Redirecciones	/noticias/los-momentos-de-amor-mas-hermosos-thomas-sabo-presenta-la-edicion-love-bridge-para-el-dia-de-san-valentin-de-2016	->	https://www.publi20.com/los-momentos-de-amor-mas-hermosos-thomas-sabo-presenta-la-edicion-love-bridge-para-el-dia-de-san-valentin-de-2016/
3877	inactiva	regex=False	Redirecciones	/noticias/nueva-encuesta-muestra-que-los-consumidores-estan-mejor-informados-que-nunca-antes-para-tomar-decisiones-sobre-su-estilo-de-vida	->	https://www.publi20.com/nueva-encuesta-muestra-que-los-consumidores-estan-mejor-informados-que-nunca-antes-para-tomar-decisiones-sobre-su-estilo-de-vida/
3876	inactiva	regex=False	Redirecciones	/noticias/farmers-edge-pionero-en-la-agricultura-de-precision-cierra-una-inversion-por-el-valor-de-cad58-millones-dirigida-por-mitsui-y-kleiner-perkins	->	https://www.publi20.com/farmers-edge-pionero-en-la-agricultura-de-precision-cierra-una-inversion-por-el-valor-de-cad58-millones-dirigida-por-mitsui-y-kleiner-perkins/
3875	inactiva	regex=False	Redirecciones	/noticias/jinkosolar-firma-con-spower-un-acuerdo-de-provision-de-un-gigavatio	->	https://www.publi20.com/jinkosolar-firma-con-spower-un-acuerdo-de-provision-de-un-gigavatio/
3874	inactiva	regex=False	Redirecciones	/noticias/cuando-chocan-dos-iconos	->	https://www.publi20.com/cuando-chocan-dos-iconos/
3873	inactiva	regex=False	Redirecciones	/noticias/ul-lanza-una-aplicacion-para-moviles-que-ofrece-experiencia-tecnica-en-locaciones-peligrosas-globales	->	https://www.publi20.com/ul-lanza-una-aplicacion-para-moviles-que-ofrece-experiencia-tecnica-en-locaciones-peligrosas-globales/
3872	inactiva	regex=False	Redirecciones	/noticias/cim-valida-la-metodologia-mmx-de-comscore	->	https://www.publi20.com/cim-valida-la-metodologia-mmx-de-comscore/
3871	inactiva	regex=False	Redirecciones	/noticias/bladex-anuncia-pago-de-dividendo-del-cuarto-trimestre-2015	->	https://www.publi20.com/bladex-anuncia-pago-de-dividendo-del-cuarto-trimestre-2015/
3870	activa	regex=False	Redirecciones	/publicidad-negocios-mexico/la-publicidad-que-no-sirve	->	/publicidad/guias/lo-que-todo-anunciante-debe-saber-la-mitad-de-la-publicidad-sirve-la-otra-mitad-no/
3869	activa	regex=False	Redirecciones	/publicidad-negocios-mexico/cuando-se-alcanza-el-exito-en-redes-sociales	->	/mercadotecnia/marketing-digital/los-numeros-no-importan-la-influencia-si/
3868	activa	regex=False	Redirecciones	/publicidad-negocios-mexico/olvidate-de-los-millennials-la-edad-no-importa	->	/mercadotecnia/
3867	activa	regex=False	Redirecciones	/publicidad-negocios-mexico/o-nos-seguimos-devorando-entre-nosotros-o-nos-comemos-al-mundo-juntos	->	/emprendimiento/
3866	activa	regex=False	Redirecciones	/uncategorised/politica-de-privacidad	->	/
3865	activa	regex=False	Redirecciones	/publicidad-negocios-mexico/caro-es-lo-que-no-puedes-pagar	->	/emprendimiento/
3864	activa	regex=False	Redirecciones	/publicidad-negocios-mexico/el-contenido-como-metrica-incorrecta-de-marketing	->	/mercadotecnia/marketing-digital/los-numeros-no-importan-la-influencia-si/
3863	activa	regex=False	Redirecciones	/publicidad-negocios-mexico/juntas-de-trabajo-una-ilusion-perfecta	->	/emprendimiento/
3862	activa	regex=False	Redirecciones	/publicidad-negocios-mexico/los-anunciantes-quieren-resultados-no-promesas	->	/publicidad/guias/lo-que-todo-anunciante-debe-saber-la-mitad-de-la-publicidad-sirve-la-otra-mitad-no/
3861	activa	regex=False	Redirecciones	/publicidad-negocios-mexico/3-prestaciones-poco-comunes-para-tener-empleados-felices	->	/emprendimiento/
3860	activa	regex=False	Redirecciones	/publicidad-negocios-mexico/que-hacer-cuando-un-empleado-se-va	->	/emprendimiento/
3859	activa	regex=False	Redirecciones	/publicidad-negocios-mexico/un-truco-de-5-segundos-para-tu-proxima-reunion-via-remota	->	/emprendimiento/
3858	activa	regex=False	Redirecciones	/publicidad-negocios-mexico/estas-aprovechando-al-maximo-las-ideas-tus-empleados-introvertidos	->	/emprendimiento/
3857	activa	regex=False	Redirecciones	/publicidad-negocios-mexico/sitios-web-para-encontrar-al-freelancer-perfecto	->	/emprendimiento/
3856	activa	regex=False	Redirecciones	/publicidad-negocios-mexico/que-extension-de-dominio-debo-contratar-para-mi-empresa	->	/emprendimiento/
3855	activa	regex=False	Redirecciones	/campanas/anunciarse-reforma-com	->	/publicidad/
3854	activa	regex=False	Redirecciones	/publicidad-negocios-mexico/habilidades-para-ser-exitoso	->	/emprendimiento/
3853	activa	regex=False	Redirecciones	/publicidad-negocios-mexico/4-preguntas-que-debes-hacer-antes-de-contratar-un-vendedor	->	/emprendimiento/
3852	activa	regex=False	Redirecciones	/publicidad-negocios-mexico/consejos-administrar-equipo-trabajo-remoto	->	/emprendimiento/
3851	activa	regex=False	Redirecciones	/publicidad-negocios-mexico/renuncio-por-favor-quedate-ahora-que	->	/emprendimiento/
3850	activa	regex=False	Redirecciones	/publicidad-negocios-mexico/por-que-soy-un-pirata	->	/emprendimiento/
3849	activa	regex=False	Redirecciones	/publicidad-negocios-mexico/averigua-nivel-inteligencia-emocional	->	/emprendimiento/
3848	activa	regex=False	Redirecciones	/publicidad-negocios-mexico/retener-talento-empresa	->	/emprendimiento/
3847	activa	regex=False	Redirecciones	/publicidad-negocios-mexico/herramientas-online-offline-mejorar-productividad	->	/emprendimiento/
3846	activa	regex=False	Redirecciones	/uncategorised/gracias	->	/
3845	activa	regex=False	Redirecciones	/publicidad-negocios-mexico/una-gran-vision-sin-gente-sobresaliente-es-irrelevante	->	/emprendimiento/
3844	activa	regex=False	Redirecciones	/publicidad-negocios-mexico/el-sueldo-por-si-solo-ya-no-es-suficiente	->	/emprendimiento/
3843	activa	regex=False	Redirecciones	/publicidad-negocios-mexico/como-se-deben-empezar-las-cosas-por-el-principio	->	/emprendimiento/
3842	activa	regex=False	Redirecciones	/publicidad-negocios-mexico/una-simple-frase-que-esta-destruyendo-tu-carrera	->	/emprendimiento/
3841	activa	regex=False	Redirecciones	/publicidad-negocios-mexico/10-consejos-de-vida-que-debes-leer-antes-de-comenzar-cualquier-negocio	->	/emprendimiento/
3840	activa	regex=False	Redirecciones	/publicidad-negocios-mexico/5-comerciales-censurados-que-causaron-controversia	->	/publicidad/creatividad/comerciales-prohibidos-censurados/
3839	activa	regex=False	Redirecciones	/publicidad-negocios-mexico/la-reconciliacion-de-los-consumidores-y-el-marketing-de-la-mano-del-inbound-marketing	->	/mercadotecnia/
3838	activa	regex=False	Redirecciones	/publicidad-negocios-mexico/mi-empresa-tiene-riesgos-que-estoy-haciendo-mal	->	/emprendimiento/
3837	activa	regex=False	Redirecciones	/publicidad-negocios-mexico/los-pasos-para-convertirte-en-un-lider-de-opinion-a-traves-de-tu-marca-personal	->	/emprendimiento/
3836	activa	regex=False	Redirecciones	/uncategorised/publi2-0-home	->	/
3835	inactiva	regex=False	Redirecciones	/404	->	None
3834	activa	regex=False	Redirecciones	/directorio/proveedores/go-virtual-1728	->	/rankings/productoras-de-eventos-mexico/
3833	activa	regex=False	Redirecciones	/directorio/proveedores/stands-y-displays-stand-123-1727	->	/rankings/proveedores-pop-promocionales-mexico/
3832	activa	regex=False	Redirecciones	/directorio/proveedores/stands-y-displays-qualton-1726	->	/rankings/proveedores-pop-promocionales-mexico/
3831	activa	regex=False	Redirecciones	/directorio/proveedores/stands-y-displays-instintos-creativos-1725	->	/publicidad/
3830	activa	regex=False	Redirecciones	/directorio/proveedores/stands-y-displays-holders-1724	->	/rankings/proveedores-pop-promocionales-mexico/
3829	activa	regex=False	Redirecciones	/directorio/proveedores/stands-y-displays-grupo-tochijara-1723	->	/rankings/proveedores-pop-promocionales-mexico/
3828	activa	regex=False	Redirecciones	/directorio/proveedores/stands-y-displays-grupo-om-1722	->	/rankings/proveedores-pop-promocionales-mexico/
3827	activa	regex=False	Redirecciones	/directorio/proveedores/stands-y-displays-expoquarzo-1721	->	/rankings/proveedores-pop-promocionales-mexico/
3826	activa	regex=False	Redirecciones	/directorio/proveedores/stands-y-displays-expoexpress-1720	->	/rankings/proveedores-pop-promocionales-mexico/
3825	activa	regex=False	Redirecciones	/directorio/proveedores/stands-y-displays-eliptic-1719	->	/rankings/proveedores-pop-promocionales-mexico/
3824	activa	regex=False	Redirecciones	/directorio/proveedores/stands-y-displays-dm-display-1718	->	/rankings/proveedores-pop-promocionales-mexico/
3823	activa	regex=False	Redirecciones	/directorio/proveedores/stands-y-displays-cr-rpo-display-1717	->	/rankings/proveedores-pop-promocionales-mexico/
3822	activa	regex=False	Redirecciones	/directorio/proveedores/soporte-tecnico-it-sistemas-tecnocen-1716	->	/rankings/casas-productoras-mexico/
3821	activa	regex=False	Redirecciones	/directorio/proveedores/soporte-tecnico-it-sistemas-sitmexico-1715	->	/rankings/agencias-de-medios-mexico/
3820	activa	regex=False	Redirecciones	/directorio/proveedores/soporte-tecnico-it-sistemas-savesa-sistemas-1714	->	/rankings/productoras-de-eventos-mexico/
3819	activa	regex=False	Redirecciones	/directorio/proveedores/soporte-tecnico-it-sistemas-asisteo-it-1713	->	/rankings/agencias-de-publicidad-mexico/
3818	activa	regex=False	Redirecciones	/directorio/proveedores/productoras-zombie-tv-1712	->	/rankings/casas-productoras-mexico/
3817	activa	regex=False	Redirecciones	/directorio/proveedores/productoras-yellow-films-1711	->	/rankings/casas-productoras-mexico/
3816	activa	regex=False	Redirecciones	/directorio/proveedores/productoras-producciones-por-marca-1710	->	/rankings/casas-productoras-mexico/
3815	activa	regex=False	Redirecciones	/directorio/proveedores/productoras-whiskey-films-1709	->	/rankings/casas-productoras-mexico/
3814	activa	regex=False	Redirecciones	/directorio/proveedores/productoras-vietnam-films-1708	->	/rankings/casas-productoras-mexico/
3813	activa	regex=False	Redirecciones	/directorio/proveedores/productoras-videotalento-1707	->	/rankings/productoras-de-eventos-mexico/
3812	activa	regex=False	Redirecciones	/directorio/proveedores/productoras-vdm-casa-productora-1706	->	/rankings/casas-productoras-mexico/
3811	activa	regex=False	Redirecciones	/directorio/proveedores/productoras-tribu-films-producciones-1705	->	/rankings/casas-productoras-mexico/
3810	activa	regex=False	Redirecciones	/directorio/proveedores/productoras-grupo-traziende-1704	->	/rankings/casas-productoras-mexico/
3809	activa	regex=False	Redirecciones	/directorio/proveedores/productoras-tiempo-y-tono-films-1703	->	/rankings/casas-productoras-mexico/
3808	activa	regex=False	Redirecciones	/directorio/proveedores/productoras-the-maestros-1702	->	/rankings/casas-productoras-mexico/
3807	activa	regex=False	Redirecciones	/directorio/proveedores/productoras-terciopelo-films-1701	->	/rankings/casas-productoras-mexico/
3806	activa	regex=False	Redirecciones	/directorio/proveedores/productoras-surreal-factory-1700	->	/rankings/casas-productoras-mexico/
3805	activa	regex=False	Redirecciones	/directorio/proveedores/productoras-suitechocolate-1699	->	/rankings/casas-productoras-mexico/
3804	activa	regex=False	Redirecciones	/directorio/proveedores/productoras-suave-films-1698	->	/rankings/casas-productoras-mexico/
3803	activa	regex=False	Redirecciones	/directorio/proveedores/productoras-ssl-1697	->	/rankings/casas-productoras-mexico/
3802	activa	regex=False	Redirecciones	/directorio/proveedores/productoras-digital-sprockets-1696	->	/rankings/casas-productoras-mexico/
3801	activa	regex=False	Redirecciones	/directorio/proveedores/productoras-sprocket-films-1695	->	/rankings/casas-productoras-mexico/
3800	activa	regex=False	Redirecciones	/directorio/proveedores/productoras-sinergis-1694	->	/rankings/casas-productoras-mexico/
3799	activa	regex=False	Redirecciones	/directorio/proveedores/productoras-silver-media-studio-1693	->	/rankings/casas-productoras-mexico/
3798	activa	regex=False	Redirecciones	/directorio/proveedores/productoras-ryp-producciones-1692	->	/rankings/casas-productoras-mexico/
3797	activa	regex=False	Redirecciones	/directorio/proveedores/productoras-rojo-films-1691	->	/rankings/casas-productoras-mexico/
3796	activa	regex=False	Redirecciones	/directorio/proveedores/productoras-retro-studio-1690	->	/publicidad/
3795	activa	regex=False	Redirecciones	/directorio/proveedores/productoras-retina-1689	->	/rankings/casas-productoras-mexico/
3794	activa	regex=False	Redirecciones	/directorio/proveedores/productoras-quantica-studio-1688	->	/rankings/casas-productoras-mexico/
3793	activa	regex=False	Redirecciones	/directorio/proveedores/productoras-qiafilms-1687	->	/rankings/casas-productoras-mexico/
3792	activa	regex=False	Redirecciones	/directorio/proveedores/productoras-planeta-films-1686	->	/rankings/casas-productoras-mexico/
3791	activa	regex=False	Redirecciones	/directorio/proveedores/productoras-pirana-1685	->	/rankings/casas-productoras-mexico/
3790	activa	regex=False	Redirecciones	/directorio/proveedores/productoras-pimienta-films-1684	->	/rankings/casas-productoras-mexico/
3789	activa	regex=False	Redirecciones	/directorio/proveedores/productoras-peliculas-imaginarias-1683	->	/rankings/casas-productoras-mexico/
3788	activa	regex=False	Redirecciones	/directorio/proveedores/productoras-producciones-carbajo-1682	->	/rankings/casas-productoras-mexico/
3787	activa	regex=False	Redirecciones	/directorio/proveedores/productoras-orange-producers-1681	->	/rankings/casas-productoras-mexico/
3786	activa	regex=False	Redirecciones	/directorio/proveedores/productoras-n-producciones-1680	->	/rankings/casas-productoras-mexico/
3785	activa	regex=False	Redirecciones	/directorio/proveedores/productoras-my-goodness-1679	->	/rankings/casas-productoras-mexico/
3784	activa	regex=False	Redirecciones	/directorio/proveedores/productoras-muela-producciones-1678	->	/rankings/casas-productoras-mexico/
3783	activa	regex=False	Redirecciones	/directorio/proveedores/productoras-metro-producciones-1677	->	/rankings/casas-productoras-mexico/
3782	activa	regex=False	Redirecciones	/directorio/proveedores/productoras-medianaranja-1676	->	/rankings/casas-productoras-mexico/
3781	activa	regex=False	Redirecciones	/directorio/proveedores/productoras-marango-networks-1675	->	/rankings/casas-productoras-mexico/
3780	activa	regex=False	Redirecciones	/directorio/proveedores/productoras-araudio-1674	->	/rankings/casas-productoras-mexico/
3779	activa	regex=False	Redirecciones	/directorio/proveedores/productoras-los-ojos-de-mi-abuela-1673	->	/rankings/casas-productoras-mexico/
3778	activa	regex=False	Redirecciones	/directorio/proveedores/productoras-the-lift-1672	->	/rankings/casas-productoras-mexico/
3777	activa	regex=False	Redirecciones	/directorio/proveedores/productoras-leonis-films-1671	->	/rankings/casas-productoras-mexico/
3776	activa	regex=False	Redirecciones	/directorio/proveedores/productoras-la-ventana-producciones-1670	->	/rankings/casas-productoras-mexico/
3775	activa	regex=False	Redirecciones	/directorio/proveedores/productoras-la-nave-centro-de-produccion-1669	->	/rankings/casas-productoras-mexico/
3774	activa	regex=False	Redirecciones	/directorio/proveedores/productoras-la-maripepa-films-1668	->	/rankings/casas-productoras-mexico/
3773	activa	regex=False	Redirecciones	/directorio/proveedores/productoras-la-fabrica-films-1667	->	/rankings/casas-productoras-mexico/
3772	activa	regex=False	Redirecciones	/directorio/proveedores/productoras-kuter-creativos-exactos-1666	->	/rankings/casas-productoras-mexico/
3771	activa	regex=False	Redirecciones	/directorio/proveedores/productoras-kreatta-producciones-1665	->	/rankings/casas-productoras-mexico/
3770	activa	regex=False	Redirecciones	/directorio/proveedores/productoras-käfer-producciones-1664	->	/publicidad/
3769	activa	regex=False	Redirecciones	/directorio/proveedores/productoras-imax-producciones-1663	->	/rankings/casas-productoras-mexico/
3768	activa	regex=False	Redirecciones	/directorio/proveedores/productoras-ikarus-1662	->	/rankings/casas-productoras-mexico/
3767	activa	regex=False	Redirecciones	/directorio/proveedores/productoras-industria-3-studios-1661	->	/rankings/casas-productoras-mexico/
3766	activa	regex=False	Redirecciones	/directorio/proveedores/productoras-hormiga-films-1660	->	/rankings/casas-productoras-mexico/
3765	activa	regex=False	Redirecciones	/directorio/proveedores/productoras-home-1659	->	/rankings/casas-productoras-mexico/
3764	activa	regex=False	Redirecciones	/directorio/proveedores/productoras-grupo-de-leon-1658	->	/rankings/casas-productoras-mexico/
3763	activa	regex=False	Redirecciones	/directorio/proveedores/productoras-gelatina-films-1657	->	/rankings/casas-productoras-mexico/
3762	activa	regex=False	Redirecciones	/directorio/proveedores/productoras-garcia-bross-y-asociados-1656	->	/rankings/casas-productoras-mexico/
3761	activa	regex=False	Redirecciones	/directorio/proveedores/productoras-filmmen-1655	->	/rankings/casas-productoras-mexico/
3760	activa	regex=False	Redirecciones	/directorio/proveedores/productoras-filmmaking-1654	->	/rankings/casas-productoras-mexico/
3759	activa	regex=False	Redirecciones	/directorio/proveedores/productoras-filma-1653	->	/rankings/casas-productoras-mexico/
3758	activa	regex=False	Redirecciones	/directorio/proveedores/productoras-fc-films-1652	->	/rankings/casas-productoras-mexico/
3757	activa	regex=False	Redirecciones	/directorio/proveedores/productoras-factory-1651	->	/rankings/casas-productoras-mexico/
3756	activa	regex=False	Redirecciones	/directorio/proveedores/productoras-espejo-y-asociados-1650	->	/rankings/casas-productoras-mexico/
3755	activa	regex=False	Redirecciones	/directorio/proveedores/productoras-elote-films-1649	->	/rankings/casas-productoras-mexico/
3754	activa	regex=False	Redirecciones	/directorio/proveedores/productoras-el-mall-1648	->	/rankings/casas-productoras-mexico/
3753	activa	regex=False	Redirecciones	/directorio/proveedores/productoras-elite-studios-1647	->	/rankings/casas-productoras-mexico/
3752	activa	regex=False	Redirecciones	/directorio/proveedores/productoras-elemento-producciones-1646	->	/rankings/casas-productoras-mexico/
3751	activa	regex=False	Redirecciones	/directorio/proveedores/productoras-distrito-films-1645	->	/rankings/casas-productoras-mexico/
3750	activa	regex=False	Redirecciones	/directorio/proveedores/productoras-dr-comunicacion-1644	->	/rankings/casas-productoras-mexico/
3749	activa	regex=False	Redirecciones	/directorio/proveedores/productoras-dead-astronauts-1643	->	/rankings/casas-productoras-mexico/
3748	activa	regex=False	Redirecciones	/directorio/proveedores/productoras-corte-y-queda-1642	->	/rankings/casas-productoras-mexico/
3747	activa	regex=False	Redirecciones	/directorio/proveedores/productoras-cineconcepto-1641	->	/rankings/casas-productoras-mexico/
3746	activa	regex=False	Redirecciones	/directorio/proveedores/productoras-ciberfilms-1640	->	/rankings/casas-productoras-mexico/
3745	activa	regex=False	Redirecciones	/directorio/proveedores/productoras-chilaktazo-films-1639	->	/rankings/casas-productoras-mexico/
3744	activa	regex=False	Redirecciones	/directorio/proveedores/productoras-chapulte-pictures-1638	->	/rankings/casas-productoras-mexico/
3743	activa	regex=False	Redirecciones	/directorio/proveedores/productoras-central-films-1637	->	/rankings/casas-productoras-mexico/
3742	activa	regex=False	Redirecciones	/directorio/proveedores/productoras-contenido-neto-1636	->	/rankings/casas-productoras-mexico/
3741	activa	regex=False	Redirecciones	/directorio/proveedores/productoras-catatonia-films-1635	->	/rankings/casas-productoras-mexico/
3740	activa	regex=False	Redirecciones	/directorio/proveedores/productoras-la-casa-productora-1634	->	/rankings/casas-productoras-mexico/
3739	activa	regex=False	Redirecciones	/directorio/proveedores/productoras-casa-12-producciones-1633	->	/rankings/casas-productoras-mexico/
3738	activa	regex=False	Redirecciones	/directorio/proveedores/productoras-cartucho-films-1632	->	/rankings/casas-productoras-mexico/
3737	activa	regex=False	Redirecciones	/directorio/proveedores/productoras-cantarranas-films-1631	->	/rankings/casas-productoras-mexico/
3736	activa	regex=False	Redirecciones	/directorio/proveedores/productoras-candiani-producciones-1630	->	/rankings/casas-productoras-mexico/
3735	activa	regex=False	Redirecciones	/directorio/proveedores/productoras-canal-izquierdo-1629	->	/rankings/casas-productoras-mexico/
3734	activa	regex=False	Redirecciones	/directorio/proveedores/productoras-camaleon-films-1628	->	/rankings/casas-productoras-mexico/
3733	activa	regex=False	Redirecciones	/directorio/proveedores/productoras-cafepost-1627	->	/rankings/casas-productoras-mexico/
3732	activa	regex=False	Redirecciones	/directorio/proveedores/productoras-byg-studio-1626	->	/rankings/casas-productoras-mexico/
3731	activa	regex=False	Redirecciones	/directorio/proveedores/productoras-bulldog-films-1625	->	/rankings/casas-productoras-mexico/
3730	activa	regex=False	Redirecciones	/directorio/proveedores/productoras-brixton-films-1624	->	/rankings/casas-productoras-mexico/
3729	activa	regex=False	Redirecciones	/directorio/proveedores/productoras-bit-produccion-de-medios-digitales-1623	->	/rankings/casas-productoras-mexico/
3728	activa	regex=False	Redirecciones	/directorio/proveedores/productoras-bitbang-studio-1622	->	/rankings/casas-productoras-mexico/
3727	activa	regex=False	Redirecciones	/directorio/proveedores/productoras-betelfilms-1621	->	/rankings/casas-productoras-mexico/
3726	activa	regex=False	Redirecciones	/directorio/proveedores/productoras-avanti-pictures-1620	->	/rankings/casas-productoras-mexico/
3725	activa	regex=False	Redirecciones	/directorio/proveedores/productoras-audioimagen-1619	->	/rankings/casas-productoras-mexico/
3724	activa	regex=False	Redirecciones	/directorio/proveedores/productoras-atomik-cine-y-video-1618	->	/rankings/casas-productoras-mexico/
3723	activa	regex=False	Redirecciones	/directorio/proveedores/productoras-arts-studios-1617	->	/rankings/casas-productoras-mexico/
3722	activa	regex=False	Redirecciones	/directorio/proveedores/productoras-armar-producciones-1616	->	/rankings/casas-productoras-mexico/
3721	activa	regex=False	Redirecciones	/directorio/proveedores/productoras-producciones-arje-1615	->	/rankings/casas-productoras-mexico/
3720	activa	regex=False	Redirecciones	/directorio/proveedores/productoras-ares-producciones-1614	->	/rankings/casas-productoras-mexico/
3719	activa	regex=False	Redirecciones	/directorio/proveedores/productoras-arbol-cine-1613	->	/rankings/casas-productoras-mexico/
3718	activa	regex=False	Redirecciones	/directorio/proveedores/productoras-arado-films-1612	->	/rankings/casas-productoras-mexico/
3717	activa	regex=False	Redirecciones	/directorio/proveedores/productoras-caponeto-1611	->	/rankings/casas-productoras-mexico/
3716	activa	regex=False	Redirecciones	/directorio/proveedores/productoras-anima-estudios-1610	->	/rankings/casas-productoras-mexico/
3715	activa	regex=False	Redirecciones	/directorio/proveedores/productoras-altavision-producciones-sc-1609	->	/rankings/casas-productoras-mexico/
3714	activa	regex=False	Redirecciones	/directorio/proveedores/productoras-alameda-films-1608	->	/rankings/casas-productoras-mexico/
3713	activa	regex=False	Redirecciones	/directorio/proveedores/productoras-advideosmm-1607	->	/rankings/casas-productoras-mexico/
3712	activa	regex=False	Redirecciones	/directorio/proveedores/productoras-adicta-films-1606	->	/rankings/casas-productoras-mexico/
3711	activa	regex=False	Redirecciones	/directorio/proveedores/productoras-6cero7studios-1605	->	/rankings/casas-productoras-mexico/
3710	activa	regex=False	Redirecciones	/directorio/proveedores/productoras-23imedio-films-1604	->	/rankings/casas-productoras-mexico/
3709	activa	regex=False	Redirecciones	/directorio/proveedores/productoras-1910-films-1603	->	/rankings/casas-productoras-mexico/
3708	activa	regex=False	Redirecciones	/directorio/proveedores/icarus-1602	->	/rankings/agencias-de-publicidad-mexico/
3707	activa	regex=False	Redirecciones	/directorio/proveedores/investigacion-de-mercados-wilbert-sierra-y-asociados-1601	->	/rankings/agencias-investigacion-de-mercados-mexico/
3706	activa	regex=False	Redirecciones	/directorio/proveedores/investigacion-de-mercados-tns-mexico-1600	->	/rankings/agencias-investigacion-de-mercados-mexico/
3705	activa	regex=False	Redirecciones	/directorio/proveedores/investigacion-de-mercados-sigmate-research-1599	->	/rankings/agencias-investigacion-de-mercados-mexico/
3704	activa	regex=False	Redirecciones	/directorio/proveedores/investigacion-de-mercados-questudies-1598	->	/rankings/agencias-investigacion-de-mercados-mexico/
3703	activa	regex=False	Redirecciones	/directorio/proveedores/investigacion-de-mercados-qualimerc-1597	->	/rankings/agencias-investigacion-de-mercados-mexico/
3702	activa	regex=False	Redirecciones	/directorio/proveedores/investigacion-de-mercados-q-solutions-1596	->	/rankings/agencias-investigacion-de-mercados-mexico/
3701	activa	regex=False	Redirecciones	/directorio/proveedores/investigacion-de-mercados-pulso-mercadologico-1595	->	/rankings/agencias-investigacion-de-mercados-mexico/
3700	activa	regex=False	Redirecciones	/directorio/proveedores/investigacion-de-mercados-psyma-latina-1594	->	/rankings/agencias-investigacion-de-mercados-mexico/
3699	activa	regex=False	Redirecciones	/directorio/proveedores/investigacion-de-mercados-planning-antropologico-1593	->	/rankings/agencias-investigacion-de-mercados-mexico/
3698	activa	regex=False	Redirecciones	/directorio/proveedores/investigacion-de-mercados-phenoma-1592	->	/rankings/agencias-investigacion-de-mercados-mexico/
3697	activa	regex=False	Redirecciones	/directorio/proveedores/investigacion-de-mercados-parametria-1591	->	/rankings/agencias-investigacion-de-mercados-mexico/
3696	activa	regex=False	Redirecciones	/directorio/proveedores/investigacion-de-mercados-nodo-investigacion+estrategia-1590	->	/listing/investigacion-de-mercados-nodo-investigacion+estrategia/
3695	activa	regex=False	Redirecciones	/directorio/proveedores/investigacion-de-mercados-nielsen-1589	->	/rankings/agencias-investigacion-de-mercados-mexico/
3694	activa	regex=False	Redirecciones	/directorio/proveedores/investigacion-de-mercados-mkt-noroeste-1588	->	/rankings/agencias-investigacion-de-mercados-mexico/
3693	activa	regex=False	Redirecciones	/directorio/proveedores/investigacion-de-mercados-mgr-marketing-global-research-1587	->	/rankings/agencias-investigacion-de-mercados-mexico/
3692	activa	regex=False	Redirecciones	/directorio/proveedores/investigacion-de-mercados-merc-gfk-1586	->	/rankings/agencias-investigacion-de-mercados-mexico/
3691	activa	regex=False	Redirecciones	/directorio/proveedores/investigacion-de-mercados-mercaei-1585	->	/rankings/agencias-investigacion-de-mercados-mexico/
3690	activa	regex=False	Redirecciones	/directorio/proveedores/investigacion-de-mercados-master-research-1584	->	/rankings/agencias-investigacion-de-mercados-mexico/
3689	activa	regex=False	Redirecciones	/directorio/proveedores/investigacion-de-mercados-marketing-group-1583	->	/rankings/agencias-investigacion-de-mercados-mexico/
3688	activa	regex=False	Redirecciones	/directorio/proveedores/investigacion-de-mercados-mapor-1582	->	/rankings/agencias-investigacion-de-mercados-mexico/
3687	activa	regex=False	Redirecciones	/directorio/proveedores/investigacion-de-mercados-lexia-insights-solutions-1581	->	/rankings/agencias-investigacion-de-mercados-mexico/
3686	activa	regex=False	Redirecciones	/directorio/proveedores/investigacion-de-mercados-kandavarumarken-1580	->	/rankings/agencias-investigacion-de-mercados-mexico/
3685	activa	regex=False	Redirecciones	/directorio/proveedores/investigacion-de-mercados-ipsos-bimsa-1579	->	/rankings/agencias-investigacion-de-mercados-mexico/
3684	activa	regex=False	Redirecciones	/directorio/proveedores/investigacion-de-mercados-innovative-marketing-y-consultants-1578	->	/rankings/agencias-investigacion-de-mercados-mexico/
3683	activa	regex=False	Redirecciones	/directorio/proveedores/investigacion-de-mercados-inmega-1577	->	/rankings/agencias-investigacion-de-mercados-mexico/
3682	activa	regex=False	Redirecciones	/directorio/proveedores/investigacion-de-mercados-ibope-agb-1576	->	/rankings/agencias-investigacion-de-mercados-mexico/
3681	activa	regex=False	Redirecciones	/directorio/proveedores/investigacion-de-mercados-gyd-investigacion-de-mercados-1575	->	/rankings/agencias-investigacion-de-mercados-mexico/
3680	activa	regex=False	Redirecciones	/directorio/proveedores/investigacion-de-mercados-grupo-arkho-1574	->	/rankings/agencias-investigacion-de-mercados-mexico/
3679	activa	regex=False	Redirecciones	/directorio/proveedores/investigacion-de-mercados-factum-1573	->	/rankings/agencias-investigacion-de-mercados-mexico/
3678	activa	regex=False	Redirecciones	/directorio/proveedores/investigacion-de-mercados-evamerc-1572	->	/rankings/agencias-investigacion-de-mercados-mexico/
3677	activa	regex=False	Redirecciones	/directorio/proveedores/investigacion-de-mercados-de-la-riva-group-1571	->	/rankings/agencias-investigacion-de-mercados-mexico/
3676	activa	regex=False	Redirecciones	/directorio/proveedores/investigacion-de-mercados-consultoria-mkt-1570	->	/rankings/agencias-investigacion-de-mercados-mexico/
3675	activa	regex=False	Redirecciones	/directorio/proveedores/investigacion-de-mercados-berumen-1569	->	/rankings/agencias-investigacion-de-mercados-mexico/
3674	activa	regex=False	Redirecciones	/directorio/proveedores/investigacion-de-mercados-analitica-marketing-1568	->	/rankings/agencias-investigacion-de-mercados-mexico/
3673	activa	regex=False	Redirecciones	/directorio/proveedores/investigacion-de-mercados-aljamia-1567	->	/rankings/agencias-investigacion-de-mercados-mexico/
3672	activa	regex=False	Redirecciones	/directorio/proveedores/impresion-digital-grupo-venegraphic-1566	->	/rankings/agencias-inbound-marketing-mexico/
3671	activa	regex=False	Redirecciones	/directorio/proveedores/impresion-digital-litografica-selene-1565	->	/rankings/agencias-inbound-marketing-mexico/
3670	activa	regex=False	Redirecciones	/directorio/proveedores/impresion-digital-grupo-efsa-1564	->	/rankings/agencias-inbound-marketing-mexico/
3669	activa	regex=False	Redirecciones	/directorio/proveedores/impresion-digital-geformas-1563	->	/rankings/agencias-inbound-marketing-mexico/
3668	activa	regex=False	Redirecciones	/directorio/proveedores/impresion-digital-avance-publicidad-1562	->	/rankings/agencias-inbound-marketing-mexico/
3667	activa	regex=False	Redirecciones	/directorio/proveedores/impresion-digital-artigraf-1561	->	/publicidad/
3666	activa	regex=False	Redirecciones	/directorio/proveedores/impresion-digital-argoga-soluciones-avanzadas-en-sistemas-1560	->	/rankings/agencias-inbound-marketing-mexico/
3665	activa	regex=False	Redirecciones	/directorio/proveedores/ilustradores-lowbrowmx-alto-diseno-1559	->	/rankings/estudios-diseno-branding-mexico/
3664	activa	regex=False	Redirecciones	/directorio/proveedores/ilustradores-raul-cruz-figueroa-1558	->	/rankings/agencias-de-publicidad-mexico/
3663	activa	regex=False	Redirecciones	/directorio/proveedores/fotografia-tuekphoto-1557	->	/rankings/casas-productoras-mexico/
3662	activa	regex=False	Redirecciones	/directorio/proveedores/fotografia-shaktiprod-1556	->	/rankings/casas-productoras-mexico/
3661	activa	regex=False	Redirecciones	/directorio/proveedores/fotografia-segarra-estudio-1555	->	/rankings/casas-productoras-mexico/
3660	activa	regex=False	Redirecciones	/directorio/proveedores/fotografia-quinque-fotoydiseno-1554	->	/publicidad/
3659	activa	regex=False	Redirecciones	/directorio/proveedores/fotografia-paul-brauns-photo-1553	->	/rankings/casas-productoras-mexico/
3658	activa	regex=False	Redirecciones	/directorio/proveedores/fotografia-nasty-danny-studio-1552	->	/rankings/casas-productoras-mexico/
3657	activa	regex=False	Redirecciones	/directorio/proveedores/fotografia-ktc-1551	->	/rankings/casas-productoras-mexico/
3656	activa	regex=False	Redirecciones	/directorio/proveedores/fotografia-isaac-ramarti--fotogafia-y-diseno-1550	->	/listing/fotografia-isaac-ramarti--fotogafia-y-diseno/
3655	activa	regex=False	Redirecciones	/directorio/proveedores/fotografia-horacio-vasquez-1549	->	/rankings/casas-productoras-mexico/
3654	activa	regex=False	Redirecciones	/directorio/proveedores/fotografia-hector-paris-fotografia-1548	->	/rankings/casas-productoras-mexico/
3653	activa	regex=False	Redirecciones	/directorio/proveedores/fotografia-fotofilms-1547	->	/rankings/casas-productoras-mexico/
3652	activa	regex=False	Redirecciones	/directorio/proveedores/fotografia-calavera-studios-1546	->	/rankings/casas-productoras-mexico/
3651	activa	regex=False	Redirecciones	/directorio/proveedores/estudios-y-foros-en-renta-talento-post-1545	->	/rankings/productoras-de-eventos-mexico/
3650	activa	regex=False	Redirecciones	/directorio/proveedores/estudios-y-foros-en-renta-squadra-1544	->	/rankings/productoras-de-eventos-mexico/
3649	activa	regex=False	Redirecciones	/directorio/proveedores/estudios-y-foros-en-renta-pixstudio-1543	->	/rankings/casas-productoras-mexico/
3648	activa	regex=False	Redirecciones	/directorio/proveedores/estudios-y-foros-en-renta-palmera-films-1542	->	/rankings/casas-productoras-mexico/
3647	activa	regex=False	Redirecciones	/directorio/proveedores/estudios-y-foros-en-renta-k-estudio-1541	->	/rankings/agencias-de-publicidad-mexico/
3646	activa	regex=False	Redirecciones	/directorio/proveedores/estudios-y-foros-en-renta-56-cinco-punto-seis-1540	->	/rankings/casas-productoras-mexico/
3645	activa	regex=False	Redirecciones	/directorio/proveedores/estudio-de-grabacion-septimo-sello-1539	->	/rankings/estudios-doblaje-locucion-mexico/
3644	activa	regex=False	Redirecciones	/directorio/proveedores/estudio-de-grabacion-sala-de-audio-1538	->	/rankings/estudios-doblaje-locucion-mexico/
3643	activa	regex=False	Redirecciones	/directorio/proveedores/estudio-de-grabacion-prado-sur-audio-1537	->	/rankings/estudios-doblaje-locucion-mexico/
3642	activa	regex=False	Redirecciones	/directorio/proveedores/estudio-de-grabacion-pianica-1536	->	/rankings/estudios-doblaje-locucion-mexico/
3641	activa	regex=False	Redirecciones	/directorio/proveedores/estudio-de-grabacion-mono-aural-1535	->	/rankings/estudios-doblaje-locucion-mexico/
3640	activa	regex=False	Redirecciones	/directorio/proveedores/estudio-de-grabacion-mixtlan-producciones-1534	->	/rankings/estudios-doblaje-locucion-mexico/
3639	activa	regex=False	Redirecciones	/directorio/proveedores/estudio-de-grabacion-lado-a-estudios-1533	->	/rankings/estudios-doblaje-locucion-mexico/
3638	activa	regex=False	Redirecciones	/directorio/proveedores/estudio-de-grabacion-jarpa-studio-1532	->	/rankings/estudios-doblaje-locucion-mexico/
3637	activa	regex=False	Redirecciones	/directorio/proveedores/estudio-de-grabacion-esound-1531	->	/rankings/estudios-doblaje-locucion-mexico/
3636	activa	regex=False	Redirecciones	/directorio/proveedores/estudio-de-grabacion-el-estudio-1530	->	/rankings/estudios-doblaje-locucion-mexico/
3635	activa	regex=False	Redirecciones	/directorio/proveedores/estudio-de-grabacion-estudio-cuarto-del-fondo-1529	->	/rankings/estudios-doblaje-locucion-mexico/
3634	activa	regex=False	Redirecciones	/directorio/proveedores/estudio-de-grabacion-el-cuarto-de-atras-1528	->	/rankings/estudios-doblaje-locucion-mexico/
3633	activa	regex=False	Redirecciones	/directorio/proveedores/estudio-de-grabacion-dna-1527	->	/rankings/estudios-doblaje-locucion-mexico/
3632	activa	regex=False	Redirecciones	/directorio/proveedores/estudio-de-grabacion-catapulta-studios-1526	->	/rankings/estudios-doblaje-locucion-mexico/
3631	activa	regex=False	Redirecciones	/directorio/proveedores/estudio-de-grabacion-carlos-ortega-1525	->	/rankings/estudios-doblaje-locucion-mexico/
3630	activa	regex=False	Redirecciones	/directorio/proveedores/estudio-de-grabacion-bulevard-studio-1524	->	/rankings/estudios-doblaje-locucion-mexico/
3629	activa	regex=False	Redirecciones	/directorio/proveedores/estudio-de-grabacion-bulbo-1523	->	/rankings/estudios-doblaje-locucion-mexico/
3628	activa	regex=False	Redirecciones	/directorio/proveedores/estudio-de-grabacion-aquasound-studio-1522	->	/rankings/estudios-doblaje-locucion-mexico/
3627	activa	regex=False	Redirecciones	/directorio/proveedores/estudio-de-grabacion-aio-estudio-1521	->	/rankings/estudios-doblaje-locucion-mexico/
3626	activa	regex=False	Redirecciones	/directorio/proveedores/estudio-de-grabacion-equis-cosa-1520	->	/rankings/estudios-doblaje-locucion-mexico/
3625	activa	regex=False	Redirecciones	/directorio/proveedores/estudio-de-grabacion-3cnuno-producciones-1519	->	/rankings/estudios-doblaje-locucion-mexico/
3624	activa	regex=False	Redirecciones	/directorio/proveedores/estudio-de-animacion-phenomena-1518	->	/rankings/casas-productoras-mexico/
3623	activa	regex=False	Redirecciones	/directorio/proveedores/estudio-de-animacion-organika-1517	->	/rankings/casas-productoras-mexico/
3622	activa	regex=False	Redirecciones	/directorio/proveedores/estudio-de-animacion-cluster-studio-1516	->	/rankings/casas-productoras-mexico/
3621	activa	regex=False	Redirecciones	/directorio/proveedores/estudio-de-animacion-cinema-fantasma-1515	->	/rankings/casas-productoras-mexico/
3620	activa	regex=False	Redirecciones	/directorio/proveedores/doblaje-y-subtitulaje-subsub-quality-subtitles-1514	->	/rankings/estudios-doblaje-locucion-mexico/
3619	activa	regex=False	Redirecciones	/directorio/proveedores/doblaje-y-subtitulaje-rgb-21-1513	->	/rankings/estudios-doblaje-locucion-mexico/
3618	activa	regex=False	Redirecciones	/directorio/proveedores/doblaje-y-subtitulaje-prime-dubb-1512	->	/rankings/estudios-doblaje-locucion-mexico/
3617	activa	regex=False	Redirecciones	/directorio/proveedores/doblaje-y-subtitulaje-new-art-dub-1511	->	/rankings/estudios-doblaje-locucion-mexico/
3616	activa	regex=False	Redirecciones	/directorio/proveedores/doblaje-y-subtitulaje-lenguaje-visual-1510	->	/rankings/estudios-doblaje-locucion-mexico/
3615	activa	regex=False	Redirecciones	/directorio/proveedores/doblaje-y-subtitulaje-ki-audio-1509	->	/rankings/estudios-doblaje-locucion-mexico/
3614	activa	regex=False	Redirecciones	/directorio/proveedores/doblaje-y-subtitulaje-digifilm-1508	->	/rankings/estudios-doblaje-locucion-mexico/
3613	activa	regex=False	Redirecciones	/directorio/proveedores/doblaje-y-subtitulaje-datdoblaje-1507	->	/rankings/estudios-doblaje-locucion-mexico/
3612	activa	regex=False	Redirecciones	/directorio/proveedores/doblaje-y-subtitulaje-candiani-dubbing-studios-1506	->	/rankings/estudios-doblaje-locucion-mexico/
3611	activa	regex=False	Redirecciones	/directorio/proveedores/doblaje-y-subtitulaje-audio-acustica-1505	->	/rankings/estudios-doblaje-locucion-mexico/
3610	activa	regex=False	Redirecciones	/directorio/proveedores/diseno-y-desarrollo-web-zoomlanet-solutions-1504	->	/rankings/agencias-inbound-marketing-mexico/
3609	activa	regex=False	Redirecciones	/directorio/proveedores/diseno-y-desarrollo-web-ytion-1503	->	/rankings/agencias-inbound-marketing-mexico/
3608	activa	regex=False	Redirecciones	/directorio/proveedores/diseno-y-desarrollo-web-webmastercommx-1502	->	/rankings/agencias-inbound-marketing-mexico/
3607	activa	regex=False	Redirecciones	/directorio/proveedores/diseno-y-desarrollo-web-weblex-1501	->	/rankings/agencias-inbound-marketing-mexico/
3606	activa	regex=False	Redirecciones	/directorio/proveedores/diseno-y-desarrollo-web-tictoc-studio-1500	->	/rankings/agencias-inbound-marketing-mexico/
3605	activa	regex=False	Redirecciones	/directorio/proveedores/diseno-y-desarrollo-web-tdw-two-digit-world-1499	->	/rankings/agencias-inbound-marketing-mexico/
3604	activa	regex=False	Redirecciones	/directorio/proveedores/diseno-y-desarrollo-web-synergya-1498	->	/rankings/agencias-inbound-marketing-mexico/
3603	activa	regex=False	Redirecciones	/directorio/proveedores/diseno-y-desarrollo-web-sigmait-1497	->	/rankings/agencias-inbound-marketing-mexico/
3602	activa	regex=False	Redirecciones	/directorio/proveedores/diseno-y-desarrollo-web-riss-1496	->	/rankings/agencias-inbound-marketing-mexico/
3601	activa	regex=False	Redirecciones	/directorio/proveedores/diseno-y-desarrollo-web-red-light-web-studio-1495	->	/rankings/agencias-inbound-marketing-mexico/
3600	activa	regex=False	Redirecciones	/directorio/proveedores/diseno-y-desarrollo-web-quimera-urbana-1494	->	/rankings/agencias-inbound-marketing-mexico/
3599	activa	regex=False	Redirecciones	/directorio/proveedores/diseno-y-desarrollo-web-quantum-family-1493	->	/rankings/agencias-inbound-marketing-mexico/
3598	activa	regex=False	Redirecciones	/directorio/proveedores/diseno-y-desarrollo-web-publisearch-1492	->	/rankings/agencias-inbound-marketing-mexico/
3597	activa	regex=False	Redirecciones	/directorio/proveedores/diseno-y-desarrollo-web-pq-design-1491	->	/rankings/agencias-inbound-marketing-mexico/
3596	activa	regex=False	Redirecciones	/directorio/proveedores/diseno-y-desarrollo-web-podernet-1490	->	/rankings/agencias-inbound-marketing-mexico/
3595	activa	regex=False	Redirecciones	/directorio/proveedores/diseno-y-desarrollo-web-pixel--dot-1489	->	/listing/diseno-y-desarrollo-web-pixel--dot/
3594	activa	regex=False	Redirecciones	/directorio/proveedores/diseno-y-desarrollo-web-paginas-web-mexico-1488	->	/rankings/agencias-inbound-marketing-mexico/
3593	activa	regex=False	Redirecciones	/directorio/proveedores/diseno-y-desarrollo-web-orange-studio-1487	->	/rankings/agencias-inbound-marketing-mexico/
3592	activa	regex=False	Redirecciones	/directorio/proveedores/diseno-y-desarrollo-web-opalo-negro-1486	->	/rankings/agencias-inbound-marketing-mexico/
3591	activa	regex=False	Redirecciones	/directorio/proveedores/diseno-y-desarrollo-web-nuts-1485	->	/rankings/agencias-inbound-marketing-mexico/
3590	activa	regex=False	Redirecciones	/directorio/proveedores/diseno-y-desarrollo-web-naranya-1484	->	/rankings/agencias-inbound-marketing-mexico/
3589	activa	regex=False	Redirecciones	/directorio/proveedores/diseno-y-desarrollo-web-mxigen-1483	->	/rankings/agencias-inbound-marketing-mexico/
3588	activa	regex=False	Redirecciones	/directorio/proveedores/diseno-y-desarrollo-web-multi-dimension-studio-1482	->	/rankings/agencias-inbound-marketing-mexico/
3587	activa	regex=False	Redirecciones	/directorio/proveedores/diseno-y-desarrollo-web-meximex-1481	->	/rankings/agencias-inbound-marketing-mexico/
3586	activa	regex=False	Redirecciones	/directorio/proveedores/diseno-y-desarrollo-web-grupo-meridian-1480	->	/rankings/agencias-inbound-marketing-mexico/
3585	activa	regex=False	Redirecciones	/directorio/proveedores/diseno-y-desarrollo-web-mercatech-1479	->	/rankings/agencias-inbound-marketing-mexico/
3584	activa	regex=False	Redirecciones	/directorio/proveedores/diseno-y-desarrollo-web-mebecom-1478	->	/rankings/agencias-inbound-marketing-mexico/
3583	activa	regex=False	Redirecciones	/directorio/proveedores/diseno-y-desarrollo-web-masclicks-1477	->	/rankings/agencias-inbound-marketing-mexico/
3582	activa	regex=False	Redirecciones	/directorio/proveedores/diseno-y-desarrollo-web-macroidea-web-studio-1476	->	/rankings/agencias-inbound-marketing-mexico/
3581	activa	regex=False	Redirecciones	/directorio/proveedores/diseno-y-desarrollo-web-licorne-1475	->	/rankings/agencias-inbound-marketing-mexico/
3580	activa	regex=False	Redirecciones	/directorio/proveedores/diseno-y-desarrollo-web-jpsconceptos-1474	->	/rankings/agencias-inbound-marketing-mexico/
3579	activa	regex=False	Redirecciones	/directorio/proveedores/diseno-y-desarrollo-web-iss-1473	->	/rankings/agencias-inbound-marketing-mexico/
3578	activa	regex=False	Redirecciones	/directorio/proveedores/diseno-y-desarrollo-web-intermexico-1472	->	/rankings/agencias-inbound-marketing-mexico/
3577	activa	regex=False	Redirecciones	/directorio/proveedores/diseno-y-desarrollo-web-interactuar-digital-1471	->	/rankings/agencias-inbound-marketing-mexico/
3576	activa	regex=False	Redirecciones	/directorio/proveedores/diseno-y-desarrollo-web-grupo-bfx-1470	->	/rankings/agencias-inbound-marketing-mexico/
3575	activa	regex=False	Redirecciones	/directorio/proveedores/diseno-y-desarrollo-web-graffistika-1469	->	/rankings/agencias-inbound-marketing-mexico/
3574	activa	regex=False	Redirecciones	/directorio/proveedores/diseno-y-desarrollo-web-grafico-total--1468	->	/listing/diseno-y-desarrollo-web-grafico-total-/
3573	activa	regex=False	Redirecciones	/directorio/proveedores/diseno-y-desarrollo-web-gradocero-studio-1467	->	/rankings/agencias-inbound-marketing-mexico/
3572	activa	regex=False	Redirecciones	/directorio/proveedores/diseno-y-desarrollo-web-go-room-dl-1466	->	/rankings/agencias-inbound-marketing-mexico/
3571	activa	regex=False	Redirecciones	/directorio/proveedores/diseno-y-desarrollo-web-gamol-1465	->	/rankings/agencias-inbound-marketing-mexico/
3570	activa	regex=False	Redirecciones	/directorio/proveedores/diseno-y-desarrollo-web-fahrenheit-1464	->	/rankings/agencias-inbound-marketing-mexico/
3569	activa	regex=False	Redirecciones	/directorio/proveedores/diseno-y-desarrollo-web-ezra-1463	->	/rankings/agencias-inbound-marketing-mexico/
3568	activa	regex=False	Redirecciones	/directorio/proveedores/diseno-y-desarrollo-web-enfoque3w-1462	->	/rankings/agencias-inbound-marketing-mexico/
3567	activa	regex=False	Redirecciones	/directorio/proveedores/diseno-y-desarrollo-web-el-milagrito-1461	->	/rankings/agencias-inbound-marketing-mexico/
3566	activa	regex=False	Redirecciones	/directorio/proveedores/diseno-y-desarrollo-web-ekodeva-design-studio-1460	->	/rankings/agencias-inbound-marketing-mexico/
3565	activa	regex=False	Redirecciones	/directorio/proveedores/diseno-y-desarrollo-web-element-studios-1459	->	/rankings/agencias-inbound-marketing-mexico/
3564	activa	regex=False	Redirecciones	/directorio/proveedores/diseno-y-desarrollo-web-dinamico-group-1458	->	/rankings/agencias-inbound-marketing-mexico/
3563	activa	regex=False	Redirecciones	/directorio/proveedores/diseno-y-desarrollo-web-denumeris-interactive-1457	->	/rankings/agencias-inbound-marketing-mexico/
3562	activa	regex=False	Redirecciones	/directorio/proveedores/diseno-y-desarrollo-web-crmen-mexico-1456	->	/rankings/agencias-inbound-marketing-mexico/
3561	activa	regex=False	Redirecciones	/directorio/proveedores/diseno-y-desarrollo-web-creactivo-1455	->	/rankings/agencias-inbound-marketing-mexico/
3560	activa	regex=False	Redirecciones	/directorio/proveedores/diseno-y-desarrollo-web-copyleft-solutions-1454	->	/rankings/agencias-inbound-marketing-mexico/
3559	activa	regex=False	Redirecciones	/directorio/proveedores/diseno-y-desarrollo-web-codice-1453	->	/rankings/agencias-inbound-marketing-mexico/
3558	activa	regex=False	Redirecciones	/directorio/proveedores/diseno-y-desarrollo-web-cocktail-marketing-1452	->	/rankings/agencias-inbound-marketing-mexico/
3557	activa	regex=False	Redirecciones	/directorio/proveedores/diseno-y-desarrollo-web-clise-digital-1451	->	/rankings/agencias-inbound-marketing-mexico/
3556	activa	regex=False	Redirecciones	/directorio/proveedores/diseno-y-desarrollo-web-blu-concept-1450	->	/rankings/agencias-inbound-marketing-mexico/
3555	activa	regex=False	Redirecciones	/directorio/proveedores/diseno-y-desarrollo-web-bitlab-interactive-1449	->	/rankings/agencias-inbound-marketing-mexico/
3554	activa	regex=False	Redirecciones	/directorio/proveedores/diseno-y-desarrollo-web-azulgris-1448	->	/rankings/agencias-inbound-marketing-mexico/
3553	activa	regex=False	Redirecciones	/directorio/proveedores/diseno-y-desarrollo-web-azul-bambu-1447	->	/rankings/agencias-inbound-marketing-mexico/
3552	activa	regex=False	Redirecciones	/directorio/proveedores/diseno-y-desarrollo-web-aypinternet-1446	->	/rankings/agencias-inbound-marketing-mexico/
3551	activa	regex=False	Redirecciones	/directorio/proveedores/diseno-y-desarrollo-web-asi-diseno-web-1445	->	/rankings/agencias-inbound-marketing-mexico/
3550	activa	regex=False	Redirecciones	/directorio/proveedores/diseno-y-desarrollo-web-arroba-system-1444	->	/rankings/agencias-inbound-marketing-mexico/
3549	activa	regex=False	Redirecciones	/directorio/proveedores/diseno-y-desarrollo-web-area-1443	->	/rankings/agencias-inbound-marketing-mexico/
3548	activa	regex=False	Redirecciones	/directorio/proveedores/diseno-y-desarrollo-web-animala-web-1442	->	/rankings/agencias-inbound-marketing-mexico/
3547	activa	regex=False	Redirecciones	/directorio/proveedores/diseno-y-desarrollo-web-ambigrama-estudio-creativo-1441	->	/rankings/agencias-inbound-marketing-mexico/
3546	activa	regex=False	Redirecciones	/directorio/proveedores/diseno-y-desarrollo-web-albegrafic-1440	->	/rankings/agencias-inbound-marketing-mexico/
3545	activa	regex=False	Redirecciones	/directorio/proveedores/diseno-y-desarrollo-web-adivor-1439	->	/rankings/agencias-inbound-marketing-mexico/
3544	activa	regex=False	Redirecciones	/directorio/proveedores/diseno-y-desarrollo-web-activamente-1438	->	/rankings/agencias-inbound-marketing-mexico/
3543	activa	regex=False	Redirecciones	/directorio/proveedores/diseno-y-desarrollo-web-abargon-evalue-developers-1437	->	/rankings/agencias-inbound-marketing-mexico/
3542	activa	regex=False	Redirecciones	/directorio/proveedores/directorio-de-locutores-rona-fletcher-1436	->	/rankings/estudios-doblaje-locucion-mexico/
3541	activa	regex=False	Redirecciones	/directorio/proveedores/directorio-de-locutores-ricardo-brust-1435	->	/rankings/estudios-doblaje-locucion-mexico/
3540	activa	regex=False	Redirecciones	/directorio/proveedores/directorio-de-locutores-milton-wolch-1434	->	/rankings/estudios-doblaje-locucion-mexico/
3539	activa	regex=False	Redirecciones	/directorio/proveedores/directorio-de-locutores-juan-alfonso-puente-arteaga-1433	->	/rankings/estudios-doblaje-locucion-mexico/
3538	activa	regex=False	Redirecciones	/directorio/proveedores/directorio-de-locutores-geo-garcia-1432	->	/rankings/estudios-doblaje-locucion-mexico/
3537	activa	regex=False	Redirecciones	/directorio/proveedores/directorio-de-locutores-gabriel-munoz-locutor-1431	->	/rankings/estudios-doblaje-locucion-mexico/
3536	activa	regex=False	Redirecciones	/directorio/proveedores/directorio-de-locutores-daniel-cubillo-1430	->	/rankings/estudios-doblaje-locucion-mexico/
3535	activa	regex=False	Redirecciones	/directorio/proveedores/directorio-de-locutores-carlos-reynoso-locutor-1429	->	/rankings/estudios-doblaje-locucion-mexico/
3534	activa	regex=False	Redirecciones	/directorio/proveedores/directorio-de-locutores-locutor-antonio-x-sosa-1428	->	/rankings/estudios-doblaje-locucion-mexico/
3533	activa	regex=False	Redirecciones	/directorio/proveedores/directorio-de-locutores-ada-sepulveda-1427	->	/rankings/estudios-doblaje-locucion-mexico/
3532	activa	regex=False	Redirecciones	/directorio/proveedores/despacho-de-diseno-wish-socios-creativos-1426	->	/rankings/estudios-diseno-branding-mexico/
3531	activa	regex=False	Redirecciones	/directorio/proveedores/despacho-de-diseno-vivencia-design-1425	->	/rankings/estudios-diseno-branding-mexico/
3530	activa	regex=False	Redirecciones	/directorio/proveedores/despacho-de-diseno-torneo-de-ideas-1424	->	/rankings/estudios-diseno-branding-mexico/
3529	activa	regex=False	Redirecciones	/directorio/proveedores/despacho-de-diseno-top-design-1423	->	/rankings/estudios-diseno-branding-mexico/
3528	activa	regex=False	Redirecciones	/directorio/proveedores/despacho-de-diseno-the-toilettes-1422	->	/rankings/estudios-diseno-branding-mexico/
3527	activa	regex=False	Redirecciones	/directorio/proveedores/despacho-de-diseno-spinozo-diseno-1421	->	/rankings/estudios-diseno-branding-mexico/
3526	activa	regex=False	Redirecciones	/directorio/proveedores/despacho-de-diseno-sphein-design-studios-1420	->	/rankings/estudios-diseno-branding-mexico/
3525	activa	regex=False	Redirecciones	/directorio/proveedores/despacho-de-diseno-solo-idea-1419	->	/rankings/estudios-diseno-branding-mexico/
3524	activa	regex=False	Redirecciones	/directorio/proveedores/despacho-de-diseno-sol-consultores-1418	->	/rankings/estudios-diseno-branding-mexico/
3523	activa	regex=False	Redirecciones	/directorio/proveedores/despacho-de-diseno-so-diseno-1417	->	/rankings/estudios-diseno-branding-mexico/
3522	activa	regex=False	Redirecciones	/directorio/proveedores/despacho-de-diseno-signi-1416	->	/rankings/estudios-diseno-branding-mexico/
3521	activa	regex=False	Redirecciones	/directorio/proveedores/despacho-de-diseno-serikat-diseno-1415	->	/rankings/estudios-diseno-branding-mexico/
3520	activa	regex=False	Redirecciones	/directorio/proveedores/despacho-de-diseno-scientika-1414	->	/rankings/estudios-diseno-branding-mexico/
3519	activa	regex=False	Redirecciones	/directorio/proveedores/despacho-de-diseno-sago-publicidad-1413	->	/rankings/estudios-diseno-branding-mexico/
3518	activa	regex=False	Redirecciones	/directorio/proveedores/despacho-de-diseno-ruiz-rocha-1412	->	/rankings/estudios-diseno-branding-mexico/
3517	activa	regex=False	Redirecciones	/directorio/proveedores/despacho-de-diseno-rigoletti-1411	->	/rankings/estudios-diseno-branding-mexico/
3516	activa	regex=False	Redirecciones	/directorio/proveedores/despacho-de-diseno-retorno-tassier-1410	->	/rankings/estudios-diseno-branding-mexico/
3515	activa	regex=False	Redirecciones	/directorio/proveedores/despacho-de-diseno-propositivos-1409	->	/rankings/estudios-diseno-branding-mexico/
3514	activa	regex=False	Redirecciones	/directorio/proveedores/despacho-de-diseno-promomania-1408	->	/rankings/estudios-diseno-branding-mexico/
3513	activa	regex=False	Redirecciones	/directorio/proveedores/despacho-de-diseno-pong-1407	->	/rankings/estudios-diseno-branding-mexico/
3512	activa	regex=False	Redirecciones	/directorio/proveedores/despacho-de-diseno-pigmento-1406	->	/rankings/estudios-diseno-branding-mexico/
3511	activa	regex=False	Redirecciones	/directorio/proveedores/despacho-de-diseno-pensatori-1405	->	/rankings/estudios-diseno-branding-mexico/
3510	activa	regex=False	Redirecciones	/directorio/proveedores/despacho-de-diseno-momentum-media-design-1404	->	/rankings/agencias-de-medios-mexico/
3509	activa	regex=False	Redirecciones	/directorio/proveedores/despacho-de-diseno-musicos-del-titanic-1403	->	/rankings/estudios-diseno-branding-mexico/
3508	activa	regex=False	Redirecciones	/directorio/proveedores/despacho-de-diseno-mira-1402	->	/rankings/estudios-diseno-branding-mexico/
3507	activa	regex=False	Redirecciones	/directorio/proveedores/despacho-de-diseno-metanoia-publicidad-1401	->	/rankings/estudios-diseno-branding-mexico/
3506	activa	regex=False	Redirecciones	/directorio/proveedores/despacho-de-diseno-mba-estudio-de-diseno-1400	->	/rankings/estudios-diseno-branding-mexico/
3505	activa	regex=False	Redirecciones	/directorio/proveedores/despacho-de-diseno-marte-creativos-1399	->	/rankings/estudios-diseno-branding-mexico/
3504	activa	regex=False	Redirecciones	/directorio/proveedores/despacho-de-diseno-lerf-diseno-1398	->	/rankings/estudios-diseno-branding-mexico/
3503	activa	regex=False	Redirecciones	/directorio/proveedores/despacho-de-diseno-litoimagen-1397	->	/rankings/estudios-diseno-branding-mexico/
3502	activa	regex=False	Redirecciones	/directorio/proveedores/despacho-de-diseno-leonsteven-1396	->	/rankings/estudios-diseno-branding-mexico/
3501	activa	regex=False	Redirecciones	/directorio/proveedores/despacho-de-diseno-kolazh-diseno-grafico-1395	->	/rankings/proveedores-pop-promocionales-mexico/
3500	activa	regex=False	Redirecciones	/directorio/proveedores/despacho-de-diseno-ysunza-santiago-cv-1394	->	/rankings/estudios-diseno-branding-mexico/
3499	activa	regex=False	Redirecciones	/directorio/proveedores/despacho-de-diseno-id-inteligencia-en-diseno-1393	->	/rankings/estudios-diseno-branding-mexico/
3498	activa	regex=False	Redirecciones	/directorio/proveedores/despacho-de-diseno-hs-publicidad-1392	->	/rankings/estudios-diseno-branding-mexico/
3497	activa	regex=False	Redirecciones	/directorio/proveedores/despacho-de-diseno-gvisual-1391	->	/rankings/estudios-diseno-branding-mexico/
3496	activa	regex=False	Redirecciones	/directorio/proveedores/despacho-de-diseno-gallo-soluciones-graficas-1390	->	/rankings/proveedores-pop-promocionales-mexico/
3495	activa	regex=False	Redirecciones	/directorio/proveedores/despacho-de-diseno-foic-lecanda-1389	->	/rankings/estudios-diseno-branding-mexico/
3494	activa	regex=False	Redirecciones	/directorio/proveedores/despacho-de-diseno-figura-7-1388	->	/rankings/estudios-diseno-branding-mexico/
3493	activa	regex=False	Redirecciones	/directorio/proveedores/despacho-de-diseno-factortres-1387	->	/rankings/estudios-diseno-branding-mexico/
3492	activa	regex=False	Redirecciones	/directorio/proveedores/despacho-de-diseno-estop-diseno-1386	->	/rankings/estudios-diseno-branding-mexico/
3491	activa	regex=False	Redirecciones	/directorio/proveedores/despacho-de-diseno-esferica-1385	->	/rankings/estudios-diseno-branding-mexico/
3490	activa	regex=False	Redirecciones	/directorio/proveedores/despacho-de-diseno-elite-design-studio-1384	->	/rankings/estudios-diseno-branding-mexico/
3489	activa	regex=False	Redirecciones	/directorio/proveedores/despacho-de-diseno-domino-estudio-1383	->	/rankings/estudios-diseno-branding-mexico/
3488	activa	regex=False	Redirecciones	/directorio/proveedores/despacho-de-diseno-diseno-equis-1382	->	/rankings/estudios-diseno-branding-mexico/
3487	activa	regex=False	Redirecciones	/directorio/proveedores/despacho-de-diseno-diseno-y-publicidad-mexicana-1381	->	/rankings/estudios-diseno-branding-mexico/
3486	activa	regex=False	Redirecciones	/directorio/proveedores/despacho-de-diseno-dimension-1380	->	/rankings/estudios-diseno-branding-mexico/
3485	activa	regex=False	Redirecciones	/directorio/proveedores/despacho-de-diseno-design-bureau-1379	->	/rankings/estudios-diseno-branding-mexico/
3484	activa	regex=False	Redirecciones	/directorio/proveedores/despacho-de-diseno-design-bureau-1378	->	/rankings/estudios-diseno-branding-mexico/
3483	activa	regex=False	Redirecciones	/directorio/proveedores/despacho-de-diseno-creatividad-inteligente-1377	->	/rankings/estudios-diseno-branding-mexico/
3482	activa	regex=False	Redirecciones	/directorio/proveedores/despacho-de-diseno-corvin-1376	->	/rankings/estudios-diseno-branding-mexico/
3481	activa	regex=False	Redirecciones	/directorio/proveedores/despacho-de-diseno-correvedile-1375	->	/rankings/estudios-diseno-branding-mexico/
3480	activa	regex=False	Redirecciones	/directorio/proveedores/despacho-de-diseno-cdstudio-1374	->	/rankings/estudios-diseno-branding-mexico/
3479	activa	regex=False	Redirecciones	/directorio/proveedores/despacho-de-diseno-burak-y-asociados-1373	->	/rankings/estudios-diseno-branding-mexico/
3478	activa	regex=False	Redirecciones	/directorio/proveedores/despacho-de-diseno-bikreative-1372	->	/rankings/estudios-diseno-branding-mexico/
3477	activa	regex=False	Redirecciones	/directorio/proveedores/despacho-de-diseno-beyondit-1371	->	/rankings/estudios-diseno-branding-mexico/
3476	activa	regex=False	Redirecciones	/directorio/proveedores/despacho-de-diseno-arg-comunicacion-1370	->	/rankings/estudios-diseno-branding-mexico/
3475	activa	regex=False	Redirecciones	/directorio/proveedores/despacho-de-diseno-al-cuadrado-1369	->	/rankings/estudios-diseno-branding-mexico/
3474	activa	regex=False	Redirecciones	/directorio/proveedores/despacho-de-diseno-adc-global-creativity-1368	->	/rankings/estudios-diseno-branding-mexico/
3473	activa	regex=False	Redirecciones	/directorio/proveedores/articulos-promocionales-promoline-1367	->	/rankings/agencias-btl-promotoria-mexico/
3472	activa	regex=False	Redirecciones	/directorio/proveedores/articulos-promocionales-linkar-publicidad-1366	->	/rankings/agencias-btl-promotoria-mexico/
3471	activa	regex=False	Redirecciones	/directorio/proveedores/articulos-promocionales-imagina-usb-1365	->	/rankings/agencias-btl-promotoria-mexico/
3470	activa	regex=False	Redirecciones	/directorio/proveedores/articulos-promocionales-gimmick-1364	->	/rankings/agencias-btl-promotoria-mexico/
3469	activa	regex=False	Redirecciones	/directorio/proveedores/agencias-de-publicidad-pop-grupo-rubrica-1363	->	/rankings/proveedores-pop-promocionales-mexico/
3468	activa	regex=False	Redirecciones	/directorio/proveedores/agencias-de-publicidad-pop-pulso-tec-1362	->	/rankings/proveedores-pop-promocionales-mexico/
3467	activa	regex=False	Redirecciones	/directorio/proveedores/agencias-de-publicidad-pop-popmart-1361	->	/rankings/proveedores-pop-promocionales-mexico/
3466	activa	regex=False	Redirecciones	/directorio/proveedores/agencias-de-publicidad-pop-exhibipop-1360	->	/rankings/proveedores-pop-promocionales-mexico/
3465	activa	regex=False	Redirecciones	/directorio/proveedores/agencias-de-publicidad-pop-solid-image-1359	->	/rankings/proveedores-pop-promocionales-mexico/
3464	activa	regex=False	Redirecciones	/directorio/proveedores/agencias-de-publicidad-pop-colorimagen-1358	->	/rankings/proveedores-pop-promocionales-mexico/
3463	activa	regex=False	Redirecciones	/directorio/proveedores/agencias-de-publicidad-pop-aerotec-publicidad-1357	->	/rankings/proveedores-pop-promocionales-mexico/
3462	activa	regex=False	Redirecciones	/directorio/proveedores/agencias-de-marketing-zogno-1356	->	/rankings/agencias-de-marketing-mexico/
3461	activa	regex=False	Redirecciones	/directorio/proveedores/agencias-de-marketing-tematica-creativa-1355	->	/rankings/estudios-diseno-branding-mexico/
3460	activa	regex=False	Redirecciones	/directorio/proveedores/agencias-de-marketing-wwbtl-1354	->	/rankings/agencias-btl-promotoria-mexico/
3459	activa	regex=False	Redirecciones	/directorio/proveedores/agencias-de-marketing-waimarketing-1353	->	/rankings/agencias-de-marketing-mexico/
3458	activa	regex=False	Redirecciones	/directorio/proveedores/agencias-de-marketing-victoria-1352	->	/rankings/agencias-de-marketing-mexico/
3457	activa	regex=False	Redirecciones	/directorio/proveedores/agencias-de-marketing-vandergeist-1351	->	/rankings/agencias-de-marketing-mexico/
3456	activa	regex=False	Redirecciones	/directorio/proveedores/agencias-de-marketing-upgrade-marketing-1350	->	/rankings/agencias-de-marketing-mexico/
3455	activa	regex=False	Redirecciones	/directorio/proveedores/agencias-de-marketing-the-legacy-1349	->	/rankings/agencias-de-marketing-mexico/
3454	activa	regex=False	Redirecciones	/directorio/proveedores/agencias-de-marketing-suma-mercadotecnia-1348	->	/rankings/agencias-de-marketing-mexico/
3453	activa	regex=False	Redirecciones	/directorio/proveedores/agencias-de-marketing-servipromer-1347	->	/rankings/agencias-de-marketing-mexico/
3452	activa	regex=False	Redirecciones	/directorio/proveedores/agencias-de-marketing-sensorik-mkt-1346	->	/rankings/agencias-de-marketing-mexico/
3451	activa	regex=False	Redirecciones	/directorio/proveedores/agencias-de-marketing-ideas-ruizmed-1345	->	/rankings/agencias-de-marketing-mexico/
3450	activa	regex=False	Redirecciones	/directorio/proveedores/agencias-de-marketing-rt-marketing-1344	->	/rankings/agencias-de-marketing-mexico/
3449	activa	regex=False	Redirecciones	/directorio/proveedores/agencias-de-marketing-revolver-radical-1343	->	/rankings/agencias-de-marketing-mexico/
3448	activa	regex=False	Redirecciones	/directorio/proveedores/agencias-de-marketing-rapp-1342	->	/rankings/agencias-de-marketing-mexico/
3447	activa	regex=False	Redirecciones	/directorio/proveedores/agencias-de-marketing-quarks-consultoria-creativa-1341	->	/rankings/estudios-diseno-branding-mexico/
3446	activa	regex=False	Redirecciones	/directorio/proveedores/agencias-de-marketing-punto-tres-1340	->	/rankings/agencias-de-marketing-mexico/
3445	activa	regex=False	Redirecciones	/directorio/proveedores/agencias-de-marketing-publiza-marketing-1339	->	/rankings/agencias-de-marketing-mexico/
3444	activa	regex=False	Redirecciones	/directorio/proveedores/agencias-de-marketing-publisenal-1338	->	/rankings/proveedores-pop-promocionales-mexico/
3443	activa	regex=False	Redirecciones	/directorio/proveedores/agencias-de-marketing-porter-novelli-1337	->	/rankings/agencias-de-marketing-mexico/
3442	activa	regex=False	Redirecciones	/directorio/proveedores/agencias-de-marketing-pensamiento-creativo-1336	->	/rankings/estudios-diseno-branding-mexico/
3441	activa	regex=False	Redirecciones	/directorio/proveedores/agencias-de-marketing-pcc-brand-group-mexico-1335	->	/rankings/agencias-de-marketing-mexico/
3440	activa	regex=False	Redirecciones	/directorio/proveedores/agencias-de-marketing-orbetech-1334	->	/rankings/agencias-de-marketing-mexico/
3439	activa	regex=False	Redirecciones	/directorio/proveedores/agencias-de-marketing-milagro-creativo-1333	->	/rankings/estudios-diseno-branding-mexico/
3438	activa	regex=False	Redirecciones	/directorio/proveedores/agencias-de-marketing-merk4-1332	->	/rankings/agencias-de-marketing-mexico/
3437	activa	regex=False	Redirecciones	/directorio/proveedores/agencias-de-marketing-merkaresulta-1331	->	/rankings/agencias-de-marketing-mexico/
3436	activa	regex=False	Redirecciones	/directorio/proveedores/agencias-de-marketing-mercanz-1330	->	/rankings/agencias-de-marketing-mexico/
3435	activa	regex=False	Redirecciones	/directorio/proveedores/agencias-de-marketing-melding-1329	->	/rankings/agencias-de-marketing-mexico/
3434	activa	regex=False	Redirecciones	/directorio/proveedores/agencias-de-marketing-megadirect-1328	->	/rankings/agencias-de-marketing-mexico/
3433	activa	regex=False	Redirecciones	/directorio/proveedores/agencias-de-marketing-medcenter-1327	->	/rankings/agencias-de-marketing-mexico/
3432	activa	regex=False	Redirecciones	/directorio/proveedores/agencias-de-marketing-matrix-marketing-oob-1326	->	/rankings/agencias-de-marketing-mexico/
3431	activa	regex=False	Redirecciones	/directorio/proveedores/agencias-de-marketing-materia-gris-1325	->	/rankings/agencias-de-marketing-mexico/
3430	activa	regex=False	Redirecciones	/directorio/proveedores/agencias-de-marketing-mass-marketing-research-1324	->	/rankings/agencias-investigacion-de-mercados-mexico/
3429	activa	regex=False	Redirecciones	/directorio/proveedores/agencias-de-marketing-maquinaria-creativa-1323	->	/rankings/estudios-diseno-branding-mexico/
3428	activa	regex=False	Redirecciones	/directorio/proveedores/agencias-de-marketing-maniac-1322	->	/rankings/agencias-de-marketing-mexico/
3427	activa	regex=False	Redirecciones	/directorio/proveedores/agencias-de-marketing-loyalty-marketing-services-1321	->	/rankings/agencias-de-marketing-mexico/
3426	activa	regex=False	Redirecciones	/directorio/proveedores/agencias-de-marketing-litobel-1320	->	/rankings/agencias-de-marketing-mexico/
3425	activa	regex=False	Redirecciones	/directorio/proveedores/agencias-de-marketing-kr-mexico-1319	->	/rankings/agencias-de-marketing-mexico/
3424	activa	regex=False	Redirecciones	/directorio/proveedores/agencias-de-marketing-keep-in-touch-marketing-mexico-1318	->	/rankings/agencias-de-marketing-mexico/
3423	activa	regex=False	Redirecciones	/directorio/proveedores/agencias-de-marketing-interbrand-1317	->	/rankings/agencias-de-marketing-mexico/
3422	activa	regex=False	Redirecciones	/directorio/proveedores/agencias-de-marketing-imbora-1316	->	/rankings/agencias-de-marketing-mexico/
3421	activa	regex=False	Redirecciones	/directorio/proveedores/agencias-de-marketing-imagine-1315	->	/rankings/agencias-de-marketing-mexico/
3420	activa	regex=False	Redirecciones	/directorio/proveedores/agencias-de-marketing-idi-marketing-1314	->	/rankings/agencias-de-marketing-mexico/
3419	activa	regex=False	Redirecciones	/directorio/proveedores/agencias-de-marketing-idennto-1313	->	/rankings/agencias-de-marketing-mexico/
3418	activa	regex=False	Redirecciones	/directorio/proveedores/agencias-de-marketing-how-mkt-1312	->	/rankings/agencias-de-marketing-mexico/
3417	activa	regex=False	Redirecciones	/directorio/proveedores/agencias-de-marketing-handelhaus-1311	->	/rankings/agencias-de-marketing-mexico/
3416	activa	regex=False	Redirecciones	/directorio/proveedores/agencias-de-marketing-gorilla-1310	->	/publicidad/
3415	activa	regex=False	Redirecciones	/directorio/proveedores/agencias-de-marketing-gideas-1309	->	/rankings/agencias-de-marketing-mexico/
3414	activa	regex=False	Redirecciones	/directorio/proveedores/agencias-de-marketing-geomarketing-1308	->	/rankings/agencias-de-marketing-mexico/
3413	activa	regex=False	Redirecciones	/directorio/proveedores/agencias-de-marketing-genes-creativos-1307	->	/rankings/estudios-diseno-branding-mexico/
3412	activa	regex=False	Redirecciones	/directorio/proveedores/agencias-de-marketing-genera-studio-1306	->	/rankings/agencias-de-marketing-mexico/
3411	activa	regex=False	Redirecciones	/directorio/proveedores/agencias-de-marketing-future-group-1305	->	/rankings/agencias-de-marketing-mexico/
3410	activa	regex=False	Redirecciones	/directorio/proveedores/agencias-de-marketing-forza-creativa-1304	->	/rankings/estudios-diseno-branding-mexico/
3409	activa	regex=False	Redirecciones	/directorio/proveedores/agencias-de-marketing-forward-1303	->	/rankings/agencias-de-marketing-mexico/
3408	activa	regex=False	Redirecciones	/directorio/proveedores/agencias-de-marketing-fidelity-marketing-1302	->	/rankings/agencias-de-marketing-mexico/
3407	activa	regex=False	Redirecciones	/directorio/proveedores/agencias-de-marketing-exotic-marketing-group-1301	->	/rankings/agencias-de-marketing-mexico/
3406	activa	regex=False	Redirecciones	/directorio/proveedores/agencias-de-marketing-marketing911-1300	->	/rankings/agencias-de-marketing-mexico/
3405	activa	regex=False	Redirecciones	/directorio/proveedores/agencias-de-marketing-estacion-central-1299	->	/rankings/agencias-de-medios-mexico/
3404	activa	regex=False	Redirecciones	/directorio/proveedores/agencias-de-marketing-enmarca-1298	->	/rankings/estudios-diseno-branding-mexico/
3403	activa	regex=False	Redirecciones	/directorio/proveedores/agencias-de-marketing-el-tintero-boutique-creativa-1297	->	/rankings/estudios-diseno-branding-mexico/
3402	activa	regex=False	Redirecciones	/directorio/proveedores/agencias-de-marketing-el-orfanato-ideas-sin-madre-1296	->	/rankings/agencias-de-marketing-mexico/
3401	activa	regex=False	Redirecciones	/directorio/proveedores/agencias-de-marketing-ede-1295	->	/rankings/agencias-de-marketing-mexico/
3400	activa	regex=False	Redirecciones	/directorio/proveedores/agencias-de-marketing-dlb-group-mexico-1294	->	/rankings/agencias-de-marketing-mexico/
3399	activa	regex=False	Redirecciones	/directorio/proveedores/agencias-de-marketing-dialogo-boutique-creativa-1293	->	/rankings/estudios-diseno-branding-mexico/
3398	activa	regex=False	Redirecciones	/directorio/proveedores/agencias-de-marketing-diablo-comunicacion-1292	->	/rankings/agencias-de-marketing-mexico/
3397	activa	regex=False	Redirecciones	/directorio/proveedores/agencias-de-marketing-dharma-publicidad-1291	->	/rankings/agencias-de-marketing-mexico/
3396	activa	regex=False	Redirecciones	/directorio/proveedores/agencias-de-marketing-dergalyco-1290	->	/rankings/agencias-de-marketing-mexico/
3395	activa	regex=False	Redirecciones	/directorio/proveedores/agencias-de-marketing-csi-mexico-1289	->	/rankings/agencias-de-marketing-mexico/
3394	activa	regex=False	Redirecciones	/directorio/proveedores/agencias-de-marketing-conceptmkt-1288	->	/rankings/agencias-de-marketing-mexico/
3393	activa	regex=False	Redirecciones	/directorio/proveedores/agencias-de-marketing-cmv-1287	->	/rankings/agencias-de-marketing-mexico/
3392	activa	regex=False	Redirecciones	/directorio/proveedores/agencias-de-marketing-circulo-de-ideas-btl-1286	->	/rankings/agencias-btl-promotoria-mexico/
3391	activa	regex=False	Redirecciones	/directorio/proveedores/agencias-de-marketing-capuano-1285	->	/rankings/agencias-de-marketing-mexico/
3390	activa	regex=False	Redirecciones	/directorio/proveedores/agencias-de-marketing-campus-marketing-1284	->	/rankings/agencias-de-marketing-mexico/
3389	activa	regex=False	Redirecciones	/directorio/proveedores/agencias-de-marketing-camaleon-marketing-1283	->	/rankings/agencias-de-marketing-mexico/
3388	activa	regex=False	Redirecciones	/directorio/proveedores/agencias-de-marketing-business-landing-mexico-1282	->	/rankings/agencias-de-marketing-mexico/
3387	activa	regex=False	Redirecciones	/directorio/proveedores/agencias-de-marketing-brand-advertising-and-design-1281	->	/rankings/estudios-diseno-branding-mexico/
3386	activa	regex=False	Redirecciones	/directorio/proveedores/agencias-de-marketing-branch-branding-1280	->	/rankings/estudios-diseno-branding-mexico/
3385	activa	regex=False	Redirecciones	/directorio/proveedores/agencias-de-marketing-bombay-1279	->	/rankings/agencias-de-marketing-mexico/
3384	activa	regex=False	Redirecciones	/directorio/proveedores/agencias-de-marketing-asylum-mexico-1278	->	/rankings/agencias-de-marketing-mexico/
3383	activa	regex=False	Redirecciones	/directorio/proveedores/agencias-de-marketing-arista-1277	->	/rankings/agencias-de-marketing-mexico/
3382	activa	regex=False	Redirecciones	/directorio/proveedores/agencias-de-marketing-alternativa-integral-1276	->	/rankings/agencias-de-marketing-mexico/
3381	activa	regex=False	Redirecciones	/directorio/proveedores/agencias-de-marketing-alternativa-mdi-1275	->	/rankings/agencias-de-marketing-mexico/
3380	activa	regex=False	Redirecciones	/directorio/proveedores/agencias-de-marketing-aaltaan-1274	->	/rankings/agencias-de-marketing-mexico/
3379	activa	regex=False	Redirecciones	/directorio/proveedores/agencias-de-marketing-0800-a-m-1273	->	/rankings/agencias-de-marketing-mexico/
3378	activa	regex=False	Redirecciones	/directorio/proveedores/agencia-multimedia-sietegrados-agencia-1272	->	/rankings/agencias-de-medios-mexico/
3377	activa	regex=False	Redirecciones	/directorio/proveedores/agencia-multimedia-proyecktoweb-1271	->	/rankings/agencias-de-medios-mexico/
3376	activa	regex=False	Redirecciones	/directorio/proveedores/agencia-multimedia-mobalis-1270	->	/rankings/agencias-de-medios-mexico/
3375	activa	regex=False	Redirecciones	/directorio/proveedores/agencia-multimedia-kinnetic-studio-1269	->	/rankings/agencias-de-medios-mexico/
3374	activa	regex=False	Redirecciones	/directorio/proveedores/agencia-multimedia-rengo-renders-1268	->	/rankings/agencias-de-medios-mexico/
3373	activa	regex=False	Redirecciones	/directorio/proveedores/agencia-multimedia-goblin-creative-1267	->	/rankings/agencias-de-medios-mexico/
3372	activa	regex=False	Redirecciones	/directorio/proveedores/agencia-multimedia-elixir-creativo-1266	->	/rankings/agencias-de-medios-mexico/
3371	activa	regex=False	Redirecciones	/directorio/proveedores/agencia-multimedia-dinamica-generica-1265	->	/rankings/agencias-de-medios-mexico/
3370	activa	regex=False	Redirecciones	/directorio/proveedores/agencia-multimedia-concepto-movil-1264	->	/rankings/agencias-de-medios-mexico/
3369	activa	regex=False	Redirecciones	/directorio/proveedores/agencia-interactiva-substance-1263	->	/rankings/agencias-de-medios-mexico/
3368	activa	regex=False	Redirecciones	/directorio/proveedores/agencia-interactiva-mockup-studio-1262	->	/rankings/agencias-inbound-marketing-mexico/
3367	activa	regex=False	Redirecciones	/directorio/proveedores/agencia-interactiva-ingenia-group-1261	->	/rankings/agencias-inbound-marketing-mexico/
3366	activa	regex=False	Redirecciones	/directorio/proveedores/agencia-interactiva-estrategas-digitales-1260	->	/rankings/agencias-inbound-marketing-mexico/
3365	activa	regex=False	Redirecciones	/directorio/proveedores/agencia-interactiva-atomo-interactive-1259	->	/rankings/agencias-inbound-marketing-mexico/
3364	activa	regex=False	Redirecciones	/directorio/proveedores/agencia-interactiva-adp-1258	->	/rankings/agencias-de-publicidad-mexico/
3363	activa	regex=False	Redirecciones	/directorio/proveedores/agencia-digital-zetabe-1257	->	/rankings/agencias-inbound-marketing-mexico/
3362	activa	regex=False	Redirecciones	/directorio/proveedores/agencia-digital-toro-digital-1256	->	/rankings/agencias-inbound-marketing-mexico/
3361	activa	regex=False	Redirecciones	/directorio/proveedores/agencia-digital-tanai-cruz-1255	->	/rankings/agencias-inbound-marketing-mexico/
3360	activa	regex=False	Redirecciones	/directorio/proveedores/agencia-digital-smartclip-mexico-1254	->	/rankings/agencias-inbound-marketing-mexico/
3359	activa	regex=False	Redirecciones	/directorio/proveedores/agencia-digital-render-farm-studios-1253	->	/rankings/agencias-inbound-marketing-mexico/
3358	activa	regex=False	Redirecciones	/directorio/proveedores/agencia-digital-rancho-digital-1252	->	/rankings/agencias-inbound-marketing-mexico/
3357	activa	regex=False	Redirecciones	/directorio/proveedores/agencia-digital-radical-testa-1251	->	/rankings/agencias-inbound-marketing-mexico/
3356	activa	regex=False	Redirecciones	/directorio/proveedores/agencia-digital-otromexico-sc-1250	->	/rankings/agencias-inbound-marketing-mexico/
3355	activa	regex=False	Redirecciones	/directorio/proveedores/agencia-digital-p1stache-1249	->	/rankings/agencias-inbound-marketing-mexico/
3354	activa	regex=False	Redirecciones	/directorio/proveedores/agencia-digital-noir-digital-1248	->	/rankings/agencias-inbound-marketing-mexico/
3353	activa	regex=False	Redirecciones	/directorio/proveedores/agencia-digital-mustard-1247	->	/rankings/agencias-inbound-marketing-mexico/
3352	activa	regex=False	Redirecciones	/directorio/proveedores/agencia-digital-mediagency-1246	->	/rankings/agencias-de-medios-mexico/
3351	activa	regex=False	Redirecciones	/directorio/proveedores/agencia-digital-lunave-1245	->	/rankings/agencias-inbound-marketing-mexico/
3350	activa	regex=False	Redirecciones	/directorio/proveedores/agencia-digital-lightdesign-1244	->	/rankings/agencias-inbound-marketing-mexico/
3349	activa	regex=False	Redirecciones	/directorio/proveedores/agencia-digital-lead2action-1243	->	/rankings/agencias-inbound-marketing-mexico/
3348	activa	regex=False	Redirecciones	/directorio/proveedores/agencia-digital-kontrabando-1242	->	/rankings/agencias-inbound-marketing-mexico/
3347	activa	regex=False	Redirecciones	/directorio/proveedores/agencia-digital-kml-media-1241	->	/rankings/agencias-de-medios-mexico/
3346	activa	regex=False	Redirecciones	/directorio/proveedores/agencia-digital-virtual-inflexion-software-1240	->	/rankings/agencias-inbound-marketing-mexico/
3345	activa	regex=False	Redirecciones	/directorio/proveedores/agencia-digital-imagia-creativa-1239	->	/rankings/agencias-inbound-marketing-mexico/
3344	activa	regex=False	Redirecciones	/directorio/proveedores/agencia-digital-digital-solutions-1238	->	/rankings/agencias-inbound-marketing-mexico/
3343	activa	regex=False	Redirecciones	/directorio/proveedores/agencia-digital-hello-mexico-1237	->	/rankings/agencias-inbound-marketing-mexico/
3342	activa	regex=False	Redirecciones	/directorio/proveedores/agencia-digital-hashtag-1236	->	/rankings/agencias-inbound-marketing-mexico/
3341	activa	regex=False	Redirecciones	/directorio/proveedores/agencia-digital-grupo-smart-1235	->	/rankings/agencias-inbound-marketing-mexico/
3340	activa	regex=False	Redirecciones	/directorio/proveedores/agencia-digital-espora-estudio-1234	->	/rankings/agencias-inbound-marketing-mexico/
3339	activa	regex=False	Redirecciones	/directorio/proveedores/agencia-digital-efecinco-1233	->	/rankings/agencias-inbound-marketing-mexico/
3338	activa	regex=False	Redirecciones	/directorio/proveedores/agencia-digital-di-paola-marquez-1232	->	/rankings/agencias-inbound-marketing-mexico/
3337	activa	regex=False	Redirecciones	/directorio/proveedores/agencia-digital-digital-coaster-1231	->	/rankings/agencias-inbound-marketing-mexico/
3336	activa	regex=False	Redirecciones	/directorio/proveedores/agencia-digital-dialogo-comunicacion-1230	->	/rankings/agencias-inbound-marketing-mexico/
3335	activa	regex=False	Redirecciones	/directorio/proveedores/agencia-digital-the-cluster-agency-1229	->	/rankings/agencias-inbound-marketing-mexico/
3334	activa	regex=False	Redirecciones	/directorio/proveedores/agencia-digital-clarus-digital-1228	->	/rankings/agencias-inbound-marketing-mexico/
3333	activa	regex=False	Redirecciones	/directorio/proveedores/agencia-digital-axiona-1227	->	/rankings/agencias-inbound-marketing-mexico/
3332	activa	regex=False	Redirecciones	/directorio/proveedores/agencia-digital-altusmedia-1226	->	/rankings/agencias-de-medios-mexico/
3331	activa	regex=False	Redirecciones	/directorio/proveedores/agencia-digital-ada-mexico-1225	->	/rankings/agencias-inbound-marketing-mexico/
3330	activa	regex=False	Redirecciones	/directorio/proveedores/agencia-de-tecnologia-tkinov-1224	->	/rankings/agencias-de-marketing-mexico/
3329	activa	regex=False	Redirecciones	/directorio/proveedores/agencia-de-tecnologia-pyramid-1223	->	/rankings/agencias-de-publicidad-mexico/
3328	activa	regex=False	Redirecciones	/directorio/proveedores/agencia-de-tecnologia-opentec-1222	->	/rankings/agencias-de-publicidad-mexico/
3327	activa	regex=False	Redirecciones	/directorio/proveedores/agencia-de-tecnologia-monere-business-1221	->	/rankings/agencias-de-marketing-mexico/
3326	activa	regex=False	Redirecciones	/directorio/proveedores/agencia-de-tecnologia-intelisis-1220	->	/rankings/agencias-de-publicidad-mexico/
3325	activa	regex=False	Redirecciones	/directorio/proveedores/agencia-de-tecnologia-intruder-consulting-1219	->	/rankings/agencias-de-publicidad-mexico/
3324	activa	regex=False	Redirecciones	/directorio/proveedores/agencia-de-tecnologia-grupo-fidalex-1218	->	/rankings/agencias-de-publicidad-mexico/
3323	activa	regex=False	Redirecciones	/directorio/proveedores/agencia-de-tecnologia-factor-evolucion-1217	->	/rankings/agencias-de-publicidad-mexico/
3322	activa	regex=False	Redirecciones	/directorio/proveedores/agencia-de-tecnologia-daysoft-1216	->	/rankings/agencias-de-marketing-mexico/
3321	activa	regex=False	Redirecciones	/directorio/proveedores/agencia-de-tecnologia-abd-systems-1215	->	/rankings/agencias-de-marketing-mexico/
3320	activa	regex=False	Redirecciones	/directorio/proveedores/agencia-de-tecnologia-4fsystems-1214	->	/rankings/productoras-de-eventos-mexico/
3319	activa	regex=False	Redirecciones	/directorio/proveedores/agencia-de-relaciones-publicas-sara-cuellar-comunicacion-1213	->	/rankings/agencias-relaciones-publicas-mexico/
3318	activa	regex=False	Redirecciones	/directorio/proveedores/agencia-de-relaciones-publicas-prmind-group-1212	->	/rankings/agencias-relaciones-publicas-mexico/
3317	activa	regex=False	Redirecciones	/directorio/proveedores/agencia-de-relaciones-publicas-planeco-1211	->	/rankings/agencias-relaciones-publicas-mexico/
3316	activa	regex=False	Redirecciones	/directorio/proveedores/agencia-de-relaciones-publicas-31416r-relaciones-publicas-1210	->	/rankings/agencias-relaciones-publicas-mexico/
3315	activa	regex=False	Redirecciones	/directorio/proveedores/agencia-de-relaciones-publicas-penagos-comunicacion-1209	->	/rankings/agencias-relaciones-publicas-mexico/
3314	activa	regex=False	Redirecciones	/directorio/proveedores/agencia-de-relaciones-publicas-nucleus-by-crm-1208	->	/rankings/agencias-relaciones-publicas-mexico/
3313	activa	regex=False	Redirecciones	/directorio/proveedores/agencia-de-relaciones-publicas-newcom-1207	->	/rankings/agencias-relaciones-publicas-mexico/
3312	activa	regex=False	Redirecciones	/directorio/proveedores/agencia-de-relaciones-publicas-mun-logic-1206	->	/rankings/agencias-relaciones-publicas-mexico/
3311	activa	regex=False	Redirecciones	/directorio/proveedores/agencia-de-relaciones-publicas-massideas-1205	->	/rankings/agencias-relaciones-publicas-mexico/
3310	activa	regex=False	Redirecciones	/directorio/proveedores/agencia-de-relaciones-publicas-marketing-q-1204	->	/rankings/agencias-relaciones-publicas-mexico/
3309	activa	regex=False	Redirecciones	/directorio/proveedores/agencia-de-relaciones-publicas-makken-rrpp-1203	->	/rankings/agencias-relaciones-publicas-mexico/
3308	activa	regex=False	Redirecciones	/directorio/proveedores/agencia-de-relaciones-publicas-macias-pr-1202	->	/rankings/agencias-relaciones-publicas-mexico/
3307	activa	regex=False	Redirecciones	/directorio/proveedores/agencia-de-relaciones-publicas-litio-bmp-1201	->	/rankings/agencias-relaciones-publicas-mexico/
3306	activa	regex=False	Redirecciones	/directorio/proveedores/agencia-de-relaciones-publicas-lithiumpr-1200	->	/rankings/agencias-relaciones-publicas-mexico/
3305	activa	regex=False	Redirecciones	/directorio/proveedores/agencia-de-relaciones-publicas-lead-image-1199	->	/rankings/agencias-relaciones-publicas-mexico/
3304	activa	regex=False	Redirecciones	/directorio/proveedores/agencia-de-relaciones-publicas-keep-engaged-1198	->	/rankings/agencias-relaciones-publicas-mexico/
3303	activa	regex=False	Redirecciones	/directorio/proveedores/agencia-de-relaciones-publicas-kaleidoscopio-pr-1197	->	/rankings/agencias-relaciones-publicas-mexico/
3302	activa	regex=False	Redirecciones	/directorio/proveedores/agencia-de-relaciones-publicas-iq-pr-1196	->	/rankings/agencias-relaciones-publicas-mexico/
3301	activa	regex=False	Redirecciones	/directorio/proveedores/agencia-de-relaciones-publicas-international-consulting-and-marketing-(icym)-1195	->	/listing/agencia-de-relaciones-publicas-international-consulting-and-marketing-(icym)/
3300	activa	regex=False	Redirecciones	/directorio/proveedores/agencia-de-relaciones-publicas-grupo-public-1194	->	/rankings/agencias-relaciones-publicas-mexico/
3299	activa	regex=False	Redirecciones	/directorio/proveedores/agencia-de-relaciones-publicas-fleishmanhillard-mexico-1193	->	/rankings/agencias-relaciones-publicas-mexico/
3298	activa	regex=False	Redirecciones	/directorio/proveedores/agencia-de-relaciones-publicas-fabrik-1192	->	/rankings/agencias-relaciones-publicas-mexico/
3297	activa	regex=False	Redirecciones	/directorio/proveedores/agencia-de-relaciones-publicas-euroamerica-1191	->	/rankings/agencias-relaciones-publicas-mexico/
3296	activa	regex=False	Redirecciones	/directorio/proveedores/agencia-de-relaciones-publicas-eureka-y-co-1190	->	/rankings/agencias-relaciones-publicas-mexico/
3295	activa	regex=False	Redirecciones	/directorio/proveedores/agencia-de-relaciones-publicas-enlace-integral-1189	->	/rankings/agencias-relaciones-publicas-mexico/
3294	activa	regex=False	Redirecciones	/directorio/proveedores/agencia-de-relaciones-publicas-edelman-1188	->	/rankings/agencias-relaciones-publicas-mexico/
3293	activa	regex=False	Redirecciones	/directorio/proveedores/agencia-de-relaciones-publicas-ebeaconcommunication-1187	->	/rankings/agencias-relaciones-publicas-mexico/
3292	activa	regex=False	Redirecciones	/directorio/proveedores/agencia-de-relaciones-publicas-dickins-y-asociados-1186	->	/rankings/agencias-relaciones-publicas-mexico/
3291	activa	regex=False	Redirecciones	/directorio/proveedores/agencia-de-relaciones-publicas-cohn-y-wolfe-mexico-1185	->	/rankings/agencias-relaciones-publicas-mexico/
3290	activa	regex=False	Redirecciones	/directorio/proveedores/agencia-de-relaciones-publicas-bluemind-creative-works-1184	->	/rankings/agencias-relaciones-publicas-mexico/
3289	activa	regex=False	Redirecciones	/directorio/proveedores/agencia-de-relaciones-publicas-audacia-comunicacion-1183	->	/rankings/agencias-relaciones-publicas-mexico/
3288	activa	regex=False	Redirecciones	/directorio/proveedores/agencia-de-relaciones-publicas-atelier-1182	->	/rankings/agencias-relaciones-publicas-mexico/
3287	activa	regex=False	Redirecciones	/directorio/proveedores/agencia-de-relaciones-publicas-arvizu-1181	->	/rankings/agencias-relaciones-publicas-mexico/
3286	activa	regex=False	Redirecciones	/directorio/proveedores/agencia-de-relaciones-publicas-alterpraxis-1180	->	/rankings/agencias-relaciones-publicas-mexico/
3285	activa	regex=False	Redirecciones	/directorio/proveedores/agencia-de-relaciones-publicas-aldebaran-comunicacion-1179	->	/rankings/agencias-relaciones-publicas-mexico/
3284	activa	regex=False	Redirecciones	/directorio/proveedores/agencia-de-relaciones-publicas-ache-entretenimiento-1178	->	/rankings/agencias-relaciones-publicas-mexico/
3283	activa	regex=False	Redirecciones	/directorio/proveedores/agencia-de-recursos-humanos-suplementos-corporativos-1177	->	/rankings/agencias-de-publicidad-mexico/
3282	activa	regex=False	Redirecciones	/directorio/proveedores/agencia-de-recursos-humanos-staffing-personal-1176	->	/rankings/agencias-de-publicidad-mexico/
3281	activa	regex=False	Redirecciones	/directorio/proveedores/agencia-de-recursos-humanos-rolling-personnel-1175	->	/rankings/agencias-inbound-marketing-mexico/
3280	activa	regex=False	Redirecciones	/directorio/proveedores/agencia-de-recursos-humanos-red-ring-1174	->	/rankings/agencias-de-publicidad-mexico/
3279	activa	regex=False	Redirecciones	/directorio/proveedores/agencia-de-recursos-humanos-randstad-1173	->	/rankings/productoras-de-eventos-mexico/
3278	activa	regex=False	Redirecciones	/directorio/proveedores/agencia-de-recursos-humanos-people-value-1172	->	/rankings/agencias-de-publicidad-mexico/
3277	activa	regex=False	Redirecciones	/directorio/proveedores/agencia-de-recursos-humanos-mexidooro-internacional-1171	->	/rankings/agencias-de-marketing-mexico/
3276	activa	regex=False	Redirecciones	/directorio/proveedores/agencia-de-recursos-humanos-mercury-data-1170	->	/rankings/agencias-de-publicidad-mexico/
3275	activa	regex=False	Redirecciones	/directorio/proveedores/agencia-de-recursos-humanos-ips-1169	->	/rankings/agencias-de-publicidad-mexico/
3274	activa	regex=False	Redirecciones	/directorio/proveedores/agencia-de-recursos-humanos-human-sourcing-1168	->	/rankings/productoras-de-eventos-mexico/
3273	activa	regex=False	Redirecciones	/directorio/proveedores/agencia-de-recursos-humanos-human-kind-1167	->	/rankings/agencias-de-publicidad-mexico/
3272	activa	regex=False	Redirecciones	/directorio/proveedores/agencia-de-recursos-humanos-human-dynamics-bureau-1166	->	/rankings/agencias-de-marketing-mexico/
3271	activa	regex=False	Redirecciones	/directorio/proveedores/agencia-de-recursos-humanos-hm-consultores-1165	->	/rankings/agencias-de-marketing-mexico/
3270	activa	regex=False	Redirecciones	/directorio/proveedores/agencia-de-recursos-humanos-great-team-1164	->	/rankings/productoras-de-eventos-mexico/
3269	activa	regex=False	Redirecciones	/directorio/proveedores/agencia-de-recursos-humanos-direccion-humana-1163	->	/rankings/agencias-de-publicidad-mexico/
3268	activa	regex=False	Redirecciones	/directorio/proveedores/agencia-de-recursos-humanos-delta-middle-management-1162	->	/rankings/agencias-de-medios-mexico/
3267	activa	regex=False	Redirecciones	/directorio/proveedores/agencia-de-recursos-humanos-corporativo-yebiah-1161	->	/rankings/agencias-de-publicidad-mexico/
3266	activa	regex=False	Redirecciones	/directorio/proveedores/agencia-de-recursos-humanos-cm-talent-y-development-1160	->	/rankings/productoras-de-eventos-mexico/
3265	activa	regex=False	Redirecciones	/directorio/proveedores/agencia-de-publicidad-farmaceutica-timspa-1159	->	/rankings/agencias-investigacion-de-mercados-mexico/
3264	activa	regex=False	Redirecciones	/directorio/proveedores/agencia-de-publicidad-farmaceutica-el-taller-de-las-ideas-1158	->	/rankings/agencias-inbound-marketing-mexico/
3263	activa	regex=False	Redirecciones	/directorio/proveedores/agencia-de-publicidad-farmaceutica-queruva-1157	->	/rankings/agencias-inbound-marketing-mexico/
3262	activa	regex=False	Redirecciones	/directorio/proveedores/agencia-de-publicidad-farmaceutica-punto-pen-1156	->	/rankings/agencias-de-medios-mexico/
3261	activa	regex=False	Redirecciones	/directorio/proveedores/agencia-de-publicidad-farmaceutica-medicacf-1155	->	/rankings/agencias-de-medios-mexico/
3260	activa	regex=False	Redirecciones	/directorio/proveedores/agencia-de-publicidad-farmaceutica-marketing-latino-1154	->	/rankings/agencias-de-marketing-mexico/
3259	activa	regex=False	Redirecciones	/directorio/proveedores/agencia-de-publicidad-farmaceutica-ifloat-mexico-1153	->	/rankings/agencias-de-medios-mexico/
3258	activa	regex=False	Redirecciones	/directorio/proveedores/agencia-de-publicidad-farmaceutica-designing-advertising-1152	->	/rankings/estudios-diseno-branding-mexico/
3257	activa	regex=False	Redirecciones	/directorio/proveedores/agencia-de-publicidad-farmaceutica-cdyp-concepto-diseno-y-publicidad-1151	->	/rankings/estudios-diseno-branding-mexico/
3256	activa	regex=False	Redirecciones	/directorio/proveedores/agencia-de-publicidad-farmaceutica-carlos-ascobereta-publicidad-1150	->	/rankings/estudios-diseno-branding-mexico/
3255	activa	regex=False	Redirecciones	/directorio/proveedores/agencia-de-publicidad-farmaceutica-baktun-13-comunicacion-1149	->	/rankings/agencias-de-marketing-mexico/
3254	activa	regex=False	Redirecciones	/directorio/proveedores/agencia-de-publicidad-farmaceutica-asterisco-healthcare-communications-1148	->	/rankings/estudios-diseno-branding-mexico/
3253	activa	regex=False	Redirecciones	/directorio/proveedores/agencia-de-publicidad-farmaceutica-asesores-en-prensa-y-comunicacion-1147	->	/rankings/agencias-relaciones-publicas-mexico/
3252	activa	regex=False	Redirecciones	/directorio/proveedores/agencia-de-publicidad-farmaceutica-adacosta-1146	->	/rankings/estudios-diseno-branding-mexico/
3251	activa	regex=False	Redirecciones	/directorio/proveedores/agencia-de-publicidad-exterior-wachovia-1145	->	/rankings/empresas-publicidad-exterior-mexico/
3250	activa	regex=False	Redirecciones	/directorio/proveedores/agencia-de-publicidad-exterior-vendor-1144	->	/rankings/empresas-publicidad-exterior-mexico/
3249	activa	regex=False	Redirecciones	/directorio/proveedores/agencia-de-publicidad-exterior-vanguardia-publicitaria-1143	->	/rankings/empresas-publicidad-exterior-mexico/
3248	activa	regex=False	Redirecciones	/directorio/proveedores/agencia-de-publicidad-exterior-strada-publicidad-1142	->	/rankings/empresas-publicidad-exterior-mexico/
3247	activa	regex=False	Redirecciones	/directorio/proveedores/agencia-de-publicidad-exterior-grupo-atm-1141	->	/rankings/empresas-publicidad-exterior-mexico/
3246	activa	regex=False	Redirecciones	/directorio/proveedores/agencia-de-publicidad-exterior-publisitios-1140	->	/rankings/empresas-publicidad-exterior-mexico/
3245	activa	regex=False	Redirecciones	/directorio/proveedores/agencia-de-publicidad-exterior-publicarteleras-1139	->	/rankings/empresas-publicidad-exterior-mexico/
3244	activa	regex=False	Redirecciones	/directorio/proveedores/agencia-de-publicidad-exterior-pm-on-street-1138	->	/rankings/empresas-publicidad-exterior-mexico/
3243	activa	regex=False	Redirecciones	/directorio/proveedores/agencia-de-publicidad-exterior-mepexsa-1137	->	/rankings/empresas-publicidad-exterior-mexico/
3242	activa	regex=False	Redirecciones	/directorio/proveedores/agencia-de-publicidad-exterior-medios-populares-1136	->	/rankings/agencias-de-medios-mexico/
3241	activa	regex=False	Redirecciones	/directorio/proveedores/agencia-de-publicidad-exterior-marcavision-1135	->	/rankings/empresas-publicidad-exterior-mexico/
3240	activa	regex=False	Redirecciones	/directorio/proveedores/agencia-de-publicidad-exterior-ledies-1134	->	/rankings/empresas-publicidad-exterior-mexico/
3239	activa	regex=False	Redirecciones	/directorio/proveedores/agencia-de-publicidad-exterior-publicidad-exterior-lagunas-1133	->	/rankings/empresas-publicidad-exterior-mexico/
3238	activa	regex=False	Redirecciones	/directorio/proveedores/agencia-de-publicidad-exterior-isa-corporativo-1132	->	/rankings/empresas-publicidad-exterior-mexico/
3237	activa	regex=False	Redirecciones	/directorio/proveedores/agencia-de-publicidad-exterior-grupo-imu-1131	->	/rankings/empresas-publicidad-exterior-mexico/
3236	activa	regex=False	Redirecciones	/directorio/proveedores/agencia-de-publicidad-exterior-impacto-capital-1130	->	/rankings/empresas-publicidad-exterior-mexico/
3235	activa	regex=False	Redirecciones	/directorio/proveedores/agencia-de-publicidad-exterior-grupo-rentable-1129	->	/rankings/empresas-publicidad-exterior-mexico/
3234	activa	regex=False	Redirecciones	/directorio/proveedores/agencia-de-publicidad-exterior-cencom-1128	->	/rankings/empresas-publicidad-exterior-mexico/
3233	activa	regex=False	Redirecciones	/directorio/proveedores/agencia-de-publicidad-exterior-clear-channel-1127	->	/rankings/empresas-publicidad-exterior-mexico/
3232	activa	regex=False	Redirecciones	/directorio/proveedores/agencia-de-publicidad-exterior-5m2-1126	->	/rankings/empresas-publicidad-exterior-mexico/
3231	activa	regex=False	Redirecciones	/directorio/proveedores/agencia-de-publicidad-exterior-casa-publicidad-y-asociados-1125	->	/rankings/empresas-publicidad-exterior-mexico/
3230	activa	regex=False	Redirecciones	/directorio/proveedores/agencia-de-publicidad-exterior-cartelerascom-1124	->	/rankings/empresas-publicidad-exterior-mexico/
3229	activa	regex=False	Redirecciones	/directorio/proveedores/agencia-de-publicidad-exterior-cadpro-vallas-moviles-1123	->	/rankings/empresas-publicidad-exterior-mexico/
3228	activa	regex=False	Redirecciones	/directorio/proveedores/agencia-de-publicidad-exterior-actives-btl-1122	->	/rankings/empresas-publicidad-exterior-mexico/
3227	activa	regex=False	Redirecciones	/directorio/proveedores/agencia-de-publicidad-zoo-1121	->	/rankings/agencias-de-publicidad-mexico/
3226	activa	regex=False	Redirecciones	/directorio/proveedores/agencia-de-publicidad-zeta-publicidad-1120	->	/rankings/productoras-de-eventos-mexico/
3225	activa	regex=False	Redirecciones	/directorio/proveedores/agencia-de-publicidad-zaga-consulting-1119	->	/rankings/agencias-de-publicidad-mexico/
3224	activa	regex=False	Redirecciones	/directorio/proveedores/agencia-de-publicidad-young-y-rubicam-1118	->	/rankings/agencias-de-publicidad-mexico/
3223	activa	regex=False	Redirecciones	/directorio/proveedores/agencia-de-publicidad-xpand-marketing-group-1117	->	/rankings/agencias-de-marketing-mexico/
3222	activa	regex=False	Redirecciones	/directorio/proveedores/agencia-de-publicidad-wunderman-mexico-1116	->	/rankings/agencias-de-publicidad-mexico/
3221	activa	regex=False	Redirecciones	/directorio/proveedores/agencia-de-publicidad-agency-world-services-1115	->	/rankings/agencias-de-marketing-mexico/
3220	activa	regex=False	Redirecciones	/directorio/proveedores/agencia-de-publicidad-w-marketing-1114	->	/rankings/agencias-de-marketing-mexico/
3219	activa	regex=False	Redirecciones	/directorio/proveedores/agencia-de-publicidad-ar-weitzner-y-asociados-1113	->	/rankings/agencias-btl-promotoria-mexico/
3218	activa	regex=False	Redirecciones	/directorio/proveedores/agencia-de-publicidad-w-comunicacion-1112	->	/rankings/agencias-de-marketing-mexico/
3217	activa	regex=False	Redirecciones	/directorio/proveedores/agencia-de-publicidad-w360°-1111	->	/publicidad/
3216	activa	regex=False	Redirecciones	/directorio/proveedores/agencia-de-publicidad-vux-1110	->	/rankings/agencias-de-medios-mexico/
3215	activa	regex=False	Redirecciones	/directorio/proveedores/agencia-de-publicidad-volta-1109	->	/publicidad/
3214	activa	regex=False	Redirecciones	/directorio/proveedores/agencia-de-publicidad-visual-latina-1108	->	/rankings/agencias-btl-promotoria-mexico/
3213	activa	regex=False	Redirecciones	/directorio/proveedores/agencia-de-publicidad-grupo-vale-euro-rscg-1107	->	/rankings/agencias-de-publicidad-mexico/
3212	activa	regex=False	Redirecciones	/directorio/proveedores/agencia-de-publicidad-tovar-mina-y-asociados-1106	->	/rankings/agencias-de-marketing-mexico/
3211	activa	regex=False	Redirecciones	/directorio/proveedores/agencia-de-publicidad-todolocontrario-1105	->	/rankings/estudios-diseno-branding-mexico/
3210	activa	regex=False	Redirecciones	/directorio/proveedores/agencia-de-publicidad-titan-mexico-1104	->	/rankings/agencias-de-medios-mexico/
3209	activa	regex=False	Redirecciones	/directorio/proveedores/agencia-de-publicidad-teran-tbwa-1103	->	/rankings/agencias-de-medios-mexico/
3208	activa	regex=False	Redirecciones	/directorio/proveedores/agencia-de-publicidad-target-gbm-1102	->	/rankings/agencias-investigacion-de-mercados-mexico/
3207	activa	regex=False	Redirecciones	/directorio/proveedores/agencia-de-publicidad-tanquegroup-1101	->	/rankings/agencias-de-medios-mexico/
3206	activa	regex=False	Redirecciones	/directorio/proveedores/agencia-de-publicidad-synapsis-de-mexico-1100	->	/rankings/agencias-de-marketing-mexico/
3205	activa	regex=False	Redirecciones	/directorio/proveedores/agencia-de-publicidad-starbrands-1099	->	/rankings/agencias-inbound-marketing-mexico/
3204	activa	regex=False	Redirecciones	/directorio/proveedores/agencia-de-publicidad-sprim-1098	->	/rankings/agencias-de-publicidad-mexico/
3203	activa	regex=False	Redirecciones	/directorio/proveedores/agencia-de-publicidad-spot-lite-sa-de-cv-1097	->	/rankings/agencias-inbound-marketing-mexico/
3202	activa	regex=False	Redirecciones	/directorio/proveedores/agencia-de-publicidad-spora-publicidad-y-diseno-grafico-1096	->	/rankings/proveedores-pop-promocionales-mexico/
3201	activa	regex=False	Redirecciones	/directorio/proveedores/agencia-de-publicidad-sparkling-1095	->	/rankings/agencias-de-publicidad-mexico/
3200	activa	regex=False	Redirecciones	/directorio/proveedores/agencia-de-publicidad-slogan-publicidad-1094	->	/rankings/agencias-de-publicidad-mexico/
3199	activa	regex=False	Redirecciones	/directorio/proveedores/agencia-de-publicidad-silverlight-cbs-1093	->	/rankings/estudios-diseno-branding-mexico/
3198	activa	regex=False	Redirecciones	/directorio/proveedores/agencia-de-publicidad-seis-grados-1092	->	/rankings/estudios-diseno-branding-mexico/
3197	activa	regex=False	Redirecciones	/directorio/proveedores/agencia-de-publicidad-sbtl-1091	->	/rankings/agencias-btl-promotoria-mexico/
3196	activa	regex=False	Redirecciones	/directorio/proveedores/agencia-de-publicidad-nazca-saatchi-y-saatchi-1090	->	/rankings/agencias-de-publicidad-mexico/
3195	activa	regex=False	Redirecciones	/directorio/proveedores/agencia-de-publicidad-resolucion-pixel-1089	->	/rankings/casas-productoras-mexico/
3194	activa	regex=False	Redirecciones	/directorio/proveedores/agencia-de-publicidad-el-recreo-comunicacion-1088	->	/rankings/agencias-de-marketing-mexico/
3193	activa	regex=False	Redirecciones	/directorio/proveedores/agencia-de-publicidad-pw-agency-1087	->	/rankings/estudios-diseno-branding-mexico/
3192	activa	regex=False	Redirecciones	/directorio/proveedores/agencia-de-publicidad-publycity-1086	->	/rankings/estudios-diseno-branding-mexico/
3191	activa	regex=False	Redirecciones	/directorio/proveedores/agencia-de-publicidad-publicis-mexico-1085	->	/rankings/agencias-inbound-marketing-mexico/
3190	activa	regex=False	Redirecciones	/directorio/proveedores/agencia-de-publicidad-publicidad-global-mexico-1084	->	/rankings/agencias-inbound-marketing-mexico/
3189	activa	regex=False	Redirecciones	/directorio/proveedores/agencia-de-publicidad-proyecta-publicidad-1083	->	/rankings/agencias-de-publicidad-mexico/
3188	activa	regex=False	Redirecciones	/directorio/proveedores/agencia-de-publicidad-proyecta-live-brand-1082	->	/rankings/estudios-diseno-branding-mexico/
3187	activa	regex=False	Redirecciones	/directorio/proveedores/agencia-de-publicidad-promo-express-1081	->	/rankings/agencias-btl-promotoria-mexico/
3186	activa	regex=False	Redirecciones	/directorio/proveedores/agencia-de-publicidad-promarket-1080	->	/rankings/agencias-de-marketing-mexico/
3185	activa	regex=False	Redirecciones	/directorio/proveedores/agencia-de-publicidad-primitivo-publicidad-1079	->	/rankings/agencias-btl-promotoria-mexico/
3184	activa	regex=False	Redirecciones	/directorio/proveedores/agencia-de-publicidad-postermedia-1078	->	/rankings/agencias-de-medios-mexico/
3183	activa	regex=False	Redirecciones	/directorio/proveedores/agencia-de-publicidad-pool-creativo-1077	->	/rankings/estudios-diseno-branding-mexico/
3182	activa	regex=False	Redirecciones	/directorio/proveedores/agencia-de-publicidad-pico-adworks-1076	->	/rankings/agencias-de-publicidad-mexico/
3181	activa	regex=False	Redirecciones	/directorio/proveedores/agencia-de-publicidad-phi-comunicaciones-1075	->	/rankings/agencias-de-marketing-mexico/
3180	activa	regex=False	Redirecciones	/directorio/proveedores/agencia-de-publicidad-pgiovascom-1074	->	/rankings/agencias-inbound-marketing-mexico/
3179	activa	regex=False	Redirecciones	/directorio/proveedores/agencia-de-publicidad-perspectiva-cym-1073	->	/rankings/agencias-de-marketing-mexico/
3178	activa	regex=False	Redirecciones	/directorio/proveedores/agencia-de-publicidad-panacea-comunicacion-1072	->	/rankings/agencias-de-marketing-mexico/
3177	activa	regex=False	Redirecciones	/directorio/proveedores/agencia-de-publicidad-ophium-1071	->	/rankings/agencias-inbound-marketing-mexico/
3176	activa	regex=False	Redirecciones	/directorio/proveedores/agencia-de-publicidad-on-cue-1070	->	/rankings/estudios-diseno-branding-mexico/
3175	activa	regex=False	Redirecciones	/directorio/proveedores/agencia-de-publicidad-olabuenaga-chemistri-1069	->	/rankings/agencias-de-publicidad-mexico/
3174	activa	regex=False	Redirecciones	/directorio/proveedores/agencia-de-publicidad-ogilvy-y-mather-1068	->	/rankings/agencias-investigacion-de-mercados-mexico/
3173	activa	regex=False	Redirecciones	/directorio/proveedores/agencia-de-publicidad-nucleo-publicidad-1067	->	/rankings/agencias-de-publicidad-mexico/
3172	activa	regex=False	Redirecciones	/directorio/proveedores/agencia-de-publicidad-ninja-1066	->	/rankings/agencias-btl-promotoria-mexico/
3171	activa	regex=False	Redirecciones	/directorio/proveedores/agencia-de-publicidad-neutech-1065	->	/rankings/agencias-de-publicidad-mexico/
3170	activa	regex=False	Redirecciones	/directorio/proveedores/agencia-de-publicidad-la-agencia-1064	->	/rankings/agencias-de-publicidad-mexico/
3169	activa	regex=False	Redirecciones	/directorio/proveedores/agencia-de-publicidad-martinez-fresan-1063	->	/rankings/agencias-de-publicidad-mexico/
3168	activa	regex=False	Redirecciones	/directorio/proveedores/agencia-de-publicidad-montenegro-comunicacion-1062	->	/rankings/agencias-de-marketing-mexico/
3167	activa	regex=False	Redirecciones	/directorio/proveedores/agencia-de-publicidad-möller-comunicacion-de-marcas-1061	->	/publicidad/
3166	activa	regex=False	Redirecciones	/directorio/proveedores/agencia-de-publicidad-medellin-publicistas-1060	->	/rankings/agencias-de-publicidad-mexico/
3165	activa	regex=False	Redirecciones	/directorio/proveedores/agencia-de-publicidad-mccann-worldgroup-1059	->	/rankings/agencias-de-marketing-mexico/
3164	activa	regex=False	Redirecciones	/directorio/proveedores/agencia-de-publicidad-marioni-1058	->	/rankings/agencias-de-publicidad-mexico/
3163	activa	regex=False	Redirecciones	/directorio/proveedores/agencia-de-publicidad-mala-conducta-1057	->	/rankings/agencias-btl-promotoria-mexico/
3162	activa	regex=False	Redirecciones	/directorio/proveedores/agencia-de-publicidad-magnus-mccoy-1056	->	/rankings/agencias-de-publicidad-mexico/
3161	activa	regex=False	Redirecciones	/directorio/proveedores/agencia-de-publicidad-lowe-1055	->	/rankings/agencias-de-publicidad-mexico/
3160	activa	regex=False	Redirecciones	/directorio/proveedores/agencia-de-publicidad-leo-burnett-mexico-1054	->	/rankings/agencias-de-publicidad-mexico/
3159	activa	regex=False	Redirecciones	/directorio/proveedores/agencia-de-publicidad-lebrija-rubio-publicidad-1053	->	/rankings/agencias-de-publicidad-mexico/
3158	activa	regex=False	Redirecciones	/directorio/proveedores/agencia-de-publicidad-lagencita-1052	->	/rankings/agencias-de-publicidad-mexico/
3157	activa	regex=False	Redirecciones	/directorio/proveedores/agencia-de-publicidad-la-fraternidad-1051	->	/rankings/agencias-de-medios-mexico/
3156	activa	regex=False	Redirecciones	/directorio/proveedores/agencia-de-publicidad-la-doble-vida-1050	->	/rankings/agencias-de-publicidad-mexico/
3155	activa	regex=False	Redirecciones	/directorio/proveedores/agencia-de-publicidad-la-despensa-1049	->	/rankings/agencias-de-publicidad-mexico/
3154	activa	regex=False	Redirecciones	/directorio/proveedores/agencia-de-publicidad-jwt-mexico-1048	->	/rankings/agencias-de-publicidad-mexico/
3153	activa	regex=False	Redirecciones	/directorio/proveedores/agencia-de-publicidad-grupo-inventiva-1047	->	/rankings/agencias-de-marketing-mexico/
3152	activa	regex=False	Redirecciones	/directorio/proveedores/agencia-de-publicidad-in-situ-publicidad-1046	->	/rankings/productoras-de-eventos-mexico/
3151	activa	regex=False	Redirecciones	/directorio/proveedores/agencia-de-publicidad-inmotion-productions-1045	->	/rankings/estudios-diseno-branding-mexico/
3150	activa	regex=False	Redirecciones	/directorio/proveedores/agencia-de-publicidad-increapublicidad-1044	->	/rankings/agencias-investigacion-de-mercados-mexico/
3149	activa	regex=False	Redirecciones	/directorio/proveedores/agencia-de-publicidad-imagic-group-1043	->	/rankings/agencias-de-publicidad-mexico/
3148	activa	regex=False	Redirecciones	/directorio/proveedores/agencia-de-publicidad-imagogenia-1042	->	/rankings/agencias-de-publicidad-mexico/
3147	activa	regex=False	Redirecciones	/directorio/proveedores/agencia-de-publicidad-ike?-1041	->	/rankings/estudios-diseno-branding-mexico/
3146	activa	regex=False	Redirecciones	/directorio/proveedores/agencia-de-publicidad-haz-comunicacion-1040	->	/rankings/agencias-de-marketing-mexico/
3145	activa	regex=False	Redirecciones	/directorio/proveedores/agencia-de-publicidad-havas-worldwide-mexico-1039	->	/rankings/estudios-diseno-branding-mexico/
3144	activa	regex=False	Redirecciones	/directorio/proveedores/agencia-de-publicidad-guru-market-1038	->	/rankings/productoras-de-eventos-mexico/
3143	activa	regex=False	Redirecciones	/directorio/proveedores/agencia-de-publicidad-grupo-difusion-1037	->	/rankings/agencias-de-medios-mexico/
3142	activa	regex=False	Redirecciones	/directorio/proveedores/agencia-de-publicidad-grey-global-group-mexico-1036	->	/rankings/estudios-diseno-branding-mexico/
3141	activa	regex=False	Redirecciones	/directorio/proveedores/agencia-de-publicidad-gibert-1035	->	/rankings/estudios-diseno-branding-mexico/
3140	activa	regex=False	Redirecciones	/directorio/proveedores/agencia-de-publicidad-gaudelli-mcw-1034	->	/rankings/agencias-de-marketing-mexico/
3139	activa	regex=False	Redirecciones	/directorio/proveedores/agencia-de-publicidad-gangagency-1033	->	/rankings/agencias-de-marketing-mexico/
3138	activa	regex=False	Redirecciones	/directorio/proveedores/agencia-de-publicidad-ganem-group-1032	->	/rankings/agencias-de-publicidad-mexico/
3137	activa	regex=False	Redirecciones	/directorio/proveedores/agencia-de-publicidad-frente-btl-1031	->	/rankings/agencias-btl-promotoria-mexico/
3136	activa	regex=False	Redirecciones	/directorio/proveedores/agencia-de-publicidad-figallo-comunicaciones-1030	->	/rankings/agencias-de-marketing-mexico/
3135	activa	regex=False	Redirecciones	/directorio/proveedores/agencia-de-publicidad-grupo-ferrer-1029	->	/rankings/agencias-de-publicidad-mexico/
3134	activa	regex=False	Redirecciones	/directorio/proveedores/agencia-de-publicidad-euro-beker-rscg-1028	->	/rankings/productoras-de-eventos-mexico/
3133	activa	regex=False	Redirecciones	/directorio/proveedores/agencia-de-publicidad-e99-branding-1027	->	/rankings/estudios-diseno-branding-mexico/
3132	activa	regex=False	Redirecciones	/directorio/proveedores/agencia-de-publicidad-draftfcb-1026	->	/rankings/estudios-diseno-branding-mexico/
3131	activa	regex=False	Redirecciones	/directorio/proveedores/agencia-de-publicidad-dendrita-publicidad-1025	->	/rankings/agencias-de-publicidad-mexico/
3130	activa	regex=False	Redirecciones	/directorio/proveedores/agencia-de-publicidad-delta-group-1024	->	/rankings/estudios-diseno-branding-mexico/
3129	activa	regex=False	Redirecciones	/directorio/proveedores/agencia-de-publicidad-de-haro-publicidad-1023	->	/rankings/agencias-inbound-marketing-mexico/
3128	activa	regex=False	Redirecciones	/directorio/proveedores/agencia-de-publicidad-ddb-mexico-1022	->	/rankings/agencias-de-publicidad-mexico/
3127	activa	regex=False	Redirecciones	/directorio/proveedores/agencia-de-publicidad-d'castrum-1021	->	/rankings/estudios-diseno-branding-mexico/
3126	activa	regex=False	Redirecciones	/directorio/proveedores/agencia-de-publicidad-darwin-ad-1020	->	/rankings/agencias-de-publicidad-mexico/
3125	activa	regex=False	Redirecciones	/directorio/proveedores/agencia-de-publicidad-dada-publicidad-1019	->	/rankings/agencias-de-publicidad-mexico/
3124	activa	regex=False	Redirecciones	/directorio/proveedores/agencia-de-publicidad-crecere-quorum-1018	->	/rankings/agencias-btl-promotoria-mexico/
3123	activa	regex=False	Redirecciones	/directorio/proveedores/agencia-de-publicidad-creativos-y-co-1017	->	/rankings/estudios-diseno-branding-mexico/
3122	activa	regex=False	Redirecciones	/directorio/proveedores/agencia-de-publicidad-com-comunicacion-integral-1016	->	/rankings/agencias-de-marketing-mexico/
3121	activa	regex=False	Redirecciones	/directorio/proveedores/agencia-de-publicidad-click-publicidad-1015	->	/rankings/agencias-de-publicidad-mexico/
3120	activa	regex=False	Redirecciones	/directorio/proveedores/agencia-de-publicidad-clemente-camara-y-asociados-1014	->	/rankings/agencias-de-publicidad-mexico/
3119	activa	regex=False	Redirecciones	/directorio/proveedores/agencia-de-publicidad-circulo-diseno-1013	->	/rankings/estudios-diseno-branding-mexico/
3118	activa	regex=False	Redirecciones	/directorio/proveedores/agencia-de-publicidad-chilaquile-btl-1012	->	/rankings/agencias-btl-promotoria-mexico/
3117	activa	regex=False	Redirecciones	/directorio/proveedores/agencia-de-publicidad-cheil-mexico-1011	->	/rankings/agencias-de-publicidad-mexico/
3116	activa	regex=False	Redirecciones	/directorio/proveedores/agencia-de-publicidad-centro-creativo-1010	->	/rankings/estudios-diseno-branding-mexico/
3115	activa	regex=False	Redirecciones	/directorio/proveedores/agencia-de-publicidad-central-de-ideas-1009	->	/rankings/agencias-de-medios-mexico/
3114	activa	regex=False	Redirecciones	/directorio/proveedores/agencia-de-publicidad-bolivar-cisneros-1008	->	/rankings/agencias-relaciones-publicas-mexico/
3113	activa	regex=False	Redirecciones	/directorio/proveedores/agencia-de-publicidad-bypower-1007	->	/rankings/estudios-diseno-branding-mexico/
3112	activa	regex=False	Redirecciones	/directorio/proveedores/agencia-de-publicidad-btl-innova-1006	->	/rankings/agencias-btl-promotoria-mexico/
3111	activa	regex=False	Redirecciones	/directorio/proveedores/agencia-de-publicidad-bbdo-mexico-1005	->	/rankings/agencias-de-publicidad-mexico/
3110	activa	regex=False	Redirecciones	/directorio/proveedores/agencia-de-publicidad-barsobea-1004	->	/rankings/agencias-de-marketing-mexico/
3109	activa	regex=False	Redirecciones	/directorio/proveedores/agencia-de-publicidad-banana-btl-1003	->	/rankings/agencias-btl-promotoria-mexico/
3108	activa	regex=False	Redirecciones	/directorio/proveedores/agencia-de-publicidad-autoconsulting-y-merchandising-1002	->	/rankings/agencias-btl-promotoria-mexico/
3107	activa	regex=False	Redirecciones	/directorio/proveedores/agencia-de-publicidad-arroyo-publicidad-1001	->	/rankings/agencias-de-medios-mexico/
3106	activa	regex=False	Redirecciones	/directorio/proveedores/agencia-de-publicidad-arrechedera-claverol-1000	->	/rankings/agencias-de-publicidad-mexico/
3105	activa	regex=False	Redirecciones	/directorio/proveedores/agencia-de-publicidad-archer-troy-999	->	/rankings/estudios-diseno-branding-mexico/
3104	activa	regex=False	Redirecciones	/directorio/proveedores/agencia-de-publicidad-anonimo-998	->	/rankings/agencias-de-publicidad-mexico/
3103	activa	regex=False	Redirecciones	/directorio/proveedores/agencia-de-publicidad-amk-healthcare-997	->	/rankings/agencias-de-marketing-mexico/
3102	activa	regex=False	Redirecciones	/directorio/proveedores/agencia-de-publicidad-a+positivo-996	->	/listing/agencia-de-publicidad-a+positivo/
3101	activa	regex=False	Redirecciones	/directorio/proveedores/agencia-de-publicidad-alx-design-995	->	/rankings/estudios-diseno-branding-mexico/
3100	activa	regex=False	Redirecciones	/directorio/proveedores/agencia-de-publicidad-alvarado-molina-994	->	/rankings/estudios-diseno-branding-mexico/
3099	activa	regex=False	Redirecciones	/directorio/proveedores/agencia-de-publicidad-alex-design-993	->	/rankings/estudios-diseno-branding-mexico/
3098	activa	regex=False	Redirecciones	/directorio/proveedores/agencia-de-publicidad-alazraki-y-asociados-992	->	/rankings/casas-productoras-mexico/
3097	activa	regex=False	Redirecciones	/directorio/proveedores/agencia-de-publicidad-agencia-vainilla-991	->	/rankings/agencias-de-publicidad-mexico/
3096	activa	regex=False	Redirecciones	/directorio/proveedores/agencia-de-publicidad-augusto-elias-990	->	/rankings/estudios-diseno-branding-mexico/
3095	activa	regex=False	Redirecciones	/directorio/proveedores/agencia-de-publicidad-ad-livitum-989	->	/rankings/estudios-diseno-branding-mexico/
3094	activa	regex=False	Redirecciones	/directorio/proveedores/agencia-de-publicidad-addivina-988	->	/rankings/agencias-de-publicidad-mexico/
3093	activa	regex=False	Redirecciones	/directorio/proveedores/agencia-de-publicidad-adcafe-publicidad-987	->	/rankings/agencias-de-publicidad-mexico/
3092	activa	regex=False	Redirecciones	/directorio/proveedores/agencia-de-publicidad-accse--accion-social-empresarial-986	->	/listing/agencia-de-publicidad-accse--accion-social-empresarial/
3091	activa	regex=False	Redirecciones	/directorio/proveedores/agencia-de-publicidad-area6-985	->	/rankings/agencias-de-publicidad-mexico/
3090	activa	regex=False	Redirecciones	/directorio/proveedores/agencia-de-publicidad-64seis-consultores-984	->	/rankings/agencias-de-marketing-mexico/
3089	activa	regex=False	Redirecciones	/directorio/proveedores/agencia-de-publicidad-360btl-983	->	/rankings/agencias-btl-promotoria-mexico/
3088	activa	regex=False	Redirecciones	/directorio/proveedores/agencia-de-publicidad-021-comunicaciones-982	->	/rankings/agencias-de-marketing-mexico/
3087	activa	regex=False	Redirecciones	/directorio/proveedores/agencia-de-promocion-unlimited-ideas-981	->	/rankings/agencias-btl-promotoria-mexico/
3086	activa	regex=False	Redirecciones	/directorio/proveedores/agencia-de-promocion-topping-ttl-980	->	/rankings/agencias-btl-promotoria-mexico/
3085	activa	regex=False	Redirecciones	/directorio/proveedores/agencia-de-promocion-grupo-todo-promo-979	->	/rankings/agencias-btl-promotoria-mexico/
3084	activa	regex=False	Redirecciones	/directorio/proveedores/agencia-de-promocion-sp-group-978	->	/rankings/agencias-btl-promotoria-mexico/
3083	activa	regex=False	Redirecciones	/directorio/proveedores/agencia-de-promocion-sip-977	->	/rankings/agencias-btl-promotoria-mexico/
3082	activa	regex=False	Redirecciones	/directorio/proveedores/agencia-de-promocion-sinergia-xxi-976	->	/rankings/agencias-btl-promotoria-mexico/
3081	activa	regex=False	Redirecciones	/directorio/proveedores/agencia-de-promocion-silva-corporativo-975	->	/rankings/agencias-btl-promotoria-mexico/
3080	activa	regex=False	Redirecciones	/directorio/proveedores/agencia-de-promocion-shark-btl-974	->	/rankings/agencias-btl-promotoria-mexico/
3079	activa	regex=False	Redirecciones	/directorio/proveedores/agencia-de-promocion-sepreom-973	->	/rankings/agencias-btl-promotoria-mexico/
3078	activa	regex=False	Redirecciones	/directorio/proveedores/agencia-de-promocion-rua-mkt-972	->	/rankings/agencias-btl-promotoria-mexico/
3077	activa	regex=False	Redirecciones	/directorio/proveedores/agencia-de-promocion-ronin7-971	->	/rankings/agencias-btl-promotoria-mexico/
3076	activa	regex=False	Redirecciones	/directorio/proveedores/agencia-de-promocion-red-promex-970	->	/rankings/agencias-btl-promotoria-mexico/
3075	activa	regex=False	Redirecciones	/directorio/proveedores/agencia-de-promocion-raya2-969	->	/rankings/agencias-btl-promotoria-mexico/
3074	activa	regex=False	Redirecciones	/directorio/proveedores/agencia-de-promocion-ratpack-968	->	/rankings/agencias-btl-promotoria-mexico/
3073	activa	regex=False	Redirecciones	/directorio/proveedores/agencia-de-promocion-protarget-967	->	/rankings/agencias-btl-promotoria-mexico/
3072	activa	regex=False	Redirecciones	/directorio/proveedores/agencia-de-promocion-proprom-966	->	/rankings/agencias-btl-promotoria-mexico/
3071	activa	regex=False	Redirecciones	/directorio/proveedores/agencia-de-promocion-promotion-965	->	/rankings/agencias-btl-promotoria-mexico/
3070	activa	regex=False	Redirecciones	/directorio/proveedores/agencia-de-promocion-promolatina-964	->	/rankings/agencias-btl-promotoria-mexico/
3069	activa	regex=False	Redirecciones	/directorio/proveedores/agencia-de-promocion-marketing-y-promotion-963	->	/rankings/agencias-btl-promotoria-mexico/
3068	activa	regex=False	Redirecciones	/directorio/proveedores/agencia-de-promocion-promerc-962	->	/rankings/agencias-btl-promotoria-mexico/
3067	activa	regex=False	Redirecciones	/directorio/proveedores/agencia-de-promocion-promosapiens-961	->	/rankings/agencias-btl-promotoria-mexico/
3066	activa	regex=False	Redirecciones	/directorio/proveedores/agencia-de-promocion-primer-nivel-960	->	/rankings/agencias-btl-promotoria-mexico/
3065	activa	regex=False	Redirecciones	/directorio/proveedores/agencia-de-promocion-promo-conceptos-959	->	/rankings/agencias-btl-promotoria-mexico/
3064	activa	regex=False	Redirecciones	/directorio/proveedores/agencia-de-promocion-payroling-958	->	/rankings/agencias-btl-promotoria-mexico/
3063	activa	regex=False	Redirecciones	/directorio/proveedores/agencia-de-promocion-pauta-creativa-957	->	/rankings/agencias-btl-promotoria-mexico/
3062	activa	regex=False	Redirecciones	/directorio/proveedores/agencia-de-promocion-msprom-956	->	/rankings/agencias-btl-promotoria-mexico/
3061	activa	regex=False	Redirecciones	/directorio/proveedores/agencia-de-promocion-mp-marketing-group-955	->	/rankings/agencias-btl-promotoria-mexico/
3060	activa	regex=False	Redirecciones	/directorio/proveedores/agencia-de-promocion-mercalogic-954	->	/rankings/agencias-btl-promotoria-mexico/
3059	activa	regex=False	Redirecciones	/directorio/proveedores/agencia-de-promocion-menta-producciones-953	->	/rankings/casas-productoras-mexico/
3058	activa	regex=False	Redirecciones	/directorio/proveedores/agencia-de-promocion-market-pro-lideres-de-mercado-952	->	/rankings/agencias-btl-promotoria-mexico/
3057	activa	regex=False	Redirecciones	/directorio/proveedores/agencia-de-promocion-grupo-interlinks-951	->	/rankings/agencias-btl-promotoria-mexico/
3056	activa	regex=False	Redirecciones	/directorio/proveedores/agencia-de-promocion-inteligencia-avanzada-950	->	/rankings/agencias-btl-promotoria-mexico/
3055	activa	regex=False	Redirecciones	/directorio/proveedores/agencia-de-promocion-integra-mercadotecnia-y-promocion-949	->	/rankings/agencias-btl-promotoria-mexico/
3054	activa	regex=False	Redirecciones	/directorio/proveedores/agencia-de-promocion-ifahto-948	->	/rankings/agencias-btl-promotoria-mexico/
3053	activa	regex=False	Redirecciones	/directorio/proveedores/agencia-de-promocion-grupo-sur-promociones-947	->	/rankings/agencias-btl-promotoria-mexico/
3052	activa	regex=False	Redirecciones	/directorio/proveedores/agencia-de-promocion-grupo-top-946	->	/rankings/agencias-btl-promotoria-mexico/
3051	activa	regex=False	Redirecciones	/directorio/proveedores/agencia-de-promocion-integramerk-945	->	/rankings/agencias-btl-promotoria-mexico/
3050	activa	regex=False	Redirecciones	/directorio/proveedores/agencia-de-promocion-grupo-cepron-944	->	/rankings/agencias-btl-promotoria-mexico/
3049	activa	regex=False	Redirecciones	/directorio/proveedores/agencia-de-promocion-glow-y-grow-943	->	/rankings/agencias-btl-promotoria-mexico/
3048	activa	regex=False	Redirecciones	/directorio/proveedores/agencia-de-promocion-grupo-cosmic-942	->	/rankings/agencias-btl-promotoria-mexico/
3047	activa	regex=False	Redirecciones	/directorio/proveedores/agencia-de-promocion-gap-941	->	/rankings/agencias-btl-promotoria-mexico/
3046	activa	regex=False	Redirecciones	/directorio/proveedores/agencia-de-promocion-expresa-940	->	/rankings/agencias-btl-promotoria-mexico/
3045	activa	regex=False	Redirecciones	/directorio/proveedores/agencia-de-promocion-engloba-939	->	/rankings/agencias-btl-promotoria-mexico/
3044	activa	regex=False	Redirecciones	/directorio/proveedores/agencia-de-promocion-enfoque-creativo-938	->	/rankings/agencias-btl-promotoria-mexico/
3043	activa	regex=False	Redirecciones	/directorio/proveedores/agencia-de-promocion-ejecutando-ideas-937	->	/rankings/agencias-btl-promotoria-mexico/
3042	activa	regex=False	Redirecciones	/directorio/proveedores/agencia-de-promocion-dinamerc-936	->	/rankings/agencias-btl-promotoria-mexico/
3041	activa	regex=False	Redirecciones	/directorio/proveedores/agencia-de-promocion-dinamica-en-mercadotecnia-935	->	/rankings/agencias-btl-promotoria-mexico/
3040	activa	regex=False	Redirecciones	/directorio/proveedores/agencia-de-promocion-grupo-ctp-934	->	/rankings/agencias-btl-promotoria-mexico/
3039	activa	regex=False	Redirecciones	/directorio/proveedores/agencia-de-promocion-grupo-creatica-933	->	/rankings/agencias-btl-promotoria-mexico/
3038	activa	regex=False	Redirecciones	/directorio/proveedores/agencia-de-promocion-corporativo-pedrote-932	->	/rankings/agencias-btl-promotoria-mexico/
3037	activa	regex=False	Redirecciones	/directorio/proveedores/agencia-de-promocion-circus-marketing-931	->	/rankings/agencias-btl-promotoria-mexico/
3036	activa	regex=False	Redirecciones	/directorio/proveedores/agencia-de-promocion-cartepsa-930	->	/rankings/agencias-btl-promotoria-mexico/
3035	activa	regex=False	Redirecciones	/directorio/proveedores/agencia-de-promocion-brand-promotion-929	->	/rankings/agencias-btl-promotoria-mexico/
3034	activa	regex=False	Redirecciones	/directorio/proveedores/agencia-de-promocion-biruzz-928	->	/rankings/agencias-btl-promotoria-mexico/
3033	activa	regex=False	Redirecciones	/directorio/proveedores/agencia-de-promocion-bilou-btl-927	->	/rankings/agencias-btl-promotoria-mexico/
3032	activa	regex=False	Redirecciones	/directorio/proveedores/agencia-de-promocion-business-insight-group-926	->	/rankings/agencias-btl-promotoria-mexico/
3031	activa	regex=False	Redirecciones	/directorio/proveedores/agencia-de-promocion-grupo-bahlcasa-925	->	/rankings/agencias-btl-promotoria-mexico/
3030	activa	regex=False	Redirecciones	/directorio/proveedores/agencia-de-promocion-art-kingdom-924	->	/rankings/agencias-btl-promotoria-mexico/
3029	activa	regex=False	Redirecciones	/directorio/proveedores/agencia-de-promocion-alterna-dinamica-btl-923	->	/rankings/agencias-btl-promotoria-mexico/
3028	activa	regex=False	Redirecciones	/directorio/proveedores/agencia-de-promocion-advertising-and-promotion-922	->	/rankings/agencias-btl-promotoria-mexico/
3027	activa	regex=False	Redirecciones	/directorio/proveedores/agencia-de-modelos-voala-models-921	->	/rankings/productoras-de-eventos-mexico/
3026	activa	regex=False	Redirecciones	/directorio/proveedores/agencia-de-modelos-tandem-modelos-920	->	/rankings/productoras-de-eventos-mexico/
3025	activa	regex=False	Redirecciones	/directorio/proveedores/agencia-de-modelos-modelsite-919	->	/rankings/productoras-de-eventos-mexico/
3024	activa	regex=False	Redirecciones	/directorio/proveedores/agencia-de-modelos-look-models-mexico-918	->	/rankings/productoras-de-eventos-mexico/
3023	activa	regex=False	Redirecciones	/directorio/proveedores/agencia-de-modelos-lmnts-promotions-917	->	/rankings/productoras-de-eventos-mexico/
3022	activa	regex=False	Redirecciones	/directorio/proveedores/agencia-de-modelos-id-corporativo-916	->	/rankings/productoras-de-eventos-mexico/
3021	activa	regex=False	Redirecciones	/directorio/proveedores/agencia-de-modelos-gli-attori-casting-915	->	/rankings/productoras-de-eventos-mexico/
3020	activa	regex=False	Redirecciones	/directorio/proveedores/agencia-de-modelos-gamodels-914	->	/rankings/productoras-de-eventos-mexico/
3019	activa	regex=False	Redirecciones	/directorio/proveedores/agencia-de-modelos-eventa-913	->	/rankings/productoras-de-eventos-mexico/
3018	activa	regex=False	Redirecciones	/directorio/proveedores/agencia-de-modelos-eleganza-912	->	/rankings/productoras-de-eventos-mexico/
3017	activa	regex=False	Redirecciones	/directorio/proveedores/agencia-de-modelos-conceptos-mexico-911	->	/rankings/productoras-de-eventos-mexico/
3016	activa	regex=False	Redirecciones	/directorio/proveedores/agencia-de-modelos-captura-models-910	->	/rankings/productoras-de-eventos-mexico/
3015	activa	regex=False	Redirecciones	/directorio/proveedores/agencia-de-modelos-bravo-model-909	->	/rankings/productoras-de-eventos-mexico/
3014	activa	regex=False	Redirecciones	/directorio/proveedores/agencia-de-modelos-baxt-modelos-908	->	/rankings/productoras-de-eventos-mexico/
3013	activa	regex=False	Redirecciones	/directorio/proveedores/agencia-de-modelos-agencia-de-modelos-mexico-907	->	/rankings/productoras-de-eventos-mexico/
3012	activa	regex=False	Redirecciones	/directorio/proveedores/agencia-de-medios-zenithoptimedia-906	->	/rankings/agencias-de-medios-mexico/
3011	activa	regex=False	Redirecciones	/directorio/proveedores/agencia-de-medios-quiroga-agencia-de-medios-905	->	/rankings/agencias-de-medios-mexico/
3010	activa	regex=False	Redirecciones	/directorio/proveedores/agencia-de-medios-promosat-904	->	/rankings/agencias-de-medios-mexico/
3009	activa	regex=False	Redirecciones	/directorio/proveedores/agencia-de-medios-omd-mexico-903	->	/rankings/agencias-de-medios-mexico/
3008	activa	regex=False	Redirecciones	/directorio/proveedores/agencia-de-medios-nuklear-902	->	/rankings/agencias-de-medios-mexico/
3007	activa	regex=False	Redirecciones	/directorio/proveedores/agencia-de-medios-mpg-media-901	->	/rankings/agencias-de-medios-mexico/
3006	activa	regex=False	Redirecciones	/directorio/proveedores/agencia-de-medios-medios-masivos-mexicanos-900	->	/rankings/agencias-de-medios-mexico/
3005	activa	regex=False	Redirecciones	/directorio/proveedores/agencia-de-medios-mediacorp-899	->	/rankings/agencias-de-medios-mexico/
3004	activa	regex=False	Redirecciones	/directorio/proveedores/agencia-de-medios-initiative-898	->	/rankings/agencias-de-medios-mexico/
3003	activa	regex=False	Redirecciones	/directorio/proveedores/agencia-de-marketing-digital-zon-agencia-digital-897	->	/rankings/agencias-inbound-marketing-mexico/
3002	activa	regex=False	Redirecciones	/directorio/proveedores/agencia-de-marketing-digital-wulf-media-896	->	/rankings/agencias-de-medios-mexico/
3001	activa	regex=False	Redirecciones	/directorio/proveedores/agencia-de-marketing-digital-wsibsns-895	->	/rankings/agencias-inbound-marketing-mexico/
3000	activa	regex=False	Redirecciones	/directorio/proveedores/agencia-de-marketing-digital-virket-894	->	/rankings/agencias-inbound-marketing-mexico/
2999	activa	regex=False	Redirecciones	/directorio/proveedores/agencia-de-marketing-digital-trimcode-893	->	/rankings/agencias-inbound-marketing-mexico/
2998	activa	regex=False	Redirecciones	/directorio/proveedores/agencia-de-marketing-digital-the-project-agency-892	->	/rankings/agencias-inbound-marketing-mexico/
2997	activa	regex=False	Redirecciones	/directorio/proveedores/agencia-de-marketing-digital-tagcloud-891	->	/rankings/agencias-inbound-marketing-mexico/
2996	activa	regex=False	Redirecciones	/directorio/proveedores/agencia-de-marketing-digital-t2o-media-mexico-890	->	/rankings/agencias-de-medios-mexico/
2995	activa	regex=False	Redirecciones	/directorio/proveedores/agencia-de-marketing-digital-social-y-web-marketing-889	->	/rankings/agencias-inbound-marketing-mexico/
2994	activa	regex=False	Redirecciones	/directorio/proveedores/agencia-de-marketing-digital-socialmetrix-888	->	/rankings/agencias-inbound-marketing-mexico/
2993	activa	regex=False	Redirecciones	/directorio/proveedores/agencia-de-marketing-digital-socialand-887	->	/rankings/agencias-inbound-marketing-mexico/
2992	activa	regex=False	Redirecciones	/directorio/proveedores/agencia-de-marketing-digital-sb-magazine-886	->	/rankings/agencias-inbound-marketing-mexico/
2991	activa	regex=False	Redirecciones	/directorio/proveedores/agencia-de-marketing-digital-retuit-885	->	/rankings/agencias-inbound-marketing-mexico/
2990	activa	regex=False	Redirecciones	/directorio/proveedores/agencia-de-marketing-digital-resultics-884	->	/rankings/agencias-inbound-marketing-mexico/
2989	activa	regex=False	Redirecciones	/directorio/proveedores/agencia-de-marketing-digital-qark-digital-883	->	/rankings/agencias-inbound-marketing-mexico/
2988	activa	regex=False	Redirecciones	/directorio/proveedores/agencia-de-marketing-digital-publiclick-882	->	/rankings/agencias-inbound-marketing-mexico/
2987	activa	regex=False	Redirecciones	/directorio/proveedores/agencia-de-marketing-digital-prospect-factory-881	->	/rankings/agencias-inbound-marketing-mexico/
2986	activa	regex=False	Redirecciones	/directorio/proveedores/agencia-de-marketing-digital-pixart-880	->	/rankings/agencias-inbound-marketing-mexico/
2985	activa	regex=False	Redirecciones	/directorio/proveedores/agencia-de-marketing-digital-pentagrama-879	->	/rankings/agencias-inbound-marketing-mexico/
2984	activa	regex=False	Redirecciones	/directorio/proveedores/agencia-de-marketing-digital-paxzu-878	->	/rankings/agencias-inbound-marketing-mexico/
2983	activa	regex=False	Redirecciones	/directorio/proveedores/agencia-de-marketing-digital-overtake-877	->	/rankings/agencias-inbound-marketing-mexico/
2982	activa	regex=False	Redirecciones	/directorio/proveedores/agencia-de-marketing-digital-out-of-the-box-876	->	/rankings/agencias-inbound-marketing-mexico/
2981	activa	regex=False	Redirecciones	/directorio/proveedores/agencia-de-marketing-digital-orangeline-875	->	/rankings/agencias-inbound-marketing-mexico/
2980	activa	regex=False	Redirecciones	/directorio/proveedores/agencia-de-marketing-digital-ontwice-interactive-marketing-874	->	/rankings/agencias-inbound-marketing-mexico/
2979	activa	regex=False	Redirecciones	/directorio/proveedores/agencia-de-marketing-digital-neo-red-873	->	/rankings/agencias-inbound-marketing-mexico/
2978	activa	regex=False	Redirecciones	/directorio/proveedores/agencia-de-marketing-digital-nativo-digital-872	->	/rankings/agencias-inbound-marketing-mexico/
2977	activa	regex=False	Redirecciones	/directorio/proveedores/agencia-de-marketing-digital-minfinito-871	->	/rankings/agencias-inbound-marketing-mexico/
2976	activa	regex=False	Redirecciones	/directorio/proveedores/agencia-de-marketing-digital-metrica-btl-y-digital-870	->	/rankings/agencias-inbound-marketing-mexico/
2975	activa	regex=False	Redirecciones	/directorio/proveedores/agencia-de-marketing-digital-merka-869	->	/rankings/agencias-inbound-marketing-mexico/
2974	activa	regex=False	Redirecciones	/directorio/proveedores/agencia-de-marketing-digital-merca-3w-868	->	/rankings/agencias-inbound-marketing-mexico/
2973	activa	regex=False	Redirecciones	/directorio/proveedores/agencia-de-marketing-digital-mente-digital-867	->	/rankings/agencias-inbound-marketing-mexico/
2972	activa	regex=False	Redirecciones	/directorio/proveedores/agencia-de-marketing-digital-mediatika-866	->	/rankings/agencias-de-medios-mexico/
2971	activa	regex=False	Redirecciones	/directorio/proveedores/agencia-de-marketing-digital-mediasource-865	->	/rankings/agencias-de-medios-mexico/
2970	activa	regex=False	Redirecciones	/directorio/proveedores/agencia-de-marketing-digital-meca-864	->	/rankings/agencias-inbound-marketing-mexico/
2969	activa	regex=False	Redirecciones	/directorio/proveedores/agencia-de-marketing-digital-mboost-863	->	/rankings/agencias-inbound-marketing-mexico/
2968	activa	regex=False	Redirecciones	/directorio/proveedores/agencia-de-marketing-digital-masoko-862	->	/rankings/agencias-inbound-marketing-mexico/
2967	activa	regex=False	Redirecciones	/directorio/proveedores/agencia-de-marketing-digital-marnie-agency-mexico-861	->	/rankings/agencias-inbound-marketing-mexico/
2966	activa	regex=False	Redirecciones	/directorio/proveedores/agencia-de-marketing-digital-liceadmp-860	->	/rankings/agencias-inbound-marketing-mexico/
2965	activa	regex=False	Redirecciones	/directorio/proveedores/agencia-de-marketing-digital-labelium-859	->	/rankings/agencias-inbound-marketing-mexico/
2964	activa	regex=False	Redirecciones	/directorio/proveedores/agencia-de-marketing-digital-konzeppt-858	->	/rankings/agencias-inbound-marketing-mexico/
2963	activa	regex=False	Redirecciones	/directorio/proveedores/agencia-de-marketing-digital-klein-und-gross-857	->	/rankings/agencias-inbound-marketing-mexico/
2962	activa	regex=False	Redirecciones	/directorio/proveedores/agencia-de-marketing-digital-kamikaze-lab-856	->	/rankings/agencias-inbound-marketing-mexico/
2961	activa	regex=False	Redirecciones	/directorio/proveedores/agencia-de-marketing-digital-jetclic-855	->	/rankings/agencias-inbound-marketing-mexico/
2960	activa	regex=False	Redirecciones	/directorio/proveedores/agencia-de-marketing-digital-interalia-854	->	/rankings/agencias-inbound-marketing-mexico/
2959	activa	regex=False	Redirecciones	/directorio/proveedores/agencia-de-marketing-digital-interactive-art-marketing-853	->	/rankings/agencias-inbound-marketing-mexico/
2958	activa	regex=False	Redirecciones	/directorio/proveedores/agencia-de-marketing-digital-intempestivo-comunicacion-digital-852	->	/rankings/agencias-inbound-marketing-mexico/
2957	activa	regex=False	Redirecciones	/directorio/proveedores/agencia-de-marketing-digital-insistec-web-851	->	/rankings/agencias-inbound-marketing-mexico/
2956	activa	regex=False	Redirecciones	/directorio/proveedores/agencia-de-marketing-digital-icrossing-850	->	/rankings/agencias-inbound-marketing-mexico/
2955	activa	regex=False	Redirecciones	/directorio/proveedores/agencia-de-marketing-digital-gloop-849	->	/rankings/agencias-inbound-marketing-mexico/
2954	activa	regex=False	Redirecciones	/directorio/proveedores/agencia-de-marketing-digital-garritz-online-media-848	->	/rankings/agencias-de-medios-mexico/
2953	activa	regex=False	Redirecciones	/directorio/proveedores/agencia-de-marketing-digital-foostudio-847	->	/rankings/agencias-inbound-marketing-mexico/
2952	activa	regex=False	Redirecciones	/directorio/proveedores/agencia-de-marketing-digital-follow-me-brand-846	->	/rankings/agencias-inbound-marketing-mexico/
2951	activa	regex=False	Redirecciones	/directorio/proveedores/agencia-de-marketing-digital-figment-845	->	/rankings/agencias-inbound-marketing-mexico/
2950	activa	regex=False	Redirecciones	/directorio/proveedores/agencia-de-marketing-digital-existes-844	->	/rankings/agencias-inbound-marketing-mexico/
2949	activa	regex=False	Redirecciones	/directorio/proveedores/agencia-de-marketing-digital-ensight-mexico-843	->	/rankings/agencias-inbound-marketing-mexico/
2948	activa	regex=False	Redirecciones	/directorio/proveedores/agencia-de-marketing-digital-emarketing-total-842	->	/rankings/agencias-inbound-marketing-mexico/
2947	activa	regex=False	Redirecciones	/directorio/proveedores/agencia-de-marketing-digital-elogia-mexico-841	->	/rankings/agencias-inbound-marketing-mexico/
2946	activa	regex=False	Redirecciones	/directorio/proveedores/agencia-de-marketing-digital-dm-playbook-840	->	/rankings/agencias-inbound-marketing-mexico/
2945	activa	regex=False	Redirecciones	/directorio/proveedores/agencia-de-marketing-digital-digitalcodemx-839	->	/rankings/agencias-inbound-marketing-mexico/
2944	activa	regex=False	Redirecciones	/directorio/proveedores/agencia-de-marketing-digital-digilant-838	->	/rankings/agencias-inbound-marketing-mexico/
2943	activa	regex=False	Redirecciones	/directorio/proveedores/agencia-de-marketing-digital-cubos-web-837	->	/rankings/agencias-inbound-marketing-mexico/
2942	activa	regex=False	Redirecciones	/directorio/proveedores/agencia-de-marketing-digital-crossmedia-836	->	/rankings/agencias-de-medios-mexico/
2941	activa	regex=False	Redirecciones	/directorio/proveedores/agencia-de-marketing-digital-creative-works-835	->	/rankings/agencias-inbound-marketing-mexico/
2940	activa	regex=False	Redirecciones	/directorio/proveedores/agencia-de-marketing-digital-coco-marketing-834	->	/rankings/agencias-inbound-marketing-mexico/
2939	activa	regex=False	Redirecciones	/directorio/proveedores/agencia-de-marketing-digital-cliento-833	->	/rankings/agencias-inbound-marketing-mexico/
2938	activa	regex=False	Redirecciones	/directorio/proveedores/agencia-de-marketing-digital-clicker-360-832	->	/rankings/agencias-inbound-marketing-mexico/
2937	activa	regex=False	Redirecciones	/directorio/proveedores/agencia-de-marketing-digital-catorce-dias-831	->	/rankings/agencias-inbound-marketing-mexico/
2936	activa	regex=False	Redirecciones	/directorio/proveedores/agencia-de-marketing-digital-catom-830	->	/rankings/agencias-inbound-marketing-mexico/
2935	activa	regex=False	Redirecciones	/directorio/proveedores/agencia-de-marketing-digital-carbono-829	->	/rankings/agencias-inbound-marketing-mexico/
2934	activa	regex=False	Redirecciones	/directorio/proveedores/agencia-de-marketing-digital-brandigital-828	->	/rankings/agencias-inbound-marketing-mexico/
2933	activa	regex=False	Redirecciones	/directorio/proveedores/agencia-de-marketing-digital-bnn-827	->	/rankings/agencias-inbound-marketing-mexico/
2932	activa	regex=False	Redirecciones	/directorio/proveedores/agencia-de-marketing-digital-blue-web-marketing-826	->	/rankings/agencias-inbound-marketing-mexico/
2931	activa	regex=False	Redirecciones	/directorio/proveedores/agencia-de-marketing-digital-beleri-825	->	/rankings/agencias-inbound-marketing-mexico/
2930	activa	regex=False	Redirecciones	/directorio/proveedores/agencia-de-marketing-digital-attaph-824	->	/rankings/agencias-inbound-marketing-mexico/
2929	activa	regex=False	Redirecciones	/directorio/proveedores/agencia-de-marketing-digital-arena-media-823	->	/rankings/agencias-de-medios-mexico/
2928	activa	regex=False	Redirecciones	/directorio/proveedores/agencia-de-marketing-digital-antevenio-mexico-822	->	/rankings/agencias-inbound-marketing-mexico/
2927	activa	regex=False	Redirecciones	/directorio/proveedores/agencia-de-marketing-digital-ainity-821	->	/rankings/agencias-inbound-marketing-mexico/
2926	activa	regex=False	Redirecciones	/directorio/proveedores/agencia-de-marketing-digital-adssociales-820	->	/rankings/agencias-inbound-marketing-mexico/
2925	activa	regex=False	Redirecciones	/directorio/proveedores/agencia-de-marketing-digital-abaco-digital-819	->	/rankings/agencias-inbound-marketing-mexico/
2924	activa	regex=False	Redirecciones	/directorio/proveedores/agencia-de-locutores-tm-locutores-818	->	/rankings/estudios-doblaje-locucion-mexico/
2923	activa	regex=False	Redirecciones	/directorio/proveedores/agencia-de-locutores-palestino-y-asociados-817	->	/rankings/estudios-doblaje-locucion-mexico/
2922	activa	regex=False	Redirecciones	/directorio/proveedores/agencia-de-locutores-ronin-locutores-816	->	/rankings/estudios-doblaje-locucion-mexico/
2921	activa	regex=False	Redirecciones	/directorio/proveedores/agencia-de-locutores-produccion-coordinada-815	->	/rankings/estudios-doblaje-locucion-mexico/
2920	activa	regex=False	Redirecciones	/directorio/proveedores/agencia-de-locutores-manhattan-beat-814	->	/rankings/estudios-doblaje-locucion-mexico/
2919	activa	regex=False	Redirecciones	/directorio/proveedores/agencia-de-locutores-locutorescom-813	->	/rankings/estudios-doblaje-locucion-mexico/
2918	activa	regex=False	Redirecciones	/directorio/proveedores/agencia-de-locutores-la-cuarta-pared-812	->	/rankings/estudios-doblaje-locucion-mexico/
2917	activa	regex=False	Redirecciones	/directorio/proveedores/agencia-de-locutores-fvlocutorescom-811	->	/rankings/estudios-doblaje-locucion-mexico/
2916	activa	regex=False	Redirecciones	/directorio/proveedores/agencia-de-locutores-bomberazostv-810	->	/rankings/estudios-doblaje-locucion-mexico/
2915	activa	regex=False	Redirecciones	/directorio/proveedores/agencia-de-locutores-audiomarketing-809	->	/rankings/estudios-doblaje-locucion-mexico/
2914	activa	regex=False	Redirecciones	/directorio/proveedores/agencia-de-locutores-allegro-publicitario-808	->	/rankings/estudios-doblaje-locucion-mexico/
2913	activa	regex=False	Redirecciones	/directorio/proveedores/agencia-de-imagen-publica-imagen-publica-807	->	/rankings/agencias-de-medios-mexico/
2912	activa	regex=False	Redirecciones	/directorio/proveedores/agencia-de-imagen-publica-image-design-806	->	/rankings/estudios-diseno-branding-mexico/
2911	activa	regex=False	Redirecciones	/directorio/proveedores/agencia-de-eventos-zc-eventos-y-publicidad-805	->	/rankings/productoras-de-eventos-mexico/
2910	activa	regex=False	Redirecciones	/directorio/proveedores/agencia-de-eventos-we-love-party-804	->	/rankings/productoras-de-eventos-mexico/
2909	activa	regex=False	Redirecciones	/directorio/proveedores/agencia-de-eventos-eventos-vb-803	->	/rankings/productoras-de-eventos-mexico/
2908	activa	regex=False	Redirecciones	/directorio/proveedores/agencia-de-eventos-synergia-eventos-802	->	/rankings/productoras-de-eventos-mexico/
2907	activa	regex=False	Redirecciones	/directorio/proveedores/agencia-de-eventos-sync-801	->	/rankings/productoras-de-eventos-mexico/
2906	activa	regex=False	Redirecciones	/directorio/proveedores/agencia-de-eventos-servem-800	->	/rankings/productoras-de-eventos-mexico/
2905	activa	regex=False	Redirecciones	/directorio/proveedores/agencia-de-eventos-punto-eventos-799	->	/rankings/productoras-de-eventos-mexico/
2904	activa	regex=False	Redirecciones	/directorio/proveedores/agencia-de-eventos-pspm-798	->	/rankings/productoras-de-eventos-mexico/
2903	activa	regex=False	Redirecciones	/directorio/proveedores/agencia-de-eventos-promotion-mexico-797	->	/rankings/agencias-btl-promotoria-mexico/
2902	activa	regex=False	Redirecciones	/directorio/proveedores/agencia-de-eventos-premier-meetings-796	->	/rankings/productoras-de-eventos-mexico/
2901	activa	regex=False	Redirecciones	/directorio/proveedores/agencia-de-eventos-pae-publicidad-795	->	/rankings/productoras-de-eventos-mexico/
2900	activa	regex=False	Redirecciones	/directorio/proveedores/agencia-de-eventos-next-motiv-794	->	/rankings/productoras-de-eventos-mexico/
2899	activa	regex=False	Redirecciones	/directorio/proveedores/agencia-de-eventos-motion-comunicacion-793	->	/rankings/productoras-de-eventos-mexico/
2898	activa	regex=False	Redirecciones	/directorio/proveedores/agencia-de-eventos-mh-producciones-792	->	/rankings/casas-productoras-mexico/
2897	activa	regex=False	Redirecciones	/directorio/proveedores/agencia-de-eventos-macllam-producciones-791	->	/rankings/casas-productoras-mexico/
2896	activa	regex=False	Redirecciones	/directorio/proveedores/agencia-de-eventos-kuatro-producciones-790	->	/rankings/casas-productoras-mexico/
2895	activa	regex=False	Redirecciones	/directorio/proveedores/agencia-de-eventos-jyj-eventos-789	->	/rankings/productoras-de-eventos-mexico/
2894	activa	regex=False	Redirecciones	/directorio/proveedores/agencia-de-eventos-gurus-creativos-788	->	/rankings/productoras-de-eventos-mexico/
2893	activa	regex=False	Redirecciones	/directorio/proveedores/agencia-de-eventos-grupo-nicte-787	->	/rankings/productoras-de-eventos-mexico/
2892	activa	regex=False	Redirecciones	/directorio/proveedores/agencia-de-eventos-grupo-probaco-786	->	/rankings/productoras-de-eventos-mexico/
2891	activa	regex=False	Redirecciones	/directorio/proveedores/agencia-de-eventos-eslabon-empresarial-785	->	/rankings/productoras-de-eventos-mexico/
2890	activa	regex=False	Redirecciones	/directorio/proveedores/agencia-de-eventos-elektro-mood-784	->	/rankings/productoras-de-eventos-mexico/
2889	activa	regex=False	Redirecciones	/directorio/proveedores/agencia-de-eventos-design-tecnologia-audiovisual-783	->	/rankings/productoras-de-eventos-mexico/
2888	activa	regex=False	Redirecciones	/directorio/proveedores/agencia-de-eventos-csf-av-productions-782	->	/rankings/productoras-de-eventos-mexico/
2887	activa	regex=False	Redirecciones	/directorio/proveedores/agencia-de-eventos-creatividad-781	->	/rankings/productoras-de-eventos-mexico/
2886	activa	regex=False	Redirecciones	/directorio/proveedores/agencia-de-eventos-conferencistas-mexico-780	->	/rankings/productoras-de-eventos-mexico/
2885	activa	regex=False	Redirecciones	/directorio/proveedores/agencia-de-eventos-conceptual-holding-779	->	/rankings/productoras-de-eventos-mexico/
2884	activa	regex=False	Redirecciones	/directorio/proveedores/agencia-de-eventos-blend-producciones-778	->	/rankings/casas-productoras-mexico/
2883	activa	regex=False	Redirecciones	/directorio/proveedores/agencia-de-diseno-industrial-traktor-lab-777	->	/rankings/estudios-diseno-branding-mexico/
2882	activa	regex=False	Redirecciones	/directorio/proveedores/agencia-de-comunicacion-y-marketing-la-agencia-viva-776	->	/rankings/agencias-de-marketing-mexico/
2881	activa	regex=False	Redirecciones	/directorio/proveedores/agencia-de-comunicacion-y-marketing-vinter-marketing-vibrations-775	->	/rankings/agencias-de-marketing-mexico/
2880	activa	regex=False	Redirecciones	/directorio/proveedores/agencia-de-comunicacion-y-marketing-the-jeffrey-group-774	->	/rankings/agencias-de-marketing-mexico/
2879	activa	regex=False	Redirecciones	/directorio/proveedores/agencia-de-comunicacion-y-marketing-teorus-773	->	/rankings/agencias-de-marketing-mexico/
2878	activa	regex=False	Redirecciones	/directorio/proveedores/agencia-de-comunicacion-y-marketing-tengo-una-idea-772	->	/rankings/agencias-de-marketing-mexico/
2877	activa	regex=False	Redirecciones	/directorio/proveedores/agencia-de-comunicacion-y-marketing-tangerine-soul-pr-771	->	/rankings/agencias-relaciones-publicas-mexico/
2876	activa	regex=False	Redirecciones	/directorio/proveedores/agencia-de-comunicacion-y-marketing-t7marketing-770	->	/rankings/agencias-de-marketing-mexico/
2875	activa	regex=False	Redirecciones	/directorio/proveedores/agencia-de-comunicacion-y-marketing-spalancati-769	->	/rankings/agencias-de-marketing-mexico/
2874	activa	regex=False	Redirecciones	/directorio/proveedores/agencia-de-comunicacion-y-marketing-revolucion0-768	->	/rankings/agencias-de-marketing-mexico/
2873	activa	regex=False	Redirecciones	/directorio/proveedores/agencia-de-comunicacion-y-marketing-random-interactive-767	->	/rankings/agencias-de-marketing-mexico/
2872	activa	regex=False	Redirecciones	/directorio/proveedores/agencia-de-comunicacion-y-marketing-pixel-siete-766	->	/rankings/agencias-de-marketing-mexico/
2871	activa	regex=False	Redirecciones	/directorio/proveedores/agencia-de-comunicacion-y-marketing-llorente-y-cuenca-765	->	/rankings/agencias-de-marketing-mexico/
2870	activa	regex=False	Redirecciones	/directorio/proveedores/agencia-de-comunicacion-y-marketing-labase-764	->	/rankings/agencias-de-marketing-mexico/
2869	activa	regex=False	Redirecciones	/directorio/proveedores/agencia-de-comunicacion-y-marketing-ion-comunicacion-763	->	/rankings/agencias-de-marketing-mexico/
2868	activa	regex=False	Redirecciones	/directorio/proveedores/agencia-de-comunicacion-y-marketing-intravox-762	->	/rankings/agencias-de-marketing-mexico/
2867	activa	regex=False	Redirecciones	/directorio/proveedores/agencia-de-comunicacion-y-marketing-idyllium-761	->	/rankings/agencias-de-marketing-mexico/
2866	activa	regex=False	Redirecciones	/directorio/proveedores/agencia-de-comunicacion-y-marketing-hdo-ideas-realidad-760	->	/rankings/agencias-de-marketing-mexico/
2865	activa	regex=False	Redirecciones	/directorio/proveedores/agencia-de-comunicacion-y-marketing-grupo-axius-759	->	/rankings/agencias-de-marketing-mexico/
2864	activa	regex=False	Redirecciones	/directorio/proveedores/agencia-de-comunicacion-y-marketing-godisruptive-758	->	/rankings/agencias-de-marketing-mexico/
2863	activa	regex=False	Redirecciones	/directorio/proveedores/agencia-de-comunicacion-y-marketing-guru-estudio-757	->	/rankings/agencias-de-marketing-mexico/
2862	activa	regex=False	Redirecciones	/directorio/proveedores/agencia-de-comunicacion-y-marketing-doubleyou-756	->	/rankings/agencias-de-marketing-mexico/
2861	activa	regex=False	Redirecciones	/directorio/proveedores/agencia-de-comunicacion-y-marketing-contenidos-web-755	->	/rankings/agencias-inbound-marketing-mexico/
2860	activa	regex=False	Redirecciones	/directorio/proveedores/agencia-de-comunicacion-y-marketing-concepto-total-754	->	/rankings/agencias-de-marketing-mexico/
2859	activa	regex=False	Redirecciones	/directorio/proveedores/agencia-de-comunicacion-y-marketing-cliente-y-medio-753	->	/rankings/agencias-de-marketing-mexico/
2858	activa	regex=False	Redirecciones	/directorio/proveedores/agencia-de-comunicacion-y-marketing-central-media-752	->	/rankings/agencias-de-medios-mexico/
2857	activa	regex=False	Redirecciones	/directorio/proveedores/agencia-de-comunicacion-y-marketing-blue-marketing-751	->	/rankings/agencias-de-marketing-mexico/
2856	activa	regex=False	Redirecciones	/directorio/proveedores/agencia-de-comunicacion-y-marketing-bbdagency-750	->	/rankings/agencias-de-marketing-mexico/
2855	activa	regex=False	Redirecciones	/directorio/proveedores/agencia-de-comunicacion-y-marketing-agencia-i-749	->	/rankings/agencias-de-marketing-mexico/
2854	activa	regex=False	Redirecciones	/directorio/proveedores/agencia-de-comunicacion-y-marketing-abc-digital-748	->	/rankings/agencias-inbound-marketing-mexico/
2853	activa	regex=False	Redirecciones	/directorio/proveedores/agencia-de-capacitacion-ascentium-747	->	/rankings/agencias-de-publicidad-mexico/
2852	activa	regex=False	Redirecciones	/directorio/proveedores/agencia-de-capacitacion-percepcion-e-imagen-746	->	/rankings/agencias-de-marketing-mexico/
2851	activa	regex=False	Redirecciones	/directorio/proveedores/agencia-de-capacitacion-evolve-745	->	/rankings/agencias-de-publicidad-mexico/
2850	activa	regex=False	Redirecciones	/directorio/proveedores/agencia-de-capacitacion-esther-gurrion-estrategia-y-liderazgo-creativo-744	->	/rankings/estudios-diseno-branding-mexico/
2849	activa	regex=False	Redirecciones	/directorio/proveedores/agencia-de-capacitacion-efectus-743	->	/rankings/agencias-de-marketing-mexico/
2848	activa	regex=False	Redirecciones	/directorio/proveedores/agencia-de-capacitacion-alef-consultores-742	->	/rankings/agencias-de-marketing-mexico/
2847	activa	regex=False	Redirecciones	/directorio/proveedores/agencia-de-capacitacion-achieveglobal-741	->	/rankings/agencias-de-marketing-mexico/
2846	activa	regex=False	Redirecciones	/directorio/proveedores/agencia-de-capacitacion-acervus-740	->	/rankings/agencias-de-publicidad-mexico/
2845	activa	regex=False	Redirecciones	/directorio/proveedores/agencia-de-capacitacion-acelerant-consulting-group-739	->	/rankings/agencias-de-publicidad-mexico/
2844	activa	regex=False	Redirecciones	/directorio/proveedores/agencia-de-capacitacion-acc-consultores-738	->	/rankings/agencias-de-marketing-mexico/
2843	activa	regex=False	Redirecciones	/directorio/proveedores/quinque-foto-diseno-737	->	/rankings/estudios-diseno-branding-mexico/
2842	activa	regex=False	Redirecciones	/directorio/proveedores/inbound-736	->	/rankings/agencias-inbound-marketing-mexico/
2841	activa	regex=False	Redirecciones	/directorio/proveedores/publimedios-735	->	/rankings/agencias-de-medios-mexico/
2840	activa	regex=False	Redirecciones	/directorio/proveedores/fernando-arturo-martinez-aguilar-734	->	/rankings/agencias-inbound-marketing-mexico/
2839	activa	regex=False	Redirecciones	/directorio/proveedores/estudio-mixi-733	->	/rankings/estudios-diseno-branding-mexico/
2838	activa	regex=False	Redirecciones	/directorio/proveedores/publiplaya-732	->	/rankings/agencias-de-publicidad-por-estado/
2837	activa	regex=False	Redirecciones	/directorio/proveedores/nyksa-print-731	->	/rankings/agencias-btl-promotoria-mexico/
2836	activa	regex=False	Redirecciones	/directorio/proveedores/publi-1000-730	->	/rankings/agencias-de-publicidad-por-estado/
2835	activa	regex=False	Redirecciones	/directorio/proveedores/ptm-mx-sa-de-cv-729	->	/rankings/agencias-de-publicidad-por-estado/
2834	activa	regex=False	Redirecciones	/directorio/proveedores/records-music-728	->	/rankings/agencias-de-publicidad-por-estado/
2833	activa	regex=False	Redirecciones	/directorio/proveedores/el-notichero-725	->	/rankings/casas-productoras-mexico/
2832	activa	regex=False	Redirecciones	/directorio/proveedores/led-tec-y-beyond-s-de-rl-de-c-v-724	->	/rankings/agencias-de-publicidad-por-estado/
2831	activa	regex=False	Redirecciones	/directorio/proveedores/graficos-721	->	/rankings/proveedores-pop-promocionales-mexico/
2830	activa	regex=False	Redirecciones	/directorio/proveedores/radio-comunicacion-de-mexico-720	->	/rankings/grupos-radiofonicos-mexico/
2829	activa	regex=False	Redirecciones	/directorio/proveedores/go-print-719	->	/rankings/proveedores-pop-promocionales-mexico/
2828	activa	regex=False	Redirecciones	/directorio/proveedores/lonas-j-lonas-l-718	->	/rankings/proveedores-pop-promocionales-mexico/
2827	activa	regex=False	Redirecciones	/directorio/proveedores/gmb-comunicaciones-sa-de-cv-716	->	/rankings/agencias-de-marketing-mexico/
2826	activa	regex=False	Redirecciones	/directorio/proveedores/inpressit-715	->	/rankings/proveedores-pop-promocionales-mexico/
2825	activa	regex=False	Redirecciones	/directorio/proveedores/eye-publicity-713	->	/rankings/agencias-de-publicidad-por-estado/
2824	activa	regex=False	Redirecciones	/directorio/proveedores/publicidad-creativa-712	->	/rankings/estudios-diseno-branding-mexico/
2823	activa	regex=False	Redirecciones	/directorio/proveedores/proyectame-publicidad-y-papeleria-s-a-de-c-v-709	->	/rankings/agencias-de-publicidad-por-estado/
2822	activa	regex=False	Redirecciones	/directorio/proveedores/corporativo-vitrodiseño-s-a-de-c-v-707	->	/rankings/estudios-diseno-branding-mexico/
2821	activa	regex=False	Redirecciones	/directorio/proveedores/imagen-impresa-de-occidente-s-a-de-c-v-706	->	/rankings/proveedores-pop-promocionales-mexico/
2820	activa	regex=False	Redirecciones	/directorio/proveedores/crea-705	->	/rankings/agencias-de-publicidad-por-estado/
2819	activa	regex=False	Redirecciones	/directorio/proveedores/imaginación-en-arte-visual-sa-de-cv-703	->	/rankings/agencias-de-publicidad-por-estado/
2818	activa	regex=False	Redirecciones	/directorio/proveedores/grafinsa-grafica-s-a-de-c-v-701	->	/rankings/proveedores-pop-promocionales-mexico/
2817	activa	regex=False	Redirecciones	/directorio/proveedores/espacios-gigantes-s-a-de-c-v-700	->	/rankings/agencias-de-publicidad-por-estado/
2816	activa	regex=False	Redirecciones	/directorio/proveedores/servicios-de-publicidad-y-comunicacion-699	->	/rankings/agencias-de-marketing-mexico/
2815	activa	regex=False	Redirecciones	/directorio/proveedores/agdi-publicidad-697	->	/rankings/proveedores-pop-promocionales-mexico/
2814	activa	regex=False	Redirecciones	/directorio/proveedores/el-circulo-rojo-695	->	/rankings/agencias-de-publicidad-por-estado/
2813	activa	regex=False	Redirecciones	/directorio/proveedores/el-real-de-chihuahua-693	->	/rankings/agencias-de-publicidad-por-estado/
2812	activa	regex=False	Redirecciones	/directorio/proveedores/profesionales-de-playa-mujeres-sa-de-cv-692	->	/rankings/agencias-de-publicidad-por-estado/
2811	activa	regex=False	Redirecciones	/directorio/proveedores/dynamic-display´dd-691	->	/publicidad/
2810	activa	regex=False	Redirecciones	/directorio/proveedores/jnn-publicidad-y-buro-de-publicidad-y-diseño-690	->	/rankings/estudios-diseno-branding-mexico/
2809	activa	regex=False	Redirecciones	/directorio/proveedores/grupo-dado-689	->	/rankings/agencias-de-publicidad-por-estado/
2808	activa	regex=False	Redirecciones	/directorio/proveedores/dario-del-centro-sa-de-cv-686	->	/rankings/agencias-de-publicidad-cdmx/
2807	activa	regex=False	Redirecciones	/directorio/proveedores/atm-espectaculares-s-a-de-c-v-685	->	/rankings/empresas-publicidad-exterior-mexico/
2806	activa	regex=False	Redirecciones	/directorio/proveedores/sendos-683	->	/rankings/agencias-de-publicidad-por-estado/
2805	activa	regex=False	Redirecciones	/directorio/proveedores/el-angel-682	->	/rankings/agencias-de-publicidad-por-estado/
2804	activa	regex=False	Redirecciones	/directorio/proveedores/contreras-publicidad-680	->	/rankings/agencias-de-publicidad-por-estado/
2803	activa	regex=False	Redirecciones	/directorio/proveedores/publix-679	->	/rankings/agencias-de-publicidad-por-estado/
2802	activa	regex=False	Redirecciones	/directorio/proveedores/casa-publicidad-y-asociados-s-a-de-c-v-677	->	/rankings/empresas-publicidad-exterior-mexico/
2801	activa	regex=False	Redirecciones	/directorio/proveedores/inovacion-de-fabricas-de-rl-de-c-v-676	->	/rankings/agencias-de-publicidad-por-estado/
2800	activa	regex=False	Redirecciones	/directorio/proveedores/el-horno-de-las-noticias-675	->	/rankings/agencias-de-publicidad-por-estado/
2799	activa	regex=False	Redirecciones	/directorio/proveedores/onilix-s-a-de-c-v-674	->	/rankings/agencias-de-publicidad-por-estado/
2798	activa	regex=False	Redirecciones	/directorio/proveedores/capaco-sa-de-cv-673	->	/rankings/agencias-de-publicidad-cdmx/
2797	activa	regex=False	Redirecciones	/directorio/proveedores/sonido-digital-cotzver-672	->	/rankings/agencias-inbound-marketing-mexico/
2796	activa	regex=False	Redirecciones	/directorio/proveedores/todo-es-politica-noticias-s-a-de-c-v-671	->	/rankings/agencias-de-publicidad-por-estado/
2795	activa	regex=False	Redirecciones	/directorio/proveedores/ideas-publicidad-670	->	/rankings/agencias-de-publicidad-por-estado/
2794	activa	regex=False	Redirecciones	/directorio/proveedores/imprenta-siglo-xxv-s-a-de-c-v-669	->	/rankings/proveedores-pop-promocionales-mexico/
2793	activa	regex=False	Redirecciones	/directorio/proveedores/paranoide-668	->	/rankings/agencias-de-publicidad-por-estado/
2792	activa	regex=False	Redirecciones	/directorio/proveedores/graphic-lab-666	->	/rankings/agencias-de-publicidad-por-estado/
2791	activa	regex=False	Redirecciones	/directorio/proveedores/megamovil-665	->	/rankings/agencias-de-publicidad-por-estado/
2790	activa	regex=False	Redirecciones	/directorio/proveedores/creativa-664	->	/rankings/estudios-diseno-branding-mexico/
2789	activa	regex=False	Redirecciones	/directorio/proveedores/servicios-de-publicidad-661	->	/rankings/agencias-de-publicidad-por-estado/
2788	activa	regex=False	Redirecciones	/directorio/proveedores/publicidad-plastivei-659	->	/rankings/agencias-de-publicidad-por-estado/
2787	activa	regex=False	Redirecciones	/directorio/proveedores/orlandoz-publicidad-658	->	/rankings/agencias-de-publicidad-por-estado/
2786	activa	regex=False	Redirecciones	/directorio/proveedores/orlandoz-publicidad-657	->	/rankings/agencias-de-publicidad-por-estado/
2785	activa	regex=False	Redirecciones	/directorio/proveedores/en-vivo-radio-y-tv-sa-de-cv-654	->	/rankings/grupos-radiofonicos-mexico/
2784	activa	regex=False	Redirecciones	/directorio/proveedores/grupo-multimedia-la-otra-plana-sa-de-cv-653	->	/rankings/agencias-de-medios-mexico/
2783	activa	regex=False	Redirecciones	/directorio/proveedores/servicios-de-asesoria-y-marketing-de-tamaulipas-sa-de-cv-652	->	/rankings/agencias-de-marketing-mexico/
2782	activa	regex=False	Redirecciones	/directorio/proveedores/pyn-radio-publicidad-s-a-de-c-v-650	->	/rankings/grupos-radiofonicos-mexico/
2781	activa	regex=False	Redirecciones	/directorio/proveedores/empresa-de-tecnologia-virtual-sa-de-cv-649	->	/rankings/agencias-de-publicidad-por-estado/
2780	activa	regex=False	Redirecciones	/directorio/proveedores/imagen-empresarial-648	->	/rankings/empresas-publicidad-exterior-mexico/
2779	activa	regex=False	Redirecciones	/directorio/proveedores/alroja-medios-sa-de-cv-647	->	/rankings/agencias-de-medios-mexico/
2778	activa	regex=False	Redirecciones	/directorio/proveedores/el-matutino-sa-de-cv-646	->	/rankings/agencias-de-publicidad-por-estado/
2777	activa	regex=False	Redirecciones	/directorio/proveedores/saga-del-cupatitzio-s-a-de-c-v-645	->	/rankings/grupos-radiofonicos-mexico/
2776	activa	regex=False	Redirecciones	/directorio/proveedores/comercializadora-copasi-publicidad-644	->	/rankings/agencias-de-publicidad-por-estado/
2775	activa	regex=False	Redirecciones	/directorio/proveedores/evolucion-grafica-643	->	/rankings/proveedores-pop-promocionales-mexico/
2774	activa	regex=False	Redirecciones	/directorio/proveedores/webstation-s-a-de-c-v-642	->	/rankings/agencias-inbound-marketing-mexico/
2773	activa	regex=False	Redirecciones	/directorio/proveedores/reyes-cano-publicidad-sa-de-cv-641	->	/rankings/empresas-publicidad-exterior-mexico/
2772	activa	regex=False	Redirecciones	/directorio/proveedores/impacto-publicitario-de-tamaulipas-s-a-de-c-v-639	->	/rankings/agencias-de-publicidad-por-estado/
2771	activa	regex=False	Redirecciones	/directorio/proveedores/magneta-graficas-638	->	/rankings/proveedores-pop-promocionales-mexico/
2770	activa	regex=False	Redirecciones	/directorio/proveedores/grupo-namis-negocios-alianzas-medios-interactivos-sa-de-cv-637	->	/rankings/agencias-de-medios-mexico/
2769	activa	regex=False	Redirecciones	/directorio/proveedores/multiservicios-y-publicidad-636	->	/rankings/agencias-de-publicidad-por-estado/
2768	activa	regex=False	Redirecciones	/directorio/proveedores/branding-five-635	->	/rankings/estudios-diseno-branding-mexico/
2767	activa	regex=False	Redirecciones	/directorio/proveedores/diseño-y-publicidad-634	->	/rankings/estudios-diseno-branding-mexico/
2766	activa	regex=False	Redirecciones	/directorio/proveedores/servicios-publicitarios-publiram-630	->	/rankings/agencias-de-publicidad-por-estado/
2765	activa	regex=False	Redirecciones	/directorio/proveedores/viny-laser-629	->	/rankings/agencias-de-publicidad-por-estado/
2764	activa	regex=False	Redirecciones	/directorio/proveedores/bimad-publicidad-s-a-de-c-v-628	->	/rankings/agencias-de-publicidad-por-estado/
2763	activa	regex=False	Redirecciones	/directorio/proveedores/ideas-graficas-627	->	/rankings/proveedores-pop-promocionales-mexico/
2762	activa	regex=False	Redirecciones	/directorio/proveedores/corporativo-medios-en-movimiento-s-a-de-c-v-626	->	/rankings/agencias-de-medios-mexico/
2761	activa	regex=False	Redirecciones	/directorio/proveedores/trazo-corporativo-en-publicidad-sa-de-cv-625	->	/rankings/agencias-de-publicidad-por-estado/
2760	activa	regex=False	Redirecciones	/directorio/proveedores/graphics-sistem-print-624	->	/rankings/agencias-de-publicidad-por-estado/
2759	activa	regex=False	Redirecciones	/directorio/proveedores/graxtes-publicidad-623	->	/rankings/agencias-de-publicidad-por-estado/
2758	activa	regex=False	Redirecciones	/directorio/proveedores/grupo-radio-mexico-cuidad-juarez-s-a-de-c-v-622	->	/rankings/grupos-radiofonicos-mexico/
2757	activa	regex=False	Redirecciones	/directorio/proveedores/publicidad-augusto-elias-s-a-de-c-v-621	->	/rankings/agencias-de-publicidad-cdmx/
2756	activa	regex=False	Redirecciones	/directorio/proveedores/tricomia-diseño-y-publicidad-620	->	/rankings/estudios-diseno-branding-mexico/
2755	activa	regex=False	Redirecciones	/directorio/proveedores/ab-kam-619	->	/rankings/agencias-de-publicidad-queretaro/
2754	activa	regex=False	Redirecciones	/directorio/proveedores/tisca-publicidad-618	->	/rankings/proveedores-pop-promocionales-mexico/
2753	activa	regex=False	Redirecciones	/directorio/proveedores/top-model-617	->	/rankings/agencias-de-publicidad-por-estado/
2752	activa	regex=False	Redirecciones	/directorio/proveedores/jaqueline-616	->	/rankings/agencias-de-publicidad-por-estado/
2751	activa	regex=False	Redirecciones	/directorio/proveedores/kreativos-615	->	/rankings/agencias-de-publicidad-por-estado/
2750	activa	regex=False	Redirecciones	/directorio/proveedores/real-image-614	->	/rankings/agencias-de-publicidad-por-estado/
2749	activa	regex=False	Redirecciones	/directorio/proveedores/a-publicidad-611	->	/rankings/agencias-de-publicidad-queretaro/
2748	activa	regex=False	Redirecciones	/directorio/proveedores/blog-creativo-610	->	/rankings/estudios-diseno-branding-mexico/
2747	activa	regex=False	Redirecciones	/directorio/proveedores/ayje-imprenta-s-a-de-c-v-609	->	/rankings/proveedores-pop-promocionales-mexico/
2746	activa	regex=False	Redirecciones	/directorio/proveedores/anuncios-luminosos-neon-america-608	->	/rankings/empresas-publicidad-exterior-mexico/
2745	activa	regex=False	Redirecciones	/directorio/proveedores/publicidad-y-medios-asociados-607	->	/rankings/agencias-de-medios-mexico/
2744	activa	regex=False	Redirecciones	/directorio/proveedores/quiality-and-permance-it-sc-605	->	/rankings/agencias-de-publicidad-por-estado/
2743	activa	regex=False	Redirecciones	/directorio/proveedores/publicidad-y-diseño-604	->	/rankings/estudios-diseno-branding-mexico/
2742	activa	regex=False	Redirecciones	/directorio/proveedores/comercabos-sa-de-cv-603	->	/rankings/agencias-de-publicidad-por-estado/
2741	activa	regex=False	Redirecciones	/directorio/proveedores/comercializadora-gps-2000-sa-de-cv-602	->	/rankings/agencias-de-publicidad-por-estado/
2740	activa	regex=False	Redirecciones	/directorio/proveedores/g4-de-mexico-s-a-de-c-v-601	->	/rankings/agencias-de-publicidad-por-estado/
2739	activa	regex=False	Redirecciones	/directorio/proveedores/snell-ventures-s-de-rl-de-cv-600	->	/rankings/agencias-de-publicidad-por-estado/
2738	activa	regex=False	Redirecciones	/directorio/proveedores/corporacion-publicitaria-rg-sa-de-cv-599	->	/rankings/agencias-de-publicidad-cdmx/
2737	activa	regex=False	Redirecciones	/directorio/proveedores/publicidad-hermanos-rojas-597	->	/rankings/agencias-de-publicidad-por-estado/
2736	activa	regex=False	Redirecciones	/directorio/proveedores/jorge-596	->	/rankings/agencias-de-publicidad-queretaro/
2735	activa	regex=False	Redirecciones	/directorio/proveedores/top-medios-s-a-de-c-v-595	->	/rankings/agencias-de-medios-mexico/
2734	activa	regex=False	Redirecciones	/directorio/proveedores/impactos-frecuencia-y-cobertura-en-medios-sa-de-cv-594	->	/rankings/agencias-de-medios-mexico/
2733	activa	regex=False	Redirecciones	/directorio/proveedores/24-grafics-s-a-de-c-v-593	->	/rankings/proveedores-pop-promocionales-mexico/
2732	activa	regex=False	Redirecciones	/directorio/proveedores/publicidad-en-transporte-592	->	/rankings/agencias-de-publicidad-por-estado/
2731	activa	regex=False	Redirecciones	/directorio/proveedores/optimizacion-en-medios-s-a-de-c-v-591	->	/rankings/agencias-de-medios-mexico/
2730	activa	regex=False	Redirecciones	/directorio/proveedores/efeckto-urbano-590	->	/rankings/agencias-de-publicidad-por-estado/
2729	activa	regex=False	Redirecciones	/directorio/proveedores/consultoria-y-asesoria-en-publicidad-sa-de-cv-589	->	/rankings/agencias-de-marketing-mexico/
2728	activa	regex=False	Redirecciones	/directorio/proveedores/aseco-sa-de-cv-588	->	/rankings/agencias-de-publicidad-por-estado/
2727	activa	regex=False	Redirecciones	/directorio/proveedores/rotulos-computarizados-e-impuresos-del-surestes-s-a-de-c-v-587	->	/rankings/agencias-de-publicidad-por-estado/
2726	activa	regex=False	Redirecciones	/directorio/proveedores/creaciones-720-586	->	/rankings/agencias-de-publicidad-por-estado/
2725	activa	regex=False	Redirecciones	/directorio/proveedores/sv-comunicacion-sc-585	->	/rankings/agencias-de-marketing-mexico/
2724	activa	regex=False	Redirecciones	/directorio/proveedores/imanes-584	->	/rankings/agencias-de-publicidad-por-estado/
2723	activa	regex=False	Redirecciones	/directorio/proveedores/orlandos-publicidad-582	->	/rankings/agencias-de-publicidad-por-estado/
2722	activa	regex=False	Redirecciones	/directorio/proveedores/bunker-y-taylor-s-a-de-c-v-580	->	/rankings/agencias-de-publicidad-por-estado/
2721	activa	regex=False	Redirecciones	/directorio/proveedores/power-torner-579	->	/rankings/agencias-de-publicidad-por-estado/
2720	activa	regex=False	Redirecciones	/directorio/proveedores/xl-taller-de-diseño-578	->	/rankings/estudios-diseno-branding-mexico/
2719	activa	regex=False	Redirecciones	/directorio/proveedores/penta-diseño-y-publicidad-577	->	/rankings/estudios-diseno-branding-mexico/
2718	activa	regex=False	Redirecciones	/directorio/proveedores/piblic-city-576	->	/rankings/agencias-de-publicidad-por-estado/
2717	activa	regex=False	Redirecciones	/directorio/proveedores/milgraf-puebla-s-a-de-c-v-575	->	/rankings/agencias-de-publicidad-por-estado/
2716	activa	regex=False	Redirecciones	/directorio/proveedores/agencia-interal-capital-mix-sa-de-cv-574	->	/rankings/agencias-de-publicidad-cdmx/
2715	activa	regex=False	Redirecciones	/directorio/proveedores/market-573	->	/rankings/agencias-de-publicidad-por-estado/
2714	activa	regex=False	Redirecciones	/directorio/proveedores/facilite-571	->	/rankings/agencias-de-publicidad-por-estado/
2713	activa	regex=False	Redirecciones	/directorio/proveedores/xpress-gift-569	->	/rankings/proveedores-pop-promocionales-mexico/
2712	activa	regex=False	Redirecciones	/directorio/proveedores/revista-progreso-568	->	/rankings/agencias-de-publicidad-por-estado/
2711	activa	regex=False	Redirecciones	/directorio/proveedores/rodco-567	->	/rankings/proveedores-pop-promocionales-mexico/
2710	activa	regex=False	Redirecciones	/directorio/proveedores/gastro-media-s-a-de-c-v-566	->	/rankings/agencias-de-medios-mexico/
2709	activa	regex=False	Redirecciones	/directorio/proveedores/publicidad-diseño-y-mercadotecnia-565	->	/rankings/estudios-diseno-branding-mexico/
2708	activa	regex=False	Redirecciones	/directorio/proveedores/sri-publicidad-564	->	/rankings/agencias-de-publicidad-por-estado/
2707	activa	regex=False	Redirecciones	/directorio/proveedores/estrategia-inteligente-de-medios-s-a-de-c-v-563	->	/rankings/agencias-de-medios-mexico/
2706	activa	regex=False	Redirecciones	/directorio/proveedores/tecnoprint-562	->	/rankings/agencias-de-publicidad-por-estado/
2705	activa	regex=False	Redirecciones	/directorio/proveedores/comercializadora-megaprint-s-de-r-l-de-c-v-561	->	/rankings/proveedores-pop-promocionales-mexico/
2704	activa	regex=False	Redirecciones	/directorio/proveedores/ponme-imagen-s-a-de-c-v-560	->	/rankings/agencias-de-publicidad-por-estado/
2703	activa	regex=False	Redirecciones	/directorio/proveedores/grupo-herlezq-s-a-de-c-v-559	->	/rankings/agencias-de-publicidad-por-estado/
2702	activa	regex=False	Redirecciones	/directorio/proveedores/producciones-signaleticas-mexicanas-s-a-de-c-v-557	->	/rankings/casas-productoras-mexico/
2701	activa	regex=False	Redirecciones	/directorio/proveedores/north-american-mailing-services-s-de-r-l-de-c-v-556	->	/rankings/proveedores-pop-promocionales-mexico/
2700	activa	regex=False	Redirecciones	/directorio/proveedores/mass-pub-sa-de-cv-555	->	/rankings/agencias-de-publicidad-cdmx/
2699	activa	regex=False	Redirecciones	/directorio/proveedores/lym-554	->	/rankings/agencias-de-publicidad-por-estado/
2698	activa	regex=False	Redirecciones	/directorio/proveedores/marketing-y-diseño-dob-sa-de-cv-553	->	/rankings/estudios-diseno-branding-mexico/
2697	activa	regex=False	Redirecciones	/directorio/proveedores/duranyork-552	->	/rankings/agencias-de-publicidad-por-estado/
2696	activa	regex=False	Redirecciones	/directorio/proveedores/publicaciones-del-chuviscar-s-a-de-c-v-551	->	/rankings/agencias-de-publicidad-por-estado/
2695	activa	regex=False	Redirecciones	/directorio/proveedores/paralelo-20-comunicacion-y-medios-s-a-de-c-v-549	->	/rankings/agencias-de-medios-mexico/
2694	activa	regex=False	Redirecciones	/directorio/proveedores/out-world-media-systems-s-a-de-cv-547	->	/rankings/agencias-de-medios-mexico/
2693	activa	regex=False	Redirecciones	/directorio/proveedores/servicios-letonia-s-de-rl-de-cv-546	->	/rankings/agencias-de-publicidad-por-estado/
2692	activa	regex=False	Redirecciones	/directorio/proveedores/distribuidora-bratley-s-a-de-c-v-544	->	/rankings/agencias-de-publicidad-por-estado/
2691	activa	regex=False	Redirecciones	/directorio/proveedores/comercializadora-chester-s-a-de-c-v-543	->	/rankings/agencias-de-publicidad-por-estado/
2690	activa	regex=False	Redirecciones	/directorio/proveedores/sign-fussion-s-a-de-c-v-542	->	/rankings/agencias-de-publicidad-por-estado/
2689	activa	regex=False	Redirecciones	/directorio/proveedores/pluvilivl-541	->	/rankings/agencias-de-publicidad-por-estado/
2688	activa	regex=False	Redirecciones	/directorio/proveedores/imagen-kreativa-540	->	/rankings/agencias-de-publicidad-por-estado/
2687	activa	regex=False	Redirecciones	/directorio/proveedores/publicidad-coherente-sa-de-cv-539	->	/rankings/agencias-de-publicidad-cdmx/
2686	activa	regex=False	Redirecciones	/directorio/proveedores/agl-publicidad-y-textiles-s-a-de-c-v-538	->	/rankings/agencias-de-publicidad-por-estado/
2685	activa	regex=False	Redirecciones	/directorio/proveedores/inspirando-ideas-sa-de-cv-535	->	/rankings/agencias-de-publicidad-queretaro/
2684	activa	regex=False	Redirecciones	/directorio/proveedores/imprimiendo-estilo-534	->	/rankings/agencias-de-publicidad-por-estado/
2683	activa	regex=False	Redirecciones	/directorio/proveedores/publitotal-sa-de-cv-533	->	/rankings/agencias-de-publicidad-monterrey/
2682	activa	regex=False	Redirecciones	/directorio/proveedores/publicidad-ojo-cielo-diseñadores-532	->	/rankings/agencias-de-publicidad-por-estado/
2681	activa	regex=False	Redirecciones	/directorio/proveedores/click-articulos-promocionales-s-a-de-c-v-531	->	/rankings/agencias-btl-promotoria-mexico/
2680	activa	regex=False	Redirecciones	/directorio/proveedores/matisse-publicidad-530	->	/rankings/agencias-de-publicidad-por-estado/
2679	activa	regex=False	Redirecciones	/directorio/proveedores/xpresate-publicidad-529	->	/rankings/agencias-de-publicidad-por-estado/
2678	activa	regex=False	Redirecciones	/directorio/proveedores/graba2-528	->	/rankings/agencias-de-publicidad-por-estado/
2677	activa	regex=False	Redirecciones	/directorio/proveedores/ideas-impresos-527	->	/rankings/proveedores-pop-promocionales-mexico/
2676	activa	regex=False	Redirecciones	/directorio/proveedores/unipolares-y-espectaculares-del-norte-s-a-de-c-v-526	->	/rankings/empresas-publicidad-exterior-mexico/
2675	activa	regex=False	Redirecciones	/directorio/proveedores/iconico-525	->	/rankings/agencias-de-publicidad-por-estado/
2674	activa	regex=False	Redirecciones	/directorio/proveedores/calendarios-len-524	->	/rankings/agencias-de-publicidad-por-estado/
2673	activa	regex=False	Redirecciones	/directorio/proveedores/sublimarte-s-a-de-c-v-521	->	/rankings/agencias-de-publicidad-por-estado/
2672	activa	regex=False	Redirecciones	/directorio/proveedores/giro-promocional-de-occidente-s-a-de-c-v-518	->	/rankings/agencias-btl-promotoria-mexico/
2671	activa	regex=False	Redirecciones	/directorio/proveedores/hve-creativo-517	->	/rankings/estudios-diseno-branding-mexico/
2670	activa	regex=False	Redirecciones	/directorio/proveedores/marsan-publicidad-516	->	/rankings/agencias-de-publicidad-por-estado/
2669	activa	regex=False	Redirecciones	/directorio/proveedores/campaña-productora-de-acciones-sa-de-cv-515	->	/rankings/casas-productoras-mexico/
2668	activa	regex=False	Redirecciones	/directorio/proveedores/impresión-digital-514	->	/rankings/agencias-inbound-marketing-mexico/
2667	activa	regex=False	Redirecciones	/directorio/proveedores/creatividad-y-diseño-de-hidalgo-s-a-de-c-v-513	->	/rankings/estudios-diseno-branding-mexico/
2666	activa	regex=False	Redirecciones	/directorio/proveedores/dragon-grafix-511	->	/rankings/agencias-de-publicidad-por-estado/
2665	activa	regex=False	Redirecciones	/directorio/proveedores/calendarios-len-510	->	/rankings/agencias-de-publicidad-por-estado/
2664	activa	regex=False	Redirecciones	/directorio/proveedores/nyksa-509	->	/rankings/agencias-de-publicidad-por-estado/
2663	activa	regex=False	Redirecciones	/directorio/proveedores/graficos-campos-508	->	/rankings/proveedores-pop-promocionales-mexico/
2662	activa	regex=False	Redirecciones	/directorio/proveedores/claro-oscuro-digital-507	->	/rankings/agencias-inbound-marketing-mexico/
2661	activa	regex=False	Redirecciones	/directorio/proveedores/x4-y-asociados-publicidad-505	->	/rankings/agencias-de-publicidad-por-estado/
2660	activa	regex=False	Redirecciones	/directorio/proveedores/directo-agencia-s-a-de-c-v-502	->	/rankings/agencias-de-publicidad-por-estado/
2659	activa	regex=False	Redirecciones	/directorio/proveedores/innovaciones-tecnologicas-para-impresion-y-pulicidad-s-a-de-c-v-501	->	/rankings/proveedores-pop-promocionales-mexico/
2658	activa	regex=False	Redirecciones	/directorio/proveedores/kromaxima-publicidad-s-a-de-c-v-500	->	/rankings/agencias-de-publicidad-por-estado/
2657	activa	regex=False	Redirecciones	/directorio/proveedores/anuncios-en-directorios-sa-de-cv-499	->	/rankings/empresas-publicidad-exterior-mexico/
2656	activa	regex=False	Redirecciones	/directorio/proveedores/grupo-comercial-coagsa-digital-sa-de-cv-498	->	/rankings/agencias-inbound-marketing-mexico/
2655	activa	regex=False	Redirecciones	/directorio/proveedores/computadoras-y-publicidad-s-a-de-c-v-497	->	/rankings/agencias-de-publicidad-por-estado/
2654	activa	regex=False	Redirecciones	/directorio/proveedores/agencia-de-comunicacion-nivel-ocho-sa-de-cv-496	->	/rankings/agencias-de-marketing-mexico/
2653	activa	regex=False	Redirecciones	/directorio/proveedores/fazt-proveedor-de-publiservicios-sa-de-cv-495	->	/rankings/agencias-de-publicidad-queretaro/
2652	activa	regex=False	Redirecciones	/directorio/proveedores/publi-imagen-494	->	/rankings/proveedores-pop-promocionales-mexico/
2651	activa	regex=False	Redirecciones	/directorio/proveedores/ramirez-492	->	/rankings/agencias-de-publicidad-por-estado/
2650	activa	regex=False	Redirecciones	/directorio/proveedores/publimaya-491	->	/rankings/agencias-de-publicidad-por-estado/
2649	activa	regex=False	Redirecciones	/directorio/proveedores/luna-piblicidad-490	->	/rankings/agencias-de-publicidad-por-estado/
2648	activa	regex=False	Redirecciones	/directorio/proveedores/radiodifusoras-y-televisoras-de-occidente-s-a-de-c-v-489	->	/rankings/grupos-radiofonicos-mexico/
2647	activa	regex=False	Redirecciones	/directorio/proveedores/con-100-cia-estrategica-s-de-r-l-de-c-v-487	->	/rankings/agencias-de-marketing-mexico/
2646	activa	regex=False	Redirecciones	/directorio/proveedores/jugo-de-tomate-s-a-de-c-v-486	->	/rankings/casas-productoras-mexico/
2645	activa	regex=False	Redirecciones	/directorio/proveedores/rapicolor-485	->	/rankings/agencias-de-publicidad-por-estado/
2644	activa	regex=False	Redirecciones	/directorio/proveedores/krearte-482	->	/rankings/agencias-de-publicidad-por-estado/
2643	activa	regex=False	Redirecciones	/directorio/proveedores/diseño-impreso-en-movimiento-s-a-de-c-v-481	->	/rankings/proveedores-pop-promocionales-mexico/
2642	activa	regex=False	Redirecciones	/directorio/proveedores/noved-arte-480	->	/rankings/agencias-de-publicidad-por-estado/
2641	activa	regex=False	Redirecciones	/directorio/proveedores/cratimagen-479	->	/rankings/proveedores-pop-promocionales-mexico/
2640	activa	regex=False	Redirecciones	/directorio/proveedores/las-10-478	->	/rankings/agencias-de-publicidad-por-estado/
2639	activa	regex=False	Redirecciones	/directorio/proveedores/grabarte-477	->	/rankings/agencias-de-publicidad-por-estado/
2638	activa	regex=False	Redirecciones	/directorio/proveedores/numeros-creativos-s-c-476	->	/rankings/estudios-diseno-branding-mexico/
2637	activa	regex=False	Redirecciones	/directorio/proveedores/display-publicidad-exterior-s-a-de-c-v-475	->	/rankings/empresas-publicidad-exterior-mexico/
2636	activa	regex=False	Redirecciones	/directorio/proveedores/display-publicidad-exterior-s-a-de-c-v-474	->	/rankings/empresas-publicidad-exterior-mexico/
2635	activa	regex=False	Redirecciones	/directorio/proveedores/spectradyne-international-inc-473	->	/rankings/agencias-de-publicidad-cdmx/
2634	activa	regex=False	Redirecciones	/directorio/proveedores/blue-caps-471	->	/rankings/agencias-de-publicidad-por-estado/
2633	activa	regex=False	Redirecciones	/directorio/proveedores/tu-arte-468	->	/rankings/agencias-de-publicidad-por-estado/
2632	activa	regex=False	Redirecciones	/directorio/proveedores/nuve-marketing-467	->	/rankings/agencias-de-marketing-mexico/
2631	activa	regex=False	Redirecciones	/directorio/proveedores/conforma-digital-s-a-de-c-v-466	->	/rankings/agencias-inbound-marketing-mexico/
2630	activa	regex=False	Redirecciones	/directorio/proveedores/goduva-publicidad-464	->	/rankings/agencias-de-publicidad-por-estado/
2629	activa	regex=False	Redirecciones	/directorio/proveedores/provideo-463	->	/rankings/casas-productoras-mexico/
2628	activa	regex=False	Redirecciones	/directorio/proveedores/ml-y-co-462	->	/rankings/agencias-de-publicidad-por-estado/
2627	activa	regex=False	Redirecciones	/directorio/proveedores/impresos-caba-s-a-de-c-v-461	->	/rankings/proveedores-pop-promocionales-mexico/
2626	activa	regex=False	Redirecciones	/directorio/proveedores/revista-fieston-459	->	/rankings/agencias-de-publicidad-por-estado/
2625	activa	regex=False	Redirecciones	/directorio/proveedores/publicidad-digital-colors-458	->	/rankings/agencias-inbound-marketing-mexico/
2624	activa	regex=False	Redirecciones	/directorio/proveedores/promotora-de-medios-de-comunicacion-sa-de-cv-457	->	/rankings/agencias-de-medios-mexico/
2623	activa	regex=False	Redirecciones	/directorio/proveedores/publicidad-arte-456	->	/rankings/agencias-de-publicidad-por-estado/
2622	activa	regex=False	Redirecciones	/directorio/proveedores/promoser-grupo-publicitario-s-r-l-de-c-v-455	->	/rankings/agencias-de-publicidad-por-estado/
2621	activa	regex=False	Redirecciones	/directorio/proveedores/sign-mex-publicidad-454	->	/rankings/agencias-de-publicidad-por-estado/
2620	activa	regex=False	Redirecciones	/directorio/proveedores/creando-452	->	/rankings/agencias-de-publicidad-por-estado/
2619	activa	regex=False	Redirecciones	/directorio/proveedores/volta-451	->	/rankings/agencias-de-publicidad-por-estado/
2618	activa	regex=False	Redirecciones	/directorio/proveedores/grupo-plata-450	->	/rankings/agencias-de-publicidad-por-estado/
2617	activa	regex=False	Redirecciones	/directorio/proveedores/beltran-y-bernal-stoopen-sc-449	->	/rankings/agencias-de-publicidad-cdmx/
2616	activa	regex=False	Redirecciones	/directorio/proveedores/arthe-grafiko-448	->	/rankings/agencias-de-publicidad-por-estado/
2615	activa	regex=False	Redirecciones	/directorio/proveedores/expresión-gráfica-447	->	/rankings/proveedores-pop-promocionales-mexico/
2614	activa	regex=False	Redirecciones	/directorio/proveedores/il-evento-s-c-446	->	/rankings/productoras-de-eventos-mexico/
2613	activa	regex=False	Redirecciones	/directorio/proveedores/organizacion-radiofonica-de-chihuahua-s-a-445	->	/rankings/grupos-radiofonicos-mexico/
2612	activa	regex=False	Redirecciones	/directorio/proveedores/grupo-hiperformas-del-bajio-s-a-de-c-v-444	->	/rankings/agencias-de-publicidad-por-estado/
2611	activa	regex=False	Redirecciones	/directorio/proveedores/fusion-grafica-443	->	/rankings/proveedores-pop-promocionales-mexico/
2610	activa	regex=False	Redirecciones	/directorio/proveedores/daisa-proyectos-442	->	/rankings/agencias-de-publicidad-por-estado/
2609	activa	regex=False	Redirecciones	/directorio/proveedores/spacio-441	->	/rankings/agencias-de-publicidad-por-estado/
2608	activa	regex=False	Redirecciones	/directorio/proveedores/fusion-publicidad-440	->	/rankings/agencias-de-publicidad-por-estado/
2607	activa	regex=False	Redirecciones	/directorio/proveedores/imagen-digital-439	->	/rankings/agencias-inbound-marketing-mexico/
2606	activa	regex=False	Redirecciones	/directorio/proveedores/promotex-publicidad-438	->	/rankings/agencias-btl-promotoria-mexico/
2605	activa	regex=False	Redirecciones	/directorio/proveedores/grabados-gira-435	->	/rankings/agencias-de-publicidad-por-estado/
2604	activa	regex=False	Redirecciones	/directorio/proveedores/grupo-intermedios-432	->	/rankings/agencias-de-medios-mexico/
2603	activa	regex=False	Redirecciones	/directorio/proveedores/grupo-signos-s-a-de-c-v-431	->	/rankings/agencias-de-publicidad-por-estado/
2602	activa	regex=False	Redirecciones	/directorio/proveedores/promoshape-s-de-rl-de-cv-430	->	/rankings/agencias-de-publicidad-por-estado/
2601	activa	regex=False	Redirecciones	/directorio/proveedores/empresas-isal-s-de-rl-de-cv-429	->	/rankings/empresas-publicidad-exterior-mexico/
2600	activa	regex=False	Redirecciones	/directorio/proveedores/miltibordados-428	->	/rankings/agencias-de-publicidad-por-estado/
2599	activa	regex=False	Redirecciones	/directorio/proveedores/cajeme-flash-427	->	/rankings/agencias-de-publicidad-por-estado/
2598	activa	regex=False	Redirecciones	/directorio/proveedores/anuncios-en-directorios-s-a-de-c-v-425	->	/rankings/empresas-publicidad-exterior-mexico/
2597	activa	regex=False	Redirecciones	/directorio/proveedores/arclad-de-mexico-sa-de-cv-oficinas-422	->	/rankings/agencias-de-publicidad-cdmx/
2596	activa	regex=False	Redirecciones	/directorio/proveedores/soluciones-creyt-sa-de-cv-421	->	/rankings/agencias-de-publicidad-cdmx/
2595	activa	regex=False	Redirecciones	/directorio/proveedores/impresiones-san-luis-420	->	/rankings/proveedores-pop-promocionales-mexico/
2594	activa	regex=False	Redirecciones	/directorio/proveedores/screencast-s-a-p-i-de-cv-419	->	/rankings/agencias-de-publicidad-cdmx/
2593	activa	regex=False	Redirecciones	/directorio/proveedores/grupo-mistica-sa-de-cv-418	->	/rankings/productoras-de-eventos-mexico/
2592	activa	regex=False	Redirecciones	/directorio/proveedores/diseños-de-altura-s-a-de-c-v-417	->	/rankings/estudios-diseno-branding-mexico/
2591	activa	regex=False	Redirecciones	/directorio/proveedores/radio-america-de-mexico-sa-de-cv-416	->	/rankings/grupos-radiofonicos-mexico/
2590	activa	regex=False	Redirecciones	/directorio/proveedores/publitec-415	->	/rankings/agencias-de-publicidad-por-estado/
2589	activa	regex=False	Redirecciones	/directorio/proveedores/publicidad-grafica-sa-de-cv-414	->	/rankings/proveedores-pop-promocionales-mexico/
2588	activa	regex=False	Redirecciones	/directorio/proveedores/mentor-s-a-de-c-v-413	->	/rankings/agencias-de-publicidad-por-estado/
2587	activa	regex=False	Redirecciones	/directorio/proveedores/mcs-consultores-s-c-412	->	/rankings/agencias-de-marketing-mexico/
2586	activa	regex=False	Redirecciones	/directorio/proveedores/informacion-del-noreste-s-a-de-c-v-411	->	/rankings/agencias-de-publicidad-por-estado/
2585	activa	regex=False	Redirecciones	/directorio/proveedores/publicidad-digital-ramirez-410	->	/rankings/agencias-inbound-marketing-mexico/
2584	activa	regex=False	Redirecciones	/directorio/proveedores/syes-409	->	/rankings/agencias-de-publicidad-por-estado/
2583	activa	regex=False	Redirecciones	/directorio/proveedores/corporativo-mi-ciudad-sa-de-cv-408	->	/rankings/agencias-de-publicidad-queretaro/
2582	activa	regex=False	Redirecciones	/directorio/proveedores/publiport-sa-de-cv-407	->	/rankings/agencias-de-publicidad-por-estado/
2581	activa	regex=False	Redirecciones	/directorio/proveedores/publimedia-los-cabos-sa-de-cv-406	->	/rankings/agencias-de-medios-mexico/
2580	activa	regex=False	Redirecciones	/directorio/proveedores/formula-radiofonica-s-a-de-c-v-404	->	/rankings/grupos-radiofonicos-mexico/
2579	activa	regex=False	Redirecciones	/directorio/proveedores/publiservicios-vanguardia-s-a-de-c-v-403	->	/rankings/agencias-de-publicidad-por-estado/
2578	activa	regex=False	Redirecciones	/directorio/proveedores/memetica-diseño-e-impresion-401	->	/rankings/proveedores-pop-promocionales-mexico/
2577	activa	regex=False	Redirecciones	/directorio/proveedores/publicidad-y-rotulacion-por-computadora-398	->	/rankings/agencias-de-publicidad-por-estado/
2576	activa	regex=False	Redirecciones	/directorio/proveedores/digital-multimedios-397	->	/rankings/agencias-de-medios-mexico/
2575	activa	regex=False	Redirecciones	/directorio/proveedores/mazpubliman-396	->	/rankings/agencias-de-publicidad-por-estado/
2574	activa	regex=False	Redirecciones	/directorio/proveedores/anuncios-en-directorios-s-a-de-c-v-394	->	/rankings/empresas-publicidad-exterior-mexico/
2573	activa	regex=False	Redirecciones	/directorio/proveedores/creatimex-publicidad-sa-de-cv-390	->	/rankings/agencias-de-publicidad-cdmx/
2572	activa	regex=False	Redirecciones	/directorio/proveedores/publimar-389	->	/rankings/agencias-de-publicidad-por-estado/
2571	activa	regex=False	Redirecciones	/directorio/proveedores/guia-conurbada-388	->	/rankings/agencias-inbound-marketing-mexico/
2570	activa	regex=False	Redirecciones	/directorio/proveedores/inku-387	->	/rankings/agencias-de-publicidad-queretaro/
2569	activa	regex=False	Redirecciones	/directorio/proveedores/oh-publicidad-y-negocios-384	->	/rankings/agencias-de-publicidad-por-estado/
2568	activa	regex=False	Redirecciones	/directorio/proveedores/esperanza-astrid-castañeda-ruiz-383	->	/rankings/agencias-de-marketing-mexico/
2567	activa	regex=False	Redirecciones	/directorio/proveedores/isi-publicidad-380	->	/rankings/agencias-de-publicidad-por-estado/
2566	activa	regex=False	Redirecciones	/directorio/proveedores/anuncios-en-directorioss-a-de-c-v-378	->	/rankings/empresas-publicidad-exterior-mexico/
2565	activa	regex=False	Redirecciones	/directorio/proveedores/publicaciones-metropolitanas-s-a-de-c-v-377	->	/rankings/agencias-de-publicidad-por-estado/
2564	activa	regex=False	Redirecciones	/directorio/proveedores/creaciones-artisticas-publicitrias-sa-376	->	/rankings/agencias-de-publicidad-cdmx/
2563	activa	regex=False	Redirecciones	/directorio/proveedores/sistemas-interactivos-de-juarez-s-a-de-c-v-375	->	/rankings/agencias-de-publicidad-por-estado/
2562	activa	regex=False	Redirecciones	/directorio/proveedores/clarol-publicidad-exterior-s-c-374	->	/rankings/empresas-publicidad-exterior-mexico/
2561	activa	regex=False	Redirecciones	/directorio/proveedores/laya-comunica-373	->	/rankings/agencias-de-publicidad-por-estado/
2560	activa	regex=False	Redirecciones	/directorio/proveedores/las-lonas-372	->	/rankings/proveedores-pop-promocionales-mexico/
2559	activa	regex=False	Redirecciones	/directorio/proveedores/global-producciones-and-marketing-sa-de-cv-371	->	/rankings/casas-productoras-mexico/
2558	activa	regex=False	Redirecciones	/directorio/proveedores/grafiko-publicidad-370	->	/rankings/agencias-de-publicidad-por-estado/
2557	activa	regex=False	Redirecciones	/directorio/proveedores/descar-s-a-de-c-v-369	->	/rankings/agencias-de-publicidad-por-estado/
2556	activa	regex=False	Redirecciones	/directorio/proveedores/graphics-368	->	/rankings/agencias-de-publicidad-por-estado/
2555	activa	regex=False	Redirecciones	/directorio/proveedores/maxima-publicidad-367	->	/rankings/agencias-de-publicidad-por-estado/
2554	activa	regex=False	Redirecciones	/directorio/proveedores/el-comerciante-365	->	/rankings/agencias-de-publicidad-por-estado/
2553	activa	regex=False	Redirecciones	/directorio/proveedores/televisora-peninsular-s-a-de-c-v-364	->	/rankings/casas-productoras-mexico/
2552	activa	regex=False	Redirecciones	/directorio/proveedores/multimedia-del-sureste-s-a-de-c-v-363	->	/rankings/agencias-de-medios-mexico/
2551	activa	regex=False	Redirecciones	/directorio/proveedores/diseño-publicidad-pixemania-361	->	/rankings/estudios-diseno-branding-mexico/
2550	activa	regex=False	Redirecciones	/directorio/proveedores/blau-publicidad-360	->	/rankings/agencias-de-publicidad-por-estado/
2549	activa	regex=False	Redirecciones	/directorio/proveedores/comercializadora-trudi-s-de-rl-de-cv-359	->	/rankings/agencias-de-publicidad-por-estado/
2548	activa	regex=False	Redirecciones	/directorio/proveedores/ncyg-marketing-publicidad-y-producciones-sa-de-c-v-358	->	/rankings/casas-productoras-mexico/
2547	activa	regex=False	Redirecciones	/directorio/proveedores/artigraf-357	->	/rankings/proveedores-pop-promocionales-mexico/
2546	activa	regex=False	Redirecciones	/directorio/proveedores/hildetex-s-a-de-c-v-356	->	/rankings/agencias-de-publicidad-por-estado/
2545	activa	regex=False	Redirecciones	/directorio/proveedores/art-y-tec-s-a-de-c-v-355	->	/rankings/agencias-de-publicidad-por-estado/
2544	activa	regex=False	Redirecciones	/directorio/proveedores/sacale-jugo-a-tu-marca-is-de-r-l-de-c-v-354	->	/rankings/estudios-diseno-branding-mexico/
2543	activa	regex=False	Redirecciones	/directorio/proveedores/publitrucks-353	->	/rankings/agencias-de-publicidad-por-estado/
2542	activa	regex=False	Redirecciones	/directorio/proveedores/umbrella-marketing-s-c-351	->	/rankings/agencias-de-marketing-mexico/
2541	activa	regex=False	Redirecciones	/directorio/proveedores/display-349	->	/rankings/proveedores-pop-promocionales-mexico/
2540	activa	regex=False	Redirecciones	/directorio/proveedores/creamedia-s-a-de-c-v-348	->	/rankings/agencias-de-medios-mexico/
2539	activa	regex=False	Redirecciones	/directorio/proveedores/promo-rigba-internacional-s-de-rl-de-cv-347	->	/rankings/agencias-btl-promotoria-mexico/
2538	activa	regex=False	Redirecciones	/directorio/proveedores/promo-rigba-internacional-s-de-rl-de-cv-346	->	/rankings/agencias-btl-promotoria-mexico/
2537	activa	regex=False	Redirecciones	/directorio/proveedores/firecol-345	->	/rankings/proveedores-pop-promocionales-mexico/
2536	activa	regex=False	Redirecciones	/directorio/proveedores/anuncios-en-directorios-sa-de-cv-341	->	/rankings/empresas-publicidad-exterior-mexico/
2535	activa	regex=False	Redirecciones	/directorio/proveedores/marketing-and-promotion-s-a-de-c-v-340	->	/rankings/agencias-btl-promotoria-mexico/
2534	activa	regex=False	Redirecciones	/directorio/proveedores/editora-tiempo-nuevo-339	->	/rankings/agencias-de-publicidad-por-estado/
2533	activa	regex=False	Redirecciones	/directorio/proveedores/promoser-grupo-publicitario-s-de-r-l-de-c-v-338	->	/rankings/agencias-de-publicidad-por-estado/
2532	activa	regex=False	Redirecciones	/directorio/proveedores/grafia-publicidad-337	->	/rankings/proveedores-pop-promocionales-mexico/
2531	activa	regex=False	Redirecciones	/directorio/proveedores/sos-web-s-a-de-c-v-336	->	/rankings/agencias-inbound-marketing-mexico/
2530	activa	regex=False	Redirecciones	/directorio/proveedores/aka-imagen-impresa-335	->	/rankings/proveedores-pop-promocionales-mexico/
2529	activa	regex=False	Redirecciones	/directorio/proveedores/media-noticias-334	->	/rankings/agencias-de-medios-mexico/
2528	activa	regex=False	Redirecciones	/directorio/proveedores/servicios-medios-visuales-y-publicidad-s-a-de-c-v-332	->	/rankings/agencias-de-medios-mexico/
2527	activa	regex=False	Redirecciones	/directorio/proveedores/grupo-c-y-c-del-caribe-sa-de-cv-331	->	/rankings/agencias-de-publicidad-por-estado/
2526	activa	regex=False	Redirecciones	/directorio/proveedores/radio-difusoras-y-televisoras-de-occidente-sa-de-c-v-330	->	/rankings/grupos-radiofonicos-mexico/
2525	activa	regex=False	Redirecciones	/directorio/proveedores/nuevo-estilo-publicidad-y-decoracion-329	->	/rankings/agencias-de-publicidad-por-estado/
2524	activa	regex=False	Redirecciones	/directorio/proveedores/imprenta-328	->	/rankings/proveedores-pop-promocionales-mexico/
2523	activa	regex=False	Redirecciones	/directorio/proveedores/ads-publicidad-total-srl-de-cv-326	->	/rankings/agencias-de-publicidad-por-estado/
2522	activa	regex=False	Redirecciones	/directorio/proveedores/vinil-de-zacatecas-sc-de-p-de-rl-325	->	/rankings/agencias-de-publicidad-por-estado/
2521	activa	regex=False	Redirecciones	/directorio/proveedores/macrea-324	->	/rankings/agencias-de-publicidad-por-estado/
2520	activa	regex=False	Redirecciones	/directorio/proveedores/publi-maya-323	->	/rankings/agencias-de-publicidad-por-estado/
2519	activa	regex=False	Redirecciones	/directorio/proveedores/grupo-estratega-de-publicidad-sa-de-cv-322	->	/rankings/agencias-de-marketing-mexico/
2518	activa	regex=False	Redirecciones	/directorio/proveedores/otero-27-321	->	/rankings/agencias-de-marketing-mexico/
2517	activa	regex=False	Redirecciones	/directorio/proveedores/publicidad-y-diseño-anka-digital-320	->	/rankings/agencias-inbound-marketing-mexico/
2516	activa	regex=False	Redirecciones	/directorio/proveedores/publidigital-318	->	/rankings/agencias-inbound-marketing-mexico/
2515	activa	regex=False	Redirecciones	/directorio/proveedores/perfiles-e-impresos-s-a-de-c-v-316	->	/rankings/proveedores-pop-promocionales-mexico/
2514	activa	regex=False	Redirecciones	/directorio/proveedores/solucion-digital-empresarial-sa-de-cv-315	->	/rankings/agencias-inbound-marketing-mexico/
2513	activa	regex=False	Redirecciones	/directorio/proveedores/vendor-publicidad-exterior-s-de-rl-de-c-v-314	->	/rankings/empresas-publicidad-exterior-mexico/
2512	activa	regex=False	Redirecciones	/directorio/proveedores/publicity-313	->	/rankings/agencias-de-publicidad-por-estado/
2511	activa	regex=False	Redirecciones	/directorio/proveedores/goduva-publicidad-312	->	/rankings/agencias-de-publicidad-por-estado/
2510	activa	regex=False	Redirecciones	/directorio/proveedores/lonas-y-etiquetas-311	->	/rankings/proveedores-pop-promocionales-mexico/
2509	activa	regex=False	Redirecciones	/directorio/proveedores/servicios-de-administracion-e-informatica-sa-de-cv-310	->	/rankings/agencias-de-publicidad-por-estado/
2508	activa	regex=False	Redirecciones	/directorio/proveedores/servicios-de-administracion-e-informatrica-sa-de-cv-309	->	/rankings/agencias-de-publicidad-por-estado/
2507	activa	regex=False	Redirecciones	/directorio/proveedores/publi-liui-308	->	/rankings/agencias-de-publicidad-por-estado/
2506	activa	regex=False	Redirecciones	/directorio/proveedores/grafika-publicidad-307	->	/rankings/agencias-de-publicidad-por-estado/
2505	activa	regex=False	Redirecciones	/directorio/proveedores/promociones-acevedo-305	->	/rankings/agencias-btl-promotoria-mexico/
2504	activa	regex=False	Redirecciones	/directorio/proveedores/forward-multimedia-304	->	/rankings/agencias-de-medios-mexico/
2503	activa	regex=False	Redirecciones	/directorio/proveedores/creasunn-s-a-de-cv-303	->	/rankings/agencias-de-publicidad-queretaro/
2502	activa	regex=False	Redirecciones	/directorio/proveedores/csm-publicidad-s-a-de-c-v-302	->	/rankings/agencias-de-publicidad-por-estado/
2501	activa	regex=False	Redirecciones	/directorio/proveedores/publi-anuncios-301	->	/rankings/empresas-publicidad-exterior-mexico/
2500	activa	regex=False	Redirecciones	/directorio/proveedores/chis-mx-300	->	/rankings/agencias-de-publicidad-por-estado/
2499	activa	regex=False	Redirecciones	/directorio/proveedores/habitat-creativo-sa-de-cv-298	->	/rankings/estudios-diseno-branding-mexico/
2498	activa	regex=False	Redirecciones	/directorio/proveedores/publicidad-textil-corona-297	->	/rankings/proveedores-pop-promocionales-mexico/
2497	activa	regex=False	Redirecciones	/directorio/proveedores/publicidad-activa-mobil-s-a-de-c-v-296	->	/rankings/agencias-de-publicidad-por-estado/
2496	activa	regex=False	Redirecciones	/directorio/proveedores/grupo-sandoval-295	->	/rankings/agencias-de-publicidad-por-estado/
2495	activa	regex=False	Redirecciones	/directorio/proveedores/lira-294	->	/rankings/agencias-de-publicidad-por-estado/
2494	activa	regex=False	Redirecciones	/directorio/proveedores/aram-y-asociados-s-a-de-c-v-293	->	/rankings/agencias-de-publicidad-por-estado/
2493	activa	regex=False	Redirecciones	/directorio/proveedores/soltar-impresores-s-a-de-c-v-292	->	/rankings/proveedores-pop-promocionales-mexico/
2492	activa	regex=False	Redirecciones	/directorio/proveedores/multi-signos-s-a-de-c-v-291	->	/rankings/agencias-de-publicidad-por-estado/
2491	activa	regex=False	Redirecciones	/directorio/proveedores/extra-publicidad-290	->	/rankings/proveedores-pop-promocionales-mexico/
2490	activa	regex=False	Redirecciones	/directorio/proveedores/pix-color-publicidad-289	->	/rankings/proveedores-pop-promocionales-mexico/
2489	activa	regex=False	Redirecciones	/directorio/proveedores/paes-publicidad-288	->	/rankings/agencias-de-publicidad-por-estado/
2488	activa	regex=False	Redirecciones	/directorio/proveedores/rumbo-publicaciones-s-c-287	->	/rankings/agencias-de-marketing-mexico/
2487	activa	regex=False	Redirecciones	/directorio/proveedores/diseño-impreso-en-movimiento-s-a-de-c-v-284	->	/rankings/proveedores-pop-promocionales-mexico/
2486	activa	regex=False	Redirecciones	/directorio/proveedores/corpporacion-lagunera-s-a-de-c-v-283	->	/rankings/agencias-de-publicidad-por-estado/
2485	activa	regex=False	Redirecciones	/directorio/proveedores/paileria-del-golfo-s-a-de-c-v-281	->	/rankings/empresas-publicidad-exterior-mexico/
2484	activa	regex=False	Redirecciones	/directorio/proveedores/doble-l-comunicacion-e-informacion-280	->	/rankings/agencias-de-marketing-mexico/
2483	activa	regex=False	Redirecciones	/directorio/proveedores/ingenieria-creativa-en-medios-s-c-279	->	/rankings/agencias-de-medios-mexico/
2482	activa	regex=False	Redirecciones	/directorio/proveedores/grupo-integra-278	->	/rankings/agencias-de-publicidad-por-estado/
2481	activa	regex=False	Redirecciones	/directorio/proveedores/jhony-productions-275	->	/rankings/agencias-de-publicidad-monterrey/
2480	activa	regex=False	Redirecciones	/directorio/proveedores/servicios-andes-273	->	/rankings/agencias-de-publicidad-por-estado/
2479	activa	regex=False	Redirecciones	/directorio/proveedores/artec-de-morelia-s-c-272	->	/rankings/agencias-inbound-marketing-mexico/
2478	activa	regex=False	Redirecciones	/directorio/proveedores/o-k-publicidad-271	->	/rankings/agencias-de-publicidad-por-estado/
2477	activa	regex=False	Redirecciones	/directorio/proveedores/in-marketing-270	->	/rankings/agencias-de-marketing-mexico/
2476	activa	regex=False	Redirecciones	/directorio/proveedores/hyc-trade-business-s-a-de-c-v-269	->	/rankings/agencias-btl-promotoria-mexico/
2475	activa	regex=False	Redirecciones	/directorio/proveedores/publi-pac-268	->	/rankings/agencias-de-publicidad-por-estado/
2474	activa	regex=False	Redirecciones	/directorio/proveedores/silverlight-records-sa-de-cv-267	->	/rankings/agencias-de-publicidad-cdmx/
2473	activa	regex=False	Redirecciones	/directorio/proveedores/west-mex-s-a-de-c-v-266	->	/rankings/agencias-de-publicidad-por-estado/
2472	activa	regex=False	Redirecciones	/directorio/proveedores/hidaltur-tips-264	->	/rankings/agencias-de-publicidad-por-estado/
2471	activa	regex=False	Redirecciones	/directorio/proveedores/comercializadora-publishuttle-sa-de-cv-262	->	/rankings/agencias-de-publicidad-por-estado/
2470	activa	regex=False	Redirecciones	/directorio/proveedores/viniletras-s-a-de-c-v-261	->	/rankings/agencias-de-publicidad-por-estado/
2469	activa	regex=False	Redirecciones	/directorio/proveedores/anuncios-en-directorios-sa-de-cv-260	->	/rankings/empresas-publicidad-exterior-mexico/
2468	activa	regex=False	Redirecciones	/directorio/proveedores/publiex-pressions-s-a-de-c-v-259	->	/rankings/agencias-de-publicidad-por-estado/
2467	activa	regex=False	Redirecciones	/directorio/proveedores/grupo-publicitario-cerle-s-de-rl-de-cv-257	->	/rankings/agencias-de-publicidad-por-estado/
2466	activa	regex=False	Redirecciones	/directorio/proveedores/5w-mexico-sa-cv-256	->	/rankings/agencias-de-publicidad-cdmx/
2465	activa	regex=False	Redirecciones	/directorio/proveedores/dima-studios-255	->	/rankings/agencias-de-publicidad-por-estado/
2464	activa	regex=False	Redirecciones	/directorio/proveedores/maxi-grafica-254	->	/rankings/proveedores-pop-promocionales-mexico/
2463	activa	regex=False	Redirecciones	/directorio/proveedores/diseñarte-publicidad-253	->	/rankings/agencias-de-publicidad-por-estado/
2462	activa	regex=False	Redirecciones	/directorio/proveedores/contcast-252	->	/rankings/agencias-de-publicidad-por-estado/
2461	activa	regex=False	Redirecciones	/directorio/proveedores/arte-integral-expresion-sa-de-cv-251	->	/rankings/agencias-de-marketing-mexico/
2460	activa	regex=False	Redirecciones	/directorio/proveedores/difusion-exterior-s-a-de-c-v-250	->	/rankings/empresas-publicidad-exterior-mexico/
2459	activa	regex=False	Redirecciones	/directorio/proveedores/publimerc-249	->	/rankings/agencias-de-publicidad-por-estado/
2458	activa	regex=False	Redirecciones	/directorio/proveedores/la-roca-publicidad-247	->	/rankings/agencias-de-publicidad-queretaro/
2457	activa	regex=False	Redirecciones	/directorio/proveedores/dsimple-246	->	/rankings/agencias-de-publicidad-por-estado/
2456	activa	regex=False	Redirecciones	/directorio/proveedores/publicidad-y-diseño-245	->	/rankings/estudios-diseno-branding-mexico/
2455	activa	regex=False	Redirecciones	/directorio/proveedores/seriart-publicidad-243	->	/rankings/proveedores-pop-promocionales-mexico/
2454	activa	regex=False	Redirecciones	/directorio/proveedores/mega-color-242	->	/rankings/agencias-de-publicidad-por-estado/
2453	activa	regex=False	Redirecciones	/directorio/proveedores/negativos-lara-castillo-sa-de-cv-241	->	/rankings/agencias-de-publicidad-por-estado/
2452	activa	regex=False	Redirecciones	/directorio/proveedores/megapantallas-de-mexico-s-a-de-c-v-240	->	/rankings/empresas-publicidad-exterior-mexico/
2451	activa	regex=False	Redirecciones	/directorio/proveedores/isa-corporativo-s-a-de-c-v-239	->	/rankings/agencias-de-publicidad-por-estado/
2450	activa	regex=False	Redirecciones	/directorio/proveedores/d-mentes-creativas-s-de-rl-238	->	/rankings/estudios-diseno-branding-mexico/
2449	activa	regex=False	Redirecciones	/directorio/proveedores/secorp-vision-publicitaria-s-de-rl-de-cv-237	->	/rankings/agencias-de-publicidad-por-estado/
2448	activa	regex=False	Redirecciones	/directorio/proveedores/expo-display-de-queretaro-renta-sa-de-cv-236	->	/rankings/proveedores-pop-promocionales-mexico/
2447	activa	regex=False	Redirecciones	/directorio/proveedores/reconocimientos-y-promocionales-mexcio-sa-de-cv-235	->	/rankings/agencias-btl-promotoria-mexico/
2446	activa	regex=False	Redirecciones	/directorio/proveedores/vendor-publicidad-exterior-s-de-r-l-de-cv-234	->	/rankings/empresas-publicidad-exterior-mexico/
2445	activa	regex=False	Redirecciones	/directorio/proveedores/raya-impresion-digital-233	->	/rankings/agencias-inbound-marketing-mexico/
2444	activa	regex=False	Redirecciones	/directorio/proveedores/mr-publicidad-s-a-de-c-v-232	->	/rankings/agencias-de-publicidad-queretaro/
2443	activa	regex=False	Redirecciones	/directorio/proveedores/impactos-frecuencia-y-cobertura-en-medios-sa-de-cv-231	->	/rankings/agencias-de-medios-mexico/
2442	activa	regex=False	Redirecciones	/directorio/proveedores/yahoo-de-mexico-s-a-de-c-v-230	->	/rankings/agencias-de-publicidad-cdmx/
2441	activa	regex=False	Redirecciones	/directorio/proveedores/bordados-publicidad-javar-229	->	/rankings/agencias-de-publicidad-queretaro/
2440	activa	regex=False	Redirecciones	/directorio/proveedores/publi-express-227	->	/rankings/agencias-de-publicidad-por-estado/
2439	activa	regex=False	Redirecciones	/directorio/proveedores/trazo-vinil-publicidad-sa-de-cv-225	->	/rankings/empresas-publicidad-exterior-mexico/
2438	activa	regex=False	Redirecciones	/directorio/proveedores/sign-solutions-s-a-de-c-v-223	->	/rankings/proveedores-pop-promocionales-mexico/
2437	activa	regex=False	Redirecciones	/directorio/proveedores/publicidad-osorio-222	->	/rankings/proveedores-pop-promocionales-mexico/
2436	activa	regex=False	Redirecciones	/directorio/proveedores/eficolor-221	->	/rankings/agencias-de-publicidad-queretaro/
2435	activa	regex=False	Redirecciones	/directorio/proveedores/calcom-de-mexico-220	->	/rankings/agencias-de-publicidad-por-estado/
2434	activa	regex=False	Redirecciones	/directorio/proveedores/intermediacion-publicitaria-s-a-de-c-v-219	->	/rankings/agencias-de-medios-mexico/
2433	activa	regex=False	Redirecciones	/directorio/proveedores/se-habla-nobabels-s-c-217	->	/rankings/agencias-de-marketing-mexico/
2432	activa	regex=False	Redirecciones	/directorio/proveedores/corporativo-mi-livdad-s-a-de-c-v-216	->	/rankings/agencias-de-medios-mexico/
2431	activa	regex=False	Redirecciones	/directorio/proveedores/boomeran-diseño-y-publicidad-214	->	/rankings/estudios-diseno-branding-mexico/
2430	activa	regex=False	Redirecciones	/directorio/proveedores/poder-visual-sa-de-cv-212	->	/rankings/agencias-de-publicidad-por-estado/
2429	activa	regex=False	Redirecciones	/directorio/proveedores/rcg-espectaculares-sa-de-cv-210	->	/rankings/empresas-publicidad-exterior-mexico/
2428	activa	regex=False	Redirecciones	/directorio/proveedores/business-y-medios-s-a-de-c-v-209	->	/rankings/agencias-de-medios-mexico/
2427	activa	regex=False	Redirecciones	/directorio/proveedores/publicidad-vector-208	->	/rankings/agencias-de-publicidad-queretaro/
2426	activa	regex=False	Redirecciones	/directorio/proveedores/fucar-arte-y-diseño-206	->	/rankings/estudios-diseno-branding-mexico/
2425	activa	regex=False	Redirecciones	/directorio/proveedores/mi-publicidad-205	->	/rankings/agencias-de-publicidad-por-estado/
2424	activa	regex=False	Redirecciones	/directorio/proveedores/admira-brand-202	->	/rankings/agencias-de-publicidad-queretaro/
2423	activa	regex=False	Redirecciones	/directorio/proveedores/questa-de-mexico-s-a-de-c-v-200	->	/rankings/agencias-de-publicidad-queretaro/
2422	activa	regex=False	Redirecciones	/directorio/proveedores/imago-publicidad-199	->	/rankings/agencias-de-publicidad-por-estado/
2421	activa	regex=False	Redirecciones	/directorio/proveedores/creativ-diseño-y-publicidad-198	->	/rankings/estudios-diseno-branding-mexico/
2420	activa	regex=False	Redirecciones	/directorio/proveedores/guias-exclusivas-s-a-de-c-v-197	->	/rankings/agencias-de-publicidad-por-estado/
2419	activa	regex=False	Redirecciones	/directorio/proveedores/frantouch-s-a-de-c-v-195	->	/rankings/agencias-de-publicidad-por-estado/
2418	activa	regex=False	Redirecciones	/directorio/proveedores/cyflex-s-a-de-c-v-194	->	/rankings/agencias-de-publicidad-queretaro/
2417	activa	regex=False	Redirecciones	/directorio/proveedores/diseños-le-fame-s-a-de-c-v-192	->	/rankings/estudios-diseno-branding-mexico/
2416	activa	regex=False	Redirecciones	/directorio/proveedores/articulos-publicitarios-del-bajio-191	->	/rankings/agencias-de-publicidad-queretaro/
2415	activa	regex=False	Redirecciones	/directorio/proveedores/contraste-190	->	/rankings/agencias-de-publicidad-por-estado/
2414	activa	regex=False	Redirecciones	/directorio/proveedores/studio-arte-visual-189	->	/rankings/casas-productoras-mexico/
2413	activa	regex=False	Redirecciones	/directorio/proveedores/proyectos-publicitarios-188	->	/rankings/agencias-de-publicidad-por-estado/
2412	activa	regex=False	Redirecciones	/directorio/proveedores/playeras-joshua-187	->	/rankings/agencias-de-publicidad-por-estado/
2411	activa	regex=False	Redirecciones	/directorio/proveedores/comercializadora-de-promocionales-ideas-de-puebla-sa-de-cv-186	->	/rankings/agencias-btl-promotoria-mexico/
2410	activa	regex=False	Redirecciones	/directorio/proveedores/anuncios-de-directorios-s-a-de-c-v-185	->	/rankings/empresas-publicidad-exterior-mexico/
2409	activa	regex=False	Redirecciones	/directorio/proveedores/syma-3-184	->	/rankings/agencias-de-publicidad-queretaro/
2408	activa	regex=False	Redirecciones	/directorio/proveedores/grupo-impresor-litografico-183	->	/rankings/proveedores-pop-promocionales-mexico/
2407	activa	regex=False	Redirecciones	/directorio/proveedores/publicidad-y-rotulos-182	->	/rankings/agencias-de-publicidad-por-estado/
2406	activa	regex=False	Redirecciones	/directorio/proveedores/impacto-lonas-y-toldos-y-publicidad-181	->	/rankings/proveedores-pop-promocionales-mexico/
2405	activa	regex=False	Redirecciones	/directorio/proveedores/anuncios-en-directorio-s-a-de-c-v-180	->	/rankings/empresas-publicidad-exterior-mexico/
2404	activa	regex=False	Redirecciones	/directorio/proveedores/mano-vallarta-s-a-de-c-v-179	->	/rankings/agencias-de-publicidad-por-estado/
2403	activa	regex=False	Redirecciones	/directorio/proveedores/gsi-fabril-sa-de-cv-178	->	/rankings/agencias-de-publicidad-cdmx/
2402	activa	regex=False	Redirecciones	/directorio/proveedores/grupo-doxa-177	->	/rankings/agencias-de-publicidad-queretaro/
2401	activa	regex=False	Redirecciones	/directorio/proveedores/anuncios-exitosos-en-internet-s-a-de-c-v-176	->	/rankings/empresas-publicidad-exterior-mexico/
2400	activa	regex=False	Redirecciones	/directorio/proveedores/muray-174	->	/rankings/agencias-de-publicidad-por-estado/
2399	activa	regex=False	Redirecciones	/directorio/proveedores/seminario-sin-censura-173	->	/rankings/proveedores-pop-promocionales-mexico/
2398	activa	regex=False	Redirecciones	/directorio/proveedores/publisitios-de-mexico-sa-de-cv-171	->	/rankings/agencias-de-publicidad-monterrey/
2397	activa	regex=False	Redirecciones	/directorio/proveedores/publicom-170	->	/rankings/agencias-de-publicidad-por-estado/
2396	activa	regex=False	Redirecciones	/directorio/proveedores/sak-169	->	/rankings/agencias-de-publicidad-por-estado/
2395	activa	regex=False	Redirecciones	/directorio/proveedores/mpro-168	->	/rankings/agencias-de-publicidad-por-estado/
2394	activa	regex=False	Redirecciones	/directorio/proveedores/promover-publicidad-y-diseño-167	->	/rankings/estudios-diseno-branding-mexico/
2393	activa	regex=False	Redirecciones	/directorio/proveedores/xtreme-media-s-a-de-c-v-166	->	/rankings/agencias-de-medios-mexico/
2392	activa	regex=False	Redirecciones	/directorio/proveedores/publicolor-165	->	/rankings/proveedores-pop-promocionales-mexico/
2391	activa	regex=False	Redirecciones	/directorio/proveedores/active-promotions-s-a-de-c-v-164	->	/rankings/agencias-btl-promotoria-mexico/
2390	activa	regex=False	Redirecciones	/directorio/proveedores/publicidad-de-aguinaga-sa-de-cv-163	->	/rankings/agencias-de-publicidad-por-estado/
2389	activa	regex=False	Redirecciones	/directorio/proveedores/xpres-xpresate-sa-de-cv-161	->	/rankings/agencias-de-publicidad-por-estado/
2388	activa	regex=False	Redirecciones	/directorio/proveedores/imagenes-de-guadalajara-s-a-de-c-v-160	->	/rankings/agencias-de-publicidad-por-estado/
2387	activa	regex=False	Redirecciones	/directorio/proveedores/fusion-media-s-a-de-c-v-159	->	/rankings/agencias-de-medios-mexico/
2386	activa	regex=False	Redirecciones	/directorio/proveedores/graphics-signs-s-a-de-c-v-158	->	/rankings/agencias-de-publicidad-por-estado/
2385	activa	regex=False	Redirecciones	/directorio/proveedores/adrian-157	->	/rankings/agencias-de-publicidad-por-estado/
2384	activa	regex=False	Redirecciones	/directorio/proveedores/publicidad-industrial-mtelecomm-s-a-de-c-v-155	->	/rankings/agencias-de-publicidad-queretaro/
2383	activa	regex=False	Redirecciones	/directorio/proveedores/exfera-mexico-sa-de-cv-153	->	/rankings/agencias-de-publicidad-cdmx/
2382	activa	regex=False	Redirecciones	/directorio/proveedores/camaleon-films-sa-de-cv-152	->	/rankings/casas-productoras-mexico/
2381	activa	regex=False	Redirecciones	/directorio/proveedores/santa-rosalia-imagen-creativa-s-a-de-c-v-151	->	/rankings/estudios-diseno-branding-mexico/
2380	activa	regex=False	Redirecciones	/directorio/proveedores/corporacion-interpublic-mexicana-sa-de-cv-150	->	/rankings/agencias-de-publicidad-cdmx/
2379	activa	regex=False	Redirecciones	/directorio/proveedores/jcm-publicidad-148	->	/rankings/agencias-de-publicidad-por-estado/
2378	activa	regex=False	Redirecciones	/directorio/proveedores/imaginacion-promocional-s-a-de-c-v-146	->	/rankings/agencias-btl-promotoria-mexico/
2377	activa	regex=False	Redirecciones	/directorio/proveedores/grupo-stiletto-s-a-de-c-v-145	->	/rankings/agencias-de-marketing-mexico/
2376	activa	regex=False	Redirecciones	/directorio/proveedores/questa-publicidad-144	->	/rankings/agencias-de-publicidad-queretaro/
2375	activa	regex=False	Redirecciones	/directorio/proveedores/disño-grafico-143	->	/rankings/proveedores-pop-promocionales-mexico/
2374	activa	regex=False	Redirecciones	/directorio/proveedores/espacios-publicitarios-estrategicos-s-a-de-c-v-142	->	/rankings/agencias-de-marketing-mexico/
2373	activa	regex=False	Redirecciones	/directorio/proveedores/pimsa-publicidad-s-a-de-c-v-141	->	/rankings/proveedores-pop-promocionales-mexico/
2372	activa	regex=False	Redirecciones	/directorio/proveedores/playerytess-140	->	/rankings/proveedores-pop-promocionales-mexico/
2371	activa	regex=False	Redirecciones	/directorio/proveedores/gransfeer-ideas-publicidad-impresa-especializada-sa-de-cv-139	->	/rankings/proveedores-pop-promocionales-mexico/
2370	activa	regex=False	Redirecciones	/directorio/proveedores/radio-xevu-s-a-de-c-v-138	->	/rankings/grupos-radiofonicos-mexico/
2369	activa	regex=False	Redirecciones	/directorio/proveedores/radio-xefil-s-a-de-c-v-137	->	/rankings/grupos-radiofonicos-mexico/
2368	activa	regex=False	Redirecciones	/directorio/proveedores/agencia-total-s-a-de-c-v-136	->	/rankings/agencias-de-publicidad-por-estado/
2367	activa	regex=False	Redirecciones	/directorio/proveedores/cm-publicidad-134	->	/rankings/agencias-de-publicidad-monterrey/
2366	activa	regex=False	Redirecciones	/directorio/proveedores/cmyk-modelo-de-color-133	->	/rankings/productoras-de-eventos-mexico/
2365	activa	regex=False	Redirecciones	/directorio/proveedores/zega-exhibit-design-s-a-de-c-v-132	->	/rankings/estudios-diseno-branding-mexico/
2364	activa	regex=False	Redirecciones	/directorio/proveedores/distribuidora-parroquial-de-san-antonio-sa-de-cv-131	->	/rankings/agencias-de-publicidad-cdmx/
2363	activa	regex=False	Redirecciones	/directorio/proveedores/faster-print-130	->	/rankings/agencias-de-publicidad-por-estado/
2362	activa	regex=False	Redirecciones	/directorio/proveedores/neo-x-publicidad-129	->	/rankings/agencias-de-publicidad-por-estado/
2361	activa	regex=False	Redirecciones	/directorio/proveedores/publicitarios-del-norte-de-mexico-s-a-de-c-v-127	->	/rankings/grupos-radiofonicos-mexico/
2360	activa	regex=False	Redirecciones	/directorio/proveedores/radar-servicios-especializados-de-mercadotecnia-s-a-de-c-v-126	->	/rankings/agencias-de-marketing-mexico/
2359	activa	regex=False	Redirecciones	/directorio/proveedores/intersexion-queretaro-s-c-125	->	/rankings/agencias-de-publicidad-queretaro/
2358	activa	regex=False	Redirecciones	/directorio/proveedores/comercializadora-vocafys-s-a-de-c-v-123	->	/rankings/agencias-de-publicidad-por-estado/
2357	activa	regex=False	Redirecciones	/directorio/proveedores/la-voz-de-michoacan-s-a-de-c-v-122	->	/rankings/agencias-de-publicidad-por-estado/
2356	activa	regex=False	Redirecciones	/directorio/proveedores/csd-publicidad-121	->	/rankings/agencias-inbound-marketing-mexico/
2355	activa	regex=False	Redirecciones	/directorio/proveedores/grupo-alparied-s-a-de-c-v-120	->	/rankings/agencias-de-publicidad-por-estado/
2354	activa	regex=False	Redirecciones	/directorio/proveedores/kubica-119	->	/rankings/agencias-de-publicidad-queretaro/
2353	activa	regex=False	Redirecciones	/directorio/proveedores/impresion-digital-azuara-118	->	/rankings/agencias-inbound-marketing-mexico/
2352	activa	regex=False	Redirecciones	/directorio/proveedores/protarget-estrategia-profesional-s-a-de-c-v-117	->	/rankings/agencias-de-marketing-mexico/
2351	activa	regex=False	Redirecciones	/directorio/proveedores/grupo-ublicitario-del-golfo-s-a-de-c-v-116	->	/rankings/agencias-de-publicidad-por-estado/
2350	activa	regex=False	Redirecciones	/directorio/proveedores/706-design-115	->	/rankings/estudios-diseno-branding-mexico/
2349	activa	regex=False	Redirecciones	/directorio/proveedores/amfar-sa-de-cv-114	->	/rankings/agencias-de-publicidad-cdmx/
2348	activa	regex=False	Redirecciones	/directorio/proveedores/publicum-consultores-s-a-de-c-v-112	->	/rankings/agencias-de-marketing-mexico/
2347	activa	regex=False	Redirecciones	/directorio/proveedores/promo-mer-111	->	/rankings/agencias-btl-promotoria-mexico/
2346	activa	regex=False	Redirecciones	/directorio/proveedores/publicidad-osorio-110	->	/rankings/proveedores-pop-promocionales-mexico/
2345	activa	regex=False	Redirecciones	/directorio/proveedores/cetilia-109	->	/rankings/agencias-de-publicidad-por-estado/
2344	activa	regex=False	Redirecciones	/directorio/proveedores/zale-graphic-s-a-de-c-v-108	->	/rankings/proveedores-pop-promocionales-mexico/
2343	activa	regex=False	Redirecciones	/directorio/proveedores/imagen-y-diseño-publicitario-107	->	/rankings/estudios-diseno-branding-mexico/
2342	activa	regex=False	Redirecciones	/directorio/proveedores/intersexion-monterrey-s-c-106	->	/rankings/agencias-de-publicidad-monterrey/
2341	activa	regex=False	Redirecciones	/directorio/proveedores/spacio-grafico-105	->	/rankings/proveedores-pop-promocionales-mexico/
2340	activa	regex=False	Redirecciones	/directorio/proveedores/xpresiones-104	->	/rankings/agencias-de-publicidad-monterrey/
2339	activa	regex=False	Redirecciones	/directorio/proveedores/audio-visuales-de-valdes-sa-de-cv-103	->	/rankings/agencias-de-publicidad-cdmx/
2338	activa	regex=False	Redirecciones	/directorio/proveedores/xm-comunicacion-sc-102	->	/rankings/agencias-de-marketing-mexico/
2337	activa	regex=False	Redirecciones	/directorio/proveedores/ingenio-diseño-y-publicidad-101	->	/rankings/estudios-diseno-branding-mexico/
2336	activa	regex=False	Redirecciones	/directorio/proveedores/vendor-publicidad-exterior-s-de-rl-de-cv-100	->	/rankings/empresas-publicidad-exterior-mexico/
2335	activa	regex=False	Redirecciones	/directorio/proveedores/angelus-producciones-s-a-de-c-v-99	->	/rankings/casas-productoras-mexico/
2334	activa	regex=False	Redirecciones	/directorio/proveedores/publi-gisma-sa-de-cv-98	->	/rankings/agencias-de-publicidad-por-estado/
2333	activa	regex=False	Redirecciones	/directorio/proveedores/editorial-magesa-s-a-de-c-v-97	->	/rankings/agencias-de-publicidad-por-estado/
2332	activa	regex=False	Redirecciones	/directorio/proveedores/grafic-quin-s-a-de-c-v-96	->	/rankings/proveedores-pop-promocionales-mexico/
2331	activa	regex=False	Redirecciones	/directorio/proveedores/quiero-media-s-a-de-c-v-95	->	/rankings/agencias-de-medios-mexico/
2330	activa	regex=False	Redirecciones	/directorio/proveedores/ad-medios-s-a-de-c-v-94	->	/rankings/agencias-de-medios-mexico/
2329	activa	regex=False	Redirecciones	/directorio/proveedores/triciclo-93	->	/rankings/agencias-de-publicidad-por-estado/
2328	activa	regex=False	Redirecciones	/directorio/proveedores/global-media-asesores-s-a-de-c-v-92	->	/rankings/agencias-de-medios-mexico/
2327	activa	regex=False	Redirecciones	/directorio/proveedores/publicidad-de-aguinaga-s-a-de-c-v-91	->	/rankings/agencias-de-publicidad-por-estado/
2326	activa	regex=False	Redirecciones	/directorio/proveedores/publi-shine-s-a-de-c-v-90	->	/rankings/agencias-de-publicidad-por-estado/
2325	activa	regex=False	Redirecciones	/directorio/proveedores/grupo-ojeda-89	->	/rankings/agencias-de-publicidad-por-estado/
2324	activa	regex=False	Redirecciones	/directorio/proveedores/ingra-publicidad-s-de-r-l-de-c-v-88	->	/rankings/agencias-de-publicidad-por-estado/
2323	activa	regex=False	Redirecciones	/directorio/proveedores/licon-y-asociados-s-a-de-c-v-87	->	/rankings/agencias-de-publicidad-cdmx/
2322	activa	regex=False	Redirecciones	/directorio/proveedores/bni-mexico-s-a-de-c-v-85	->	/rankings/agencias-de-publicidad-por-estado/
2321	activa	regex=False	Redirecciones	/directorio/proveedores/integra-tu-publicidad-sc-84	->	/rankings/agencias-de-publicidad-por-estado/
2320	activa	regex=False	Redirecciones	/directorio/proveedores/jgy-servicios-profecionales-sa-de-cv-83	->	/rankings/proveedores-pop-promocionales-mexico/
2319	activa	regex=False	Redirecciones	/directorio/proveedores/promopad-81	->	/rankings/agencias-de-publicidad-por-estado/
2318	activa	regex=False	Redirecciones	/directorio/proveedores/rotulen-de-mexico-s-a-de-c-v-80	->	/rankings/agencias-de-publicidad-por-estado/
2317	activa	regex=False	Redirecciones	/directorio/proveedores/rotulaciones-de-chihuahua-sa-de-cv-79	->	/rankings/agencias-de-publicidad-por-estado/
2316	activa	regex=False	Redirecciones	/directorio/proveedores/carteleras-y-neon-espectaculares-sa-cv-78	->	/rankings/empresas-publicidad-exterior-mexico/
2315	activa	regex=False	Redirecciones	/directorio/proveedores/publicidad-y-diseño-77	->	/rankings/estudios-diseno-branding-mexico/
2314	activa	regex=False	Redirecciones	/directorio/proveedores/new-image-comercial-sa-de-cv-76	->	/rankings/agencias-de-publicidad-cdmx/
2313	activa	regex=False	Redirecciones	/directorio/proveedores/qbsoluciones-sa-de-cv-75	->	/rankings/agencias-de-publicidad-cdmx/
2312	activa	regex=False	Redirecciones	/directorio/proveedores/grupo-chong-signs-74	->	/rankings/agencias-de-publicidad-por-estado/
2311	activa	regex=False	Redirecciones	/directorio/proveedores/logica-en-medios-sa-de-cv-73	->	/rankings/agencias-de-medios-mexico/
2310	activa	regex=False	Redirecciones	/directorio/proveedores/medios-publicitarios-e-investigacion-sa-de-cv-71	->	/rankings/agencias-investigacion-de-mercados-mexico/
2309	activa	regex=False	Redirecciones	/directorio/proveedores/publycom-s-a-de-c-v-70	->	/rankings/agencias-de-publicidad-por-estado/
2308	activa	regex=False	Redirecciones	/directorio/proveedores/veloga-sa-de-cv-69	->	/rankings/agencias-de-publicidad-cdmx/
2307	activa	regex=False	Redirecciones	/directorio/proveedores/cortina-tagle-isoard-y-cia-sc-68	->	/rankings/agencias-de-marketing-mexico/
2306	activa	regex=False	Redirecciones	/directorio/proveedores/enfiestate-com-67	->	/rankings/agencias-de-publicidad-por-estado/
2305	activa	regex=False	Redirecciones	/directorio/proveedores/anuncios-en-directorios-s-a-de-c-v-66	->	/rankings/empresas-publicidad-exterior-mexico/
2304	activa	regex=False	Redirecciones	/directorio/proveedores/vea-de-occidente-s-a-de-c-v-64	->	/rankings/empresas-publicidad-exterior-mexico/
2303	activa	regex=False	Redirecciones	/directorio/proveedores/abyp-sa-de-cv-63	->	/rankings/agencias-de-publicidad-cdmx/
2302	activa	regex=False	Redirecciones	/directorio/proveedores/instituto-de-mercadotecnia-y-publicidad-sc-62	->	/rankings/agencias-de-marketing-mexico/
2301	activa	regex=False	Redirecciones	/directorio/proveedores/liselot-s-a-de-c-v-60	->	/rankings/agencias-de-publicidad-cdmx/
2300	activa	regex=False	Redirecciones	/directorio/proveedores/vel-mart-59	->	/rankings/agencias-de-publicidad-por-estado/
2299	activa	regex=False	Redirecciones	/directorio/proveedores/digital-audio-2000-58	->	/rankings/agencias-inbound-marketing-mexico/
2298	activa	regex=False	Redirecciones	/directorio/proveedores/aztral-publicidad-exterior-s-a-de-c-v-57	->	/rankings/empresas-publicidad-exterior-mexico/
2297	activa	regex=False	Redirecciones	/directorio/proveedores/grupo-creativos-56	->	/rankings/estudios-diseno-branding-mexico/
2296	activa	regex=False	Redirecciones	/directorio/proveedores/tv-promo-s-a-de-c-v-54	->	/rankings/agencias-btl-promotoria-mexico/
2295	activa	regex=False	Redirecciones	/directorio/proveedores/telepersonal-s-a-d-e-c-v-53	->	/rankings/agencias-de-publicidad-cdmx/
2294	activa	regex=False	Redirecciones	/directorio/proveedores/organizacion-de-servicios-corporativos-mexicanos-sc-52	->	/rankings/agencias-de-publicidad-cdmx/
2293	activa	regex=False	Redirecciones	/directorio/proveedores/nucleo-radio-mil-s-a-de-c-v-51	->	/rankings/grupos-radiofonicos-mexico/
2292	activa	regex=False	Redirecciones	/directorio/proveedores/maquilas-artisticas-publicitarias-sa-de-cv-50	->	/rankings/agencias-de-publicidad-cdmx/
2291	activa	regex=False	Redirecciones	/directorio/proveedores/monsadria-s-a-49	->	/rankings/agencias-de-publicidad-cdmx/
2290	activa	regex=False	Redirecciones	/directorio/proveedores/impresos-proppim-s-a-de-c-v-48	->	/rankings/proveedores-pop-promocionales-mexico/
2289	activa	regex=False	Redirecciones	/directorio/proveedores/flexo-print-s-a-de-c-v-47	->	/rankings/empresas-publicidad-exterior-mexico/
2288	activa	regex=False	Redirecciones	/directorio/proveedores/cap-servicios-empresariales-sa-de-cv-46	->	/rankings/agencias-de-publicidad-cdmx/
2287	activa	regex=False	Redirecciones	/directorio/proveedores/creaciones-artisticas-publicitarias-sa-de-cv-45	->	/rankings/agencias-de-publicidad-cdmx/
2286	activa	regex=False	Redirecciones	/directorio/proveedores/fdfoco-44	->	/rankings/productoras-de-eventos-mexico/
2285	activa	regex=False	Redirecciones	/directorio/proveedores/brain-firma-creativa-43	->	/rankings/estudios-diseno-branding-mexico/
2284	activa	regex=False	Redirecciones	/directorio/proveedores/volaris-41	->	/rankings/productoras-de-eventos-mexico/
2283	activa	regex=False	Redirecciones	/directorio/proveedores/expomex-39	->	/rankings/productoras-de-eventos-mexico/
2282	activa	regex=False	Redirecciones	/directorio/proveedores/emkt-mx-38	->	/rankings/agencias-inbound-marketing-mexico/
2281	activa	regex=False	Redirecciones	/directorio/proveedores/aeromexico-37	->	/rankings/productoras-de-eventos-mexico/
2280	activa	regex=False	Redirecciones	/directorio/proveedores/actioncoach-36	->	/rankings/agencias-de-publicidad-mexico/
2279	activa	regex=False	Redirecciones	/directorio/proveedores/gorilla-32	->	/rankings/estudios-diseno-branding-mexico/
2278	activa	regex=False	Redirecciones	/directorio/proveedores/espacio-31	->	/rankings/productoras-de-eventos-mexico/
2277	activa	regex=False	Redirecciones	/directorio/proveedores/mvs-radio-df-30	->	/rankings/grupos-radiofonicos-mexico/
2276	activa	regex=False	Redirecciones	/directorio/proveedores/expopublicitas-df-29	->	/rankings/proveedores-pop-promocionales-mexico/
2275	activa	regex=False	Redirecciones	/directorio/proveedores/carteleras-df-28	->	/rankings/empresas-publicidad-exterior-mexico/
2274	activa	regex=False	Redirecciones	/directorio/proveedores/arquero-ediciones-df-27	->	/rankings/proveedores-pop-promocionales-mexico/
2273	activa	regex=False	Redirecciones	/directorio/proveedores/herramientas-para-el-cambio-df-26	->	/rankings/agencias-de-marketing-mexico/
2272	activa	regex=False	Redirecciones	/directorio/proveedores/manpower-df-25	->	/rankings/agencias-de-marketing-mexico/
2271	activa	regex=False	Redirecciones	/directorio/proveedores/boga-promotion-df-24	->	/rankings/agencias-btl-promotoria-mexico/
2270	activa	regex=False	Redirecciones	/directorio/proveedores/mix-106.5-df-23	->	/listing/mix-106.5-df/
2269	activa	regex=False	Redirecciones	/directorio/proveedores/amor-953-df-22	->	/rankings/grupos-radiofonicos-mexico/
2268	activa	regex=False	Redirecciones	/directorio/proveedores/889-noticias-df-21	->	/rankings/grupos-radiofonicos-mexico/
2267	activa	regex=False	Redirecciones	/directorio/proveedores/la-1260-am-df-20	->	/rankings/agencias-de-publicidad-cdmx/
2266	activa	regex=False	Redirecciones	/directorio/proveedores/radio-felicidad-df-19	->	/rankings/grupos-radiofonicos-mexico/
2265	activa	regex=False	Redirecciones	/directorio/proveedores/instintos-creativos-df-18	->	/rankings/estudios-diseno-branding-mexico/
2264	activa	regex=False	Redirecciones	/directorio/proveedores/retro-studio-df-17	->	/rankings/casas-productoras-mexico/
2263	activa	regex=False	Redirecciones	/directorio/proveedores/dinamic-direct-df-16	->	/rankings/agencias-btl-promotoria-mexico/
2262	activa	regex=False	Redirecciones	/directorio/proveedores/opcion-b-df-15	->	/rankings/productoras-de-eventos-mexico/
2261	activa	regex=False	Redirecciones	/directorio/proveedores/photobooth-mexico-df-14	->	/rankings/productoras-de-eventos-mexico/
2260	activa	regex=False	Redirecciones	/directorio/proveedores/somos-anahuac-df-13	->	/rankings/agencias-de-marketing-mexico/
2259	activa	regex=False	Redirecciones	/directorio/proveedores/integra-df-12	->	/rankings/agencias-de-marketing-mexico/
2258	activa	regex=False	Redirecciones	/directorio/proveedores/espect-arte-df-11	->	/rankings/productoras-de-eventos-mexico/
2257	activa	regex=False	Redirecciones	/directorio/proveedores/the-premium-machine-df-10	->	/rankings/agencias-btl-promotoria-mexico/
2256	activa	regex=False	Redirecciones	/directorio/proveedores/boga-models-df-9	->	/rankings/productoras-de-eventos-mexico/
2255	activa	regex=False	Redirecciones	/directorio/proveedores/grupo-vantah-df-8	->	/rankings/agencias-de-publicidad-mexico/
2254	activa	regex=False	Redirecciones	/directorio/proveedores/soluciones-en-publicidad-df-7	->	/rankings/agencias-de-medios-mexico/
2253	activa	regex=False	Redirecciones	/directorio/proveedores/exhibit-y-promotion-df-6	->	/rankings/agencias-btl-promotoria-mexico/
2252	activa	regex=False	Redirecciones	/directorio/proveedores/banquetes-extelarys-5	->	/rankings/productoras-de-eventos-mexico/
2251	activa	regex=False	Redirecciones	/directorio/proveedores/centro-banamex-df-4	->	/rankings/agencias-inbound-marketing-mexico/
2250	activa	regex=False	Redirecciones	/directorio/proveedores/digital-993-df-3	->	/rankings/grupos-radiofonicos-mexico/
2249	activa	regex=False	Redirecciones	/directorio/proveedores/grupo-acir-df-2	->	/rankings/grupos-radiofonicos-mexico/
2248	activa	regex=False	Redirecciones	/directorio/proveedores/fama-impresos-df-1	->	/rankings/proveedores-pop-promocionales-mexico/
2247	inactiva	regex=False	Redirecciones	/old_url	->	new_url
