ruta,codigo_inicial,codigo_final,url_final,saltos
/proveedores/publicidad-exterior/234-vendor-publicidad-exterior-s-de-r-l-de-cv,301,200,/publicidad/,1
/proveedores/television/casas-productoras/pagina3,301,200,/publicidad/,1
/proveedores/120-grupo-alparied-s-a-de-c-v,301,200,/publicidad/,1
/proveedores/publicidad-exterior/1126-agencia-de-publicidad-exterior-5m2,301,200,/publicidad/,1
/proveedores/agencias/agencias-de-medios/594-impactos-frecuencia-y-cobertura-en-medios-sa-de-cv,301,200,/publicidad/,1
/,200,200,/,0
/proveedores/150-corporacion-interpublic-mexicana-sa-de-cv,301,200,/publicidad/,1
/proveedores/activaciones/256-5w-mexico-sa-cv,301,200,/publicidad/,1
/proveedores/publicidad-exterior/1138-agencia-de-publicidad-exterior-pm-on-street,301,200,/publicidad/,1
/proveedores/medios-alternos/260-anuncios-en-directorios-sa-de-cv,301,200,/publicidad/,1
/proveedores/stands-y-display/1722-stands-y-displays-grupo-om,301,200,/publicidad/,1
/proveedores/429-empresas-isal-s-de-rl-de-cv,301,200,/publicidad/,1
/proveedores/impresion-y-artes-graficas/251-arte-integral-expresion-sa-de-cv,301,200,/publicidad/,1
/proveedores/551-publicaciones-del-chuviscar-s-a-de-c-v,301,200,/publicidad/,1
/proveedores/medios-alternos/425-anuncios-en-directorios-s-a-de-c-v,301,200,/publicidad/,1
/proveedores/agencias/agencias-de-publicidad/1076-agencia-de-publicidad-pico-adworks,301,200,/publicidad/,1
/proveedores/impresion-y-artes-graficas/78-carteleras-y-neon-espectaculares-sa-cv,301,200,/publicidad/,1
/proveedores/impresion-y-artes-graficas/47-flexo-print-s-a-de-c-v,301,200,/publicidad/,1
/proveedores/agencias/agencias-de-publicidad/1069-agencia-de-publicidad-olabuenaga-chemistri,301,200,/publicidad/,1
/1841-herramientas-online-offline-mejorar-productividad,301,200,/emprendimiento/,1
/proveedores/publicidad-exterior/espectaculares-mexico/100-vendor-publicidad-exterior-s-de-rl-de-cv,301,200,/publicidad/,1
/proveedores/673-capaco-sa-de-cv,301,200,/publicidad/,1
/proveedores/agencias/agencias-de-promocion/953-agencia-de-promocion-menta-producciones,301,200,/publicidad/,1
/proveedores/publicidad-exterior/1142-agencia-de-publicidad-exterior-strada-publicidad,301,200,/publicidad/,1
/proveedores/impresion-y-artes-graficas/292-soltar-impresores-s-a-de-c-v,301,200,/publicidad/,1
/proveedores/television/casas-productoras,301,200,/publicidad/,1
/proveedores/agencias/agencias-de-mercadotecnia/371-global-producciones-and-marketing-sa-de-cv,301,200,/mercadotecnia/,1
/proveedores/645-saga-del-cupatitzio-s-a-de-c-v,301,200,/publicidad/,1
/proveedores/promocionales/340-marketing-and-promotion-s-a-de-c-v,301,200,/publicidad/,1
/proveedores/557-producciones-signaleticas-mexicanas-s-a-de-c-v,301,200,/publicidad/,1
/proveedores/106-intersexion-monterrey-s-c,301,200,/publicidad/,1
/1584-5-comerciales-censurados-que-causaron-controversia,301,200,/publicidad/creatividad/comerciales-prohibidos-censurados/,1
/proveedores/diseno/1381-despacho-de-diseno-diseno-y-publicidad-mexicana,301,200,/publicidad/,1
/proveedores/agencias/agencias-de-promocion/935-agencia-de-promocion-dinamica-en-mercadotecnia,301,200,/publicidad/,1
/proveedores/114-amfar-sa-de-cv,301,200,/publicidad/,1
/proveedores/radio/94-ad-medios-s-a-de-c-v,301,200,/publicidad/,1
/proveedores/agencias/agencias-de-publicidad/1048-agencia-de-publicidad-jwt-mexico,301,200,/publicidad/,1
/proveedores/agencias/agencias-de-publicidad/1050-agencia-de-publicidad-la-doble-vida,301,200,/publicidad/,1
/proveedores/television/casas-productoras/1641-productoras-cineconcepto,301,200,/publicidad/,1
/proveedores/agencias/agencias-de-promocion,301,200,/publicidad/,1
/noticias,301,200,/noticias/,1
/proveedores/investigacion-de-mercados/1592-investigacion-de-mercados-phenoma,301,200,/mercadotecnia/,1
/proveedores/promocionales/articulos-promocionales/71-medios-publicitarios-e-investigacion-sa-de-cv,301,200,/publicidad/,1
/proveedores/television/casas-productoras/1657-productoras-gelatina-films,301,200,/publicidad/,1
/proveedores/television/54-tv-promo-s-a-de-c-v,301,200,/publicidad/,1
/proveedores/publicidad-exterior/474-display-publicidad-exterior-s-a-de-c-v,301,200,/publicidad/,1
/proveedores/agencias/agencias-de-publicidad/982-agencia-de-publicidad-021-comunicaciones,301,200,/publicidad/,1
/proveedores/agencias/agencias-de-medios/todo,301,200,/publicidad/,1
/proveedores/television/casas-productoras/todo,301,200,/publicidad/,1
/proveedores/television/estudios-de-grabacion/1545-estudios-y-foros-en-renta-talento-post,301,200,/publicidad/,1
/proveedores/95-quiero-media-s-a-de-c-v,301,200,/publicidad/,1
/proveedores/agencias/agencias-de-publicidad/1054-agencia-de-publicidad-leo-burnett-mexico,301,200,/publicidad/,1
/component/mtree/publicidad-exterior,301,200,/publicidad/,1
/proveedores/agencias/agencias-de-publicidad/621-publicidad-augusto-elias-s-a-de-c-v,301,200,/publicidad/,1
/proveedores/agencias/agencias-de-promocion/954-agencia-de-promocion-mercalogic,301,200,/publicidad/,1
/proveedores/266-west-mex-s-a-de-c-v,301,200,/publicidad/,1
/proveedores/agencias/agencias-de-promocion/974-agencia-de-promocion-shark-btl,301,200,/publicidad/,1
/proveedores/estaciones-de-radio,301,200,/publicidad/,1
/proveedores/estaciones-de-radio/30-mvs-radio-df,301,200,/publicidad/,1
/proveedores/agencias/agencias-de-medios/73-logica-en-medios-sa-de-cv,301,200,/publicidad/,1
/noticias?start=20,301,200,/noticias/?start=20,1
/proveedores/radio/622-grupo-radio-mexico-cuidad-juarez-s-a-de-c-v,301,200,/publicidad/,1
/proveedores/agencias/agencias-de-publicidad/1034-agencia-de-publicidad-gaudelli-mcw,301,200,/publicidad/,1
/proveedores/promocionales/235-reconocimientos-y-promocionales-mexcio-sa-de-cv,301,200,/publicidad/,1
/proveedores/agencias/agencias-de-publicidad/1107-agencia-de-publicidad-grupo-vale-euro-rscg,301,200,/publicidad/,1
/proveedores/agencias/agencias-de-promocion/936-agencia-de-promocion-dinamerc,301,200,/publicidad/,1
/proveedores/agencias/agencias-de-publicidad/985-agencia-de-publicidad-area6,301,200,/publicidad/,1
/proveedores/agencias/agencias-de-publicidad/1079-agencia-de-publicidad-primitivo-publicidad,301,200,/publicidad/,1
/proveedores/stands-y-display,301,200,/publicidad/,1
/proveedores/publicidad-exterior/314-vendor-publicidad-exterior-s-de-rl-de-c-v/contactar,301,200,/publicidad/,1
/proveedores/agencias/agencias-de-publicidad/1113-agencia-de-publicidad-ar-weitzner-y-asociados,301,200,/publicidad/,1
/proveedores/estaciones-de-radio/musica/22-amor-953-df,301,200,/publicidad/,1
/proveedores/publicidad-exterior,301,200,/publicidad/,1
/proveedores/491-publimaya,301,200,/publicidad/,1
/proveedores/impresion-y-artes-graficas/325-vinil-de-zacatecas-sc-de-p-de-rl,301,200,/publicidad/,1
/proveedores/revistas-media-kit,301,200,/publicidad/,1
/proveedores/publicidad-exterior/314-vendor-publicidad-exterior-s-de-rl-de-c-v,301,200,/publicidad/,1
/proveedores/marketing-digital/841-agencia-de-marketing-digital-elogia-mexico,301,200,/mercadotecnia/,1
/proveedores/322-grupo-estratega-de-publicidad-sa-de-cv,301,200,/publicidad/,1
/proveedores/publicidad-exterior/526-unipolares-y-espectaculares-del-norte-s-a-de-c-v,301,200,/publicidad/,1
/proveedores/64-vea-de-occidente-s-a-de-c-v,301,200,/publicidad/,1
/proveedores/273-servicios-andes,301,200,/publicidad/,1
/proveedores/buscar-por/state?value=ESTADO DE MEXICO,301,200,/publicidad/,1
/proveedores/publicidad-exterior/1-fama-impresos-df,301,200,/publicidad/,1
/proveedores,301,200,/publicidad/,1
/proveedores/impresion-y-artes-graficas/181-impacto-lonas-y-toldos-y-publicidad,301,200,/publicidad/,1
/proveedores/promocionales/430-promoshape-s-de-rl-de-cv,301,200,/publicidad/,1
/proveedores/533-publitotal-sa-de-cv,301,200,/publicidad/,1
/proveedores/agencias/agencias-de-publicidad/677-casa-publicidad-y-asociados-s-a-de-c-v,301,200,/publicidad/,1
/proveedores/agencias/agencias-de-promocion/947-agencia-de-promocion-grupo-sur-promociones,301,200,/publicidad/,1
/proveedores/444-grupo-hiperformas-del-bajio-s-a-de-c-v,301,200,/publicidad/,1
/proveedores/television/casas-productoras/1656-productoras-garcia-bross-y-asociados,301,200,/publicidad/,1
/proveedores/agencias/agencias-de-medios/231-impactos-frecuencia-y-cobertura-en-medios-sa-de-cv,301,200,/publicidad/,1
/proveedores/diseno/1410-despacho-de-diseno-retorno-tassier,301,200,/publicidad/,1
/proveedores/419-screencast-s-a-p-i-de-cv,301,200,/publicidad/,1
/proveedores/television/casas-productoras/1703-productoras-tiempo-y-tono-films,301,200,/publicidad/,1
/proveedores/730-publi-1000,301,200,/publicidad/,1
/proveedores/activaciones,301,200,/publicidad/,1
/proveedores/agencias/agencias-de-medios/905-agencia-de-medios-quiroga-agencia-de-medios,301,200,/publicidad/,1
/?start=20,200,200,/?start=20,0
/proveedores/investigacion-de-mercados/1576-investigacion-de-mercados-ibope-agb,301,200,/mercadotecnia/,1
/proveedores/223-sign-solutions-s-a-de-c-v,301,200,/publicidad/,1
/proveedores/impresion-y-artes-graficas/183-grupo-impresor-litografico,301,200,/publicidad/,1
/proveedores/television/casas-productoras/1625-productoras-bulldog-films,301,200,/publicidad/,1
/proveedores/agencias/agencias-de-promocion/925-agencia-de-promocion-grupo-bahlcasa,301,200,/publicidad/,1
/proveedores/agencias/agencias-de-publicidad/1148-agencia-de-publicidad-farmaceutica-asterisco-healthcare-communications,301,200,/publicidad/,1
/component/mtree/agencias/agencias-de-promocion/pagina1,301,200,/publicidad/,1
/proveedores/agencias/rp-s/1210-agencia-de-relaciones-publicas-31416r-relaciones-publicas,301,200,/publicidad/,1
/proveedores/radio/51-nucleo-radio-mil-s-a-de-c-v,301,200,/publicidad/,1
/component/mtree/agencias/agencias-de-promocion/925-agencia-de-promocion-grupo-bahlcasa,301,200,/publicidad/,1
/proveedores/impresion-y-artes-graficas/158-graphics-signs-s-a-de-c-v,301,200,/publicidad/,1
/proveedores/buscar-por/state?value=PUEBLA,301,200,/publicidad/,1
/proveedores/agencias/agencias-de-publicidad/1023-agencia-de-publicidad-de-haro-publicidad,301,200,/publicidad/,1
/proveedores/agencias/agencias-de-publicidad/1014-agencia-de-publicidad-clemente-camara-y-asociados,301,200,/publicidad/,1
/proveedores/agencias/agencias-de-publicidad/992-agencia-de-publicidad-alazraki-y-asociados,301,200,/publicidad/,1
/proveedores/agencias/agencias-de-mercadotecnia/1296-agencias-de-marketing-el-orfanato-ideas-sin-madre,301,200,/mercadotecnia/,1
/proveedores/agencias/agencias-de-mercadotecnia/1293-agencias-de-marketing-dialogo-boutique-creativa,301,200,/mercadotecnia/,1
/proveedores/agencias/agencias-de-publicidad/1007-agencia-de-publicidad-bypower,301,200,/publicidad/,1
/proveedores/television/casas-productoras/1683-productoras-peliculas-imaginarias,301,200,/publicidad/,1
/proveedores/556-north-american-mailing-services-s-de-r-l-de-c-v,301,200,/publicidad/,1
/proveedores/promocionales/164-active-promotions-s-a-de-c-v,301,200,/publicidad/,1
/proveedores/impresion-y-artes-graficas/609-ayje-imprenta-s-a-de-c-v,301,200,/publicidad/,1
/proveedores/716-gmb-comunicaciones-sa-de-cv,301,200,/publicidad/,1
/proveedores/agencias/agencias-de-publicidad/1085-agencia-de-publicidad-publicis-mexico,301,200,/publicidad/,1
/proveedores/television/casas-productoras/1631-productoras-cantarranas-films,301,200,/publicidad/,1
/component/mtree/buscar-por/state?value=ZACATECAS,301,200,/publicidad/,1
/proveedores/agencias/agencias-de-mercadotecnia/1286-agencias-de-marketing-circulo-de-ideas-btl,301,200,/mercadotecnia/,1
/proveedores/agencias/agencias-de-publicidad/1157-agencia-de-publicidad-farmaceutica-queruva,301,200,/publicidad/,1
/proveedores/publicidad-exterior/espectaculares-mexico/142-espacios-publicitarios-estrategicos-s-a-de-c-v,301,200,/publicidad/,1
/proveedores/agencias/rp-s/1196-agencia-de-relaciones-publicas-iq-pr,301,200,/publicidad/,1
/proveedores/promocionales/1364-articulos-promocionales-gimmick,301,200,/publicidad/,1
/proveedores/56-grupo-creativos,301,200,/publicidad/,1
/component/mtree/agencias/agencias-de-publicidad/pagina7,301,200,/publicidad/,1
/proveedores/agencias/agencias-de-mercadotecnia/1335-agencias-de-marketing-pcc-brand-group-mexico,301,200,/mercadotecnia/,1
/proveedores/television/casas-productoras/1686-productoras-planeta-films,301,200,/publicidad/,1
/proveedores/152-camaleon-films-sa-de-cv,301,200,/publicidad/,1
/proveedores/agencias/agencias-de-publicidad/1053-agencia-de-publicidad-lebrija-rubio-publicidad,301,200,/publicidad/,1
/proveedores/agencias/agencias-de-publicidad/997-agencia-de-publicidad-amk-healthcare,301,200,/publicidad/,1
/proveedores/marketing-digital/1252-agencia-digital-rancho-digital,301,200,/mercadotecnia/,1
/proveedores/impresion-y-artes-graficas/251-arte-integral-expresion-sa-de-cv/contactar,301,200,/publicidad/,1
/proveedores/television/casas-productoras/1705-productoras-tribu-films-producciones,301,200,/publicidad/,1
/proveedores/television/casas-productoras/1663-productoras-imax-producciones,301,200,/publicidad/,1
/proveedores/agencias/agencias-de-publicidad/1045-agencia-de-publicidad-inmotion-productions,301,200,/publicidad/,1
/proveedores/impresion-y-artes-graficas/48-impresos-proppim-s-a-de-c-v,301,200,/publicidad/,1
/proveedores/investigacion-de-mercados,301,200,/mercadotecnia/,1
/proveedores/investigacion-de-mercados/pagina2,301,200,/mercadotecnia/,1
/component/mtree/publicidad-exterior/todo,301,200,/publicidad/,1
/proveedores/221-eficolor,301,200,/publicidad/,1
/proveedores/publicidad-exterior/1129-agencia-de-publicidad-exterior-grupo-rentable,301,200,/publicidad/,1
/proveedores/agencias/agencias-de-mercadotecnia/1344-agencias-de-marketing-rt-marketing,301,200,/mercadotecnia/,1
/proveedores/pop,301,200,/publicidad/,1
/proveedores/agencias/agencias-de-publicidad/1081-agencia-de-publicidad-promo-express,301,200,/publicidad/,1
/proveedores/publicidad-exterior/1144-agencia-de-publicidad-exterior-vendor,301,200,/publicidad/,1
/proveedores/agencias/agencias-de-publicidad/1121-agencia-de-publicidad-zoo,301,200,/publicidad/,1
/proveedores/publicidad-exterior/1128-agencia-de-publicidad-exterior-cencom,301,200,/publicidad/,1
/proveedores/600-snell-ventures-s-de-rl-de-cv,301,200,/publicidad/,1
/proveedores/262-comercializadora-publishuttle-sa-de-cv/contactar,301,200,/publicidad/,1
/component/mtree/publicidad-exterior/todo/pagina2,301,200,/publicidad/,1
/proveedores/impresion-y-artes-graficas/80-rotulen-de-mexico-s-a-de-c-v,301,200,/publicidad/,1
/proveedores/377-publicaciones-metropolitanas-s-a-de-c-v,301,200,/publicidad/,1
/proveedores/diseno/1408-despacho-de-diseno-promomania,301,200,/publicidad/,1
/proveedores/diseno/1424-despacho-de-diseno-torneo-de-ideas,301,200,/publicidad/,1
/proveedores/promocionales/457-promotora-de-medios-de-comunicacion-sa-de-cv,301,200,/publicidad/,1
/proveedores/agencias/agencias-de-publicidad/1090-agencia-de-publicidad-nazca-saatchi-y-saatchi,301,200,/publicidad/,1
/proveedores/473-spectradyne-international-inc,301,200,/publicidad/,1
/proveedores/agencias/agencias-de-medios/591-optimizacion-en-medios-s-a-de-c-v,301,200,/publicidad/,1
/proveedores/diseno/1412-despacho-de-diseno-ruiz-rocha,301,200,/publicidad/,1
/proveedores/112-publicum-consultores-s-a-de-c-v,301,200,/publicidad/,1
/proveedores/agencias/agencias-de-mercadotecnia/1347-agencias-de-marketing-servipromer,301,200,/mercadotecnia/,1
/proveedores/agencias/agencias-de-mercadotecnia/1288-agencias-de-marketing-conceptmkt,301,200,/mercadotecnia/,1
/proveedores/123-comercializadora-vocafys-s-a-de-c-v,301,200,/publicidad/,1
/proveedores/agencias/agencias-de-publicidad,301,200,/publicidad/,1
/proveedores/impresion-y-artes-graficas/imprentas-digital/1565-impresion-digital-litografica-selene,301,200,/publicidad/,1
/proveedores/impresion-y-artes-graficas/105-spacio-grafico,301,200,/publicidad/,1
/proveedores/agencias/agencias-de-modelos,301,200,/publicidad/,1
/4383-caro-es-lo-que-no-puedes-pagar,301,200,/emprendimiento/,1
/proveedores/investigacion-de-mercados/1600-investigacion-de-mercados-tns-mexico,301,200,/mercadotecnia/,1
/proveedores/agencias/agencias-de-modelos/9-boga-models-df,301,200,/publicidad/,1
/proveedores/publicidad-exterior/685-atm-espectaculares-s-a-de-c-v,301,200,/publicidad/,1
/proveedores/agencias/agencias-de-promocion/931-agencia-de-promocion-circus-marketing,301,200,/publicidad/,1
/component/mtree/buscar-por/country/2?value=M%C3%A9xico,301,200,/publicidad/,1
/proveedores/agencias/rp-s/1189-agencia-de-relaciones-publicas-enlace-integral,301,200,/publicidad/,1
/proveedores/agencias/agencias-de-promocion/964-agencia-de-promocion-promolatina,301,200,/publicidad/,1
/5342-etica-en-las-agencias-de-publicidad-y-anarquia-en-los-negocios,301,200,/publicidad/etica-en-las-agencias-de-publicidad-y-anarquia-en-los-negocios/,1
/proveedores/agencias/agencias-de-publicidad/994-agencia-de-publicidad-alvarado-molina,301,200,/publicidad/,1
/proveedores/television/1512-doblaje-y-subtitulaje-prime-dubb,301,200,/publicidad/,1
/proveedores/agencias/agencias-de-publicidad/735-publimedios,301,200,/publicidad/,1
/proveedores/588-aseco-sa-de-cv,301,200,/publicidad/,1
/proveedores/promocionales/455-promoser-grupo-publicitario-s-r-l-de-c-v,301,200,/publicidad/,1
/proveedores/television/1515-estudio-de-animacion-cinema-fantasma,301,200,/publicidad/,1
/proveedores/buscar-por/city?value=BANJIDAL,301,200,/publicidad/,1
/proveedores/561-comercializadora-megaprint-s-de-r-l-de-c-v,301,200,/publicidad/,1
/proveedores/agencias/agencias-de-publicidad/1032-agencia-de-publicidad-ganem-group,301,200,/publicidad/,1
/proveedores/promocionales/531-click-articulos-promocionales-s-a-de-c-v,301,200,/publicidad/,1
/proveedores/agencias/agencias-de-publicidad/641-reyes-cano-publicidad-sa-de-cv,301,200,/publicidad/,1
/proveedores/agencias/agencias-de-mercadotecnia/1338-agencias-de-marketing-publisenal,301,200,/mercadotecnia/,1
/proveedores/agencias/agencias-de-publicidad/1038-agencia-de-publicidad-guru-market,301,200,/publicidad/,1
/proveedores/agencias/agencias-de-tecnologia/1221-agencia-de-tecnologia-monere-business,301,200,/mercadotecnia/,1
/proveedores/promocionales/338-promoser-grupo-publicitario-s-de-r-l-de-c-v,301,200,/publicidad/,1
/proveedores/agencias/agencias-de-publicidad/1066-agencia-de-publicidad-ninja,301,200,/publicidad/,1
/proveedores/603-comercabos-sa-de-cv,301,200,/publicidad/,1
/proveedores/agencias/agencias-de-publicidad/302-csm-publicidad-s-a-de-c-v,301,200,/publicidad/,1
/proveedores/medios-alternos/394-anuncios-en-directorios-s-a-de-c-v,301,200,/publicidad/,1
/proveedores/580-bunker-y-taylor-s-a-de-c-v,301,200,/publicidad/,1
/proveedores/agencias/agencias-de-publicidad/296-publicidad-activa-mobil-s-a-de-c-v,301,200,/publicidad/,1
/proveedores/television/casas-productoras/1677-productoras-metro-producciones,301,200,/publicidad/,1
/proveedores/publicidad-exterior/1142-agencia-de-publicidad-exterior-strada-publicidad/contactar,301,200,/publicidad/,1
/proveedores/television/casas-productoras/1650-productoras-espejo-y-asociados,301,200,/publicidad/,1
/proveedores/diseno/1370-despacho-de-diseno-arg-comunicacion,301,200,/publicidad/,1
/proveedores/159-fusion-media-s-a-de-c-v,301,200,/publicidad/,1
/proveedores/marketing-digital/1252-agencia-digital-rancho-digital/contactar,301,200,/mercadotecnia/,1
/proveedores/agencias/502-directo-agencia-s-a-de-c-v,301,200,/publicidad/,1
/proveedores/eventos/787-agencia-de-eventos-grupo-nicte,301,200,/publicidad/,1
/proveedores/diseno/1401-despacho-de-diseno-metanoia-publicidad,301,200,/publicidad/,1
/proveedores/television/casas-productoras/1644-productoras-dr-comunicacion,301,200,/publicidad/,1
/proveedores/diseno/1426-despacho-de-diseno-wish-socios-creativos,301,200,/publicidad/,1
/proveedores/293-aram-y-asociados-s-a-de-c-v,301,200,/publicidad/,1
/proveedores/buscar-por/city/8?value=MEXICO,301,200,/publicidad/,1
/proveedores/radio/doblaje-y-locucion/817-agencia-de-locutores-palestino-y-asociados,301,200,/publicidad/,1
/component/mtree/agencias/agencias-de-publicidad,301,200,/publicidad/,1
/proveedores/estaciones-de-radio/2-grupo-acir-df,301,200,/publicidad/,1
/proveedores/agencias/agencias-de-mercadotecnia/752-agencia-de-comunicacion-y-marketing-central-media,301,200,/mercadotecnia/,1
/proveedores/stands-y-display/todo,301,200,/publicidad/,1
/proveedores/agencias/agencias-de-medios/903-agencia-de-medios-omd-mexico,301,200,/publicidad/,1
/proveedores/buscar-por/state/1?value=CHIHUAHUA,301,200,/publicidad/,1
/proveedores/agencias/agencias-de-publicidad/1080-agencia-de-publicidad-promarket,301,200,/publicidad/,1
/proveedores/187-playeras-joshua,301,200,/publicidad/,1
/proveedores/agencias/agencias-de-promocion/952-agencia-de-promocion-market-pro-lideres-de-mercado,301,200,/publicidad/,1
/proveedores/524-calendarios-len,301,200,/publicidad/,1
/proveedores/marketing-digital/890-agencia-de-marketing-digital-t2o-media-mexico,301,200,/mercadotecnia/,1
/component/mtree/impresion-y-artes-graficas/todo/pagina2,301,200,/publicidad/,1
/proveedores/promocionales,301,200,/publicidad/,1
/proveedores/122-la-voz-de-michoacan-s-a-de-c-v,301,200,/publicidad/,1
/proveedores/buscar-por/city?value=EL CARMEN,301,200,/publicidad/,1
/proveedores/agencias/agencias-de-publicidad/1100-agencia-de-publicidad-synapsis-de-mexico,301,200,/publicidad/,1
/proveedores/estaciones-de-radio/todo,301,200,/publicidad/,1
/proveedores/agencias/agencias-de-publicidad/1156-agencia-de-publicidad-farmaceutica-punto-pen,301,200,/publicidad/,1
/proveedores/investigacion-de-mercados/1599-investigacion-de-mercados-sigmate-research,301,200,/mercadotecnia/,1
/proveedores/agencias/agencias-de-publicidad/1039-agencia-de-publicidad-havas-worldwide-mexico,301,200,/publicidad/,1
/proveedores/publicidad-exterior/326-ads-publicidad-total-srl-de-cv,301,200,/publicidad/,1
/proveedores/227-publi-express,301,200,/publicidad/,1
/proveedores/87-licon-y-asociados-s-a-de-c-v,301,200,/publicidad/,1
/proveedores/impresion-y-artes-graficas/45-creaciones-artisticas-publicitarias-sa-de-cv,301,200,/publicidad/,1
/proveedores/agencias/agencias-de-publicidad/1083-agencia-de-publicidad-proyecta-publicidad,301,200,/publicidad/,1
/proveedores/eventos/fotografias/14-photobooth-mexico-df,301,200,/publicidad/,1
/component/mtree/buscar-por/city?value=EL COLLI,301,200,/publicidad/,1
/proveedores/agencias/agencias-de-publicidad/1120-agencia-de-publicidad-zeta-publicidad,301,200,/publicidad/,1
/proveedores/television/casas-productoras/pagina1,301,200,/publicidad/,1
/proveedores/431-grupo-signos-s-a-de-c-v,301,200,/publicidad/,1
/component/mtree/publicidad-exterior/espectaculares-mexico/todo,301,200,/publicidad/,1
/proveedores/92-global-media-asesores-s-a-de-c-v,301,200,/publicidad/,1
/proveedores/impresion-y-artes-graficas/669-imprenta-siglo-xxv-s-a-de-c-v,301,200,/publicidad/,1
/proveedores/stands-y-display/236-expo-display-de-queretaro-renta-sa-de-cv,301,200,/publicidad/,1
/proveedores/pop/1363-agencias-de-publicidad-pop-grupo-rubrica,301,200,/publicidad/,1
/proveedores/impresion-y-artes-graficas/706-imagen-impresa-de-occidente-s-a-de-c-v,301,200,/publicidad/,1
/proveedores/buscar-por/city?value=LOS CIPRESES,301,200,/publicidad/,1
/proveedores/170-publicom,301,200,/publicidad/,1
/proveedores/agencias/agencias-de-publicidad/1028-agencia-de-publicidad-euro-beker-rscg,301,200,/publicidad/,1
/proveedores/television/casas-productoras/1645-productoras-distrito-films,301,200,/publicidad/,1
/proveedores/agencias/agencias-de-publicidad/1046-agencia-de-publicidad-in-situ-publicidad,301,200,/publicidad/,1
/proveedores/119-kubica,301,200,/publicidad/,1
/proveedores/agencias/agencias-de-publicidad/390-creatimex-publicidad-sa-de-cv,301,200,/publicidad/,1
/proveedores/agencias/agencias-de-publicidad/1055-agencia-de-publicidad-lowe,301,200,/publicidad/,1
/proveedores/114-amfar-sa-de-cv/contactar,301,200,/publicidad/,1
/proveedores/impresion-y-artes-graficas/575-milgraf-puebla-s-a-de-c-v,301,200,/publicidad/,1
/proveedores/310-servicios-de-administracion-e-informatica-sa-de-cv,301,200,/publicidad/,1
/proveedores/impresion-y-artes-graficas/79-rotulaciones-de-chihuahua-sa-de-cv,301,200,/publicidad/,1
/proveedores/pop/1362-agencias-de-publicidad-pop-pulso-tec,301,200,/publicidad/,1
/proveedores/agencias/agencias-de-modelos/915-agencia-de-modelos-gli-attori-casting,301,200,/publicidad/,1
/proveedores/impresion-y-artes-graficas/587-rotulos-computarizados-e-impuresos-del-surestes-s-a-de-c-v,301,200,/publicidad/,1
/proveedores/television/estudios-de-grabacion/1520-estudio-de-grabacion-equis-cosa,301,200,/publicidad/,1
/proveedores/diseno/192-diseños-le-fame-s-a-de-c-v,301,200,/publicidad/,1
/autofintech-mexico/,301,200,/negocios/automotriz/autofintech-mexico/,1
/proveedores/promocionales/146-imaginacion-promocional-s-a-de-c-v,301,200,/publicidad/,1
/proveedores/116-grupo-ublicitario-del-golfo-s-a-de-c-v,301,200,/publicidad/,1
/proveedores/agencias/agencias-de-publicidad/530-matisse-publicidad,301,200,/publicidad/,1
/proveedores/476-numeros-creativos-s-c,301,200,/publicidad/,1
/proveedores/407-publiport-sa-de-cv,301,200,/publicidad/,1
/proveedores/radio/416-radio-america-de-mexico-sa-de-cv,301,200,/publicidad/,1
/proveedores/agencias/agencias-de-publicidad/1150-agencia-de-publicidad-farmaceutica-carlos-ascobereta-publicidad,301,200,/publicidad/,1
/proveedores/364-televisora-peninsular-s-a-de-c-v,301,200,/publicidad/,1
/proveedores/agencias/rp-s/1185-agencia-de-relaciones-publicas-cohn-y-wolfe-mexico,301,200,/publicidad/,1
/proveedores/television/casas-productoras/1678-productoras-muela-producciones,301,200,/publicidad/,1
/proveedores/agencias/agencias-de-publicidad/1044-agencia-de-publicidad-increapublicidad,301,200,/publicidad/,1
/proveedores/354-sacale-jugo-a-tu-marca-is-de-r-l-de-c-v,301,200,/publicidad/,1
/proveedores/agencias/agencias-de-modelos/921-agencia-de-modelos-voala-models,301,200,/publicidad/,1
/proveedores/200-questa-de-mexico-s-a-de-c-v,301,200,/publicidad/,1
/proveedores/eventos/43-brain-firma-creativa,301,200,/publicidad/,1
/proveedores/television/casas-productoras/1616-productoras-armar-producciones,301,200,/publicidad/,1
/proveedores/agencias/agencias-de-promocion/956-agencia-de-promocion-msprom,301,200,/publicidad/,1
/proveedores/agencias,301,200,/publicidad/,1
/proveedores/television/casas-productoras/pagina4,301,200,/publicidad/,1
/noticias/5410-canela-tv-plataforma-de-streaming-gratuito-llega-a-mexico,301,200,/publicidad/medios/canela-tv-plataforma-de-streaming-gratuito-llega-a-mexico/,1
/component/mtree/stands-y-display,301,200,/publicidad/,1
/proveedores/television/1506-doblaje-y-subtitulaje-candiani-dubbing-studios,301,200,/publicidad/,1
/proveedores/agencias/agencias-de-mercadotecnia/749-agencia-de-comunicacion-y-marketing-agencia-i,301,200,/mercadotecnia/,1
/proveedores/221-eficolor/contactar,301,200,/publicidad/,1
/proveedores/178-gsi-fabril-sa-de-cv,301,200,/publicidad/,1
/proveedores/agencias/agencias-de-publicidad/1016-agencia-de-publicidad-com-comunicacion-integral,301,200,/publicidad/,1
/proveedores/agencias/rp-s/1203-agencia-de-relaciones-publicas-makken-rrpp,301,200,/publicidad/,1
/proveedores/agencias/rp-s/1197-agencia-de-relaciones-publicas-kaleidoscopio-pr,301,200,/publicidad/,1
/proveedores/415-publitec,301,200,/publicidad/,1
/proveedores/agencias/agencias-de-publicidad/384-oh-publicidad-y-negocios,301,200,/publicidad/,1
/proveedores/601-g4-de-mexico-s-a-de-c-v,301,200,/publicidad/,1
/proveedores/diseno/diseno-y-desarrollo-web/1457-diseno-y-desarrollo-web-denumeris-interactive,301,200,/mercadotecnia/,1
/proveedores/agencias/agencias-de-mercadotecnia/1278-agencias-de-marketing-asylum-mexico,301,200,/mercadotecnia/,1
/proveedores/agencias/agencias-de-publicidad/141-pimsa-publicidad-s-a-de-c-v,301,200,/publicidad/,1
/proveedores/239-isa-corporativo-s-a-de-c-v,301,200,/publicidad/,1
/proveedores/buscar-por/country/5?value=M%C3%A9xico,301,200,/publicidad/,1
/proveedores/television/casas-productoras/1665-productoras-kreatta-producciones,301,200,/publicidad/,1
/proveedores/impresion-y-artes-graficas/todo/pagina5,301,200,/publicidad/,1
/proveedores/agencias/agencias-de-publicidad/1092-agencia-de-publicidad-seis-grados,301,200,/publicidad/,1
/proveedores/agencias/agencias-de-publicidad/589-consultoria-y-asesoria-en-publicidad-sa-de-cv,301,200,/publicidad/,1
/proveedores/agencias/agencias-de-publicidad/611-a-publicidad,301,200,/publicidad/,1
/proveedores/diseno/diseno-y-desarrollo-web/1437-diseno-y-desarrollo-web-abargon-evalue-developers,301,200,/mercadotecnia/,1
/proveedores/impresion-y-artes-graficas/292-soltar-impresores-s-a-de-c-v/contactar,301,200,/publicidad/,1
/proveedores/publicidad-exterior/1125-agencia-de-publicidad-exterior-casa-publicidad-y-asociados,301,200,/publicidad/,1
/proveedores/television/casas-productoras/1706-productoras-vdm-casa-productora,301,200,/publicidad/,1
/component/mtree/publicidad-exterior/espectaculares-mexico,301,200,/publicidad/,1
/proveedores/diseno/fotografia/1555-fotografia-segarra-estudio,301,200,/publicidad/,1
/proveedores/investigacion-de-mercados/1592-investigacion-de-mercados-phenoma/contactar,301,200,/mercadotecnia/,1
/proveedores/television/casas-productoras/1626-productoras-byg-studio,301,200,/publicidad/,1
/proveedores/agencias/agencias-de-publicidad/62-instituto-de-mercadotecnia-y-publicidad-sc,301,200,/publicidad/,1
/proveedores/eventos/786-agencia-de-eventos-grupo-probaco,301,200,/publicidad/,1
/proveedores/television/casas-productoras/pagina2,301,200,/publicidad/,1
/proveedores/eventos/782-agencia-de-eventos-csf-av-productions,301,200,/publicidad/,1
/proveedores/promocionales/articulos-promocionales,301,200,/publicidad/,1
/proveedores/publicidad-exterior/espectaculares-mexico,301,200,/publicidad/,1
/proveedores/agencias/agencias-de-publicidad/1040-agencia-de-publicidad-haz-comunicacion,301,200,/publicidad/,1
/proveedores/agencias/agencias-de-publicidad/1029-agencia-de-publicidad-grupo-ferrer,301,200,/publicidad/,1
/component/mtree/buscar-por/country/69?value=M%C3%A9xico,301,200,/publicidad/,1
/proveedores/agencias/agencias-de-mercadotecnia/1305-agencias-de-marketing-future-group,301,200,/mercadotecnia/,1
/5343-los-numeros-no-importan-la-influencia-si,301,200,/mercadotecnia/marketing-digital/los-numeros-no-importan-la-influencia-si/,1
/proveedores/investigacion-de-mercados/1572-investigacion-de-mercados-evamerc,301,200,/mercadotecnia/,1
/proveedores/agencias/agencias-de-modelos/918-agencia-de-modelos-look-models-mexico,301,200,/publicidad/,1
/proveedores/television/casas-productoras/1709-productoras-whiskey-films,301,200,/publicidad/,1
/proveedores/agencias/agencias-de-publicidad/232-mr-publicidad-s-a-de-c-v,301,200,/publicidad/,1
/proveedores/todo/pagina3,301,200,/publicidad/,1
/proveedores/publicidad-exterior/57-aztral-publicidad-exterior-s-a-de-c-v,301,200,/publicidad/,1
/proveedores/investigacion-de-mercados/1579-investigacion-de-mercados-ipsos-bimsa,301,200,/mercadotecnia/,1
/proveedores/agencias/agencias-de-mercadotecnia/1294-agencias-de-marketing-dlb-group-mexico,301,200,/mercadotecnia/,1
/proveedores/732-publiplaya,301,200,/publicidad/,1
/proveedores/agencias/agencias-de-recursos-humanos/1160-agencia-de-recursos-humanos-cm-talent-y-development,301,200,/mercadotecnia/,1
/proveedores/agencias/agencias-de-mercadotecnia/1325-agencias-de-marketing-materia-gris,301,200,/mercadotecnia/,1
/proveedores/agencias/agencias-de-publicidad/1053-agencia-de-publicidad-lebrija-rubio-publicidad/contactar,301,200,/publicidad/,1
/proveedores/agencias/agencias-de-promocion/pagina3,301,200,/publicidad/,1
/proveedores/buscar-por/state/10?value=Distrito,301,200,/publicidad/,1
/proveedores/449-beltran-y-bernal-stoopen-sc,301,200,/publicidad/,1
/proveedores/agencias/agencias-de-tecnologia/1224-agencia-de-tecnologia-tkinov,301,200,/mercadotecnia/,1
/proveedores/406-publimedia-los-cabos-sa-de-cv,301,200,/publicidad/,1
/component/mtree/buscar-por/state?value=YUCATAN,301,200,/publicidad/,1
/proveedores/investigacion-de-mercados/1586-investigacion-de-mercados-merc-gfk,301,200,/mercadotecnia/,1
/proveedores/agencias/agencias-de-medios/899-agencia-de-medios-mediacorp,301,200,/publicidad/,1
/proveedores/buscar-por/city?value=Ciudad de,301,200,/publicidad/,1
/listing/889-noticias-df/,200,200,/listing/889-noticias-df/,0
/proveedores/413-mentor-s-a-de-c-v,301,200,/publicidad/,1
/proveedores/97-editorial-magesa-s-a-de-c-v,301,200,/publicidad/,1
/proveedores/television/estudios-de-grabacion/1540-estudios-y-foros-en-renta-56-cinco-punto-seis,301,200,/publicidad/,1
/proveedores/74-grupo-chong-signs,301,200,/publicidad/,1
/proveedores/602-comercializadora-gps-2000-sa-de-cv,301,200,/publicidad/,1
/proveedores/agencias/agencias-de-medios/563-estrategia-inteligente-de-medios-s-a-de-c-v,301,200,/publicidad/,1
/proveedores/buscar-por/city?value=GOMEZ PALACIO,301,200,/publicidad/,1
/proveedores/impresion-y-artes-graficas/160-imagenes-de-guadalajara-s-a-de-c-v,301,200,/publicidad/,1
/proveedores/inbound-marketing-mexico/734-fernando-arturo-martinez-aguilar/recomendar,301,200,/mercadotecnia/,1
/proveedores/television/casas-productoras/1614-productoras-ares-producciones,301,200,/publicidad/,1
/proveedores/buscar-por/country/33?value=M%C3%A9xico,301,200,/publicidad/,1
/proveedores/agencias/agencias-de-publicidad/1111-agencia-de-publicidad-w360°,301,200,/publicidad/,1
/proveedores/impresion-y-artes-graficas/243-seriart-publicidad,301,200,/publicidad/,1
/proveedores/269-hyc-trade-business-s-a-de-c-v,301,200,/publicidad/,1
/proveedores/buscar-por/city?value=CIUDAD GUZMAN,301,200,/publicidad/,1
/proveedores/68-cortina-tagle-isoard-y-cia-sc,301,200,/publicidad/,1
/proveedores/stands-y-display/1723-stands-y-displays-grupo-tochijara,301,200,/publicidad/,1
/proveedores/television/casas-productoras/1660-productoras-hormiga-films,301,200,/publicidad/,1
/proveedores/promocionales/articulos-promocionales/71-medios-publicitarios-e-investigacion-sa-de-cv/contactar,301,200,/publicidad/,1
/proveedores/363-multimedia-del-sureste-s-a-de-c-v,301,200,/publicidad/,1
/component/mtree/buscar-por/country/48?value=Mexico,301,200,/publicidad/,1
/proveedores/418-grupo-mistica-sa-de-cv,301,200,/publicidad/,1
/proveedores/495-fazt-proveedor-de-publiservicios-sa-de-cv,301,200,/publicidad/,1
/proveedores/marketing-digital/1228-agencia-digital-clarus-digital,301,200,/mercadotecnia/,1
/proveedores/194-cyflex-s-a-de-c-v,301,200,/publicidad/,1
/proveedores/impresion-y-artes-graficas/96-grafic-quin-s-a-de-c-v,301,200,/publicidad/,1
/proveedores/agencias/agencias-de-modelos/909-agencia-de-modelos-bravo-model,301,200,/publicidad/,1
/proveedores/262-comercializadora-publishuttle-sa-de-cv,301,200,/publicidad/,1
/proveedores/promocionales/todo/pagina2,301,200,/publicidad/,1
/proveedores/444-grupo-hiperformas-del-bajio-s-a-de-c-v/contactar,301,200,/publicidad/,1
/proveedores/agencias/agencias-de-publicidad/1025-agencia-de-publicidad-dendrita-publicidad,301,200,/publicidad/,1
/proveedores/agencias/agencias-de-publicidad/380-isi-publicidad,301,200,/publicidad/,1
/proveedores/diseno/diseno-y-desarrollo-web/1465-diseno-y-desarrollo-web-gamol,301,200,/mercadotecnia/,1
/proveedores/marketing-digital/819-agencia-de-marketing-digital-abaco-digital,301,200,/mercadotecnia/,1
/proveedores/agencias/agencias-de-publicidad/618-tisca-publicidad,301,200,/publicidad/,1
/proveedores/354-sacale-jugo-a-tu-marca-is-de-r-l-de-c-v/contactar,301,200,/publicidad/,1
/proveedores/publicidad-exterior/250-difusion-exterior-s-a-de-c-v,301,200,/publicidad/,1
/1670-como-se-deben-empezar-las-cosas-por-el-principio,301,200,/emprendimiento/,1
/proveedores/diseno/1410-despacho-de-diseno-retorno-tassier/contactar,301,200,/publicidad/,1
/component/mtree/buscar-por/city/17?value=Ciudad de,301,200,/publicidad/,1
/proveedores/investigacion-de-mercados/1601-investigacion-de-mercados-wilbert-sierra-y-asociados,301,200,/mercadotecnia/,1
/proveedores/287-rumbo-publicaciones-s-c,301,200,/publicidad/,1
/proveedores/agencias/agencias-de-publicidad/1106-agencia-de-publicidad-tovar-mina-y-asociados/contactar,301,200,/publicidad/,1
/proveedores/agencias/agencias-de-publicidad/1042-agencia-de-publicidad-imagogenia,301,200,/publicidad/,1
/proveedores/486-jugo-de-tomate-s-a-de-c-v,301,200,/publicidad/,1
/proveedores/145-grupo-stiletto-s-a-de-c-v,301,200,/publicidad/,1
/proveedores/agencias/agencias-de-medios/594-impactos-frecuencia-y-cobertura-en-medios-sa-de-cv/contactar,301,200,/publicidad/,1
/proveedores/television/estudios-de-grabacion/1534-estudio-de-grabacion-mixtlan-producciones,301,200,/publicidad/,1
/proveedores/agencias/agencias-de-mercadotecnia/771-agencia-de-comunicacion-y-marketing-tangerine-soul-pr,301,200,/mercadotecnia/,1
/proveedores/542-sign-fussion-s-a-de-c-v,301,200,/publicidad/,1
/proveedores/television/casas-productoras/1638-productoras-chapulte-pictures,301,200,/publicidad/,1
/proveedores/television/casas-productoras/1703-productoras-tiempo-y-tono-films/contactar,301,200,/publicidad/,1
/proveedores/television/casas-productoras/1657-productoras-gelatina-films/contactar,301,200,/publicidad/,1
/proveedores/investigacion-de-mercados/1574-investigacion-de-mercados-grupo-arkho,301,200,/mercadotecnia/,1
/proveedores/promocionales/todo,301,200,/publicidad/,1
/proveedores/radio/doblaje-y-locucion/815-agencia-de-locutores-produccion-coordinada,301,200,/publicidad/,1
/proveedores/radio/445-organizacion-radiofonica-de-chihuahua-s-a,301,200,/publicidad/,1
/proveedores/agencias/agencias-de-publicidad/1105-agencia-de-publicidad-todolocontrario,301,200,/publicidad/,1
/proveedores/agencias/agencias-de-publicidad/1159-agencia-de-publicidad-farmaceutica-timspa,301,200,/publicidad/,1
/proveedores/agencias/agencias-de-publicidad/1012-agencia-de-publicidad-chilaquile-btl,301,200,/publicidad/,1
/proveedores/television/casas-productoras/1603-productoras-1910-films,301,200,/publicidad/,1
/proveedores/agencias/agencias-de-medios/279-ingenieria-creativa-en-medios-s-c,301,200,/publicidad/,1
/proveedores/agencias/rp-s/1209-agencia-de-relaciones-publicas-penagos-comunicacion,301,200,/publicidad/,1
/proveedores/revistas-media-kit/universitarias/12-integra-df,301,200,/publicidad/,1
/proveedores/television/casas-productoras/1633-productoras-casa-12-producciones,301,200,/publicidad/,1
/proveedores/investigacion-de-mercados/1593-investigacion-de-mercados-planning-antropologico,301,200,/mercadotecnia/,1
/proveedores/diseno/diseno-y-desarrollo-web/1501-diseno-y-desarrollo-web-weblex,301,200,/mercadotecnia/,1
/proveedores/agencias/agencias-de-publicidad/1110-agencia-de-publicidad-vux,301,200,/publicidad/,1
/proveedores/impresion-y-artes-graficas/401-memetica-diseño-e-impresion,301,200,/publicidad/,1
/proveedores/investigacion-de-mercados/1588-investigacion-de-mercados-mkt-noroeste,301,200,/mercadotecnia/,1
/proveedores/agencias/agencias-de-publicidad/1088-agencia-de-publicidad-el-recreo-comunicacion,301,200,/publicidad/,1
/proveedores/494-publi-imagen,301,200,/publicidad/,1
/proveedores/inbound-marketing-mexico/1728-go-virtual,301,200,/mercadotecnia/,1
/component/mtree/buscar-por/city?value=CIUDAD,301,200,/publicidad/,1
/component/mtree/buscar-por/city?value=EL CARMEN,301,200,/publicidad/,1
/proveedores/impresion-y-artes-graficas/701-grafinsa-grafica-s-a-de-c-v,301,200,/publicidad/,1
/proveedores/agencias/agencias-de-promocion/950-agencia-de-promocion-inteligencia-avanzada,301,200,/publicidad/,1
/proveedores/agencias/agencias-de-publicidad/1078-agencia-de-publicidad-postermedia,301,200,/publicidad/,1
/proveedores/investigacion-de-mercados/todo,301,200,/mercadotecnia/,1
/proveedores/buscar-por/city?value=ZACATECAS CENTRO,301,200,/publicidad/,1
/proveedores/agencias/agencias-de-promocion/944-agencia-de-promocion-grupo-cepron,301,200,/publicidad/,1
/component/mtree/radio/doblaje-y-locucion,301,200,/publicidad/,1
/proveedores/television/casas-productoras/1701-productoras-terciopelo-films,301,200,/publicidad/,1
/proveedores/promocionales/518-giro-promocional-de-occidente-s-a-de-c-v,301,200,/publicidad/,1
/proveedores/impresion-y-artes-graficas/261-viniletras-s-a-de-c-v,301,200,/publicidad/,1
/proveedores/agencias/agencias-de-publicidad/1015-agencia-de-publicidad-click-publicidad,301,200,/publicidad/,1
/proveedores/publicidad-exterior/pagina1,301,200,/publicidad/,1
/proveedores/impresion-y-artes-graficas/414-publicidad-grafica-sa-de-cv,301,200,/publicidad/,1
/proveedores/agencias/agencias-de-medios/pagina1,301,200,/publicidad/,1
/proveedores/buscar-por/city?value=CULIACAN CENTRO,301,200,/publicidad/,1
/proveedores/television/1511-doblaje-y-subtitulaje-new-art-dub,301,200,/publicidad/,1
/proveedores/television/casas-productoras/1648-productoras-el-mall,301,200,/publicidad/,1
/proveedores/150-corporacion-interpublic-mexicana-sa-de-cv/contactar,301,200,/publicidad/,1
/proveedores/television/estudios-de-grabacion/1532-estudio-de-grabacion-jarpa-studio,301,200,/publicidad/,1
/proveedores/67-enfiestate-com,301,200,/publicidad/,1
/proveedores/agencias/agencias-de-promocion/963-agencia-de-promocion-marketing-y-promotion,301,200,/publicidad/,1
/component/mtree/buscar-por/state?value=PUEBLA,301,200,/publicidad/,1
/5301-como-la-ves-verdad-que-todo-depende,301,200,/publicidad/creatividad/como-la-ves-verdad-que-todo-depende/,1
/proveedores/agencias/agencias-de-mercadotecnia/1275-agencias-de-marketing-alternativa-mdi,301,200,/mercadotecnia/,1
/proveedores/108-zale-graphic-s-a-de-c-v,301,200,/publicidad/,1
/proveedores/buscar-por/state?value=VERACRUZ,301,200,/publicidad/,1
/proveedores/publicidad-exterior/1-fama-impresos-df/contactar,301,200,/publicidad/,1
/5387-infografia-claves-para-edificar-tu-marca-personal,301,200,/emprendimiento/liderazgo/infografia-claves-para-edificar-tu-marca-personal/,1
/component/mtree/buscar-por/state?value=QUINTANA ROO,301,200,/publicidad/,1
/proveedores/agencias/agencias-de-promocion/933-agencia-de-promocion-grupo-creatica,301,200,/publicidad/,1
/proveedores/television/casas-productoras/1649-productoras-elote-films,301,200,/publicidad/,1
/proveedores/promocionales/346-promo-rigba-internacional-s-de-rl-de-cv,301,200,/publicidad/,1
/5409-que-significa-la-llegada-de-facebook-marketplace-para-las-agencias-de-autos,301,200,/negocios/automotriz/que-significa-la-llegada-de-facebook-marketplace-para-las-agencias-de-autos/,1
/proveedores/marketing-digital/1245-agencia-digital-lunave,301,200,/mercadotecnia/,1
/proveedores/buscar-por/state?value=Colima,301,200,/publicidad/,1
/proveedores/agencias/agencias-de-publicidad/621-publicidad-augusto-elias-s-a-de-c-v/contactar,301,200,/publicidad/,1
/component/mtree/buscar-por/city?value=VICTORIA DE,301,200,/publicidad/,1
/component/mtree/radio/todo,301,200,/publicidad/,1
/component/mtree/television/casas-productoras/pagina1,301,200,/publicidad/,1
/proveedores/agencias/agencias-de-publicidad/1005-agencia-de-publicidad-bbdo-mexico,301,200,/publicidad/,1
/proveedores/agencias/agencias-de-medios/904-agencia-de-medios-promosat,301,200,/publicidad/,1
/proveedores/marketing-digital/868-agencia-de-marketing-digital-merca-3w,301,200,/mercadotecnia/,1
/proveedores/agencias/agencias-de-publicidad/1146-agencia-de-publicidad-farmaceutica-adacosta,301,200,/publicidad/,1
/proveedores/medios-alternos/176-anuncios-exitosos-en-internet-s-a-de-c-v,301,200,/publicidad/,1
/proveedores/543-comercializadora-chester-s-a-de-c-v,301,200,/publicidad/,1
/proveedores/publicidad-exterior/171-publisitios-de-mexico-sa-de-cv,301,200,/publicidad/,1
/proveedores/marketing-digital/882-agencia-de-marketing-digital-publiclick,301,200,/mercadotecnia/,1
/proveedores/510-calendarios-len,301,200,/publicidad/,1
/proveedores/429-empresas-isal-s-de-rl-de-cv/contactar,301,200,/publicidad/,1
/proveedores/publicidad-exterior/1131-agencia-de-publicidad-exterior-grupo-imu,301,200,/publicidad/,1
/proveedores/eventos,301,200,/publicidad/,1
/anunciantes,301,200,/,1
/proveedores/buscar-por/country/61?value=M%C3%A9xico,301,200,/publicidad/,1
/component/mtree/buscar-por/city?value=COPILCO EL,301,200,/publicidad/,1
/proveedores/70-publycom-s-a-de-c-v,301,200,/publicidad/,1
/proveedores/television/casas-productoras/1672-productoras-the-lift,301,200,/publicidad/,1
/component/mtree/impresion-y-artes-graficas/pagina4,301,200,/publicidad/,1
/proveedores/117-protarget-estrategia-profesional-s-a-de-c-v,301,200,/publicidad/,1
/proveedores/agencias/agencias-de-publicidad/pagina9,301,200,/publicidad/,1
/proveedores/agencias/agencias-de-promocion/932-agencia-de-promocion-corporativo-pedrote,301,200,/publicidad/,1
/proveedores/publicidad-exterior/1133-agencia-de-publicidad-exterior-publicidad-exterior-lagunas,301,200,/publicidad/,1
/proveedores/230-yahoo-de-mexico-s-a-de-c-v,301,200,/publicidad/,1
/proveedores/television/casas-productoras/1667-productoras-la-fabrica-films,301,200,/publicidad/,1
/proveedores/investigacion-de-mercados/1571-investigacion-de-mercados-de-la-riva-group,301,200,/mercadotecnia/,1
/proveedores/buscar-por/city?value=MONCLOVA CENTRO,301,200,/publicidad/,1
/proveedores/agencias/agencias-de-recursos-humanos/1177-agencia-de-recursos-humanos-suplementos-corporativos,301,200,/mercadotecnia/,1
/proveedores/marketing-digital/834-agencia-de-marketing-digital-coco-marketing,301,200,/mercadotecnia/,1
/proveedores/agencias/agencias-de-publicidad/1082-agencia-de-publicidad-proyecta-live-brand,301,200,/publicidad/,1
/proveedores/marketing-digital/870-agencia-de-marketing-digital-metrica-btl-y-digital,301,200,/mercadotecnia/,1
/proveedores/agencias/agencias-de-publicidad/1001-agencia-de-publicidad-arroyo-publicidad,301,200,/publicidad/,1
/proveedores/marketing-digital/1225-agencia-digital-ada-mexico,301,200,/mercadotecnia/,1
/component/mtree/buscar-por/city?value=RICARDO,301,200,/publicidad/,1
/component/mtree/television/estudios-de-grabacion,301,200,/publicidad/,1
/proveedores/diseno/1414-despacho-de-diseno-scientika,301,200,/publicidad/,1
/proveedores/buscar-por/country/3?value=M,301,200,/publicidad/,1
/proveedores/449-beltran-y-bernal-stoopen-sc/recomendar,301,200,/publicidad/,1
/proveedores/133-cmyk-modelo-de-color,301,200,/publicidad/,1
/proveedores/television/estudios-de-grabacion/1533-estudio-de-grabacion-lado-a-estudios,301,200,/publicidad/,1
/proveedores/301-publi-anuncios,301,200,/publicidad/,1
/proveedores/agencias/agencias-de-medios/595-top-medios-s-a-de-c-v,301,200,/publicidad/,1
/component/mtree/diseno/pagina3,301,200,/publicidad/,1
/proveedores/buscar-por/state?value=GUANAJUATO,301,200,/publicidad/,1
/component/mtree/agencias/agencias-de-promocion/todo/pagina2,301,200,/publicidad/,1
/proveedores/radio/doblaje-y-locucion/810-agencia-de-locutores-bomberazostv,301,200,/publicidad/,1
/proveedores/buscar-por/state/1?value=COAHUILA,301,200,/publicidad/,1
/proveedores/promocionales/1367-articulos-promocionales-promoline,301,200,/publicidad/,1
/proveedores/agencias/agencias-de-modelos/todo,301,200,/publicidad/,1
/proveedores/411-informacion-del-noreste-s-a-de-c-v,301,200,/publicidad/,1
/listing/grupo-acir-df/,200,200,/listing/grupo-acir-df/,0
/proveedores/buscar-por/city?value=LOMAS ALTAS,301,200,/publicidad/,1
/proveedores/capacitacion-y-cursos/742-agencia-de-capacitacion-alef-consultores,301,200,/emprendimiento/,1
/2455-un-truco-de-5-segundos-para-tu-proxima-reunion-via-remota,301,200,/emprendimiento/,1
/proveedores/agencias/agencias-de-publicidad/1108-agencia-de-publicidad-visual-latina,301,200,/publicidad/,1
/proveedores/pagina2,301,200,/publicidad/,1
/proveedores/557-producciones-signaleticas-mexicanas-s-a-de-c-v/contactar,301,200,/publicidad/,1
/proveedores/promocionales/305-promociones-acevedo,301,200,/publicidad/,1
/proveedores/buscar-por/country/64?value=M%C3%A9xico,301,200,/publicidad/,1
/proveedores/buscar-por/city?value=ALGARIN,301,200,/publicidad/,1
/proveedores/agencias/agencias-de-mercadotecnia/1339-agencias-de-marketing-publiza-marketing,301,200,/mercadotecnia/,1
/proveedores/69-veloga-sa-de-cv,301,200,/publicidad/,1
/proveedores/publicidad-exterior/espectaculares-mexico/210-rcg-espectaculares-sa-de-cv,301,200,/publicidad/,1
/?start=10,200,200,/?start=10,0
/proveedores/publicidad-exterior/1132-agencia-de-publicidad-exterior-isa-corporativo,301,200,/publicidad/,1
/proveedores/291-multi-signos-s-a-de-c-v,301,200,/publicidad/,1
/proveedores/agencias/agencias-de-publicidad/1077-agencia-de-publicidad-pool-creativo,301,200,/publicidad/,1
/proveedores/240-megapantallas-de-mexico-s-a-de-c-v,301,200,/publicidad/,1
/proveedores/eventos/789-agencia-de-eventos-jyj-eventos,301,200,/publicidad/,1
/proveedores/agencias/agencias-de-publicidad/290-extra-publicidad,301,200,/publicidad/,1
/proveedores/pop/1360-agencias-de-publicidad-pop-exhibipop,301,200,/publicidad/,1
/proveedores/radio/doblaje-y-locucion/808-agencia-de-locutores-allegro-publicitario,301,200,/publicidad/,1
/proveedores/inbound-marketing-mexico/734-fernando-arturo-martinez-aguilar,301,200,/mercadotecnia/,1
/proveedores/marketing-digital/1231-agencia-digital-digital-coaster,301,200,/mercadotecnia/,1
/proveedores/730-publi-1000/contactar,301,200,/publicidad/,1
/proveedores/television/estudios-de-grabacion/1542-estudios-y-foros-en-renta-palmera-films,301,200,/publicidad/,1
/proveedores/agencias/agencias-de-mercadotecnia/1346-agencias-de-marketing-sensorik-mkt,301,200,/mercadotecnia/,1
/proveedores/280-doble-l-comunicacion-e-informacion,301,200,/publicidad/,1
/component/mtree/buscar-por/country/4?value=Mexico,301,200,/publicidad/,1
/proveedores/agencias/agencias-de-publicidad/1060-agencia-de-publicidad-medellin-publicistas,301,200,/publicidad/,1
/proveedores/125-intersexion-queretaro-s-c,301,200,/publicidad/,1
/proveedores/marketing-digital/1257-agencia-digital-zetabe/contactar,301,200,/mercadotecnia/,1
/proveedores/diseno/diseno-y-desarrollo-web/1489-diseno-y-desarrollo-web-pixel--dot,301,200,/mercadotecnia/,1
/proveedores/agencias/agencias-de-tecnologia/1716-soporte-tecnico-it-sistemas-tecnocen,301,200,/mercadotecnia/,1
/proveedores/marketing-digital/856-agencia-de-marketing-digital-kamikaze-lab,301,200,/mercadotecnia/,1
/proveedores/46-cap-servicios-empresariales-sa-de-cv,301,200,/publicidad/,1
/proveedores/buscar-por/city?value=NARVARTE PONIENTE,301,200,/publicidad/,1
/component/mtree/buscar-por/city?value=GAMEZ,301,200,/publicidad/,1
/isuzu-presenta-el-autobus-para-pasajeros-elf-600-bus/,301,200,/noticias/isuzu-presenta-el-autobus-para-pasajeros-elf-600-bus/,1
/proveedores/150-corporacion-interpublic-mexicana-sa-de-cv/recomendar,301,200,/publicidad/,1
/proveedores/369-descar-s-a-de-c-v,301,200,/publicidad/,1
/proveedores/promocionales/347-promo-rigba-internacional-s-de-rl-de-cv,301,200,/publicidad/,1
/proveedores/impresion-y-artes-graficas/643-evolucion-grafica,301,200,/publicidad/,1
/proveedores/agencias/agencias-de-publicidad/205-mi-publicidad,301,200,/publicidad/,1
/etiquetas/marcas,301,200,/publicidad/,1
/proveedores/impresion-y-artes-graficas/575-milgraf-puebla-s-a-de-c-v/contactar,301,200,/publicidad/,1
/proveedores/agencias/agencias-de-mercadotecnia/1301-agencias-de-marketing-exotic-marketing-group,301,200,/mercadotecnia/,1
/proveedores/radio/doblaje-y-locucion/814-agencia-de-locutores-manhattan-beat,301,200,/publicidad/,1
/proveedores/agencias/agencias-de-publicidad/318-publidigital,301,200,/publicidad/,1
/proveedores/132-zega-exhibit-design-s-a-de-c-v/contactar,301,200,/publicidad/,1
/proveedores/promocionales/637-grupo-namis-negocios-alianzas-medios-interactivos-sa-de-cv,301,200,/publicidad/,1
/proveedores/diseno/1420-despacho-de-diseno-sphein-design-studios,301,200,/publicidad/,1
/proveedores/agencias/agencias-de-publicidad/1104-agencia-de-publicidad-titan-mexico,301,200,/publicidad/,1
/proveedores/90-publi-shine-s-a-de-c-v,301,200,/publicidad/,1
/proveedores/buscar-por/country/32?value=M%C3%A9xico,301,200,/publicidad/,1
/proveedores/impresion-y-artes-graficas/697-agdi-publicidad,301,200,/publicidad/,1
/proveedores/investigacion-de-mercados/1578-investigacion-de-mercados-innovative-marketing-y-consultants,301,200,/mercadotecnia/,1
/proveedores/agencias/agencias-de-publicidad/1154-agencia-de-publicidad-farmaceutica-marketing-latino,301,200,/publicidad/,1
/proveedores/agencias/agencias-de-publicidad/680-contreras-publicidad,301,200,/publicidad/,1
/proveedores/agencias/agencias-de-medios/626-corporativo-medios-en-movimiento-s-a-de-c-v,301,200,/publicidad/,1
/proveedores/television/casas-productoras/1640-productoras-ciberfilms,301,200,/publicidad/,1
/proveedores/agencias/agencias-de-recursos-humanos/1171-agencia-de-recursos-humanos-mexidooro-internacional,301,200,/mercadotecnia/,1
/proveedores/todo/pagina41?sort=-link_modified,301,200,/publicidad/,1
/proveedores/diseno/1368-despacho-de-diseno-adc-global-creativity,301,200,/publicidad/,1
/proveedores/533-publitotal-sa-de-cv/contactar,301,200,/publicidad/,1
/proveedores/agencias/agencias-de-promocion/932-agencia-de-promocion-corporativo-pedrote/contactar,301,200,/publicidad/,1
/proveedores/impresion-y-artes-graficas/335-aka-imagen-impresa,301,200,/publicidad/,1
/proveedores/eventos/todo,301,200,/publicidad/,1
/component/mtree/?start=180,301,200,/publicidad/,1
/proveedores/agencias/agencias-de-publicidad/110-publicidad-osorio,301,200,/publicidad/,1
/proveedores/diseno/1419-despacho-de-diseno-solo-idea,301,200,/publicidad/,1
/proveedores/403-publiservicios-vanguardia-s-a-de-c-v,301,200,/publicidad/,1
/proveedores/marketing-digital/874-agencia-de-marketing-digital-ontwice-interactive-marketing,301,200,/mercadotecnia/,1
/noticias/5270-el-parque-eolico-dominica-de-enel-en-mexico-gana-el-premio-de-sostenibilidad-del-bid,301,200,/noticias/el-parque-eolico-dominica-de-enel-en-mexico-gana-el-premio-de-sostenibilidad-del-bid/,1
/proveedores/eventos/778-agencia-de-eventos-blend-producciones,301,200,/publicidad/,1
/proveedores/television/casas-productoras/1698-productoras-suave-films,301,200,/publicidad/,1
/proveedores/agencias/agencias-de-mercadotecnia/1286-agencias-de-marketing-circulo-de-ideas-btl/contactar,301,200,/mercadotecnia/,1
/proveedores/608-anuncios-luminosos-neon-america,301,200,/publicidad/,1
/proveedores/99-angelus-producciones-s-a-de-c-v,301,200,/publicidad/,1
/proveedores/692-profesionales-de-playa-mujeres-sa-de-cv,301,200,/publicidad/,1
/proveedores/buscar-por/country/16?value=Mexico,301,200,/publicidad/,1
/landsteiner-scientific-la-farmaceutica-mexicana-mejor-posicionada-en-el-ranking-great-place-to-work/,301,200,/noticias/landsteiner-scientific-la-farmaceutica-mexicana-mejor-posicionada-en-el-ranking-great-place-to-work/,1
/proveedores/impresion-y-artes-graficas/521-sublimarte-s-a-de-c-v,301,200,/publicidad/,1
/proveedores/agencias/agencias-de-publicidad/1153-agencia-de-publicidad-farmaceutica-ifloat-mexico,301,200,/publicidad/,1
/proveedores/promocionales/146-imaginacion-promocional-s-a-de-c-v/contactar,301,200,/publicidad/,1
/proveedores/marketing-digital/1250-agencia-digital-otromexico-sc,301,200,/mercadotecnia/,1
/proveedores/agencias/agencias-de-publicidad/163-publicidad-de-aguinaga-sa-de-cv,301,200,/publicidad/,1
/proveedores/impresion-y-artes-graficas/593-24-grafics-s-a-de-c-v,301,200,/publicidad/,1
/proveedores/pop/displays,301,200,/publicidad/,1
/proveedores/agencias/agencias-de-mercadotecnia/758-agencia-de-comunicacion-y-marketing-godisruptive,301,200,/mercadotecnia/,1
/proveedores/radio/doblaje-y-locucion/818-agencia-de-locutores-tm-locutores,301,200,/publicidad/,1
/proveedores/agencias/agencias-de-medios/209-business-y-medios-s-a-de-c-v,301,200,/publicidad/,1
/proveedores/294-lira,301,200,/publicidad/,1
/proveedores/promocionales/articulos-promocionales/599-corporacion-publicitaria-rg-sa-de-cv,301,200,/publicidad/,1
/proveedores/agencias/agencias-de-publicidad/497-computadoras-y-publicidad-s-a-de-c-v,301,200,/publicidad/,1
/listing/photobooth-mexico-df/,200,200,/listing/photobooth-mexico-df/,0
/proveedores/television/casas-productoras/1609-productoras-altavision-producciones-sc,301,200,/publicidad/,1
/noticias/5323-la-compania-de-busqueda-de-ejecutivos-kincannon-reed-expande-su-presencia-en-latinoamerica,301,200,/noticias/la-compania-de-busqueda-de-ejecutivos-kincannon-reed-expande-su-presencia-en-latinoamerica/,1
/proveedores/todo/pagina27?lang=es,301,200,/publicidad/,1
/proveedores/impresion-y-artes-graficas/pagina5,301,200,/publicidad/,1
/proveedores/agencias/agencias-de-modelos/917-agencia-de-modelos-lmnts-promotions,301,200,/publicidad/,1
/4715-de-merolicos-y-charlatanes,301,200,/publicidad/aliados-o-charlatanes-donde-te-ves/,1
/proveedores/buscar-por/city?value=MILENIO III FASE A,301,200,/publicidad/,1
/proveedores/marketing-digital/848-agencia-de-marketing-digital-garritz-online-media,301,200,/mercadotecnia/,1
/proveedores/298-habitat-creativo-sa-de-cv,301,200,/publicidad/,1
/proveedores/capacitacion-y-cursos/741-agencia-de-capacitacion-achieveglobal,301,200,/emprendimiento/,1
/component/mtree/impresion-y-artes-graficas/todo,301,200,/publicidad/,1
/component/mtree/?start=20,301,200,/publicidad/,1
/proveedores/agencias/agencias-de-publicidad/1061-agencia-de-publicidad-möller-comunicacion-de-marcas,301,200,/publicidad/,1
/proveedores/eventos/791-agencia-de-eventos-macllam-producciones/recomendar,301,200,/publicidad/,1
/proveedores/investigacion-de-mercados/1594-investigacion-de-mercados-psyma-latina,301,200,/mercadotecnia/,1
/proveedores/television/casas-productoras/1652-productoras-fc-films,301,200,/publicidad/,1
/proveedores/television/casas-productoras/1624-productoras-brixton-films,301,200,/publicidad/,1
/proveedores/agencias/agencias-de-mercadotecnia/1306-agencias-de-marketing-genera-studio,301,200,/mercadotecnia/,1
/proveedores/132-zega-exhibit-design-s-a-de-c-v,301,200,/publicidad/,1
/listing/viniletras-s-a-de-c-v/,200,200,/listing/viniletras-s-a-de-c-v/,0
/proveedores/publicidad-exterior/1130-agencia-de-publicidad-exterior-impacto-capital,301,200,/publicidad/,1
/proveedores/buscar-por/city?value=HUEXOTITLA,301,200,/publicidad/,1
/proveedores/publicidad-exterior/1145-agencia-de-publicidad-exterior-wachovia,301,200,/publicidad/,1
/proveedores/television/casas-productoras/1664-productoras-käfer-producciones,301,200,/publicidad/,1
/proveedores/television/estudios-de-grabacion/1526-estudio-de-grabacion-catapulta-studios,301,200,/publicidad/,1
/proveedores/promocionales/articulos-promocionales/237-secorp-vision-publicitaria-s-de-rl-de-cv,301,200,/publicidad/,1
/listing/rotulen-de-mexico-s-a-de-c-v/,200,200,/listing/rotulen-de-mexico-s-a-de-c-v/,0
/proveedores/323-publi-maya,301,200,/publicidad/,1
/proveedores/marketing-digital/857-agencia-de-marketing-digital-klein-und-gross,301,200,/mercadotecnia/,1
/proveedores/agencias/agencias-de-publicidad/1052-agencia-de-publicidad-lagencita,301,200,/publicidad/,1
/proveedores/agencias/agencias-de-publicidad/644-comercializadora-copasi-publicidad,301,200,/publicidad/,1
/proveedores/diseno/diseno-y-desarrollo-web/1470-diseno-y-desarrollo-web-grupo-bfx,301,200,/mercadotecnia/,1
/proveedores/todo/pagina79,301,200,/publicidad/,1
/proveedores/53-telepersonal-s-a-d-e-c-v,301,200,/publicidad/,1
/proveedores/238-d-mentes-creativas-s-de-rl,301,200,/publicidad/,1
/proveedores/television/casas-productoras/1622-productoras-bitbang-studio,301,200,/publicidad/,1
/proveedores/356-hildetex-s-a-de-c-v,301,200,/publicidad/,1
/proveedores/agencias/agencias-de-publicidad/1151-agencia-de-publicidad-farmaceutica-cdyp-concepto-diseno-y-publicidad,301,200,/publicidad/,1
/tane-y-la-iconica-iris-apfel-colaboran-juntos-en-una-coleccion-inolvidable/,301,200,/noticias/tane-y-la-iconica-iris-apfel-colaboran-juntos-en-una-coleccion-inolvidable/,1
/proveedores/495-fazt-proveedor-de-publiservicios-sa-de-cv/recomendar,301,200,/publicidad/,1
/proveedores/agencias/agencias-de-publicidad/1024-agencia-de-publicidad-delta-group,301,200,/publicidad/,1
/proveedores/agencias/agencias-de-publicidad/628-bimad-publicidad-s-a-de-c-v,301,200,/publicidad/,1
/proveedores/television/casas-productoras/1711-productoras-yellow-films,301,200,/publicidad/,1
/proveedores/agencias/agencias-de-promocion/976-agencia-de-promocion-sinergia-xxi,301,200,/publicidad/,1
/proveedores/radio/doblaje-y-locucion/817-agencia-de-locutores-palestino-y-asociados/contactar,301,200,/publicidad/,1
/proveedores/agencias/agencias-de-publicidad/1096-agencia-de-publicidad-spora-publicidad-y-diseno-grafico,301,200,/publicidad/,1
/proveedores/radio/489-radiodifusoras-y-televisoras-de-occidente-s-a-de-c-v,301,200,/publicidad/,1
/proveedores/buscar-por/city?value=OBRERA,301,200,/publicidad/,1
/proveedores/marketing-digital/1256-agencia-digital-toro-digital,301,200,/mercadotecnia/,1
/component/mtree/buscar-por/city/40?value=Ciudad de,301,200,/publicidad/,1
/proveedores/pagina6,301,200,/publicidad/,1
/directorio,301,200,/directorio/,1
/proveedores/agencias/todo/pagina9,301,200,/publicidad/,1
/proveedores/agencias/agencias-de-publicidad/1056-agencia-de-publicidad-magnus-mccoy,301,200,/publicidad/,1
/proveedores/television/casas-productoras/1699-productoras-suitechocolate,301,200,/publicidad/,1
/proveedores/agencias/agencias-de-promocion/951-agencia-de-promocion-grupo-interlinks,301,200,/publicidad/,1
/proveedores/agencias/agencias-de-publicidad/1031-agencia-de-publicidad-frente-btl/contactar,301,200,/publicidad/,1
/proveedores/investigacion-de-mercados/1598-investigacion-de-mercados-questudies,301,200,/mercadotecnia/,1
/proveedores/agencias/agencias-de-medios/647-alroja-medios-sa-de-cv,301,200,/publicidad/,1
/listing/saga-del-cupatitzio-s-a-de-c-v/,200,200,/listing/saga-del-cupatitzio-s-a-de-c-v/,0
/proveedores/agencias/agencias-de-publicidad/1107-agencia-de-publicidad-grupo-vale-euro-rscg/contactar,301,200,/publicidad/,1
/proveedores/agencias/agencias-de-publicidad/529-xpresate-publicidad,301,200,/publicidad/,1
/listing/productoras-vdm-casa-productora/,200,200,/listing/productoras-vdm-casa-productora/,0
/proveedores/197-guias-exclusivas-s-a-de-c-v,301,200,/publicidad/,1
/component/mtree/buscar-por/city?value=CUMBRES,301,200,/publicidad/,1
/proveedores/diseno/todo/pagina2,301,200,/publicidad/,1
/proveedores/agencias/agencias-de-diseno/777-agencia-de-diseno-industrial-traktor-lab,301,200,/publicidad/,1
/proveedores/60-liselot-s-a-de-c-v,301,200,/publicidad/,1
/proveedores/agencias/agencias-de-promocion/971-agencia-de-promocion-ronin7,301,200,/publicidad/,1
/proveedores/marketing-digital/836-agencia-de-marketing-digital-crossmedia,301,200,/mercadotecnia/,1
/proveedores/agencias/agencias-de-publicidad/1018-agencia-de-publicidad-crecere-quorum,301,200,/publicidad/,1
/proveedores/buscar-por/city?value=PASEOS DE,301,200,/publicidad/,1
/proveedores/agencias/agencias-de-modelos/910-agencia-de-modelos-captura-models,301,200,/publicidad/,1
/listing/grupo-creativos/,200,200,/listing/grupo-creativos/,0
/proveedores/agencias/agencias-de-mercadotecnia/1284-agencias-de-marketing-campus-marketing,301,200,/mercadotecnia/,1
/proveedores/television/casas-productoras/1693-productoras-silver-media-studio,301,200,/publicidad/,1
/noticias/5413-converse-x-brain-dead,301,200,/publicidad/creatividad/converse-x-brain-dead/,1
/proveedores/television/1513-doblaje-y-subtitulaje-rgb-21,301,200,/publicidad/,1
/proveedores/buscar-por/city?value=CONSTITUCION,301,200,/publicidad/,1
/proveedores/89-grupo-ojeda,301,200,/publicidad/,1
/proveedores/agencias/agencias-de-publicidad/498-grupo-comercial-coagsa-digital-sa-de-cv/contactar,301,200,/publicidad/,1
/proveedores/agencias/agencias-de-mercadotecnia/1345-agencias-de-marketing-ideas-ruizmed,301,200,/mercadotecnia/,1
/proveedores/impresion-y-artes-graficas/imprentas-digital/1564-impresion-digital-grupo-efsa,301,200,/publicidad/,1
/proveedores/impresion-y-artes-graficas/48-impresos-proppim-s-a-de-c-v/contactar,301,200,/publicidad/,1
/proveedores/impresion-y-artes-graficas/imprentas-digital/1566-impresion-digital-grupo-venegraphic,301,200,/publicidad/,1
/proveedores/buscar-por/city?value=SANCHEZ CELIS,301,200,/publicidad/,1
/proveedores/buscar-por/city?value=BUGAMBILIAS,301,200,/publicidad/,1
/proveedores/publicidad-exterior/1123-agencia-de-publicidad-exterior-cadpro-vallas-moviles,301,200,/publicidad/,1
/proveedores/diseno/1386-despacho-de-diseno-estop-diseno,301,200,/publicidad/,1
/proveedores/convenciones/aerolineas/37-aeromexico,301,200,/publicidad/,1
/5386-si-tu-puedes-despedir-a-un-cliente,301,200,/emprendimiento/liderazgo/si-tu-puedes-despedir-a-un-cliente/,1
/proveedores/buscar-por/city?value=SANTA ANITA,301,200,/publicidad/,1
/proveedores/television/casas-productoras/1621-productoras-betelfilms,301,200,/publicidad/,1
/proveedores/television/casas-productoras/todo/pagina3,301,200,/publicidad/,1
/destino-extraordinario-el-nuevo-reto-de-meditacion-de-deepak-chopra-e-ismael-cala/,301,200,/noticias/destino-extraordinario-el-nuevo-reto-de-meditacion-de-deepak-chopra-e-ismael-cala/,1
/proveedores/investigacion-de-mercados/1597-investigacion-de-mercados-qualimerc,301,200,/mercadotecnia/,1
/proveedores/eventos/43-brain-firma-creativa/contactar,301,200,/publicidad/,1
/proveedores/diseno/diseno-y-desarrollo-web/1461-diseno-y-desarrollo-web-el-milagrito,301,200,/mercadotecnia/,1
/el-mayors-challenge-2016-de-bloomberg-philanthropies-da-la-bienvenida-a-363-ciudades-de-america-latina-y-el-caribe-con-cinco-ciudades-de-la-republica-dominicana-representadas/,301,200,/noticias/el-mayors-challenge-2016-de-bloomberg-philanthropies-da-la-bienvenida-a-363-ciudades-de-america-latina-y-el-caribe-con-68-ciudades-de-mejico-representadas/,1
/proveedores/agencias/agencias-de-mercadotecnia/772-agencia-de-comunicacion-y-marketing-tengo-una-idea,301,200,/mercadotecnia/,1
/packers-plus-y-schlumberger-ingresan-a-una-alianza-global/,301,200,/noticias/packers-plus-y-schlumberger-ingresan-a-una-alianza-global/,1
/proveedores/publicidad-exterior/1142-agencia-de-publicidad-exterior-strada-publicidad/recomendar,301,200,/publicidad/,1
/proveedores/125-intersexion-queretaro-s-c/contactar,301,200,/publicidad/,1
/proveedores/388-guia-conurbada,301,200,/publicidad/,1
/proveedores/buscar-por/city?value=OAXACA CENTRO,301,200,/publicidad/,1
/proveedores/buscar-por/city?value=PUEBLA CENTRO,301,200,/publicidad/,1
/proveedores/stands-y-display/renta-de-equipo-audiovisual/44-fdfoco,301,200,/publicidad/,1
/proveedores/49-monsadria-s-a/contactar,301,200,/publicidad/,1
/proveedores/buscar-por/city?value=PLAN DE GUANAJUATO,301,200,/publicidad/,1
/proveedores/inbound-marketing-mexico,301,200,/mercadotecnia/,1
/proveedores/promocionales/pagina1,301,200,/publicidad/,1
/proveedores/agencias/rp-s/1194-agencia-de-relaciones-publicas-grupo-public,301,200,/publicidad/,1
/proveedores/buscar-por/city?value=NUEVO LAREDO,301,200,/publicidad/,1
/component/mtree/estaciones-de-radio/musica/23-mix-106.5-df,301,200,/publicidad/,1
/proveedores/convenciones/aerolineas/41-volaris,301,200,/publicidad/,1
/5408-equipo-interno-de-marketing-digital-o-agencia-externa-la-experiencia-del-sector-automotriz,301,200,/negocios/automotriz/equipo-interno-de-marketing-digital-o-agencia-externa-la-experiencia-del-sector-automotriz/,1
/proveedores/impresion-y-artes-graficas/311-lonas-y-etiquetas,301,200,/publicidad/,1
/proveedores/165-publicolor,301,200,/publicidad/,1
/proveedores/impresion-y-artes-graficas/pagina3,301,200,/publicidad/,1
/component/mtree/agencias/agencias-de-mercadotecnia/todo,301,200,/mercadotecnia/,1
/proveedores/agencias/agencias-de-publicidad/367-maxima-publicidad,301,200,/publicidad/,1
/proveedores/buscar-por/city/7?value=Ciudad de,301,200,/publicidad/,1
/proveedores/buscar-por/city?value=EL INGUAMBO,301,200,/publicidad/,1
/proveedores/agencias/agencias-de-promocion/957-agencia-de-promocion-pauta-creativa,301,200,/publicidad/,1
/proveedores/agencias/rp-s,301,200,/publicidad/,1
/proveedores/impresion-y-artes-graficas/370-grafiko-publicidad,301,200,/publicidad/,1
/proveedores/220-calcom-de-mexico,301,200,/publicidad/,1
/proveedores/promocionales/1366-articulos-promocionales-linkar-publicidad,301,200,/publicidad/,1
/proveedores/agencias/agencias-de-publicidad/360-blau-publicidad,301,200,/publicidad/,1
/proveedores/marketing-digital/1229-agencia-digital-the-cluster-agency,301,200,/mercadotecnia/,1
/proveedores/agencias/agencias-de-mercadotecnia/1318-agencias-de-marketing-keep-in-touch-marketing-mexico,301,200,/mercadotecnia/,1
/proveedores/impresion-y-artes-graficas/imprentas-digital/1563-impresion-digital-geformas,301,200,/publicidad/,1
/proveedores/buscar-por/city?value=PLAYA DEL CARMEN,301,200,/publicidad/,1
/proveedores/marketing-digital/840-agencia-de-marketing-digital-dm-playbook,301,200,/mercadotecnia/,1
/proveedores/promocionales/articulos-promocionales/todo,301,200,/publicidad/,1
/proveedores/impresion-y-artes-graficas,301,200,/publicidad/,1
/proveedores/303-creasunn-s-a-de-cv,301,200,/publicidad/,1
/proveedores/publicidad-exterior/1140-agencia-de-publicidad-exterior-publisitios,301,200,/publicidad/,1
/proveedores/marketing-digital/822-agencia-de-marketing-digital-antevenio-mexico,301,200,/mercadotecnia/,1
/5412-amda-retail-digital-y-la-innovacion-en-el-mercado-de-autos-seminuevos-en-mexico,301,200,/negocios/automotriz/amda-retail-digital-y-la-innovacion-en-el-mercado-de-autos-seminuevos-en-mexico/,1
/component/mtree/buscar-por/state?value=SAN LUIS,301,200,/publicidad/,1
/proveedores/diseno/diseno-y-desarrollo-web/1501-diseno-y-desarrollo-web-weblex/contactar,301,200,/mercadotecnia/,1
/amda-retail-digital-y-la-innovacion-en-el-mercado-de-autos-seminuevos-en-mexico/,301,200,/negocios/automotriz/amda-retail-digital-y-la-innovacion-en-el-mercado-de-autos-seminuevos-en-mexico/,1
/proveedores/buscar-por/city/15?value=Ciudad de,301,200,/publicidad/,1
/proveedores/agencias/agencias-de-mercadotecnia,301,200,/mercadotecnia/,1
/canela-tv-plataforma-de-streaming-gratuito-llega-a-mexico/,301,200,/publicidad/medios/canela-tv-plataforma-de-streaming-gratuito-llega-a-mexico/,1
/proveedores/diseno/1395-despacho-de-diseno-kolazh-diseno-grafico,301,200,/publicidad/,1
/proveedores/agencias/rp-s/1193-agencia-de-relaciones-publicas-fleishmanhillard-mexico,301,200,/publicidad/,1
/proveedores/agencias/agencias-de-mercadotecnia/748-agencia-de-comunicacion-y-marketing-abc-digital,301,200,/mercadotecnia/,1
/proveedores/249-publimerc,301,200,/publicidad/,1
/proveedores/estaciones-de-radio/musica/3-digital-993-df,301,200,/publicidad/,1
/proveedores/agencias/agencias-de-mercadotecnia/774-agencia-de-comunicacion-y-marketing-the-jeffrey-group,301,200,/mercadotecnia/,1
/proveedores/agencias/agencias-de-modelos/907-agencia-de-modelos-agencia-de-modelos-mexico,301,200,/publicidad/,1
/proveedores/buscar-por/city?value=CENTRO,301,200,/publicidad/,1
/proveedores/buscar-por/country/32?value=M,301,200,/publicidad/,1
/proveedores/agencias/agencias-de-mercadotecnia/1341-agencias-de-marketing-quarks-consultoria-creativa,301,200,/mercadotecnia/,1
/noticias/4988-ecwid-la-solucion-1-de-comercio-electronico-lanza-un-sitio-web-enfocado-en-mexico,301,200,/noticias/ecwid-la-solucion-1-de-comercio-electronico-lanza-un-sitio-web-enfocado-en-mexico/,1
/proveedores/promocionales/articulos-promocionales/127-publicitarios-del-norte-de-mexico-s-a-de-c-v,301,200,/publicidad/,1
/proveedores/buscar-por/city?value=PARQUE INDUSTRIAL,301,200,/publicidad/,1
/component/mtree/buscar-por/country/59?value=M%C3%A9xico,301,200,/publicidad/,1
/proveedores/marketing-digital/855-agencia-de-marketing-digital-jetclic,301,200,/mercadotecnia/,1
/proveedores/buscar-por/city?value=SANTIAGO DE,301,200,/publicidad/,1
/proveedores/medios-alternos,301,200,/publicidad/,1
/proveedores/impresion-y-artes-graficas/imprentas-digital/1560-impresion-digital-argoga-soluciones-avanzadas-en-sistemas,301,200,/publicidad/,1
/component/mtree/television/casas-productoras/pagina2,301,200,/publicidad/,1
/proveedores/investigacion-de-mercados/1584-investigacion-de-mercados-master-research,301,200,/mercadotecnia/,1
/proveedores/agencias/agencias-de-mercadotecnia/1280-agencias-de-marketing-branch-branding,301,200,/mercadotecnia/,1
/proveedores/485-rapicolor,301,200,/publicidad/,1
/proveedores/radio/doblaje-y-locucion/816-agencia-de-locutores-ronin-locutores,301,200,/publicidad/,1
/proveedores/buscar-por/city/23?value=Ciudad de,301,200,/publicidad/,1
/proveedores/agencias/agencias-de-promocion/922-agencia-de-promocion-advertising-and-promotion,301,200,/publicidad/,1
/component/mtree/buscar-por/city?value=JARDINES DEL,301,200,/publicidad/,1
/1711-una-gran-vision-sin-gente-sobresaliente-es-irrelevante,301,200,/emprendimiento/,1
/proveedores/321-otero-27,301,200,/publicidad/,1
/proveedores/diseno/diseno-multimedia/1261-agencia-interactiva-ingenia-group,301,200,/publicidad/,1
/proveedores/impresion-y-artes-graficas/254-maxi-grafica,301,200,/publicidad/,1
/proveedores/agencias/agencias-de-mercadotecnia/766-agencia-de-comunicacion-y-marketing-pixel-siete,301,200,/mercadotecnia/,1
/proveedores/agencias/agencias-de-promocion/928-agencia-de-promocion-biruzz,301,200,/publicidad/,1
/proveedores/impresion-y-artes-graficas/225-trazo-vinil-publicidad-sa-de-cv,301,200,/publicidad/,1
/proveedores/agencias/agencias-de-publicidad/1068-agencia-de-publicidad-ogilvy-y-mather,301,200,/publicidad/,1
/proveedores/agencias/agencias-de-publicidad/1086-agencia-de-publicidad-publycity,301,200,/publicidad/,1
/proveedores/agencias/agencias-de-publicidad/pagina6,301,200,/publicidad/,1
/noticias/5262-destino-extraordinario-el-nuevo-reto-de-meditacion-de-deepak-chopra-e-ismael-cala,301,200,/noticias/destino-extraordinario-el-nuevo-reto-de-meditacion-de-deepak-chopra-e-ismael-cala/,1
/proveedores/169-sak,301,200,/publicidad/,1
/mapa-de-sitio,301,200,/,1
/proveedores/promocionales/186-comercializadora-de-promocionales-ideas-de-puebla-sa-de-cv,301,200,/publicidad/,1
/proveedores/buscar-por/country/77?value=M,301,200,/publicidad/,1
/proveedores/buscar-por/country/77?value=Mexico,301,200,/publicidad/,1
/proveedores/603-comercabos-sa-de-cv/contactar,301,200,/publicidad/,1
/component/mtree/agencias/agencias-de-promocion/todo/pagina3,301,200,/publicidad/,1
/noticias/5221-enel-green-power-confirma-su-liderazgo-en-energias-renovables-en-mexico-tras-resultados-de-subasta,301,200,/noticias/enel-green-power-confirma-su-liderazgo-en-energias-renovables-en-mexico-tras-resultados-de-subasta/,1
/proveedores/buscar-por/city?value=VISTA HERMOSA,301,200,/publicidad/,1
/proveedores/agencias/agencias-de-promocion/958-agencia-de-promocion-payroling,301,200,/publicidad/,1
/proveedores/agencias/agencias-de-publicidad/1036-agencia-de-publicidad-grey-global-group-mexico,301,200,/publicidad/,1
/afluenta-la-red-lider-de-financiamiento-entre-personas-de-america-latina-recibe-us-8-millones-de-dolares-de-ifc-y-elevar-equity-para-expandirse-en-la-region/,301,200,/noticias/afluenta-la-red-lider-de-financiamiento-entre-personas-de-america-latina-recibe-us-8-millones-de-dolares-de-ifc-y-elevar-equity-para-expandirse-en-la-region/,1
/component/mtree/buscar-por/city?value=PRADOS AGUA,301,200,/publicidad/,1
/proveedores/promocionales/articulos-promocionales/630-servicios-publicitarios-publiram,301,200,/publicidad/,1
/component/mtree/buscar-por/city?value=TORREON CENTRO,301,200,/publicidad/,1
/proveedores/buscar-por/city?value=SALTILLO CENTRO,301,200,/publicidad/,1
/proveedores/agencias/agencias-de-mercadotecnia/769-agencia-de-comunicacion-y-marketing-spalancati,301,200,/mercadotecnia/,1
/proveedores/agencias/agencias-de-publicidad/1011-agencia-de-publicidad-cheil-mexico,301,200,/publicidad/,1
/proveedores/stands-y-display/39-expomex,301,200,/publicidad/,1
/proveedores/television/casas-productoras/1646-productoras-elemento-producciones,301,200,/publicidad/,1
/proveedores/agencias/agencias-de-medios/902-agencia-de-medios-nuklear,301,200,/publicidad/,1
/proveedores/buscar-por/country/19?value=M%C3%A9xico,301,200,/publicidad/,1
/proveedores/television/casas-productoras/1623-productoras-bit-produccion-de-medios-digitales,301,200,/publicidad/,1
/proveedores/investigacion-de-mercados/1575-investigacion-de-mercados-gyd-investigacion-de-mercados,301,200,/mercadotecnia/,1
/proveedores/buscar-por/city?value=CIUDAD OBREGON,301,200,/publicidad/,1
/proveedores/publicidad-exterior/1143-agencia-de-publicidad-exterior-vanguardia-publicitaria,301,200,/publicidad/,1
/proveedores/television/casas-productoras/todo/pagina2,301,200,/publicidad/,1
/proveedores/impresion-y-artes-graficas/357-artigraf,301,200,/publicidad/,1
/proveedores/buscar-por/country/77?value=M%C3%A9xico,301,200,/publicidad/,1
/proveedores/agencias/agencias-de-publicidad/84-integra-tu-publicidad-sc,301,200,/publicidad/,1
/proveedores/diseno/1398-despacho-de-diseno-lerf-diseno,301,200,/publicidad/,1
/proveedores/stands-y-display/1727-stands-y-displays-stand-123,301,200,/publicidad/,1
/proveedores/agencias/agencias-de-publicidad/1043-agencia-de-publicidad-imagic-group,301,200,/publicidad/,1
/component/mtree/promocionales,301,200,/publicidad/,1
/proveedores/agencias/agencias-de-publicidad/582-orlandos-publicidad,301,200,/publicidad/,1
/proveedores/agencias/agencias-de-mercadotecnia/1309-agencias-de-marketing-gideas,301,200,/mercadotecnia/,1
/proveedores/buscar-por/city?value=COLIMA CENTRO,301,200,/publicidad/,1
/proveedores/agencias/agencias-de-promocion/950-agencia-de-promocion-inteligencia-avanzada/contactar,301,200,/publicidad/,1
/proveedores/television/casas-productoras/1637-productoras-central-films,301,200,/publicidad/,1
/proveedores/marketing-digital/837-agencia-de-marketing-digital-cubos-web,301,200,/mercadotecnia/,1
/proveedores/radio,301,200,/publicidad/,1
/proveedores/agencias/agencias-de-mercadotecnia/652-servicios-de-asesoria-y-marketing-de-tamaulipas-sa-de-cv,301,200,/mercadotecnia/,1
/proveedores/agencias/agencias-de-mercadotecnia/1302-agencias-de-marketing-fidelity-marketing,301,200,/mercadotecnia/,1
/proveedores/impresion-y-artes-graficas/130-faster-print,301,200,/publicidad/,1
/proveedores/publicidad-exterior/1137-agencia-de-publicidad-exterior-mepexsa,301,200,/publicidad/,1
/proveedores/diseno/1413-despacho-de-diseno-sago-publicidad,301,200,/publicidad/,1
/proveedores/medios-alternos/66-anuncios-en-directorios-s-a-de-c-v/contactar,301,200,/publicidad/,1
/proveedores/television/casas-productoras/1702-productoras-the-maestros,301,200,/publicidad/,1
/proveedores/agencias/agencias-de-publicidad/1088-agencia-de-publicidad-el-recreo-comunicacion/contactar,301,200,/publicidad/,1
/proveedores/impresion-y-artes-graficas/todo/pagina4,301,200,/publicidad/,1
/proveedores/agencias/agencias-de-recursos-humanos/1165-agencia-de-recursos-humanos-hm-consultores,301,200,/mercadotecnia/,1
/proveedores/impresion-y-artes-graficas/435-grabados-gira,301,200,/publicidad/,1
/que-significa-la-llegada-de-facebook-marketplace-para-las-agencias-de-autos/,301,200,/negocios/automotriz/que-significa-la-llegada-de-facebook-marketplace-para-las-agencias-de-autos/,1
/proveedores/marketing-digital/872-agencia-de-marketing-digital-nativo-digital,301,200,/mercadotecnia/,1
/proveedores/agencias/agencias-de-publicidad/1031-agencia-de-publicidad-frente-btl,301,200,/publicidad/,1
/proveedores/268-publi-pac,301,200,/publicidad/,1
/proveedores/223-sign-solutions-s-a-de-c-v/contactar,301,200,/publicidad/,1
/proveedores/422-arclad-de-mexico-sa-de-cv-oficinas,301,200,/publicidad/,1
/proveedores/television/casas-productoras/1610-productoras-anima-estudios,301,200,/publicidad/,1
/proveedores/buscar-por/city/26?value=MEXICO,301,200,/publicidad/,1
/proveedores/492-ramirez,301,200,/publicidad/,1
/component/mtree/buscar-por/city/15?value=MEXICO,301,200,/publicidad/,1
/proveedores/agencias/agencias-de-publicidad/271-o-k-publicidad,301,200,/publicidad/,1
/proveedores/impresion-y-artes-graficas/139-gransfeer-ideas-publicidad-impresa-especializada-sa-de-cv,301,200,/publicidad/,1
/noticias/5243-nerium-international-ofrece-innovacion-para-la-vitalidad-cerebral-con-el-lanzamiento-en-mexico-del-suplemento-alimenticio-eht,301,200,/noticias/nerium-international-ofrece-innovacion-para-la-vitalidad-cerebral-con-el-lanzamiento-en-mexico-del-suplemento-alimenticio-eht/,1
/proveedores/agencias/agencias-de-publicidad/232-mr-publicidad-s-a-de-c-v/contactar,301,200,/publicidad/,1
/proveedores/impresion-y-artes-graficas/480-noved-arte,301,200,/publicidad/,1
/proveedores/buscar-por/city?value=LAS HADAS MUNDIAL,301,200,/publicidad/,1
/proveedores/television/1508-doblaje-y-subtitulaje-digifilm,301,200,/publicidad/,1
/proveedores/publicidad-exterior/374-clarol-publicidad-exterior-s-c,301,200,/publicidad/,1
/proveedores/buscar-por/state?value=NUEVO LEON,301,200,/publicidad/,1
/proveedores/buscar-por/city/42?value=Ciudad de,301,200,/publicidad/,1
/proveedores/diseno/fotografia/1556-fotografia-shaktiprod,301,200,/publicidad/,1
/proveedores/87-licon-y-asociados-s-a-de-c-v/contactar,301,200,/publicidad/,1
/proveedores/agencias/rp-s/1183-agencia-de-relaciones-publicas-audacia-comunicacion,301,200,/publicidad/,1
/proveedores/agencias/agencias-de-medios,301,200,/publicidad/,1
/component/mtree/buscar-por/country/59?value=Mexico,301,200,/publicidad/,1
/component/mtree/publicidad-exterior/pagina2,301,200,/publicidad/,1
/component/mtree/agencias/agencias-de-publicidad/pagina2,301,200,/publicidad/,1
/proveedores/diseno/1418-despacho-de-diseno-sol-consultores,301,200,/publicidad/,1
/proveedores/marketing-digital,301,200,/mercadotecnia/,1
/directorio/,200,200,/directorio/,0
/component/mtree/agencias/agencias-de-publicidad/pagina10,301,200,/publicidad/,1
/proveedores/agencias/agencias-de-promocion/943-agencia-de-promocion-glow-y-grow,301,200,/publicidad/,1
/proveedores/buscar-por/city?value=CABO SAN LUCAS,301,200,/publicidad/,1
/5016-lo-que-todo-anunciante-debe-saber-la-mitad-de-la-publicidad-sirve-la-otra-mitad-no,301,200,/publicidad/guias/lo-que-todo-anunciante-debe-saber-la-mitad-de-la-publicidad-sirve-la-otra-mitad-no/,1
/proveedores/agencias/agencias-de-medios/906-agencia-de-medios-zenithoptimedia,301,200,/publicidad/,1
/proveedores/agencias/agencias-de-publicidad/1074-agencia-de-publicidad-pgiovascom,301,200,/publicidad/,1
/proveedores/medios-alternos/185-anuncios-de-directorios-s-a-de-c-v,301,200,/publicidad/,1
/proveedores/diseno/1415-despacho-de-diseno-serikat-diseno,301,200,/publicidad/,1
/proveedores/agencias/todo/pagina2,301,200,/publicidad/,1
/proveedores/agencias/agencias-de-mercadotecnia/358-ncyg-marketing-publicidad-y-producciones-sa-de-c-v,301,200,/mercadotecnia/,1
/proveedores/agencias/agencias-de-mercadotecnia/775-agencia-de-comunicacion-y-marketing-vinter-marketing-vibrations,301,200,/mercadotecnia/,1
/proveedores/radio/doblaje-y-locucion,301,200,/publicidad/,1
/proveedores/560-ponme-imagen-s-a-de-c-v,301,200,/publicidad/,1
/proveedores/estaciones-de-radio/musica/19-radio-felicidad-df,301,200,/publicidad/,1
/proveedores/buscar-por/country/70?value=M,301,200,/publicidad/,1
/proveedores/556-north-american-mailing-services-s-de-r-l-de-c-v/contactar,301,200,/publicidad/,1
/proveedores/marketing-digital/1235-agencia-digital-grupo-smart,301,200,/mercadotecnia/,1
/proveedores/television/casas-productoras/1634-productoras-la-casa-productora,301,200,/publicidad/,1
/proveedores/buscar-por/country/2?value=Mexico,301,200,/publicidad/,1
/proveedores/buscar-por/state?value=TAMAULIPAS,301,200,/publicidad/,1
/proveedores/revistas-media-kit/568-revista-progreso,301,200,/publicidad/,1
/proveedores/buscar-por/city?value=ACAYUCAN CENTRO,301,200,/publicidad/,1
/proveedores/investigacion-de-mercados/1577-investigacion-de-mercados-inmega,301,200,/mercadotecnia/,1
/proveedores/agencias/agencias-de-mercadotecnia/759-agencia-de-comunicacion-y-marketing-grupo-axius,301,200,/mercadotecnia/,1
/proveedores/buscar-por/country/45?value=Mexico,301,200,/publicidad/,1
/proveedores/agencias/rp-s/1205-agencia-de-relaciones-publicas-massideas,301,200,/publicidad/,1
/proveedores/agencias/agencias-de-mercadotecnia/todo/pagina3,301,200,/mercadotecnia/,1
/component/mtree/buscar-por/city?value=PARQUE,301,200,/publicidad/,1
/component/mtree/buscar-por/city?value=JARDINES DE,301,200,/publicidad/,1
/proveedores/agencias/todo/pagina17,301,200,/publicidad/,1
/proveedores/444-grupo-hiperformas-del-bajio-s-a-de-c-v/recomendar,301,200,/publicidad/,1
/proveedores/diseno/diseno-y-desarrollo-web/1481-diseno-y-desarrollo-web-meximex,301,200,/mercadotecnia/,1
/proveedores/agencias/agencias-de-publicidad/pagina12,301,200,/publicidad/,1
/component/mtree/diseno/fotografia,301,200,/publicidad/,1
/proveedores/buscar-por/country/17?value=M%C3%A9xico,301,200,/publicidad/,1
/proveedores/promocionales/articulos-promocionales/257-grupo-publicitario-cerle-s-de-rl-de-cv/contactar,301,200,/publicidad/,1
/proveedores/agencias/agencias-de-publicidad/1117-agencia-de-publicidad-xpand-marketing-group,301,200,/publicidad/,1
/proveedores/buscar-por/country/31?value=M%C3%A9xico,301,200,/publicidad/,1
/component/mtree/buscar-por/city?value=INDUSTRIAL,301,200,/publicidad/,1
/proveedores/agencias/todo/pagina9?sort=-link_created,301,200,/publicidad/,1
/proveedores/agencias/agencias-de-publicidad/1084-agencia-de-publicidad-publicidad-global-mexico,301,200,/publicidad/,1
/proveedores/estaciones-de-radio/noticias/20-la-1260-am-df,301,200,/publicidad/,1
/proveedores/buscar-por/state?value=SONORA,301,200,/publicidad/,1
/proveedores/pagina4,301,200,/publicidad/,1
/proveedores/agencias/agencias-de-promocion/970-agencia-de-promocion-red-promex,301,200,/publicidad/,1
/proveedores/buscar-por/city?value=CIUDAD DELICIAS,301,200,/publicidad/,1
/proveedores/marketing-digital/823-agencia-de-marketing-digital-arena-media,301,200,/mercadotecnia/,1
/proveedores/buscar-por/city/5?value=MEXICO,301,200,/publicidad/,1
/proveedores/agencias/agencias-de-mercadotecnia/765-agencia-de-comunicacion-y-marketing-llorente-y-cuenca,301,200,/mercadotecnia/,1
/component/mtree/promocionales/articulos-promocionales,301,200,/publicidad/,1
/proveedores/pagina7,301,200,/publicidad/,1
/proveedores/buscar-por/city?value=SANTA ROSA,301,200,/publicidad/,1
/proveedores/agencias/rp-s/1190-agencia-de-relaciones-publicas-eureka-y-co,301,200,/publicidad/,1
/proveedores/agencias/agencias-de-promocion/931-agencia-de-promocion-circus-marketing/contactar,301,200,/publicidad/,1
/proveedores/campanas-politicas,301,200,/publicidad/,1
/component/mtree/television/casas-productoras/pagina6,301,200,/publicidad/,1
/noticias/5044-que-compran-en-internet-las-mujeres-de-latinoamerica,301,200,/noticias/que-compran-en-internet-las-mujeres-de-latinoamerica/,1
/proveedores/diseno/206-fucar-arte-y-diseño,301,200,/publicidad/,1
/proveedores/442-daisa-proyectos,301,200,/publicidad/,1
/proveedores/buscar-por/country/32?value=Mexico,301,200,/publicidad/,1
/proveedores/agencias/agencias-de-medios/397-digital-multimedios,301,200,/publicidad/,1
/proveedores/buscar-por/country/26?value=M,301,200,/publicidad/,1
/proveedores/agencias/agencias-de-mercadotecnia/1326-agencias-de-marketing-matrix-marketing-oob,301,200,/mercadotecnia/,1
/proveedores/television/1516-estudio-de-animacion-cluster-studio,301,200,/publicidad/,1
/proveedores/marketing-digital/832-agencia-de-marketing-digital-clicker-360,301,200,/mercadotecnia/,1
/proveedores/buscar-por/state?value=QUERETARO,301,200,/publicidad/,1
/proveedores/publicidad-exterior/mexibus/todo,301,200,/publicidad/,1
/proveedores/impresion-y-artes-graficas/666-graphic-lab,301,200,/publicidad/,1
/proveedores/diseno/diseno-multimedia/17-retro-studio-df,301,200,/publicidad/,1
/proveedores/marketing-digital/1253-agencia-digital-render-farm-studios,301,200,/mercadotecnia/,1
/proveedores/buscar-por/state/53?value=DISTRITO,301,200,/publicidad/,1
/component/mtree/buscar-por/state?value=Estado de,301,200,/publicidad/,1
/proveedores/diseno/pagina3,301,200,/publicidad/,1
/proveedores/agencias/agencias-de-mercadotecnia/38-emkt-mx,301,200,/mercadotecnia/,1
/proveedores/agencias/agencias-de-promocion/934-agencia-de-promocion-grupo-ctp,301,200,/publicidad/,1
/listing/centro-banamex-df/,200,200,/listing/centro-banamex-df/,0
/proveedores/diseno/diseno-multimedia/1264-agencia-multimedia-concepto-movil,301,200,/publicidad/,1
/proveedores/649-empresa-de-tecnologia-virtual-sa-de-cv,301,200,/publicidad/,1
/proveedores/television/casas-productoras/1606-productoras-adicta-films,301,200,/publicidad/,1
/proveedores/todo/pagina25?lang=es,301,200,/publicidad/,1
/proveedores/todo/pagina76?sort=-link_created,301,200,/publicidad/,1
/component/mtree/buscar-por/state?value=Nuevo,301,200,/publicidad/,1
/proveedores/agencias/agencias-de-promocion/966-agencia-de-promocion-proprom,301,200,/publicidad/,1
/proveedores/agencias/agencias-de-mercadotecnia/1343-agencias-de-marketing-revolver-radical,301,200,/mercadotecnia/,1
/proveedores/agencias/agencias-de-publicidad/91-publicidad-de-aguinaga-s-a-de-c-v,301,200,/publicidad/,1
/directorio/agencias/,200,200,/directorio/agencias/,0
/proveedores/buscar-por/country/31?value=Mexico,301,200,/publicidad/,1
/proveedores/161-xpres-xpresate-sa-de-cv,301,200,/publicidad/,1
/proveedores/agencias/agencias-de-mercadotecnia/754-agencia-de-comunicacion-y-marketing-concepto-total,301,200,/mercadotecnia/,1
/proveedores/television/casas-productoras/1690-productoras-retro-studio,301,200,/publicidad/,1
/proveedores/agencias/agencias-de-medios/898-agencia-de-medios-initiative,301,200,/publicidad/,1
/proveedores/agencias/agencias-de-publicidad/625-trazo-corporativo-en-publicidad-sa-de-cv,301,200,/publicidad/,1
/proveedores/buscar-por/state?value=COAHUILA,301,200,/publicidad/,1
/categoria/publicidad-negocios-mexico/,200,200,/categoria/publicidad-negocios-mexico/,0
/proveedores/buscar-por/city?value=CORDOBA CENTRO,301,200,/publicidad/,1
/proveedores/diseno,301,200,/publicidad/,1
/proveedores/102-xm-comunicacion-sc,301,200,/publicidad/,1
/proveedores/agencias/agencias-de-tecnologia/1224-agencia-de-tecnologia-tkinov/contactar,301,200,/mercadotecnia/,1
/proveedores/marketing-digital/1237-agencia-digital-hello-mexico,301,200,/mercadotecnia/,1
/component/mtree/agencias/agencias-de-recursos-humanos,301,200,/mercadotecnia/,1
/proveedores/agencias/agencias-de-mercadotecnia/1291-agencias-de-marketing-dharma-publicidad,301,200,/mercadotecnia/,1
/proveedores/promocionales/articulos-promocionales/257-grupo-publicitario-cerle-s-de-rl-de-cv,301,200,/publicidad/,1
/proveedores/agencias/agencias-de-recursos-humanos/1175-agencia-de-recursos-humanos-rolling-personnel,301,200,/mercadotecnia/,1
/proveedores/television/casas-productoras/1613-productoras-arbol-cine,301,200,/publicidad/,1
/equipo-interno-de-marketing-digital-o-agencia-externa-la-experiencia-del-sector-automotriz/,301,200,/negocios/automotriz/equipo-interno-de-marketing-digital-o-agencia-externa-la-experiencia-del-sector-automotriz/,1
/component/mtree/buscar-por/city?value=ALTAMIRA,301,200,/publicidad/,1
/proveedores/278-grupo-integra,301,200,/publicidad/,1
/proveedores/buscar-por/city?value=LOMAS DE,301,200,/publicidad/,1
/noticias/5407-qs-world-university-rankings-by-subject-2017,301,200,/noticias/qs-world-university-rankings-by-subject-2017/,1
/proveedores/stands-y-display/1725-stands-y-displays-instintos-creativos,301,200,/publicidad/,1
/noticias/4786-asahi-kasei-chemicals-celebra-la-apertura-de-asahi-kasei-plastics-mexico-sa-de-cv,301,200,/noticias/,1
/component/mtree/buscar-por/state/54?value=DISTRITO,301,200,/publicidad/,1
/component/mtree/buscar-por/state?value=MICHOACAN,301,200,/publicidad/,1
/proveedores/marketing-digital/850-agencia-de-marketing-digital-icrossing,301,200,/mercadotecnia/,1
/proveedores/agencias/agencias-de-mercadotecnia/773-agencia-de-comunicacion-y-marketing-teorus,301,200,/mercadotecnia/,1
/component/mtree/agencias/agencias-de-promocion/pagina2,301,200,/publicidad/,1
/proveedores/agencias/rp-s/1191-agencia-de-relaciones-publicas-euroamerica,301,200,/publicidad/,1
/proveedores/agencias/agencias-de-mercadotecnia/1340-agencias-de-marketing-punto-tres,301,200,/mercadotecnia/,1
/proveedores/marketing-digital/1234-agencia-digital-espora-estudio,301,200,/mercadotecnia/,1
/proveedores/agencias/agencias-de-mercadotecnia/1283-agencias-de-marketing-camaleon-marketing,301,200,/mercadotecnia/,1
/component/mtree/impresion-y-artes-graficas/todo/pagina5,301,200,/publicidad/,1
/pedido-canadiense-a-las-agencias-internacionales-para-que-investiguen-el-asesinato-de-berta-caceres/,301,200,/noticias/pedido-canadiense-a-las-agencias-internacionales-para-que-investiguen-el-asesinato-de-berta-caceres/,1
/comba-telecom-ofrece-conectividad-inalambrica-para-los-108-millones-de-pasajeros-de-un-aeropuerto-regional/,301,200,/noticias/comba-telecom-ofrece-conectividad-inalambrica-para-los-108-millones-de-pasajeros-de-un-aeropuerto-regional/,1
/care-energy-ofrece-representacion-a-accionistas-de-eon-y-rwe-los-modelos-de-negocios-de-las-sa-deben-ser-controlados-de-manera-mas-cercana-con-una-experiencia-especializada/,301,200,/noticias/care-energy-ofrece-representacion-a-accionistas-de-eon-y-rwe-los-modelos-de-negocios-de-las-sa-deben-ser-controlados-de-manera-mas-cercana-con-una-experiencia-especializada/,1
/cendyn-es-ahora-el-mayor-integrante-de-crm-en-la-industria-hospitalaria/,301,200,/noticias/cendyn-es-ahora-el-mayor-integrante-de-crm-en-la-industria-hospitalaria/,1
/diario-bae-negocios-internacional-reconoce-a-las-mujeres-argentinas-extraordinarias-2016/,301,200,/noticias/diario-bae-negocios-internacional-reconoce-a-las-mujeres-argentinas-extraordinarias-2016/,1
/huawei-habilita-la-aplicacion-de-la-nb-iot-en-industrias-verticales-a-traves-de-la-innovacion-y-la-colaboracion/,301,200,/noticias/huawei-habilita-la-aplicacion-de-la-nb-iot-en-industrias-verticales-a-traves-de-la-innovacion-y-la-colaboracion/,1
/emblematica-publicacion-de-lancet-neurology-exige-compromiso-a-largo-plazo-para-luchar-contra-la-demencia/,301,200,/noticias/emblematica-publicacion-de-lancet-neurology-exige-compromiso-a-largo-plazo-para-luchar-contra-la-demencia/,1
/heidrick-struggles-ayuda-al-foro-economico-mundial-a-encontrar-a-los-young-global-leaders-de-2016/,301,200,/noticias/heidrick-struggles-ayuda-al-foro-economico-mundial-a-encontrar-a-los-young-global-leaders-de-2016/,1
/ofertas-365-inc-anuncia-el-lanzamiento-de-su-juego-lucky-6-en-colombia-mercado-de-gaming-en-pleno-desarrollo-en-alianza-con-el-operador-local-eds-inversiones/,301,200,/noticias/ofertas-365-inc-anuncia-el-lanzamiento-de-su-juego-lucky-6-en-colombia-mercado-de-gaming-en-pleno-desarrollo-en-alianza-con-el-operador-local-eds-inversiones/,1
/safetypay-lanza-aplicacion-y-peruvian-es-la-primera-compania-aerea-de-america-latina-en-invertir-en-la-tecnologia/,301,200,/noticias/safetypay-lanza-aplicacion-y-peruvian-es-la-primera-compania-aerea-de-america-latina-en-invertir-en-la-tecnologia/,1
/emprendedores-de-silicon-valley-y-america-latina-comienzan-un-equipo-de-futbol-profesional-en-san-francisco/,301,200,/noticias/emprendedores-de-silicon-valley-y-america-latina-comienzan-un-equipo-de-futbol-profesional-en-san-francisco/,1
/el-futuro-de-los-viajes-internacionales-y-el-papel-del-seguro/,301,200,/noticias/el-futuro-de-los-viajes-internacionales-y-el-papel-del-seguro/,1
/en-la-vida-y-los-negocios/,301,200,/emprendimiento/liderazgo/en-la-vida-y-los-negocios/,1
/ipoint-presenta-borrador-de-leyes-sobre-trafico-de-personas-y-esclavitud-para-el-sector-privado/,301,200,/noticias/ipoint-presenta-borrador-de-leyes-sobre-trafico-de-personas-y-esclavitud-para-el-sector-privado/,1
/la-nomina-del-futbol-de-pepsi-2016-introduce-la-tarjeta-azul-en-el-juego-global/,301,200,/noticias/la-nomina-del-futbol-de-pepsi-2016-introduce-la-tarjeta-azul-en-el-juego-global/,1
/huawei-impulsa-apertura-colaboracion-y-exito-compartido-para-habilitar-la-transformacion-digital-y-construir-un-mundo-mejor-conectado/,301,200,/noticias/huawei-impulsa-apertura-colaboracion-y-exito-compartido-para-habilitar-la-transformacion-digital-y-construir-un-mundo-mejor-conectado/,1
/equisoft-gana-un-premio-de-excelencia-de-la-industria/,301,200,/noticias/equisoft-gana-un-premio-de-excelencia-de-la-industria/,1
/nerium-international-ofrece-innovacion-para-la-vitalidad-cerebral-con-el-lanzamiento-en-mexico-del-suplemento-alimenticio-eht/,301,200,/noticias/nerium-international-ofrece-innovacion-para-la-vitalidad-cerebral-con-el-lanzamiento-en-mexico-del-suplemento-alimenticio-eht/,1
/andes-wines-destaca-que-la-vendimia-argentina-se-atrasara-entre-10-a-30-dias-segun-cepaje/,301,200,/noticias/andes-wines-destaca-que-la-vendimia-argentina-se-atrasara-entre-10-a-30-dias-segun-cepaje/,1
/italtel-lanza-una-nueva-aplicacion-basada-en-sdn-para-la-harmonizacion-de-la-red-de-servicios/,301,200,/noticias/italtel-lanza-una-nueva-aplicacion-basada-en-sdn-para-la-harmonizacion-de-la-red-de-servicios/,1
/etihad-airways-comienza-la-venta-de-pasajes-en-la-argentina/,301,200,/noticias/etihad-airways-comienza-la-venta-de-pasajes-en-la-argentina/,1
/agile-alliance-anuncia-el-programa-del-agile2016/,301,200,/noticias/agile-alliance-anuncia-el-programa-del-agile2016/,1
/el-parque-eolico-dominica-de-enel-en-mexico-gana-el-premio-de-sostenibilidad-del-bid/,301,200,/noticias/el-parque-eolico-dominica-de-enel-en-mexico-gana-el-premio-de-sostenibilidad-del-bid/,1
/cobertura-especial-del-viaje-del-presidente-obama-a-cuba-domingo-20-de-marzo-por-america-teve/,301,200,/noticias/cobertura-especial-del-viaje-del-presidente-obama-a-cuba-domingo-20-de-marzo-por-america-teve/,1
/i-protect-el-gran-avance-de-kiekert-en-sistemas-de-proteccion-de-puertas/,301,200,/noticias/i-protect-el-gran-avance-de-kiekert-en-sistemas-de-proteccion-de-puertas/,1
/la-digitalizacion-creara-350-millones-de-nuevos-exportadores-segun-el-informe-del-dmcc-el-futuro-del-comercio/,301,200,/noticias/la-digitalizacion-creara-350-millones-de-nuevos-exportadores-segun-el-informe-del-dmcc-el-futuro-del-comercio/,1
/new-diamond-technology-ndt-dara-a-conocer-la-piedra-azul-fabricada-en-laboratorio-mas-grande-y-mas-rara-del-mundo-en-baselworld-a-las-1200-del-mediodia-cet/,301,200,/noticias/new-diamond-technology-ndt-dara-a-conocer-la-piedra-azul-fabricada-en-laboratorio-mas-grande-y-mas-rara-del-mundo-en-baselworld-a-las-1200-del-mediodia-cet/,1
/disene-instalaciones-hidraulicas-de-manera-facil-by-iway-magazine/,301,200,/noticias/disene-instalaciones-hidraulicas-de-manera-facil-by-iway-magazine/,1
/sc-johnson-venezuela-fue-reconocida-como-el-mejor-lugar-de-trabajo/,301,200,/noticias/sc-johnson-venezuela-fue-reconocida-como-el-mejor-lugar-de-trabajo/,1
/modulo-digitalizador-de-viewsonic-mejora-las-soluciones-de-cajeros-automaticos-vtm-de-avanzada-para-el-sector-bancario/,301,200,/noticias/modulo-digitalizador-de-viewsonic-mejora-las-soluciones-de-cajeros-automaticos-vtm-de-avanzada-para-el-sector-bancario/,1
/wincor-nixdorf-y-mahindra-comviva-se-asocian-para-permitir-operaciones-basadas-en-nfc-y-codigo-qr-en-los-cajeros-automaticos-con-la-billetera-mobiquity/,301,200,/noticias/wincor-nixdorf-y-mahindra-comviva-se-asocian-para-permitir-operaciones-basadas-en-nfc-y-codigo-qr-en-los-cajeros-automaticos-con-la-billetera-mobiquity/,1
/pacific-da-a-conocer-actualizacion-acerca-de-la-reestructuracion/,301,200,/noticias/pacific-da-a-conocer-actualizacion-acerca-de-la-reestructuracion/,1
/ya-vienen-los-effies/,301,200,/publicidad/creatividad/ya-vienen-los-effies/,1
/nuevo-webinar-de-impartner-presenta-a-analista-prm-de-gartner-y-ofrece-terapia-de-relaciones-para-profesionales-de-ti-y-sus-contrapartes-de-ventasmarketing/,301,200,/noticias/nuevo-webinar-de-impartner-presenta-a-analista-prm-de-gartner-y-ofrece-terapia-de-relaciones-para-profesionales-de-ti-y-sus-contrapartes-de-ventasmarketing/,1
/los-operadores-de-telefonia-movil-aprovechan-los-us12-billones-del-ecosistema-de-los-viajes/,301,200,/noticias/los-operadores-de-telefonia-movil-aprovechan-los-us12-billones-del-ecosistema-de-los-viajes/,1
/un-vistazo-al-festival-imaginativo-thomas-sabo-celebra-el-verano-con-estilo/,301,200,/noticias/un-vistazo-al-festival-imaginativo-thomas-sabo-celebra-el-verano-con-estilo/,1
/puedes-haber-sido-victima-de-un-fraude-informate/,301,200,/publicidad/creatividad/puedes-haber-sido-victima-de-un-fraude-informate/,1
/aeropuerto-salvadoreno-a-la-vanguardia-en-la-region-by-contrapunto-diario-digital/,301,200,/noticias/aeropuerto-salvadoreno-a-la-vanguardia-en-la-region-by-contrapunto-diario-digital/,1
/mohawk-industries-con-record-de-utilidades-en-el-cuarto-trimestre/,301,200,/noticias/mohawk-industries-con-record-de-utilidades-en-el-cuarto-trimestre/,1
/menor-crecimiento-economico-para-el-salvador-en-2016-by-contrapunto-diario-digital/,301,200,/noticias/menor-crecimiento-economico-para-el-salvador-en-2016-by-contrapunto-diario-digital/,1
/dugout-la-maxima-expresion-de-plataforma-futbolistica-para-los-aficionados-lanza-su-primera-aplicacion/,301,200,/noticias/dugout-la-maxima-expresion-de-plataforma-futbolistica-para-los-aficionados-lanza-su-primera-aplicacion/,1
/grundig-presenta-su-coleccion-premium-de-electrodomesticos-integrados-en-eurocucina/,301,200,/noticias/grundig-presenta-su-coleccion-premium-de-electrodomesticos-integrados-en-eurocucina/,1
/bridgestone-extiende-alianza-premium-con-grupo-bmw/,301,200,/noticias/bridgestone-extiende-alianza-premium-con-grupo-bmw/,1
/netflix-confirma-nueva-serie-original-basada-en-la-actual-investigacion-de-corrupcion-brasilena/,301,200,/noticias/netflix-confirma-nueva-serie-original-basada-en-la-actual-investigacion-de-corrupcion-brasilena/,1
/gillette-revela-la-campana-lo-perfecto-no-es-bonito-rumbo-a-los-juegos-olimpicos-de-rio-de-janeiro-2016/,301,200,/noticias/gillette-revela-la-campana-lo-perfecto-no-es-bonito-rumbo-a-los-juegos-olimpicos-de-rio-de-janeiro-2016/,1
/aliados-o-charlatanes-donde-te-ves/,301,200,/publicidad/aliados-o-charlatanes-donde-te-ves/,1
/nerium-international-presenta-el-suero-anti-edad-para-ojos/,301,200,/noticias/nerium-international-presenta-el-suero-anti-edad-para-ojos/,1
/netflix-y-los-maratones-un-nuevo-indice-revela-que-series-devoramos-y-cuales-saboreamos/,301,200,/noticias/netflix-y-los-maratones-un-nuevo-indice-revela-que-series-devoramos-y-cuales-saboreamos/,1
/apr-energy-pone-en-marcha-planta-de-turbina-a-gas-para-cliente-industrial-en-egipto/,301,200,/noticias/apr-energy-pone-en-marcha-planta-de-turbina-a-gas-para-cliente-industrial-en-egipto/,1
/el-mayors-challenge-2016-de-bloomberg-philanthropies-da-la-bienvenida-a-363-ciudades-de-america-latina-y-el-caribe-con-30-ciudades-de-argentina-representadas/,301,200,/noticias/el-mayors-challenge-2016-de-bloomberg-philanthropies-da-la-bienvenida-a-363-ciudades-de-america-latina-y-el-caribe-con-68-ciudades-de-mejico-representadas/,1
/uruguay-avanza-firmemente-hacia-la-universalizacion-del-acceso-a-servicios-financieros/,301,200,/noticias/uruguay-avanza-firmemente-hacia-la-universalizacion-del-acceso-a-servicios-financieros/,1
/xs-international-fue-incluida-en-el-informe-2016-competitive-landscape-report-de-gartner/,301,200,/noticias/xs-international-fue-incluida-en-el-informe-2016-competitive-landscape-report-de-gartner/,1
/el-atleta-conocido-como-el-picasso-olimpico-promueve-un-esfuerzo-para-hacer-crecer-al-grupo-de-atletas-olimpicos-artistas/,301,200,/noticias/el-atleta-conocido-como-el-picasso-olimpico-promueve-un-esfuerzo-para-hacer-crecer-al-grupo-de-atletas-olimpicos-artistas/,1
/pew-se-congratula-del-amplio-apoyo-mundial-a-las-propuestas-de-proteccion-de-tiburones-y-rayas/,301,200,/noticias/pew-se-congratula-del-amplio-apoyo-mundial-a-las-propuestas-de-proteccion-de-tiburones-y-rayas/,1
/la-biometria-de-dermalog-contribuye-a-la-prevencion-de-fraudes-en-nigeria/,301,200,/noticias/la-biometria-de-dermalog-contribuye-a-la-prevencion-de-fraudes-en-nigeria/,1
/husqvarna-lanza-la-primera-aplicacion-apple-watch-para-cortadoras-de-cesped-roboticas/,301,200,/noticias/husqvarna-lanza-la-primera-aplicacion-apple-watch-para-cortadoras-de-cesped-roboticas/,1
/pew-nombra-a-10-cientificos-latinoamericanos-como-becarios/,301,200,/noticias/pew-nombra-a-10-cientificos-latinoamericanos-como-becarios/,1
/conceden-el-be-open-young-talent-award-a-jovenes-de-chile/,301,200,/noticias/conceden-el-be-open-young-talent-award-a-jovenes-de-chile/,1
/colaboracion-hemisferica-para-resolver-problemas-relevantes-a-traves-de-la-investigacion/,301,200,/noticias/colaboracion-hemisferica-para-resolver-problemas-relevantes-a-traves-de-la-investigacion/,1
/havas-edge-nombra-a-nicole-cordero-como-vicepresidenta-de-medios-hispanos-de-ee-uu/,301,200,/noticias/havas-edge-nombra-a-nicole-cordero-como-vicepresidenta-de-medios-hispanos-de-ee-uu/,1
/spin-master-mexico-se-expande-con-nuevas-oficinas-corporativas-y-contrataciones-de-talento-senior/,301,200,/noticias/spin-master-mexico-se-expande-con-nuevas-oficinas-corporativas-y-contrataciones-de-talento-senior/,1
/otorga-grupo-gentera-apoyos-por-82-mdp-a-organizaciones-civiles-by-juan-carlos-machorro/,301,200,/noticias/otorga-grupo-gentera-apoyos-por-82-mdp-a-organizaciones-civiles-by-juan-carlos-machorro/,1
/the-home-depot-anuncia-resultados-record-del-cuarto-trimestre-y-del-ano-fiscal-2015-aumenta-el-dividendo-trimestral-en-un-17-por-ciento-y-proporciona-la-guia-para-el-ano-fiscal-2016/,301,200,/noticias/the-home-depot-anuncia-resultados-record-del-cuarto-trimestre-y-del-ano-fiscal-2015-aumenta-el-dividendo-trimestral-en-un-17-por-ciento-y-proporciona-la-guia-para-el-ano-fiscal-2016/,1
/huawei-y-leica-camera-anuncian-alianza-tecnologica-a-largo-plazo-para-la-reinvencion-de-la-fotografia-en-los-telefonos-inteligentes/,301,200,/noticias/huawei-y-leica-camera-anuncian-alianza-tecnologica-a-largo-plazo-para-la-reinvencion-de-la-fotografia-en-los-telefonos-inteligentes/,1
/barbados-adopta-legislacion-sobre-companias-de-celulas-incorporadas/,301,200,/noticias/barbados-adopta-legislacion-sobre-companias-de-celulas-incorporadas/,1
/womens-forum-mexico-2016-recibe-a-la-delegacion-cubana-de-mujeres-emprendedoras/,301,200,/noticias/womens-forum-mexico-2016-recibe-a-la-delegacion-cubana-de-mujeres-emprendedoras/,1
/spectra-group-y-tesacom-presentan-slingshot-en-chile/,301,200,/noticias/spectra-group-y-tesacom-presentan-slingshot-en-chile/,1
/premian-a-daniel-chavez-moran-fundador-de-grupo-vidanta-como-empresario-del-ano/,301,200,/noticias/premian-a-daniel-chavez-moran-fundador-de-grupo-vidanta-como-empresario-del-ano/,1
/el-fabricante-chino-de-ropa-deportiva-peak-celebra-una-nueva-presentacion-de-productos-olimpicos-en-eslovenia/,301,200,/noticias/el-fabricante-chino-de-ropa-deportiva-peak-celebra-una-nueva-presentacion-de-productos-olimpicos-en-eslovenia/,1
/arisglobal-firma-acuerdo-con-el-primer-cliente-de-arisg-en-china/,301,200,/noticias/arisglobal-firma-acuerdo-con-el-primer-cliente-de-arisg-en-china/,1
/mead-johnson-nutrition-llevo-a-cabo-encuentros-medicos-sobre-nuevas-tendencias-en-nutricion-pediatrica-y-desarrollo-mental/,301,200,/noticias/mead-johnson-nutrition-llevo-a-cabo-encuentros-medicos-sobre-nuevas-tendencias-en-nutricion-pediatrica-y-desarrollo-mental/,1
/smirnoff-lanza-la-iniciativa-equalizing-music-en-un-esfuerzo-por-duplicar-la-cantidad-de-figuras-femeninas-destacadas-para-el-ano-2020/,301,200,/noticias/smirnoff-lanza-la-iniciativa-equalizing-music-en-un-esfuerzo-por-duplicar-la-cantidad-de-figuras-femeninas-destacadas-para-el-ano-2020/,1
/comunicado-al-mercado-itau-unibanco-holding-archiva-formulario-20-f-de-2015-en-sec-y-cvm/,301,200,/noticias/comunicado-al-mercado-itau-unibanco-holding-archiva-formulario-20-f-de-2015-en-sec-y-cvm/,1
/markets-group-mas-de-400-socios-limitados-se-reunen-con-lideres-en-materia-de-capital-de-riesgo-en-nueva-york-para-abordar-las-principales-asignaciones-del-2016/,301,200,/noticias/markets-group-mas-de-400-socios-limitados-se-reunen-con-lideres-en-materia-de-capital-de-riesgo-en-nueva-york-para-abordar-las-principales-asignaciones-del-2016/,1
/mas-del-50-de-las-empresas-tienen-dispositivos-moviles-que-no-cumplen-con-las-normativas/,301,200,/noticias/mas-del-50-de-las-empresas-tienen-dispositivos-moviles-que-no-cumplen-con-las-normativas/,1
/konica-minolta-sensing-anuncia-su-participacion-en-plastimagen-mexico-2016/,301,200,/noticias/konica-minolta-sensing-anuncia-su-participacion-en-plastimagen-mexico-2016/,1
/ypf-presenta-informe-anual-2015-en-formulario-20-f/,301,200,/noticias/ypf-presenta-informe-anual-2015-en-formulario-20-f/,1
/la-version-mas-reciente-de-finscan-simplifica-y-acelera-la-exploracion-de-cumplimiento-antilavado-de-dinero/,301,200,/noticias/la-version-mas-reciente-de-finscan-simplifica-y-acelera-la-exploracion-de-cumplimiento-antilavado-de-dinero/,1
/el-lider-global-en-gestion-de-relaciones-con-socios-impartner-gana-en-los-stevie-awards-2016-por-ventas-y-servicio-al-cliente/,301,200,/noticias/el-lider-global-en-gestion-de-relaciones-con-socios-impartner-gana-en-los-stevie-awards-2016-por-ventas-y-servicio-al-cliente/,1
/el-mayor-talento-musical-en-el-xviii-festival-del-habano/,301,200,/noticias/el-mayor-talento-musical-en-el-xviii-festival-del-habano/,1
/colombia-y-mexico-con-una-actitud-positiva-hacia-el-emprendimiento-resultados-ager-2015-encuesta-aplicada-por-amway/,301,200,/noticias/colombia-y-mexico-con-una-actitud-positiva-hacia-el-emprendimiento-resultados-ager-2015-encuesta-aplicada-por-amway/,1
/el-grupo-lombard-odier-informa-los-resultados-del-ano-2015/,301,200,/noticias/el-grupo-lombard-odier-informa-los-resultados-del-ano-2015/,1
/movado-se-asocia-con-google-para-lanzar-una-nueva-coleccion-de-relojes-inteligentes/,301,200,/noticias/movado-se-asocia-con-google-para-lanzar-una-nueva-coleccion-de-relojes-inteligentes/,1
/digital-marine-solutions-adquirira-la-division-marina-de-jeppesen/,301,200,/noticias/digital-marine-solutions-adquirira-la-division-marina-de-jeppesen/,1
/a-48-ciudades-en-colombia-les-quedan-10-dias-para-ingresar-al-mayors-challenge-2016-de-bloomberg-philanthropies-y-competir-por-9-millones-de-dolares-estadounidenses-para-fondos-de-innovacion/,301,200,/noticias/a-156-ciudades-en-mexico-les-quedan-10-dias-para-ingresar-al-mayors-challenge-2016-de-bloomberg-philanthropies-y-competir-por-9-millones-de-dolares-estadounidenses-para-fondos-de-innovacion/,1
/phenomenome-discoveries-anuncia-la-exitosa-validacion-de-ovaware-un-simple-analisis-de-sangre-para-la-deteccion-precoz-de-cancer-de-ovario/,301,200,/noticias/phenomenome-discoveries-anuncia-la-exitosa-validacion-de-ovaware-un-simple-analisis-de-sangre-para-la-deteccion-precoz-de-cancer-de-ovario/,1
/a-156-ciudades-en-mexico-les-quedan-10-dias-para-ingresar-al-mayors-challenge-2016-de-bloomberg-philanthropies-y-competir-por-9-millones-de-dolares-estadounidenses-para-fondos-de-innovacion/,301,200,/noticias/a-156-ciudades-en-mexico-les-quedan-10-dias-para-ingresar-al-mayors-challenge-2016-de-bloomberg-philanthropies-y-competir-por-9-millones-de-dolares-estadounidenses-para-fondos-de-innovacion/,1
/precision-aviation-group-pag-empresa-matriz-de-precision-heliparts-php-anuncia-la-inauguracion-de-nuevo-centro-en-sao-paulo-brasil/,301,200,/noticias/precision-aviation-group-pag-empresa-matriz-de-precision-heliparts-php-anuncia-la-inauguracion-de-nuevo-centro-en-sao-paulo-brasil/,1
/martini-da-inicio-a-la-temporada-2016-de-la-formula-uno-con-felipe-massa-y-valtteri-bottas/,301,200,/noticias/martini-da-inicio-a-la-temporada-2016-de-la-formula-uno-con-felipe-massa-y-valtteri-bottas/,1
/andes-wines-invita-a-cosechar-malbec-de-san-rosendo-de-mas-de-140-anos/,301,200,/noticias/andes-wines-invita-a-cosechar-malbec-de-san-rosendo-de-mas-de-140-anos/,1
/etica-en-las-agencias-de-publicidad-y-anarquia-en-los-negocios/,301,200,/publicidad/etica-en-las-agencias-de-publicidad-y-anarquia-en-los-negocios/,1
/proximamente-seran-anunciados-los-ganadores-de-la-tarjeta-verde-2017/,301,200,/noticias/proximamente-seran-anunciados-los-ganadores-de-la-tarjeta-verde-2017/,1
/el-primer-destino-en-linea-global-para-la-moda-recatada-de-lujo-se-lanza-el-dia-internacional-de-la-mujer-el-8-de-marzo-de-2017/,301,200,/noticias/el-primer-destino-en-linea-global-para-la-moda-recatada-de-lujo-se-lanza-el-dia-internacional-de-la-mujer-el-8-de-marzo-de-2017/,1
/qs-world-university-rankings-by-subject-2017/,301,200,/noticias/qs-world-university-rankings-by-subject-2017/,1
/continua-llegando-ayuda-tras-el-terremoto-en-ecuador-mas-de-un-millon-de-dolares-recolectados-en-gofundme/,301,200,/noticias/continua-llegando-ayuda-tras-el-terremoto-en-ecuador-mas-de-un-millon-de-dolares-recolectados-en-gofundme/,1
/la-oficina-mas-sostenible-del-mundo-se-encuentra-en-los-paises-bajos/,301,200,/noticias/la-oficina-mas-sostenible-del-mundo-se-encuentra-en-los-paises-bajos/,1
/la-fundacion-tory-burch-lanza-una-campana-alentando-a-las-mujeres-a-ser-mas-ambiciosas-con-el-hashtag-embraceambition/,301,200,/noticias/la-fundacion-tory-burch-lanza-una-campana-alentando-a-las-mujeres-a-ser-mas-ambiciosas-con-el-hashtag-embraceambition/,1
/el-aeropuerto-internacional-numero-uno-del-mundo-ahora-mas-grande-y-mejor/,301,200,/noticias/el-aeropuerto-internacional-numero-uno-del-mundo-ahora-mas-grande-y-mejor/,1
/phoenix-tower-international-cierra-la-compra-de-145-torres-de-telecomunicacion-inalambricas-y-derechos-de-mercadeo-sobre-400-sitios-de-viva-en-la-republica-dominicana/,301,200,/noticias/phoenix-tower-international-cierra-la-compra-de-145-torres-de-telecomunicacion-inalambricas-y-derechos-de-mercadeo-sobre-400-sitios-de-viva-en-la-republica-dominicana/,1
/ddb-worldwide-conmemora-el-dia-internacional-de-la-mujer-2016-con-una-iniciativa-para-eliminar-el-genero/,301,200,/noticias/ddb-worldwide-conmemora-el-dia-internacional-de-la-mujer-2016-con-una-iniciativa-para-eliminar-el-genero/,1
/que-son-las-familias-en-autodesk-revit-by-iway-magazine/,301,200,/noticias/que-son-las-familias-en-autodesk-revit-by-iway-magazine/,1
/isagenix-alcanza-los-us4000-millones-en-ventas-globales-acumuladas/,301,200,/noticias/isagenix-alcanza-los-us4000-millones-en-ventas-globales-acumuladas/,1
/desde-la-costa-a-costa-southwest-airlines-conecta-a-los-pasajeros-de-los-angeles-con-las-playas-doradas-de-costa-rica/,301,200,/noticias/desde-la-costa-a-costa-southwest-airlines-conecta-a-los-pasajeros-de-los-angeles-con-las-playas-doradas-de-costa-rica/,1
/despega-el-deporte-del-futuro-mountain-dew-se-asocia-con-dr1-racing/,301,200,/noticias/despega-el-deporte-del-futuro-mountain-dew-se-asocia-con-dr1-racing/,1
/hennessy-xo-invita-al-director-de-cine-nicolas-winding-refn-a-crear-un-viaje-sensorial-para-su-nueva-campana-odyssey/,301,200,/noticias/hennessy-xo-invita-al-director-de-cine-nicolas-winding-refn-a-crear-un-viaje-sensorial-para-su-nueva-campana-odyssey/,1
/carrier-ethernet-20-llega-a-brasil-tim-se-asocia-con-accedian-para-obtener-certificacion-mef/,301,200,/noticias/carrier-ethernet-20-llega-a-brasil-tim-se-asocia-con-accedian-para-obtener-certificacion-mef/,1
/bulldog-gin-crea-division-region-america/,301,200,/noticias/bulldog-gin-crea-division-region-america/,1
/del-director-y-los-productores-de-velvet-y-gran-hotel-llega-la-primera-serie-original-de-netflix-filmada-y-producida-en-espana/,301,200,/noticias/del-director-y-los-productores-de-velvet-y-gran-hotel-llega-la-primera-serie-original-de-netflix-filmada-y-producida-en-espana/,1
/estudio-comisionado-por-visa-estima-que-la-migracion-a-los-pagos-electronicos-aporto-cerca-de-us300-mil-millones-al-pib-de-70-paises/,301,200,/noticias/estudio-comisionado-por-visa-estima-que-la-migracion-a-los-pagos-electronicos-aporto-cerca-de-us300-mil-millones-al-pib-de-70-paises/,1
/hikvision-comunica-los-resultados-preliminares-de-sus-ganancias-en-2015-con-un-4697-de-crecimiento/,301,200,/noticias/hikvision-comunica-los-resultados-preliminares-de-sus-ganancias-en-2015-con-un-4697-de-crecimiento/,1
/linedata-anuncia-el-lanzamiento-de-linedata-mobilekip/,301,200,/noticias/linedata-anuncia-el-lanzamiento-de-linedata-mobilekip/,1
/pacific-brinda-actualizacion-con-respecto-al-bloque-quifa/,301,200,/noticias/pacific-brinda-actualizacion-con-respecto-al-bloque-quifa/,1
/mohawk-industries-inc-invita-a-sumarse-a-la-teleconferencia-del-primer-trimestre-de-2016-en-internet/,301,200,/noticias/mohawk-industries-inc-invita-a-sumarse-a-la-teleconferencia-del-primer-trimestre-de-2016-en-internet/,1
/virgin-hotels-anuncia-a-su-nuevo-vicepresidente-de-desarrollo/,301,200,/noticias/virgin-hotels-anuncia-a-su-nuevo-vicepresidente-de-desarrollo/,1
/la-marca-sothebys-international-realty-se-extiende-a-nicaragua/,301,200,/noticias/la-marca-sothebys-international-realty-se-extiende-a-nicaragua/,1
/el-empire-state-deja-a-sus-fans-decidir-como-lucira-iluminado-para-celebrar-su-cumpleanos-numero-85/,301,200,/noticias/el-empire-state-deja-a-sus-fans-decidir-como-lucira-iluminado-para-celebrar-su-cumpleanos-numero-85/,1
/miranda-xmod-el-primer-conjunto-de-biela-y-plato-para-bicicletas-totalmente-modular-del-mundo/,301,200,/noticias/miranda-xmod-el-primer-conjunto-de-biela-y-plato-para-bicicletas-totalmente-modular-del-mundo/,1
/eurasia-media-forum-coincidira-el-ano-que-viene-con-astana-expo-2017/,301,200,/noticias/eurasia-media-forum-coincidira-el-ano-que-viene-con-astana-expo-2017/,1
/dubai-lleva-la-innovacion-al-area-deportiva-con-los-juegos-world-future-sports-en-diciembre-de-2017/,301,200,/noticias/dubai-lleva-la-innovacion-al-area-deportiva-con-los-juegos-world-future-sports-en-diciembre-de-2017/,1
/el-programa-futbol-por-la-amistad-de-gazprom-international-gana-los-premios-gold-quill-2016/,301,200,/noticias/el-programa-futbol-por-la-amistad-de-gazprom-international-gana-los-premios-gold-quill-2016/,1
/michelin-presenta-el-nuevo-neumatico-defender-el-neumatico-mas-largo-entre-los-principales-competidores/,301,200,/noticias/michelin-presenta-el-nuevo-neumatico-defender-el-neumatico-mas-largo-entre-los-principales-competidores/,1
/trax-designa-a-steve-hornyak-para-dirigir-su-expansion-por-el-continente-americano/,301,200,/noticias/trax-designa-a-steve-hornyak-para-dirigir-su-expansion-por-el-continente-americano/,1
/el-mayors-challenge-2016-de-bloomberg-philanthropies-da-la-bienvenida-a-363-ciudades-de-america-latina-y-el-caribe-con-12-ciudades-de-ecuador-representadas/,301,200,/noticias/el-mayors-challenge-2016-de-bloomberg-philanthropies-da-la-bienvenida-a-363-ciudades-de-america-latina-y-el-caribe-con-68-ciudades-de-mejico-representadas/,1
/fossil-group-lanzara-wearables-para-ocho-marcas-y-en-40-paises-el-2016/,301,200,/noticias/fossil-group-lanzara-wearables-para-ocho-marcas-y-en-40-paises-el-2016/,1
/fibra-prologis-asistira-a-la-conferencia-denominada-citi-2016-global-property-ceo-conference/,301,200,/noticias/fibra-prologis-asistira-a-la-conferencia-denominada-citi-2016-global-property-ceo-conference/,1
/alberto-moreno-nuevo-director-de-vanity-fair-de-espana-y-mexico/,301,200,/noticias/alberto-moreno-nuevo-director-de-vanity-fair-de-espana-y-mexico/,1
/gerilimzumab-de-bird-rock-bio-anticuerpo-anti-il-6-demuestra-potencial-acceso-global-asequible-a-biofarmaco-novedoso-para-tratar-la-artritis-reumatoide/,301,200,/noticias/gerilimzumab-de-bird-rock-bio-anticuerpo-anti-il-6-demuestra-potencial-acceso-global-asequible-a-biofarmaco-novedoso-para-tratar-la-artritis-reumatoide/,1
/regla-de-oro-para-tu-marca-personal-contra-la-homogeneidad-se-tu-mismo/,301,200,/emprendimiento/liderazgo/regla-de-oro-para-tu-marca-personal-contra-la-homogeneidad-se-tu-mismo/,1
/moneta-technologies-lanza-solucion-biometrica-facial-que-impide-el-robo-de-identidad/,301,200,/noticias/moneta-technologies-lanza-solucion-biometrica-facial-que-impide-el-robo-de-identidad/,1
/huawei-anuncia-nueva-tecnologia-de-informacion-y-comunicaciones-lider-para-crear-un-mundo-mejor-conectado/,301,200,/noticias/huawei-anuncia-nueva-tecnologia-de-informacion-y-comunicaciones-lider-para-crear-un-mundo-mejor-conectado/,1
/la-desigualdad-global-en-materia-de-paz-se-ha-ampliado-el-ano-pasado-al-aumentar-la-violencia-en-los-paises-menos-pacificos/,301,200,/noticias/la-desigualdad-global-en-materia-de-paz-se-ha-ampliado-el-ano-pasado-al-aumentar-la-violencia-en-los-paises-menos-pacificos/,1
/research-now-anuncia-nuevo-equipo-de-liderazgo-ejecutivo/,301,200,/noticias/research-now-anuncia-nuevo-equipo-de-liderazgo-ejecutivo/,1
/best-buy-apoya-a-los-emprendedores-en-mexico/,301,200,/noticias/best-buy-apoya-a-los-emprendedores-en-mexico/,1
/en-un-mundo-perfecto-la-marca-es-irrelevante/,301,200,/mercadotecnia/en-un-mundo-perfecto-la-marca-es-irrelevante/,1
/fibra-prologis-anuncia-asamblea-anual-y-extraordinaria-de-tenedores/,301,200,/noticias/fibra-prologis-anuncia-asamblea-anual-y-extraordinaria-de-tenedores/,1
/la-fundacion-loreal-junto-a-la-unesco-lanzan-un-manifiesto-para-defender-el-rol-de-las-mujeres-en-las-ciencias/,301,200,/noticias/la-fundacion-loreal-junto-a-la-unesco-lanzan-un-manifiesto-para-defender-el-rol-de-las-mujeres-en-las-ciencias/,1
/sc-johnson-reconocida-como-el-mejor-lugar-para-trabajar-en-mexico-por-decimoquinto-ano-consecutivo-en-2016/,301,200,/noticias/sc-johnson-reconocida-como-el-mejor-lugar-para-trabajar-en-mexico-por-decimoquinto-ano-consecutivo-en-2016/,1
/consultas-gratis-para-detectar-cancer-de-piel-en-la-republica-mexicana/,301,200,/noticias/consultas-gratis-para-detectar-cancer-de-piel-en-la-republica-mexicana/,1
/el-mayors-challenge-2016-de-bloomberg-philanthropies-da-la-bienvenida-a-363-ciudades-de-america-latina-y-el-caribe-con-55-ciudades-de-colombia-representadas/,301,200,/noticias/el-mayors-challenge-2016-de-bloomberg-philanthropies-da-la-bienvenida-a-363-ciudades-de-america-latina-y-el-caribe-con-68-ciudades-de-mejico-representadas/,1
/jared-leto-en-exlusiva-para-la-edicion-de-mayo-by-gq-mexico/,301,200,/noticias/jared-leto-en-exlusiva-para-la-edicion-de-mayo-by-gq-mexico/,1
/por-que-snapchat-se-ha-convertido-en-una-interesante-herramienta-para-el-marketing-digital/,301,200,/mercadotecnia/marketing-digital/por-que-snapchat-se-ha-convertido-en-una-interesante-herramienta-para-el-marketing-digital/,1
/burnham-sterling-cierra-colocacion-privada-de-ocho-aeronaves-con-avianca-holdings/,301,200,/noticias/burnham-sterling-cierra-colocacion-privada-de-ocho-aeronaves-con-avianca-holdings/,1
/rotarios-asistieron-a-la-audiencia-del-jubileo-en-la-ciudad-del-vaticano/,301,200,/noticias/rotarios-asistieron-a-la-audiencia-del-jubileo-en-la-ciudad-del-vaticano/,1
/la-universidad-laval-recupera-el-titulo-en-la-shell-eco-marathon-de-las-americas-que-ostentaba-la-universidad-de-toronto/,301,200,/noticias/la-universidad-laval-recupera-el-titulo-en-la-shell-eco-marathon-de-las-americas-que-ostentaba-la-universidad-de-toronto/,1
/ifly-res-de-ibs-recibe-estatus-ndc-capable-nivel-3-de-iata/,301,200,/noticias/ifly-res-de-ibs-recibe-estatus-ndc-capable-nivel-3-de-iata/,1
/haciendo-que-cada-dolar-cuente-jereh-en-la-cippe-2016/,301,200,/noticias/haciendo-que-cada-dolar-cuente-jereh-en-la-cippe-2016/,1
/el-servicio-de-paqueteria-de-ups-worldwide-express-se-expande-a-nuevos-paises-de-latinoamerica-y-el-caribe/,301,200,/noticias/el-servicio-de-paqueteria-de-ups-worldwide-express-se-expande-a-nuevos-paises-de-latinoamerica-y-el-caribe/,1
/amazoncrossing-en-espanol-lanza-estados-unidos-de-banana-libro-latinoamericano-vislumbra-la-desintegracion-del-imperio-americano/,301,200,/noticias/amazoncrossing-en-espanol-lanza-estados-unidos-de-banana-libro-latinoamericano-vislumbra-la-desintegracion-del-imperio-americano/,1
/fibra-prologis-anuncia-canje-de-titulo-de-cbfis/,301,200,/noticias/fibra-prologis-anuncia-canje-de-titulo-de-cbfis/,1
/circum-designa-a-morgan-stanley-para-llevar-a-cabo-una-revision-estrategica-y-optimiza-el-estudio-de-factibilidad/,301,200,/noticias/circum-designa-a-morgan-stanley-para-llevar-a-cabo-una-revision-estrategica-y-optimiza-el-estudio-de-factibilidad/,1
/las-ventas-netas-consolidadas-de-grupo-famsa-crecieron-120-durante-el-1t16/,301,200,/noticias/las-ventas-netas-consolidadas-de-grupo-famsa-crecieron-120-durante-el-1t16/,1
/institucion-del-grupo-ser-educacional-se-asocia-con-colgate-de-ee-uu/,301,200,/noticias/institucion-del-grupo-ser-educacional-se-asocia-con-colgate-de-ee-uu/,1
/mts-3060-smartcan-de-marvin-test-solutions-elegida-como-la-solucion-para-pruebas-de-armamento-de-lineas-de-vuelo-para-aviones-f-16-tafa-50-y-hawk/,301,200,/noticias/mts-3060-smartcan-de-marvin-test-solutions-elegida-como-la-solucion-para-pruebas-de-armamento-de-lineas-de-vuelo-para-aviones-f-16-tafa-50-y-hawk/,1
/infografia-claves-para-edificar-tu-marca-personal/,301,200,/emprendimiento/liderazgo/infografia-claves-para-edificar-tu-marca-personal/,1
/equipment-spare-parts-de-miami-es-nombrado-vendedor-autorizado-para-el-caribe-por-uno-de-los-principales-suministradores-de-piezas-de-motores-y-maquinaria-del-mundo/,301,200,/noticias/equipment-spare-parts-de-miami-es-nombrado-vendedor-autorizado-para-el-caribe-por-uno-de-los-principales-suministradores-de-piezas-de-motores-y-maquinaria-del-mundo/,1
/focusvision-presenta-a-jamin-brazil-como-ceo/,301,200,/noticias/focusvision-presenta-a-jamin-brazil-como-ceo/,1
/basf-y-avantium-pretenden-establecer-una-joint-venture/,301,200,/noticias/basf-y-avantium-pretenden-establecer-una-joint-venture/,1
/cooper-gay-argentina-le-da-la-bienvenida-a-los-nuevos-miembros-del-equipo-de-contratos-para-fortalecer-y-desarrollar-su-posicion-en-el-mercado/,301,200,/noticias/cooper-gay-argentina-le-da-la-bienvenida-a-los-nuevos-miembros-del-equipo-de-contratos-para-fortalecer-y-desarrollar-su-posicion-en-el-mercado/,1
/hacienda-altagracia-an-auberge-resort-es-destacado-como-uno-de-los-mejores-nuevos-hoteles-del-mundo-en-la-lista-de-lo-mejor-del-2016-de-conde-nast-traveler/,301,200,/noticias/hacienda-altagracia-an-auberge-resort-es-destacado-como-uno-de-los-mejores-nuevos-hoteles-del-mundo-en-la-lista-de-lo-mejor-del-2016-de-conde-nast-traveler/,1
/dunkin-brands-dona-us10000-para-ayudar-a-los-damnificados-del-reciente-terremoto-en-ecuador/,301,200,/noticias/dunkin-brands-dona-us10000-para-ayudar-a-los-damnificados-del-reciente-terremoto-en-ecuador/,1
/zte-corporation-llega-a-un-arreglo-con-las-autoridades-estadounidenses/,301,200,/noticias/zte-corporation-llega-a-un-arreglo-con-las-autoridades-estadounidenses/,1
/cuatro-increibles-activistas-humanitarios-finalistas-del-aurora-prize-for-awakening-humanity-por-us1-millon/,301,200,/noticias/cuatro-increibles-activistas-humanitarios-finalistas-del-aurora-prize-for-awakening-humanity-por-us1-millon/,1
/conectividad-vial-para-favorece-desarrollo-economico-en-el-salvador-by-contrapunto-diario-digital/,301,200,/noticias/conectividad-vial-para-favorece-desarrollo-economico-en-el-salvador-by-contrapunto-diario-digital/,1
/thuraya-lanza-servicio-m2m-y-primer-terminal-que-operara-en-norteamerica/,301,200,/noticias/thuraya-lanza-servicio-m2m-y-primer-terminal-que-operara-en-norteamerica/,1
/lo-que-todo-anunciante-debe-saber-la-mitad-de-la-publicidad-sirve-la-otra-mitad-no/,301,200,/publicidad/guias/lo-que-todo-anunciante-debe-saber-la-mitad-de-la-publicidad-sirve-la-otra-mitad-no/,1
/mas-seguidores-menos-oportunidades-de-encontrar-el-amor/,301,200,/noticias/mas-seguidores-menos-oportunidades-de-encontrar-el-amor/,1
/fibra-prologis-anuncia-asamblea-extraordinaria-de-tenedores/,301,200,/noticias/fibra-prologis-anuncia-asamblea-extraordinaria-de-tenedores/,1
/octopus-dentro-del-top-100-de-mejores-agencias-marketing-digital-en-mexico/,301,200,/noticias/octopus-dentro-del-top-100-de-mejores-agencias-marketing-digital-en-mexico/,1
/noche-de-estrellas-en-la-clausura-del-xviii-festival-del-habano/,301,200,/noticias/noche-de-estrellas-en-la-clausura-del-xviii-festival-del-habano/,1
/g2a-junto-con-gaming-for-good-y-save-the-children-activan-a-los-vengadores-de-la-comunidad-de-los-juegos-para-el-humanitarian-emergency-all-out-response-team-heart-en-etiopia/,301,200,/noticias/g2a-junto-con-gaming-for-good-y-save-the-children-activan-a-los-vengadores-de-la-comunidad-de-los-juegos-para-el-humanitarian-emergency-all-out-response-team-heart-en-etiopia/,1
/la-feria-de-canton-establece-un-nuevo-modelo-para-presentar-su-negocio-a-traves-de-una-videoconferencia-remota/,301,200,/noticias/la-feria-de-canton-establece-un-nuevo-modelo-para-presentar-su-negocio-a-traves-de-una-videoconferencia-remota/,1
/latin-trade-presenta-el-ranking-de-multimillonarios-de-america-latina/,301,200,/noticias/latin-trade-presenta-el-ranking-de-multimillonarios-de-america-latina/,1
/servicio-de-video-iot-smartvue-ahora-es-mas-grande-que-youtube-carga-28-millones-de-minutos-de-videovigilancia-a-diario/,301,200,/noticias/servicio-de-video-iot-smartvue-ahora-es-mas-grande-que-youtube-carga-28-millones-de-minutos-de-videovigilancia-a-diario/,1
/latin-trade-presenta-a-los-25-mejores-jovenes-empresarios-de-america-latina/,301,200,/noticias/latin-trade-presenta-a-los-25-mejores-jovenes-empresarios-de-america-latina/,1
/la-alianza-con-rainforest-alliance-anade-una-capa-mas-de-placer-al-comer-una-paleta-magnum/,301,200,/noticias/la-alianza-con-rainforest-alliance-anade-una-capa-mas-de-placer-al-comer-una-paleta-magnum/,1
/pacific-confirma-conversaciones-con-los-accionistas-en-relacion-con-el-proceso-de-reestructuracion-de-deuda/,301,200,/noticias/pacific-confirma-conversaciones-con-los-accionistas-en-relacion-con-el-proceso-de-reestructuracion-de-deuda/,1
/american-bookkeeping-institute-ahora-ensena-a-los-estudiantes-a-trabajar-en-linea-como-contadores-independientes/,301,200,/noticias/american-bookkeeping-institute-ahora-ensena-a-los-estudiantes-a-trabajar-en-linea-como-contadores-independientes/,1
/el-festival-internacional-de-cine-de-morelia-presentara-una-funcion-especial-en-el-festival-de-cannes/,301,200,/noticias/el-festival-internacional-de-cine-de-morelia-presentara-una-funcion-especial-en-el-festival-de-cannes/,1
/antes-y-despues-connie-talbot-la-estrella-de-britains-got-talent-emerge-como-una-increible-compositora-y-cantante-con-su-nuevo-album-matters-to-me-en-venta-a-traves-de-evolution-music-group/,301,200,/noticias/antes-y-despues-connie-talbot-la-estrella-de-britains-got-talent-emerge-como-una-increible-compositora-y-cantante-con-su-nuevo-album-matters-to-me-en-venta-a-traves-de-evolution-music-group/,1
/portadalat-anuncia-un-importante-listado-de-conferencistas-que-incluye-a-avon-meliahoteles-best-western-brown-forman-y-nestle/,301,200,/noticias/portadalat-anuncia-un-importante-listado-de-conferencistas-que-incluye-a-avon-meliahoteles-best-western-brown-forman-y-nestle/,1
/gobierno-cubano-toma-represalia-contra-reportera-de-america-teve/,301,200,/noticias/gobierno-cubano-toma-represalia-contra-reportera-de-america-teve/,1
/las-ciudades-europeas-continuaron-atrayendo-a-cada-vez-mas-cantidad-de-turistas-a-pesar-de-un-ano-problematico-en-europa-el-numero-de-noches-aumento-42-en-2015/,301,200,/noticias/las-ciudades-europeas-continuaron-atrayendo-a-cada-vez-mas-cantidad-de-turistas-a-pesar-de-un-ano-problematico-en-europa-el-numero-de-noches-aumento-42-en-2015/,1
/el-mercado-europeo-responde-de-manera-favorable-a-los-productos-exclusivos-de-xcmg-en-bauma-2016/,301,200,/noticias/el-mercado-europeo-responde-de-manera-favorable-a-los-productos-exclusivos-de-xcmg-en-bauma-2016/,1
/cornershop-recibe-inversion-por-usd-67-millones/,301,200,/noticias/cornershop-recibe-inversion-por-usd-67-millones/,1
/pancho-guru-el-origen-by-yellowlink/,301,200,/noticias/pancho-guru-el-origen-by-yellowlink/,1
/stadler-director-ejecutivo-de-audi-planeamos-continuar-con-nuestro-crecimiento-en-2016/,301,200,/noticias/stadler-director-ejecutivo-de-audi-planeamos-continuar-con-nuestro-crecimiento-en-2016/,1
/dermalog-suministra-lectores-de-huellas-digitales-para-el-registro-de-refugiados-en-alemania/,301,200,/noticias/dermalog-suministra-lectores-de-huellas-digitales-para-el-registro-de-refugiados-en-alemania/,1
/aplican-ciencia-en-elaboracion-de-tacos-by-juan-carlos-machorro/,301,200,/noticias/aplican-ciencia-en-elaboracion-de-tacos-by-juan-carlos-machorro/,1
/reed-meriwether-se-incorpora-a-greeley-and-hansen-como-nuevo-director-gerente/,301,200,/noticias/reed-meriwether-se-incorpora-a-greeley-and-hansen-como-nuevo-director-gerente/,1
/young-living-nombra-nuevo-coo/,301,200,/noticias/young-living-nombra-nuevo-coo/,1
/uol-boacompra-llega-a-chile/,301,200,/noticias/uol-boacompra-llega-a-chile/,1
/versy-nueva-red-social-basada-en-los-intereses-de-los-usuarios/,301,200,/noticias/versy-nueva-red-social-basada-en-los-intereses-de-los-usuarios/,1
/polyeco-international-y-lamor-fusionan-sus-operaciones-de-servicios-internacionales-y-forman-polyeco-group-empresa-de-servicios-ambientales-totalmente-integrados/,301,200,/noticias/polyeco-international-y-lamor-fusionan-sus-operaciones-de-servicios-internacionales-y-forman-polyeco-group-empresa-de-servicios-ambientales-totalmente-integrados/,1
/fast-evolving-watersport-company-flydive-anuncia-la-adquisicion-de-aquafly/,301,200,/noticias/fast-evolving-watersport-company-flydive-anuncia-la-adquisicion-de-aquafly/,1
/make-up-for-ever-se-asocia-con-charli-xcx-para-su-nueva-campana-aqua-xl/,301,200,/noticias/make-up-for-ever-se-asocia-con-charli-xcx-para-su-nueva-campana-aqua-xl/,1
/oh-la-la-deals-de-air-france-las-mejores-ofertas-de-temporada/,301,200,/noticias/oh-la-la-deals-de-air-france-las-mejores-ofertas-de-temporada/,1
/fossil-presenta-nuevos-smartwatches-android-wear-mas-finos-en-baselworld/,301,200,/noticias/fossil-presenta-nuevos-smartwatches-android-wear-mas-finos-en-baselworld/,1
/barbados-asevera-los-beneficios-economicos-de-sus-estructuras-offshore/,301,200,/noticias/barbados-asevera-los-beneficios-economicos-de-sus-estructuras-offshore/,1
/rafael-valdez-de-envision-fue-nominado-como-campeon-de-la-industria-eolica-en-la-conferencia-sobre-energias-renovables-2016-de-mexico/,301,200,/noticias/rafael-valdez-de-envision-fue-nominado-como-campeon-de-la-industria-eolica-en-la-conferencia-sobre-energias-renovables-2016-de-mexico/,1
/aprendiendo-autocad-2016-en-3d-para-diseno-arquitectonico-by-iway-magazine/,301,200,/noticias/aprendiendo-autocad-2016-en-3d-para-diseno-arquitectonico-by-iway-magazine/,1
/level-3-designada-como-miembro-avanzado-de-aws-partner-network/,301,200,/noticias/level-3-designada-como-miembro-avanzado-de-aws-partner-network/,1
/los-numeros-no-importan-la-influencia-si/,301,200,/mercadotecnia/marketing-digital/los-numeros-no-importan-la-influencia-si/,1
/datos-y-sesiones-relevantes-en-la-reunion-de-la-sages-2016-prueban-la-seguridad-y-la-eficacia-de-la-terapia-stretta-para-la-erge/,301,200,/noticias/datos-y-sesiones-relevantes-en-la-reunion-de-la-sages-2016-prueban-la-seguridad-y-la-eficacia-de-la-terapia-stretta-para-la-erge/,1
/hola-tv-celebra-a-la-mujer-en-marzo-con-estrenos-y-programacion-especial-de-mujeres-que-inspiran/,301,200,/noticias/hola-tv-celebra-a-la-mujer-en-marzo-con-estrenos-y-programacion-especial-de-mujeres-que-inspiran/,1
/mec-prime-banner-chemicals-uk-se-enorgullece-de-presentar-la-nueva-gama-de-productos-de-cloruro-de-metileno-prime/,301,200,/noticias/mec-prime-banner-chemicals-uk-se-enorgullece-de-presentar-la-nueva-gama-de-productos-de-cloruro-de-metileno-prime/,1
/i2c-y-tis-forman-una-asociacion-estrategica-para-llevar-innovadoras-soluciones-de-pago-a-japon-y-otros-mercados-asiaticos-cruciales/,301,200,/noticias/i2c-y-tis-forman-una-asociacion-estrategica-para-llevar-innovadoras-soluciones-de-pago-a-japon-y-otros-mercados-asiaticos-cruciales/,1
/cru-ofrece-la-conferencia-mundial-del-cobre-mas-completa-hasta-la-fecha/,301,200,/noticias/cru-ofrece-la-conferencia-mundial-del-cobre-mas-completa-hasta-la-fecha/,1
/el-consumidor-no-quiere-mas-opciones/,301,200,/mercadotecnia/el-consumidor-no-quiere-mas-opciones/,1
/level-3-incorpora-microsoft-office-365-a-su-ecosistema-de-soluciones-cloud-connect/,301,200,/noticias/level-3-incorpora-microsoft-office-365-a-su-ecosistema-de-soluciones-cloud-connect/,1
/el-grupo-expansion-firma-contrato-con-navegg/,301,200,/noticias/el-grupo-expansion-firma-contrato-con-navegg/,1
/genius-plaza-lanza-sammie-seal-un-juego-de-lenguaje-educativo-bilinge-y-gratuito/,301,200,/noticias/genius-plaza-lanza-sammie-seal-un-juego-de-lenguaje-educativo-bilinge-y-gratuito/,1
/lenovo-revela-el-zuk-z2-pro-el-dispositivo-que-cambiara-las-reglas/,301,200,/noticias/lenovo-revela-el-zuk-z2-pro-el-dispositivo-que-cambiara-las-reglas/,1
/la-capacidad-financiera-mas-que-los-conocimientos-basicos-o-la-educacion-es-la-clave-para-la-inclusion-financiera/,301,200,/noticias/la-capacidad-financiera-mas-que-los-conocimientos-basicos-o-la-educacion-es-la-clave-para-la-inclusion-financiera/,1
/lcm-partners-gana-en-los-premios-private-debt-investor-2015/,301,200,/noticias/lcm-partners-gana-en-los-premios-private-debt-investor-2015/,1
/experiencias-fuera-de-lo-ordinario-para-descubrir-la-ciudad-de-mexico-en-semana-santa/,301,200,/noticias/experiencias-fuera-de-lo-ordinario-para-descubrir-la-ciudad-de-mexico-en-semana-santa/,1
/conoce-las-novedades-four-seasons-para-este-2016/,301,200,/noticias/conoce-las-novedades-four-seasons-para-este-2016/,1
/emerge-americas-anuncia-los-finalistas-del-startup-showcase-2016-que-incluyen-representantes-de-15-paises/,301,200,/noticias/emerge-americas-anuncia-los-finalistas-del-startup-showcase-2016-que-incluyen-representantes-de-15-paises/,1
/las-redes-sociales-como-canal-de-atencion-a-clientes/,301,200,/mercadotecnia/marketing-digital/las-redes-sociales-como-canal-de-atencion-a-clientes/,1
/el-mayors-challenge-2016-de-bloomberg-philanthropies-da-la-bienvenida-a-363-ciudades-de-america-latina-y-el-caribe-con-68-ciudades-de-mejico-representadas/,301,200,/noticias/el-mayors-challenge-2016-de-bloomberg-philanthropies-da-la-bienvenida-a-363-ciudades-de-america-latina-y-el-caribe-con-68-ciudades-de-mejico-representadas/,1
/rackspace-lider-en-nube-gestionada-colabora-con-impartner-para-fortalecer-la-experiencia-de-socios-de-canales/,301,200,/noticias/rackspace-lider-en-nube-gestionada-colabora-con-impartner-para-fortalecer-la-experiencia-de-socios-de-canales/,1
/joven-emprendedor-forestal-premia-el-talento-de-jovenes-de-mexico-centro-y-sudamerica-en-su-tercer-certamen/,301,200,/noticias/joven-emprendedor-forestal-premia-el-talento-de-jovenes-de-mexico-centro-y-sudamerica-en-su-tercer-certamen/,1
/gamechange-solar-recibe-orden-de-genius-tracker-de-28-mw-para-el-sudeste/,301,200,/noticias/gamechange-solar-recibe-orden-de-genius-tracker-de-28-mw-para-el-sudeste/,1
/celigo-concreta-us8-millones-en-financiacion-de-capital-para-el-crecimiento/,301,200,/noticias/celigo-concreta-us8-millones-en-financiacion-de-capital-para-el-crecimiento/,1
/ceremonia-inaugural-de-baselworld-2016/,301,200,/noticias/ceremonia-inaugural-de-baselworld-2016/,1
/uefa-y-pepsi-llevan-por-primera-vez-epico-recital-en-vivo-a-la-final-de-la-liga-de-campeones-de-la-uefa/,301,200,/noticias/uefa-y-pepsi-llevan-por-primera-vez-epico-recital-en-vivo-a-la-final-de-la-liga-de-campeones-de-la-uefa/,1
/h2opendoors-llega-a-cuba/,301,200,/noticias/h2opendoors-llega-a-cuba/,1
/ramboll-crece-28-a-pesar-de-las-dificiles-condiciones-de-mercado/,301,200,/noticias/ramboll-crece-28-a-pesar-de-las-dificiles-condiciones-de-mercado/,1
/osteoartritis-de-rodilla-suero-autologo-condicionado-acs-combinado-con-fisioterapia-produjo-una-significativa-mejora-en-el-dolor-y-la-funcion/,301,200,/noticias/osteoartritis-de-rodilla-suero-autologo-condicionado-acs-combinado-con-fisioterapia-produjo-una-significativa-mejora-en-el-dolor-y-la-funcion/,1
/la-carrera-de-chicharito-en-canciones-de-rock-by-rock-sonico/,301,200,/noticias/la-carrera-de-chicharito-en-canciones-de-rock-by-rock-sonico/,1
/reed-exhibitions-japan-hara-la-3ra-wearable-expo-del-18-al-20-de-enero-de-2017-en-tokio/,301,200,/noticias/reed-exhibitions-japan-hara-la-3ra-wearable-expo-del-18-al-20-de-enero-de-2017-en-tokio/,1
/womens-forum-mexico-2016-girara-en-torno-a-co-creando-junts-co-creating-together/,301,200,/noticias/womens-forum-mexico-2016-girara-en-torno-a-co-creando-junts-co-creating-together/,1
/la-curacao-lanza-una-nueva-aplicacion-movil-para-sus-usuarios/,301,200,/noticias/la-curacao-lanza-una-nueva-aplicacion-movil-para-sus-usuarios/,1
/como-la-ves-verdad-que-todo-depende/,301,200,/publicidad/creatividad/como-la-ves-verdad-que-todo-depende/,1
/sirva-presenta-nueva-identidad-de-marca/,301,200,/noticias/sirva-presenta-nueva-identidad-de-marca/,1
/el-mayors-challenge-2016-de-bloomberg-philanthropies-da-la-bienvenida-a-363-ciudades-de-america-latina-y-el-caribe-con-34-ciudades-de-chile-representadas/,301,200,/noticias/el-mayors-challenge-2016-de-bloomberg-philanthropies-da-la-bienvenida-a-363-ciudades-de-america-latina-y-el-caribe-con-68-ciudades-de-mejico-representadas/,1
/markets-group-los-principales-bancos-centrales-de-ee-uu-america-latina-y-el-caribe-se-reuniran-en-ciudad-de-panama-con-el-proposito-de-discutir-estrategias-de-inversion/,301,200,/noticias/markets-group-los-principales-bancos-centrales-de-ee-uu-america-latina-y-el-caribe-se-reuniran-en-ciudad-de-panama-con-el-proposito-de-discutir-estrategias-de-inversion/,1
/donde-el-retorno-a-la-vida-silvestre-produce-maravillas-se-inaugura-en-shanghai-leden-by-perrier-jout/,301,200,/noticias/donde-el-retorno-a-la-vida-silvestre-produce-maravillas-se-inaugura-en-shanghai-leden-by-perrier-jout/,1
/vichy-anuncia-la-primera-beca-exposoma-de-vichy-anual/,301,200,/noticias/vichy-anuncia-la-primera-beca-exposoma-de-vichy-anual/,1
/impulsando-el-crecimiento-de-un-nuevo-movimiento-de-lujo-bsi-capital-group-invierte-5m-de-francos-suizos-chf-en-swiss-cosmeceuticals-ag/,301,200,/noticias/impulsando-el-crecimiento-de-un-nuevo-movimiento-de-lujo-bsi-capital-group-invierte-5m-de-francos-suizos-chf-en-swiss-cosmeceuticals-ag/,1
/music-world-cup-anuncia-el-prelanzamiento-de-su-plataforma/,301,200,/noticias/music-world-cup-anuncia-el-prelanzamiento-de-su-plataforma/,1
/pruebas-realizadas-por-un-laboratorio-independiente-demuestran-una-diferencia-de-rendimiento-de-hasta-el-40-entre-los-turbocargadores-para-el-mercado-postventa-originales-de-honeywell-y-sus-copias/,301,200,/noticias/pruebas-realizadas-por-un-laboratorio-independiente-demuestran-una-diferencia-de-rendimiento-de-hasta-el-40-entre-los-turbocargadores-para-el-mercado-postventa-originales-de-honeywell-y-sus-copias/,1
/que-compran-en-internet-las-mujeres-de-latinoamerica/,301,200,/noticias/que-compran-en-internet-las-mujeres-de-latinoamerica/,1
/sundyne-anuncia-un-nuevo-centro-de-servicio-autorizado-en-colombia/,301,200,/noticias/sundyne-anuncia-un-nuevo-centro-de-servicio-autorizado-en-colombia/,1
/converse-x-brain-dead/,301,200,/publicidad/creatividad/converse-x-brain-dead/,1
/la-nueva-arcserve-unified-data-protection-udp-elimina-el-tiempo-de-recuperacion-mediante-disponibilidad-continua-recuperacion-instantanea-y-replicacion-en-entornos-en-la-nube-virtuales-y-fisicos/,301,200,/noticias/la-nueva-arcserve-unified-data-protection-udp-elimina-el-tiempo-de-recuperacion-mediante-disponibilidad-continua-recuperacion-instantanea-y-replicacion-en-entornos-en-la-nube-virtuales-y-fisicos/,1
/emaar-da-forma-al-fastuoso-perfil-nuevo-de-dubai-con-una-impactante-torre-en-el-puerto-dubai-creek/,301,200,/noticias/emaar-da-forma-al-fastuoso-perfil-nuevo-de-dubai-con-una-impactante-torre-en-el-puerto-dubai-creek/,1
/impartner-se-asocia-con-expertos-del-sector-de-canales-de-venta-indirecta-para-abordar-los-principales-desafios-que-desvelan-a-los-directores-de-canal/,301,200,/noticias/impartner-se-asocia-con-expertos-del-sector-de-canales-de-venta-indirecta-para-abordar-los-principales-desafios-que-desvelan-a-los-directores-de-canal/,1
/pacific-anuncia-revision-de-su-elegibilidad-para-cotizar-en-la-bolsa-de-valores-de-toronto/,301,200,/noticias/pacific-anuncia-revision-de-su-elegibilidad-para-cotizar-en-la-bolsa-de-valores-de-toronto/,1
/sothebys-international-realty-amplia-la-presencia-de-su-marca-de-lujo-en-toda-la-argentina/,301,200,/noticias/sothebys-international-realty-amplia-la-presencia-de-su-marca-de-lujo-en-toda-la-argentina/,1
/cana-de-azucar-fuente-de-energia-sostenible-en-el-salvador-by-contra-punto-diario-digital/,301,200,/noticias/cana-de-azucar-fuente-de-energia-sostenible-en-el-salvador-by-contra-punto-diario-digital/,1
/telepizza-se-apoyara-en-master-franquiciados-locales-para-liderar-su-expansion-en-el-reino-unido/,301,200,/noticias/telepizza-se-apoyara-en-master-franquiciados-locales-para-liderar-su-expansion-en-el-reino-unido/,1
/20-de-marzo-dia-internacional-de-la-felicidad/,301,200,/noticias/20-de-marzo-dia-internacional-de-la-felicidad/,1
/la-compania-de-busqueda-de-ejecutivos-kincannon-reed-expande-su-presencia-en-latinoamerica/,301,200,/noticias/la-compania-de-busqueda-de-ejecutivos-kincannon-reed-expande-su-presencia-en-latinoamerica/,1
/la-experiencia-de-viajes-blast-off-to-houston-ofrece-grandes-ahorros-en-el-hyatt-regency-houston-y-las-principales-atracciones-de-la-ciudad/,301,200,/noticias/la-experiencia-de-viajes-blast-off-to-houston-ofrece-grandes-ahorros-en-el-hyatt-regency-houston-y-las-principales-atracciones-de-la-ciudad/,1
/isuzu-motors-de-mexico-anuncia-cambios-en-sus-puestos-directivos/,301,200,/noticias/isuzu-motors-de-mexico-anuncia-cambios-en-sus-puestos-directivos/,1
/mot-hennessy-y-solar-impulse-continuan-celebrando-la-sustentabilidad-en-2016/,301,200,/noticias/mot-hennessy-y-solar-impulse-continuan-celebrando-la-sustentabilidad-en-2016/,1
/la-ultra-hd-4k-smart-ir-ptz-de-hikvision-gano-el-premio-new-product-showcase-en-isc-west/,301,200,/noticias/la-ultra-hd-4k-smart-ir-ptz-de-hikvision-gano-el-premio-new-product-showcase-en-isc-west/,1
/diebold-cumple-con-exito-con-las-condiciones-de-oferta-para-las-acciones-de-wincor-nixdorf/,301,200,/noticias/diebold-cumple-con-exito-con-las-condiciones-de-oferta-para-las-acciones-de-wincor-nixdorf/,1
/se-estrena-exhibicion-sobre-educacion-en-ddhh-en-la-sede-de-la-onu-ginebra/,301,200,/noticias/se-estrena-exhibicion-sobre-educacion-en-ddhh-en-la-sede-de-la-onu-ginebra/,1
/la-provincia-de-neuquen-anuncia-la-modificacion-del-coeficiente-de-cambio-de-su-oferta-de-cambio/,301,200,/noticias/la-provincia-de-neuquen-anuncia-la-modificacion-del-coeficiente-de-cambio-de-su-oferta-de-cambio/,1
/se-inaugura-el-festival-internacional-de-cortometrajes-mercy-and-justice/,301,200,/noticias/se-inaugura-el-festival-internacional-de-cortometrajes-mercy-and-justice/,1
/conozca-una-de-las-7-maravillas-de-la-ingenieria-moderna-la-torre-cn-de-toronto-by-iway-magazine/,301,200,/noticias/conozca-una-de-las-7-maravillas-de-la-ingenieria-moderna-la-torre-cn-de-toronto-by-iway-magazine/,1
/los-megaataques-alcanzan-un-nuevo-record-se-dispara-el-numero-de-ataques-repetidos-los-sitios-de-stresserbooter-lanzan-vectores-de-ataque-multiples-de-forma-simultanea/,301,200,/noticias/los-megaataques-alcanzan-un-nuevo-record-se-dispara-el-numero-de-ataques-repetidos-los-sitios-de-stresserbooter-lanzan-vectores-de-ataque-multiples-de-forma-simultanea/,1
/wyndham-hotel-group-revela-su-estrategia-de-transformacion-global-a-lo-largo-de-16-marcas/,301,200,/noticias/wyndham-hotel-group-revela-su-estrategia-de-transformacion-global-a-lo-largo-de-16-marcas/,1
/huawei-y-deutsche-telekom-presentan-la-tecnologia-de-seccionado-de-red-5g-e2e/,301,200,/noticias/huawei-y-deutsche-telekom-presentan-la-tecnologia-de-seccionado-de-red-5g-e2e/,1
/las-perspectivas-de-la-cooperacion-entre-rusia-y-los-paises-de-america-latina-fueron-discutidas-en-la-ronda-mediatica-y-el-foro-de-negocios-en-uruguay/,301,200,/noticias/las-perspectivas-de-la-cooperacion-entre-rusia-y-los-paises-de-america-latina-fueron-discutidas-en-la-ronda-mediatica-y-el-foro-de-negocios-en-uruguay/,1
/para-mejorar-la-vida-de-casi-2-millones-de-trabajadores-el-grupo-hm-alentara-a-los-proveedores-a-pagarles-a-los-trabajadores-de-manera-digital/,301,200,/noticias/para-mejorar-la-vida-de-casi-2-millones-de-trabajadores-el-grupo-hm-alentara-a-los-proveedores-a-pagarles-a-los-trabajadores-de-manera-digital/,1
/urban-jrgensen-la-exclusiva-conexion-danesa-suiza-presenta-una-nueva-coleccion-en-la-baselworld-2016/,301,200,/noticias/urban-jrgensen-la-exclusiva-conexion-danesa-suiza-presenta-una-nueva-coleccion-en-la-baselworld-2016/,1
/el-salvador-presenta-logros-de-foro-de-inversiones-realizado-en-chile-by-contra-punto-diario-digital/,301,200,/noticias/el-salvador-presenta-logros-de-foro-de-inversiones-realizado-en-chile-by-contra-punto-diario-digital/,1
/lexington-partners-inaugura-oficina-en-santiago/,301,200,/noticias/lexington-partners-inaugura-oficina-en-santiago/,1
/hna-tourism-group-sella-un-acuerdo-con-carlson-hospitality-group-para-la-adquisicion-de-carlson-hotels-inc/,301,200,/noticias/hna-tourism-group-sella-un-acuerdo-con-carlson-hospitality-group-para-la-adquisicion-de-carlson-hotels-inc/,1
/telepizza-apuesta-por-la-master-franquicia-para-su-expansion-internacional-abrira-100-tiendas-en-10-anos-en-arabia-saudi/,301,200,/noticias/telepizza-apuesta-por-la-master-franquicia-para-su-expansion-internacional-abrira-100-tiendas-en-10-anos-en-arabia-saudi/,1
/los-pilotos-de-ups-respetaran-los-piquetes-alemanes-en-el-aeropuerto-de-colonia-bonn/,301,200,/noticias/los-pilotos-de-ups-respetaran-los-piquetes-alemanes-en-el-aeropuerto-de-colonia-bonn/,1
/diebold-confirma-los-resultados-de-la-oferta-de-compra-de-acciones-de-wincor-nixdorf/,301,200,/noticias/diebold-confirma-los-resultados-de-la-oferta-de-compra-de-acciones-de-wincor-nixdorf/,1
/un-nuevo-registro-de-multiples-centros-estudiara-los-beneficios-de-la-terapia-stretta-para-pacientes-gerd-luego-de-una-gastrectomia-en-manga/,301,200,/noticias/un-nuevo-registro-de-multiples-centros-estudiara-los-beneficios-de-la-terapia-stretta-para-pacientes-gerd-luego-de-una-gastrectomia-en-manga/,1
/maria-laria-presentadora-de-arrebatados-en-america-teve-celebra-su-decimo-aniversario/,301,200,/noticias/maria-laria-presentadora-de-arrebatados-en-america-teve-celebra-su-decimo-aniversario/,1
/pacific-prorroga-hasta-el-29-de-abril-de-2016-los-acuerdos-de-indulgencia-con-bancos-y-un-importante-grupo-de-tenedores-de-notas/,301,200,/noticias/pacific-prorroga-hasta-el-29-de-abril-de-2016-los-acuerdos-de-indulgencia-con-bancos-y-un-importante-grupo-de-tenedores-de-notas/,1
/m-holland-finaliza-adquisiciones-en-puerto-rico/,301,200,/noticias/m-holland-finaliza-adquisiciones-en-puerto-rico/,1
/cancun-y-riviera-maya-los-destinos-favoritos-para-viajar-este-verano-by-cancun-foros/,301,200,/noticias/cancun-y-riviera-maya-los-destinos-favoritos-para-viajar-este-verano-by-cancun-foros/,1
/la-division-consumer-healthdesempenara-un-papel-fundamental-en-la-estrategia-de-crecimiento-de-merck-para-africa/,301,200,/noticias/la-division-consumer-healthdesempenara-un-papel-fundamental-en-la-estrategia-de-crecimiento-de-merck-para-africa/,1
/omnicom-media-group-revela-detalles-sobre-su-tercera-red/,301,200,/noticias/omnicom-media-group-revela-detalles-sobre-su-tercera-red/,1
/la-competencia-de-diseno-innovador-medioambiental-xcmg-cup-se-enfoca-en-las-tecnologias-medioambientales-limpias/,301,200,/noticias/la-competencia-de-diseno-innovador-medioambiental-xcmg-cup-se-enfoca-en-las-tecnologias-medioambientales-limpias/,1
/risen-energy-anuncia-los-resultados-para-el-ano-2015-completo/,301,200,/noticias/risen-energy-anuncia-los-resultados-para-el-ano-2015-completo/,1
/reed-presenta-exposiciones-inaugurales-de-robotica-y-fabricacion-inteligente-en-tokio-desde-el-18-de-enero-de-2017/,301,200,/noticias/reed-presenta-exposiciones-inaugurales-de-robotica-y-fabricacion-inteligente-en-tokio-desde-el-18-de-enero-de-2017/,1
/rokkan-obtiene-la-funcion-de-la-direccion-creativa-para-cafe-de-colombia/,301,200,/noticias/rokkan-obtiene-la-funcion-de-la-direccion-creativa-para-cafe-de-colombia/,1
/pymes-y-sus-marcas-la-mente-y-corazon-de-los-empresarios/,301,200,/emprendimiento/pymes/pymes-y-sus-marcas-la-mente-y-corazon-de-los-empresarios/,1
/hikvision-anuncia-su-exito-en-el-isc-brasil/,301,200,/noticias/hikvision-anuncia-su-exito-en-el-isc-brasil/,1
/inauguracion-oficial-de-la-119na-feria-de-canton/,301,200,/noticias/inauguracion-oficial-de-la-119na-feria-de-canton/,1
/la-119a-feria-de-canton-finaliza-con-acuerdos-comerciales-por-un-total-de-us28000-millones/,301,200,/noticias/la-119a-feria-de-canton-finaliza-con-acuerdos-comerciales-por-un-total-de-us28000-millones/,1
/dentsply-sirona-la-fusion-crea-the-dental-solutions-company/,301,200,/noticias/dentsply-sirona-la-fusion-crea-the-dental-solutions-company/,1
/pacific-anuncia-dictamen-de-reconocimiento-del-tribunal-de-bancarrotas-de-estados-unidos-segun-lo-dispuesto-en-el-capitulo-15/,301,200,/noticias/pacific-anuncia-dictamen-de-reconocimiento-del-tribunal-de-bancarrotas-de-estados-unidos-segun-lo-dispuesto-en-el-capitulo-15/,1
/un-ano-al-aire-by-diario-moda-radio/,301,200,/noticias/un-ano-al-aire-by-diario-moda-radio/,1
/hennessy-celebra-la-llegada-de-la-octava-generacion-de-maestros-mezcladores-con-el-legado-cognac-hennessy-8/,301,200,/noticias/hennessy-celebra-la-llegada-de-la-octava-generacion-de-maestros-mezcladores-con-el-legado-cognac-hennessy-8/,1
/impulso-a-emprendedurismo-ambiental-premios-verde-by-juan-carlos-machorro/,301,200,/noticias/impulso-a-emprendedurismo-ambiental-premios-verde-by-juan-carlos-machorro/,1
/activacion-de-la-nueva-ruta-submarina-del-pacifico-de-level-3-mejora-la-conexion-de-colombia-con-las-principales-ciudades-de-las-americas-europa-y-asia/,301,200,/noticias/activacion-de-la-nueva-ruta-submarina-del-pacifico-de-level-3-mejora-la-conexion-de-colombia-con-las-principales-ciudades-de-las-americas-europa-y-asia/,1
/a-57-ciudades-en-argentina-les-quedan-10-dias-para-ingresar-al-mayors-challenge-2016-de-bloomberg-philanthropies-y-competir-por-9-millones-de-dolares-estadounidenses-para-fondos-de-innovacion/,301,200,/noticias/a-156-ciudades-en-mexico-les-quedan-10-dias-para-ingresar-al-mayors-challenge-2016-de-bloomberg-philanthropies-y-competir-por-9-millones-de-dolares-estadounidenses-para-fondos-de-innovacion/,1
/enel-green-power-confirma-su-liderazgo-en-energias-renovables-en-mexico-tras-resultados-de-subasta/,301,200,/noticias/enel-green-power-confirma-su-liderazgo-en-energias-renovables-en-mexico-tras-resultados-de-subasta/,1
/si-tu-puedes-despedir-a-un-cliente/,301,200,/emprendimiento/liderazgo/si-tu-puedes-despedir-a-un-cliente/,1
/aireuropa-integra-a-safetypay-como-medio-de-pago/,301,200,/noticias/aireuropa-integra-a-safetypay-como-medio-de-pago/,1
/alimentaria-espera-mas-de-5500-visitantes-latinoamericanos/,301,200,/noticias/alimentaria-espera-mas-de-5500-visitantes-latinoamericanos/,1
/complejo-grand-lucayan-resort-en-venta-en-subasta-a-sobre-cerrado/,301,200,/noticias/complejo-grand-lucayan-resort-en-venta-en-subasta-a-sobre-cerrado/,1
/las-pruebas-con-5g-de-verizon-impulsan-al-ecosistema-hacia-una-rapida-comercializacion/,301,200,/noticias/las-pruebas-con-5g-de-verizon-impulsan-al-ecosistema-hacia-una-rapida-comercializacion/,1
/juegos-de-casino-de-primera-de-playstudios-amplian-la-asociacion-con-resorts-world-con-el-lanzamiento-de-premios-en-nueva-york-y-bimini/,301,200,/noticias/juegos-de-casino-de-primera-de-playstudios-amplian-la-asociacion-con-resorts-world-con-el-lanzamiento-de-premios-en-nueva-york-y-bimini/,1
/reciclaje-de-eps-una-realidad-para-cuidar-el-medio-ambiente/,301,200,/noticias/reciclaje-de-eps-una-realidad-para-cuidar-el-medio-ambiente/,1
/informe-de-la-rueda-de-prensa-en-vivo-de-baselworld-2016/,301,200,/noticias/informe-de-la-rueda-de-prensa-en-vivo-de-baselworld-2016/,1
/los-clientes-de-impartner-reciben-una-cantidad-record-de-premios-destacados-de-crn-magazine/,301,200,/noticias/los-clientes-de-impartner-reciben-una-cantidad-record-de-premios-destacados-de-crn-magazine/,1
/ixblue-presenta-su-novedoso-sistema-de-navegacion-inercial-rovins-nano-y-revoluciona-la-navegacion-de-rov/,301,200,/noticias/ixblue-presenta-su-novedoso-sistema-de-navegacion-inercial-rovins-nano-y-revoluciona-la-navegacion-de-rov/,1
/nucor-y-jfe-steel-forman-empresa-conjunta-para-abastecer-al-mercado-automotriz-de-mexico/,301,200,/noticias/nucor-y-jfe-steel-forman-empresa-conjunta-para-abastecer-al-mercado-automotriz-de-mexico/,1
/fibra-prologis-anuncia-que-el-22-de-abril-llevara-a-cabo-la-conferencia-telefonica-donde-presentara-los-resultados-financieros-del-primer-trimestre-de-2016/,301,200,/noticias/fibra-prologis-anuncia-que-el-22-de-abril-llevara-a-cabo-la-conferencia-telefonica-donde-presentara-los-resultados-financieros-del-primer-trimestre-de-2016/,1
/comerciales-prohibidos-censurados/,200,200,/comerciales-prohibidos-censurados/,0
/bladex-registra-reporte-anual-formulario-20-f/,301,200,/noticias/bladex-registra-reporte-anual-formulario-20-f/,1
/anuncian-a-los-ganadores-del-premio-harold-w-mcgraw-jr-en-educacion/,301,200,/noticias/anuncian-a-los-ganadores-del-premio-harold-w-mcgraw-jr-en-educacion/,1
/se-publica-el-estudio-sirflox-en-la-journal-of-clinical-oncology/,301,200,/noticias/se-publica-el-estudio-sirflox-en-la-journal-of-clinical-oncology/,1
/attain-anuncia-licencia-de-paternidad-pagada/,301,200,/noticias/attain-anuncia-licencia-de-paternidad-pagada/,1
/papa-merece-tecnologia-best-buy/,301,200,/noticias/papa-merece-tecnologia-best-buy/,1
/ningxia-ansia-recibir-mas-visitantes-americanos-y-celebra-un-evento-en-los-angeles/,301,200,/noticias/ningxia-ansia-recibir-mas-visitantes-americanos-y-celebra-un-evento-en-los-angeles/,1
/visa-inc-designa-a-eduardo-perez-lider-de-riesgo-para-america-latina-y-el-caribe/,301,200,/noticias/visa-inc-designa-a-eduardo-perez-lider-de-riesgo-para-america-latina-y-el-caribe/,1
/ecwid-la-solucion-1-de-comercio-electronico-lanza-un-sitio-web-enfocado-en-mexico/,301,200,/noticias/ecwid-la-solucion-1-de-comercio-electronico-lanza-un-sitio-web-enfocado-en-mexico/,1
/risen-coloca-22-mwp-en-europa-del-este/,301,200,/noticias/risen-coloca-22-mwp-en-europa-del-este/,1
/el-salvador-apuesta-convertir-turismo-en-sector-estrategico-by-contrapunto-diario-digital/,301,200,/noticias/el-salvador-apuesta-convertir-turismo-en-sector-estrategico-by-contrapunto-diario-digital/,1
/donde-vamos-a-cenar-hoy-taco-guru-by-yellowlink/,301,200,/noticias/donde-vamos-a-cenar-hoy-taco-guru-by-yellowlink/,1
/fortinet-elige-la-tecnologia-prm-de-impartner-para-ayudar-a-transformar-su-plataforma-global-de-relaciones-con-los-socios/,301,200,/noticias/fortinet-elige-la-tecnologia-prm-de-impartner-para-ayudar-a-transformar-su-plataforma-global-de-relaciones-con-los-socios/,1
/lanzamiento-mundial-de-la-honourable-order-of-international-hotel-general-managers/,301,200,/noticias/lanzamiento-mundial-de-la-honourable-order-of-international-hotel-general-managers/,1
/solucion-automatizada-camds-de-ipoint-minimiza-esfuerzos-de-datos-materiales-para-la-industria-automotriz/,301,200,/noticias/solucion-automatizada-camds-de-ipoint-minimiza-esfuerzos-de-datos-materiales-para-la-industria-automotriz/,1
/el-mayors-challenge-2016-de-bloomberg-philanthropies-da-la-bienvenida-a-363-ciudades-de-america-latina-y-el-caribe-con-12-ciudades-de-peru-representadas/,301,200,/noticias/el-mayors-challenge-2016-de-bloomberg-philanthropies-da-la-bienvenida-a-363-ciudades-de-america-latina-y-el-caribe-con-68-ciudades-de-mejico-representadas/,1
/kenneth-cole-presenta-su-coleccion-otono-invierno-2016-de-relojes-automaticos/,301,200,/noticias/kenneth-cole-presenta-su-coleccion-otono-invierno-2016-de-relojes-automaticos/,1
/lutron-presenta-ultimas-innovaciones-en-ela-2016/,301,200,/noticias/lutron-presenta-ultimas-innovaciones-en-ela-2016/,1
/marcatel-selecciona-la-solucion-de-genband-y-netnumber-para-modernizar-su-vital-infraestructura/,301,200,/noticias/marcatel-selecciona-la-solucion-de-genband-y-netnumber-para-modernizar-su-vital-infraestructura/,1
/las-tres-responsabilidades-corporativas-mas-importantes-segun-los-consumidores/,301,200,/noticias/las-tres-responsabilidades-corporativas-mas-importantes-segun-los-consumidores/,1
/canticos-presenta-los-pollitos-little-chickies-el-primer-titulo-de-la-coleccion-inspirada-en-las-adorables-canciones-de-cuna/,301,200,/noticias/canticos-presenta-los-pollitos-little-chickies-el-primer-titulo-de-la-coleccion-inspirada-en-las-adorables-canciones-de-cuna/,1
/wyndham-rewards-presenta-niveles-de-miembro-y-amplia-su-premiado-programa-de-lealtad-con-la-primera-experiencia-mejorada-en-canje-de-puntos-del-sector/,301,200,/noticias/wyndham-rewards-presenta-niveles-de-miembro-y-amplia-su-premiado-programa-de-lealtad-con-la-primera-experiencia-mejorada-en-canje-de-puntos-del-sector/,1
/nuevo-curso-online-de-ismael-cala-quienes-rompen-paradigmas-convierten-los-problemas-en-oportunidades/,301,200,/noticias/nuevo-curso-online-de-ismael-cala-quienes-rompen-paradigmas-convierten-los-problemas-en-oportunidades/,1
/huawei-permite-a-las-portadoras-hacer-realidad-un-futuro-digital-mediante-la-transformacion-de-las-operaciones-y-un-ecosistema-abierto/,301,200,/noticias/huawei-permite-a-las-portadoras-hacer-realidad-un-futuro-digital-mediante-la-transformacion-de-las-operaciones-y-un-ecosistema-abierto/,1
/nira-dynamics-ab-lanza-una-nueva-solucion-de-seguridad-para-una-mayor-conciencia-del-conductor/,301,200,/noticias/nira-dynamics-ab-lanza-una-nueva-solucion-de-seguridad-para-una-mayor-conciencia-del-conductor/,1
/fibra-prologis-anuncia-los-resultados-de-la-asamblea-anual-ordinaria-de-tenedores/,301,200,/noticias/fibra-prologis-anuncia-los-resultados-de-la-asamblea-anual-ordinaria-de-tenedores/,1
/medico-internista-el-guardian-de-la-salud-en-adultos/,301,200,/noticias/medico-internista-el-guardian-de-la-salud-en-adultos/,1
/el-ganador-de-1-idea-para-cambiar-la-historia-reconocido-por-barack-obama/,301,200,/noticias/el-ganador-de-1-idea-para-cambiar-la-historia-reconocido-por-barack-obama/,1
/category/publicidad/,301,200,/listing/publicidad-activa-mobil-s-a-de-c-v/,1
/category/mercadotecnia/,404,404,/category/mercadotecnia/,0
/category/negocios/,404,404,/category/negocios/,0
/category/emprendimiento/,404,404,/category/emprendimiento/,0
/category/noticias/,404,404,/category/noticias/,0
/publicidad/,200,200,/publicidad/,0
/noticias/,200,200,/noticias/,0
/category/publicidad/creatividad/,301,200,/listing/creatividad-y-dise%c3%b1o-de-hidalgo-s-a-de-c-v/,1
/rankings/,200,200,/rankings/,0
/mercadotecnia/,200,200,/mercadotecnia/,0
/negocios/,200,200,/negocios/,0
/emprendimiento/,200,200,/emprendimiento/,0
/publicidad/creatividad/,301,200,/listing/creatividad-y-dise%c3%b1o-de-hidalgo-s-a-de-c-v/,1
/emprendimiento/liderazgo/,404,404,/emprendimiento/liderazgo/,0
