origen,destino,motivo
/1584-5-comerciales-censurados-que-causaron-controversia,/publicidad/creatividad/comerciales-prohibidos-censurados/,nota vieja sin equivalente directo
/1670-como-se-deben-empezar-las-cosas-por-el-principio,/emprendimiento/,nota vieja sin equivalente directo
/1711-una-gran-vision-sin-gente-sobresaliente-es-irrelevante,/emprendimiento/,nota vieja sin equivalente directo
/1841-herramientas-online-offline-mejorar-productividad,/emprendimiento/,nota vieja sin equivalente directo
/2455-un-truco-de-5-segundos-para-tu-proxima-reunion-via-remota,/emprendimiento/,nota vieja sin equivalente directo
/4383-caro-es-lo-que-no-puedes-pagar,/emprendimiento/,nota vieja sin equivalente directo
/4715-de-merolicos-y-charlatanes,/publicidad/aliados-o-charlatanes-donde-te-ves/,nota vieja sin equivalente directo
/5016-lo-que-todo-anunciante-debe-saber-la-mitad-de-la-publicidad-sirve-la-otra-mitad-no,/publicidad/guias/lo-que-todo-anunciante-debe-saber-la-mitad-de-la-publicidad-sirve-la-otra-mitad-no/,URL anterior de la nota
/5301-como-la-ves-verdad-que-todo-depende,/publicidad/creatividad/como-la-ves-verdad-que-todo-depende/,URL anterior de la nota
/5342-etica-en-las-agencias-de-publicidad-y-anarquia-en-los-negocios,/publicidad/etica-en-las-agencias-de-publicidad-y-anarquia-en-los-negocios/,URL anterior de la nota
/5343-los-numeros-no-importan-la-influencia-si,/mercadotecnia/marketing-digital/los-numeros-no-importan-la-influencia-si/,URL anterior de la nota
/5386-si-tu-puedes-despedir-a-un-cliente,/emprendimiento/liderazgo/si-tu-puedes-despedir-a-un-cliente/,URL anterior de la nota
/5387-infografia-claves-para-edificar-tu-marca-personal,/emprendimiento/liderazgo/infografia-claves-para-edificar-tu-marca-personal/,URL anterior de la nota
/5408-equipo-interno-de-marketing-digital-o-agencia-externa-la-experiencia-del-sector-automotriz,/negocios/automotriz/equipo-interno-de-marketing-digital-o-agencia-externa-la-experiencia-del-sector-automotriz/,URL anterior de la nota
/5409-que-significa-la-llegada-de-facebook-marketplace-para-las-agencias-de-autos,/negocios/automotriz/que-significa-la-llegada-de-facebook-marketplace-para-las-agencias-de-autos/,URL anterior de la nota
/5412-amda-retail-digital-y-la-innovacion-en-el-mercado-de-autos-seminuevos-en-mexico,/negocios/automotriz/amda-retail-digital-y-la-innovacion-en-el-mercado-de-autos-seminuevos-en-mexico/,URL anterior de la nota
/a-156-ciudades-en-mexico-les-quedan-10-dias-para-ingresar-al-mayors-challenge-2016-de-bloomberg-philanthropies-y-competir-por-9-millones-de-dolares-estadounidenses-para-fondos-de-innovacion/,/noticias/a-156-ciudades-en-mexico-les-quedan-10-dias-para-ingresar-al-mayors-challenge-2016-de-bloomberg-philanthropies-y-competir-por-9-millones-de-dolares-estadounidenses-para-fondos-de-innovacion/,URL anterior de la nota
/a-48-ciudades-en-colombia-les-quedan-10-dias-para-ingresar-al-mayors-challenge-2016-de-bloomberg-philanthropies-y-competir-por-9-millones-de-dolares-estadounidenses-para-fondos-de-innovacion/,/noticias/a-156-ciudades-en-mexico-les-quedan-10-dias-para-ingresar-al-mayors-challenge-2016-de-bloomberg-philanthropies-y-competir-por-9-millones-de-dolares-estadounidenses-para-fondos-de-innovacion/,URL anterior de la nota
/a-57-ciudades-en-argentina-les-quedan-10-dias-para-ingresar-al-mayors-challenge-2016-de-bloomberg-philanthropies-y-competir-por-9-millones-de-dolares-estadounidenses-para-fondos-de-innovacion/,/noticias/a-156-ciudades-en-mexico-les-quedan-10-dias-para-ingresar-al-mayors-challenge-2016-de-bloomberg-philanthropies-y-competir-por-9-millones-de-dolares-estadounidenses-para-fondos-de-innovacion/,URL anterior de la nota
/activacion-de-la-nueva-ruta-submarina-del-pacifico-de-level-3-mejora-la-conexion-de-colombia-con-las-principales-ciudades-de-las-americas-europa-y-asia/,/noticias/activacion-de-la-nueva-ruta-submarina-del-pacifico-de-level-3-mejora-la-conexion-de-colombia-con-las-principales-ciudades-de-las-americas-europa-y-asia/,URL anterior de la nota
/aeropuerto-salvadoreno-a-la-vanguardia-en-la-region-by-contrapunto-diario-digital/,/noticias/aeropuerto-salvadoreno-a-la-vanguardia-en-la-region-by-contrapunto-diario-digital/,URL anterior de la nota
/afluenta-la-red-lider-de-financiamiento-entre-personas-de-america-latina-recibe-us-8-millones-de-dolares-de-ifc-y-elevar-equity-para-expandirse-en-la-region/,/noticias/afluenta-la-red-lider-de-financiamiento-entre-personas-de-america-latina-recibe-us-8-millones-de-dolares-de-ifc-y-elevar-equity-para-expandirse-en-la-region/,URL anterior de la nota
/agile-alliance-anuncia-el-programa-del-agile2016/,/noticias/agile-alliance-anuncia-el-programa-del-agile2016/,URL anterior de la nota
/aireuropa-integra-a-safetypay-como-medio-de-pago/,/noticias/aireuropa-integra-a-safetypay-como-medio-de-pago/,URL anterior de la nota
/alberto-moreno-nuevo-director-de-vanity-fair-de-espana-y-mexico/,/noticias/alberto-moreno-nuevo-director-de-vanity-fair-de-espana-y-mexico/,URL anterior de la nota
/aliados-o-charlatanes-donde-te-ves/,/publicidad/aliados-o-charlatanes-donde-te-ves/,URL anterior de la nota
/alimentaria-espera-mas-de-5500-visitantes-latinoamericanos/,/noticias/alimentaria-espera-mas-de-5500-visitantes-latinoamericanos/,URL anterior de la nota
/amazoncrossing-en-espanol-lanza-estados-unidos-de-banana-libro-latinoamericano-vislumbra-la-desintegracion-del-imperio-americano/,/noticias/amazoncrossing-en-espanol-lanza-estados-unidos-de-banana-libro-latinoamericano-vislumbra-la-desintegracion-del-imperio-americano/,URL anterior de la nota
/amda-retail-digital-y-la-innovacion-en-el-mercado-de-autos-seminuevos-en-mexico/,/negocios/automotriz/amda-retail-digital-y-la-innovacion-en-el-mercado-de-autos-seminuevos-en-mexico/,URL anterior de la nota
/american-bookkeeping-institute-ahora-ensena-a-los-estudiantes-a-trabajar-en-linea-como-contadores-independientes/,/noticias/american-bookkeeping-institute-ahora-ensena-a-los-estudiantes-a-trabajar-en-linea-como-contadores-independientes/,URL anterior de la nota
/andes-wines-destaca-que-la-vendimia-argentina-se-atrasara-entre-10-a-30-dias-segun-cepaje/,/noticias/andes-wines-destaca-que-la-vendimia-argentina-se-atrasara-entre-10-a-30-dias-segun-cepaje/,URL anterior de la nota
/andes-wines-invita-a-cosechar-malbec-de-san-rosendo-de-mas-de-140-anos/,/noticias/andes-wines-invita-a-cosechar-malbec-de-san-rosendo-de-mas-de-140-anos/,URL anterior de la nota
/antes-y-despues-connie-talbot-la-estrella-de-britains-got-talent-emerge-como-una-increible-compositora-y-cantante-con-su-nuevo-album-matters-to-me-en-venta-a-traves-de-evolution-music-group/,/noticias/antes-y-despues-connie-talbot-la-estrella-de-britains-got-talent-emerge-como-una-increible-compositora-y-cantante-con-su-nuevo-album-matters-to-me-en-venta-a-traves-de-evolution-music-group/,URL anterior de la nota
/anuncian-a-los-ganadores-del-premio-harold-w-mcgraw-jr-en-educacion/,/noticias/anuncian-a-los-ganadores-del-premio-harold-w-mcgraw-jr-en-educacion/,URL anterior de la nota
/anunciantes,/,nota vieja sin equivalente directo
/aplican-ciencia-en-elaboracion-de-tacos-by-juan-carlos-machorro/,/noticias/aplican-ciencia-en-elaboracion-de-tacos-by-juan-carlos-machorro/,URL anterior de la nota
/apr-energy-pone-en-marcha-planta-de-turbina-a-gas-para-cliente-industrial-en-egipto/,/noticias/apr-energy-pone-en-marcha-planta-de-turbina-a-gas-para-cliente-industrial-en-egipto/,URL anterior de la nota
/aprendiendo-autocad-2016-en-3d-para-diseno-arquitectonico-by-iway-magazine/,/noticias/aprendiendo-autocad-2016-en-3d-para-diseno-arquitectonico-by-iway-magazine/,URL anterior de la nota
/arisglobal-firma-acuerdo-con-el-primer-cliente-de-arisg-en-china/,/noticias/arisglobal-firma-acuerdo-con-el-primer-cliente-de-arisg-en-china/,URL anterior de la nota
/attain-anuncia-licencia-de-paternidad-pagada/,/noticias/attain-anuncia-licencia-de-paternidad-pagada/,URL anterior de la nota
/autofintech-mexico/,/negocios/automotriz/autofintech-mexico/,URL anterior de la nota
/barbados-adopta-legislacion-sobre-companias-de-celulas-incorporadas/,/noticias/barbados-adopta-legislacion-sobre-companias-de-celulas-incorporadas/,URL anterior de la nota
/barbados-asevera-los-beneficios-economicos-de-sus-estructuras-offshore/,/noticias/barbados-asevera-los-beneficios-economicos-de-sus-estructuras-offshore/,URL anterior de la nota
/basf-y-avantium-pretenden-establecer-una-joint-venture/,/noticias/basf-y-avantium-pretenden-establecer-una-joint-venture/,URL anterior de la nota
/best-buy-apoya-a-los-emprendedores-en-mexico/,/noticias/best-buy-apoya-a-los-emprendedores-en-mexico/,URL anterior de la nota
/bladex-registra-reporte-anual-formulario-20-f/,/noticias/bladex-registra-reporte-anual-formulario-20-f/,URL anterior de la nota
/bridgestone-extiende-alianza-premium-con-grupo-bmw/,/noticias/bridgestone-extiende-alianza-premium-con-grupo-bmw/,URL anterior de la nota
/bulldog-gin-crea-division-region-america/,/noticias/bulldog-gin-crea-division-region-america/,URL anterior de la nota
/burnham-sterling-cierra-colocacion-privada-de-ocho-aeronaves-con-avianca-holdings/,/noticias/burnham-sterling-cierra-colocacion-privada-de-ocho-aeronaves-con-avianca-holdings/,URL anterior de la nota
/cana-de-azucar-fuente-de-energia-sostenible-en-el-salvador-by-contra-punto-diario-digital/,/noticias/cana-de-azucar-fuente-de-energia-sostenible-en-el-salvador-by-contra-punto-diario-digital/,URL anterior de la nota
/cancun-y-riviera-maya-los-destinos-favoritos-para-viajar-este-verano-by-cancun-foros/,/noticias/cancun-y-riviera-maya-los-destinos-favoritos-para-viajar-este-verano-by-cancun-foros/,URL anterior de la nota
/canela-tv-plataforma-de-streaming-gratuito-llega-a-mexico/,/publicidad/medios/canela-tv-plataforma-de-streaming-gratuito-llega-a-mexico/,URL anterior de la nota
/canticos-presenta-los-pollitos-little-chickies-el-primer-titulo-de-la-coleccion-inspirada-en-las-adorables-canciones-de-cuna/,/noticias/canticos-presenta-los-pollitos-little-chickies-el-primer-titulo-de-la-coleccion-inspirada-en-las-adorables-canciones-de-cuna/,URL anterior de la nota
/care-energy-ofrece-representacion-a-accionistas-de-eon-y-rwe-los-modelos-de-negocios-de-las-sa-deben-ser-controlados-de-manera-mas-cercana-con-una-experiencia-especializada/,/noticias/care-energy-ofrece-representacion-a-accionistas-de-eon-y-rwe-los-modelos-de-negocios-de-las-sa-deben-ser-controlados-de-manera-mas-cercana-con-una-experiencia-especializada/,URL anterior de la nota
/carrier-ethernet-20-llega-a-brasil-tim-se-asocia-con-accedian-para-obtener-certificacion-mef/,/noticias/carrier-ethernet-20-llega-a-brasil-tim-se-asocia-con-accedian-para-obtener-certificacion-mef/,URL anterior de la nota
/celigo-concreta-us8-millones-en-financiacion-de-capital-para-el-crecimiento/,/noticias/celigo-concreta-us8-millones-en-financiacion-de-capital-para-el-crecimiento/,URL anterior de la nota
/cendyn-es-ahora-el-mayor-integrante-de-crm-en-la-industria-hospitalaria/,/noticias/cendyn-es-ahora-el-mayor-integrante-de-crm-en-la-industria-hospitalaria/,URL anterior de la nota
/ceremonia-inaugural-de-baselworld-2016/,/noticias/ceremonia-inaugural-de-baselworld-2016/,URL anterior de la nota
/circum-designa-a-morgan-stanley-para-llevar-a-cabo-una-revision-estrategica-y-optimiza-el-estudio-de-factibilidad/,/noticias/circum-designa-a-morgan-stanley-para-llevar-a-cabo-una-revision-estrategica-y-optimiza-el-estudio-de-factibilidad/,URL anterior de la nota
/cobertura-especial-del-viaje-del-presidente-obama-a-cuba-domingo-20-de-marzo-por-america-teve/,/noticias/cobertura-especial-del-viaje-del-presidente-obama-a-cuba-domingo-20-de-marzo-por-america-teve/,URL anterior de la nota
/colaboracion-hemisferica-para-resolver-problemas-relevantes-a-traves-de-la-investigacion/,/noticias/colaboracion-hemisferica-para-resolver-problemas-relevantes-a-traves-de-la-investigacion/,URL anterior de la nota
/colombia-y-mexico-con-una-actitud-positiva-hacia-el-emprendimiento-resultados-ager-2015-encuesta-aplicada-por-amway/,/noticias/colombia-y-mexico-con-una-actitud-positiva-hacia-el-emprendimiento-resultados-ager-2015-encuesta-aplicada-por-amway/,URL anterior de la nota
/comba-telecom-ofrece-conectividad-inalambrica-para-los-108-millones-de-pasajeros-de-un-aeropuerto-regional/,/noticias/comba-telecom-ofrece-conectividad-inalambrica-para-los-108-millones-de-pasajeros-de-un-aeropuerto-regional/,URL anterior de la nota
/como-la-ves-verdad-que-todo-depende/,/publicidad/creatividad/como-la-ves-verdad-que-todo-depende/,URL anterior de la nota
/complejo-grand-lucayan-resort-en-venta-en-subasta-a-sobre-cerrado/,/noticias/complejo-grand-lucayan-resort-en-venta-en-subasta-a-sobre-cerrado/,URL anterior de la nota
/component/mtree/,/publicidad/,directorio retirado (temporal al pilar)
/component/mtree/agencias/agencias-de-mercadotecnia/todo,/mercadotecnia/,directorio retirado (temporal al pilar)
/component/mtree/agencias/agencias-de-promocion/925-agencia-de-promocion-grupo-bahlcasa,/publicidad/,directorio retirado (temporal al pilar)
/component/mtree/agencias/agencias-de-promocion/pagina1,/publicidad/,directorio retirado (temporal al pilar)
/component/mtree/agencias/agencias-de-promocion/pagina2,/publicidad/,directorio retirado (temporal al pilar)
/component/mtree/agencias/agencias-de-promocion/todo/pagina2,/publicidad/,directorio retirado (temporal al pilar)
/component/mtree/agencias/agencias-de-promocion/todo/pagina3,/publicidad/,directorio retirado (temporal al pilar)
/component/mtree/agencias/agencias-de-publicidad,/publicidad/,directorio retirado (temporal al pilar)
/component/mtree/agencias/agencias-de-publicidad/pagina10,/publicidad/,directorio retirado (temporal al pilar)
/component/mtree/agencias/agencias-de-publicidad/pagina2,/publicidad/,directorio retirado (temporal al pilar)
/component/mtree/agencias/agencias-de-publicidad/pagina7,/publicidad/,directorio retirado (temporal al pilar)
/component/mtree/agencias/agencias-de-recursos-humanos,/mercadotecnia/,directorio retirado (temporal al pilar)
/component/mtree/buscar-por/city,/publicidad/,directorio retirado (temporal al pilar)
/component/mtree/buscar-por/city/15,/publicidad/,directorio retirado (temporal al pilar)
/component/mtree/buscar-por/city/17,/publicidad/,directorio retirado (temporal al pilar)
/component/mtree/buscar-por/city/40,/publicidad/,directorio retirado (temporal al pilar)
/component/mtree/buscar-por/country/2,/publicidad/,directorio retirado (temporal al pilar)
/component/mtree/buscar-por/country/4,/publicidad/,directorio retirado (temporal al pilar)
/component/mtree/buscar-por/country/48,/publicidad/,directorio retirado (temporal al pilar)
/component/mtree/buscar-por/country/59,/publicidad/,directorio retirado (temporal al pilar)
/component/mtree/buscar-por/country/69,/publicidad/,directorio retirado (temporal al pilar)
/component/mtree/buscar-por/state,/publicidad/,directorio retirado (temporal al pilar)
/component/mtree/buscar-por/state/54,/publicidad/,directorio retirado (temporal al pilar)
/component/mtree/diseno/fotografia,/publicidad/,directorio retirado (temporal al pilar)
/component/mtree/diseno/pagina3,/publicidad/,directorio retirado (temporal al pilar)
/component/mtree/estaciones-de-radio/musica/23-mix-106.5-df,/publicidad/,directorio retirado (temporal al pilar)
/component/mtree/impresion-y-artes-graficas/pagina4,/publicidad/,directorio retirado (temporal al pilar)
/component/mtree/impresion-y-artes-graficas/todo,/publicidad/,directorio retirado (temporal al pilar)
/component/mtree/impresion-y-artes-graficas/todo/pagina2,/publicidad/,directorio retirado (temporal al pilar)
/component/mtree/impresion-y-artes-graficas/todo/pagina5,/publicidad/,directorio retirado (temporal al pilar)
/component/mtree/promocionales,/publicidad/,directorio retirado (temporal al pilar)
/component/mtree/promocionales/articulos-promocionales,/publicidad/,directorio retirado (temporal al pilar)
/component/mtree/publicidad-exterior,/publicidad/,directorio retirado (temporal al pilar)
/component/mtree/publicidad-exterior/espectaculares-mexico,/publicidad/,directorio retirado (temporal al pilar)
/component/mtree/publicidad-exterior/espectaculares-mexico/todo,/publicidad/,directorio retirado (temporal al pilar)
/component/mtree/publicidad-exterior/pagina2,/publicidad/,directorio retirado (temporal al pilar)
/component/mtree/publicidad-exterior/todo,/publicidad/,directorio retirado (temporal al pilar)
/component/mtree/publicidad-exterior/todo/pagina2,/publicidad/,directorio retirado (temporal al pilar)
/component/mtree/radio/doblaje-y-locucion,/publicidad/,directorio retirado (temporal al pilar)
/component/mtree/radio/todo,/publicidad/,directorio retirado (temporal al pilar)
/component/mtree/stands-y-display,/publicidad/,directorio retirado (temporal al pilar)
/component/mtree/television/casas-productoras/pagina1,/publicidad/,directorio retirado (temporal al pilar)
/component/mtree/television/casas-productoras/pagina2,/publicidad/,directorio retirado (temporal al pilar)
/component/mtree/television/casas-productoras/pagina6,/publicidad/,directorio retirado (temporal al pilar)
/component/mtree/television/estudios-de-grabacion,/publicidad/,directorio retirado (temporal al pilar)
/comunicado-al-mercado-itau-unibanco-holding-archiva-formulario-20-f-de-2015-en-sec-y-cvm/,/noticias/comunicado-al-mercado-itau-unibanco-holding-archiva-formulario-20-f-de-2015-en-sec-y-cvm/,URL anterior de la nota
/conceden-el-be-open-young-talent-award-a-jovenes-de-chile/,/noticias/conceden-el-be-open-young-talent-award-a-jovenes-de-chile/,URL anterior de la nota
/conectividad-vial-para-favorece-desarrollo-economico-en-el-salvador-by-contrapunto-diario-digital/,/noticias/conectividad-vial-para-favorece-desarrollo-economico-en-el-salvador-by-contrapunto-diario-digital/,URL anterior de la nota
/conoce-las-novedades-four-seasons-para-este-2016/,/noticias/conoce-las-novedades-four-seasons-para-este-2016/,URL anterior de la nota
/conozca-una-de-las-7-maravillas-de-la-ingenieria-moderna-la-torre-cn-de-toronto-by-iway-magazine/,/noticias/conozca-una-de-las-7-maravillas-de-la-ingenieria-moderna-la-torre-cn-de-toronto-by-iway-magazine/,URL anterior de la nota
/consultas-gratis-para-detectar-cancer-de-piel-en-la-republica-mexicana/,/noticias/consultas-gratis-para-detectar-cancer-de-piel-en-la-republica-mexicana/,URL anterior de la nota
/continua-llegando-ayuda-tras-el-terremoto-en-ecuador-mas-de-un-millon-de-dolares-recolectados-en-gofundme/,/noticias/continua-llegando-ayuda-tras-el-terremoto-en-ecuador-mas-de-un-millon-de-dolares-recolectados-en-gofundme/,URL anterior de la nota
/converse-x-brain-dead/,/publicidad/creatividad/converse-x-brain-dead/,URL anterior de la nota
/cooper-gay-argentina-le-da-la-bienvenida-a-los-nuevos-miembros-del-equipo-de-contratos-para-fortalecer-y-desarrollar-su-posicion-en-el-mercado/,/noticias/cooper-gay-argentina-le-da-la-bienvenida-a-los-nuevos-miembros-del-equipo-de-contratos-para-fortalecer-y-desarrollar-su-posicion-en-el-mercado/,URL anterior de la nota
/cornershop-recibe-inversion-por-usd-67-millones/,/noticias/cornershop-recibe-inversion-por-usd-67-millones/,URL anterior de la nota
/cru-ofrece-la-conferencia-mundial-del-cobre-mas-completa-hasta-la-fecha/,/noticias/cru-ofrece-la-conferencia-mundial-del-cobre-mas-completa-hasta-la-fecha/,URL anterior de la nota
/cuatro-increibles-activistas-humanitarios-finalistas-del-aurora-prize-for-awakening-humanity-por-us1-millon/,/noticias/cuatro-increibles-activistas-humanitarios-finalistas-del-aurora-prize-for-awakening-humanity-por-us1-millon/,URL anterior de la nota
/datos-y-sesiones-relevantes-en-la-reunion-de-la-sages-2016-prueban-la-seguridad-y-la-eficacia-de-la-terapia-stretta-para-la-erge/,/noticias/datos-y-sesiones-relevantes-en-la-reunion-de-la-sages-2016-prueban-la-seguridad-y-la-eficacia-de-la-terapia-stretta-para-la-erge/,URL anterior de la nota
/ddb-worldwide-conmemora-el-dia-internacional-de-la-mujer-2016-con-una-iniciativa-para-eliminar-el-genero/,/noticias/ddb-worldwide-conmemora-el-dia-internacional-de-la-mujer-2016-con-una-iniciativa-para-eliminar-el-genero/,URL anterior de la nota
/del-director-y-los-productores-de-velvet-y-gran-hotel-llega-la-primera-serie-original-de-netflix-filmada-y-producida-en-espana/,/noticias/del-director-y-los-productores-de-velvet-y-gran-hotel-llega-la-primera-serie-original-de-netflix-filmada-y-producida-en-espana/,URL anterior de la nota
/dentsply-sirona-la-fusion-crea-the-dental-solutions-company/,/noticias/dentsply-sirona-la-fusion-crea-the-dental-solutions-company/,URL anterior de la nota
/dermalog-suministra-lectores-de-huellas-digitales-para-el-registro-de-refugiados-en-alemania/,/noticias/dermalog-suministra-lectores-de-huellas-digitales-para-el-registro-de-refugiados-en-alemania/,URL anterior de la nota
/desde-la-costa-a-costa-southwest-airlines-conecta-a-los-pasajeros-de-los-angeles-con-las-playas-doradas-de-costa-rica/,/noticias/desde-la-costa-a-costa-southwest-airlines-conecta-a-los-pasajeros-de-los-angeles-con-las-playas-doradas-de-costa-rica/,URL anterior de la nota
/despega-el-deporte-del-futuro-mountain-dew-se-asocia-con-dr1-racing/,/noticias/despega-el-deporte-del-futuro-mountain-dew-se-asocia-con-dr1-racing/,URL anterior de la nota
/destino-extraordinario-el-nuevo-reto-de-meditacion-de-deepak-chopra-e-ismael-cala/,/noticias/destino-extraordinario-el-nuevo-reto-de-meditacion-de-deepak-chopra-e-ismael-cala/,URL anterior de la nota
/diario-bae-negocios-internacional-reconoce-a-las-mujeres-argentinas-extraordinarias-2016/,/noticias/diario-bae-negocios-internacional-reconoce-a-las-mujeres-argentinas-extraordinarias-2016/,URL anterior de la nota
/diebold-confirma-los-resultados-de-la-oferta-de-compra-de-acciones-de-wincor-nixdorf/,/noticias/diebold-confirma-los-resultados-de-la-oferta-de-compra-de-acciones-de-wincor-nixdorf/,URL anterior de la nota
/diebold-cumple-con-exito-con-las-condiciones-de-oferta-para-las-acciones-de-wincor-nixdorf/,/noticias/diebold-cumple-con-exito-con-las-condiciones-de-oferta-para-las-acciones-de-wincor-nixdorf/,URL anterior de la nota
/digital-marine-solutions-adquirira-la-division-marina-de-jeppesen/,/noticias/digital-marine-solutions-adquirira-la-division-marina-de-jeppesen/,URL anterior de la nota
/disene-instalaciones-hidraulicas-de-manera-facil-by-iway-magazine/,/noticias/disene-instalaciones-hidraulicas-de-manera-facil-by-iway-magazine/,URL anterior de la nota
/donde-el-retorno-a-la-vida-silvestre-produce-maravillas-se-inaugura-en-shanghai-leden-by-perrier-jout/,/noticias/donde-el-retorno-a-la-vida-silvestre-produce-maravillas-se-inaugura-en-shanghai-leden-by-perrier-jout/,URL anterior de la nota
/donde-vamos-a-cenar-hoy-taco-guru-by-yellowlink/,/noticias/donde-vamos-a-cenar-hoy-taco-guru-by-yellowlink/,URL anterior de la nota
/dubai-lleva-la-innovacion-al-area-deportiva-con-los-juegos-world-future-sports-en-diciembre-de-2017/,/noticias/dubai-lleva-la-innovacion-al-area-deportiva-con-los-juegos-world-future-sports-en-diciembre-de-2017/,URL anterior de la nota
/dugout-la-maxima-expresion-de-plataforma-futbolistica-para-los-aficionados-lanza-su-primera-aplicacion/,/noticias/dugout-la-maxima-expresion-de-plataforma-futbolistica-para-los-aficionados-lanza-su-primera-aplicacion/,URL anterior de la nota
/dunkin-brands-dona-us10000-para-ayudar-a-los-damnificados-del-reciente-terremoto-en-ecuador/,/noticias/dunkin-brands-dona-us10000-para-ayudar-a-los-damnificados-del-reciente-terremoto-en-ecuador/,URL anterior de la nota
/ecwid-la-solucion-1-de-comercio-electronico-lanza-un-sitio-web-enfocado-en-mexico/,/noticias/ecwid-la-solucion-1-de-comercio-electronico-lanza-un-sitio-web-enfocado-en-mexico/,URL anterior de la nota
/el-aeropuerto-internacional-numero-uno-del-mundo-ahora-mas-grande-y-mejor/,/noticias/el-aeropuerto-internacional-numero-uno-del-mundo-ahora-mas-grande-y-mejor/,URL anterior de la nota
/el-atleta-conocido-como-el-picasso-olimpico-promueve-un-esfuerzo-para-hacer-crecer-al-grupo-de-atletas-olimpicos-artistas/,/noticias/el-atleta-conocido-como-el-picasso-olimpico-promueve-un-esfuerzo-para-hacer-crecer-al-grupo-de-atletas-olimpicos-artistas/,URL anterior de la nota
/el-consumidor-no-quiere-mas-opciones/,/mercadotecnia/el-consumidor-no-quiere-mas-opciones/,URL anterior de la nota
/el-empire-state-deja-a-sus-fans-decidir-como-lucira-iluminado-para-celebrar-su-cumpleanos-numero-85/,/noticias/el-empire-state-deja-a-sus-fans-decidir-como-lucira-iluminado-para-celebrar-su-cumpleanos-numero-85/,URL anterior de la nota
/el-fabricante-chino-de-ropa-deportiva-peak-celebra-una-nueva-presentacion-de-productos-olimpicos-en-eslovenia/,/noticias/el-fabricante-chino-de-ropa-deportiva-peak-celebra-una-nueva-presentacion-de-productos-olimpicos-en-eslovenia/,URL anterior de la nota
/el-festival-internacional-de-cine-de-morelia-presentara-una-funcion-especial-en-el-festival-de-cannes/,/noticias/el-festival-internacional-de-cine-de-morelia-presentara-una-funcion-especial-en-el-festival-de-cannes/,URL anterior de la nota
/el-futuro-de-los-viajes-internacionales-y-el-papel-del-seguro/,/noticias/el-futuro-de-los-viajes-internacionales-y-el-papel-del-seguro/,URL anterior de la nota
/el-ganador-de-1-idea-para-cambiar-la-historia-reconocido-por-barack-obama/,/noticias/el-ganador-de-1-idea-para-cambiar-la-historia-reconocido-por-barack-obama/,URL anterior de la nota
/el-grupo-expansion-firma-contrato-con-navegg/,/noticias/el-grupo-expansion-firma-contrato-con-navegg/,URL anterior de la nota
/el-grupo-lombard-odier-informa-los-resultados-del-ano-2015/,/noticias/el-grupo-lombard-odier-informa-los-resultados-del-ano-2015/,URL anterior de la nota
/el-lider-global-en-gestion-de-relaciones-con-socios-impartner-gana-en-los-stevie-awards-2016-por-ventas-y-servicio-al-cliente/,/noticias/el-lider-global-en-gestion-de-relaciones-con-socios-impartner-gana-en-los-stevie-awards-2016-por-ventas-y-servicio-al-cliente/,URL anterior de la nota
/el-mayor-talento-musical-en-el-xviii-festival-del-habano/,/noticias/el-mayor-talento-musical-en-el-xviii-festival-del-habano/,URL anterior de la nota
/el-mayors-challenge-2016-de-bloomberg-philanthropies-da-la-bienvenida-a-363-ciudades-de-america-latina-y-el-caribe-con-12-ciudades-de-ecuador-representadas/,/noticias/el-mayors-challenge-2016-de-bloomberg-philanthropies-da-la-bienvenida-a-363-ciudades-de-america-latina-y-el-caribe-con-68-ciudades-de-mejico-representadas/,URL anterior de la nota
/el-mayors-challenge-2016-de-bloomberg-philanthropies-da-la-bienvenida-a-363-ciudades-de-america-latina-y-el-caribe-con-12-ciudades-de-peru-representadas/,/noticias/el-mayors-challenge-2016-de-bloomberg-philanthropies-da-la-bienvenida-a-363-ciudades-de-america-latina-y-el-caribe-con-68-ciudades-de-mejico-representadas/,URL anterior de la nota
/el-mayors-challenge-2016-de-bloomberg-philanthropies-da-la-bienvenida-a-363-ciudades-de-america-latina-y-el-caribe-con-30-ciudades-de-argentina-representadas/,/noticias/el-mayors-challenge-2016-de-bloomberg-philanthropies-da-la-bienvenida-a-363-ciudades-de-america-latina-y-el-caribe-con-68-ciudades-de-mejico-representadas/,URL anterior de la nota
/el-mayors-challenge-2016-de-bloomberg-philanthropies-da-la-bienvenida-a-363-ciudades-de-america-latina-y-el-caribe-con-34-ciudades-de-chile-representadas/,/noticias/el-mayors-challenge-2016-de-bloomberg-philanthropies-da-la-bienvenida-a-363-ciudades-de-america-latina-y-el-caribe-con-68-ciudades-de-mejico-representadas/,URL anterior de la nota
/el-mayors-challenge-2016-de-bloomberg-philanthropies-da-la-bienvenida-a-363-ciudades-de-america-latina-y-el-caribe-con-55-ciudades-de-colombia-representadas/,/noticias/el-mayors-challenge-2016-de-bloomberg-philanthropies-da-la-bienvenida-a-363-ciudades-de-america-latina-y-el-caribe-con-68-ciudades-de-mejico-representadas/,URL anterior de la nota
/el-mayors-challenge-2016-de-bloomberg-philanthropies-da-la-bienvenida-a-363-ciudades-de-america-latina-y-el-caribe-con-68-ciudades-de-mejico-representadas/,/noticias/el-mayors-challenge-2016-de-bloomberg-philanthropies-da-la-bienvenida-a-363-ciudades-de-america-latina-y-el-caribe-con-68-ciudades-de-mejico-representadas/,URL anterior de la nota
/el-mayors-challenge-2016-de-bloomberg-philanthropies-da-la-bienvenida-a-363-ciudades-de-america-latina-y-el-caribe-con-cinco-ciudades-de-la-republica-dominicana-representadas/,/noticias/el-mayors-challenge-2016-de-bloomberg-philanthropies-da-la-bienvenida-a-363-ciudades-de-america-latina-y-el-caribe-con-68-ciudades-de-mejico-representadas/,URL anterior de la nota
/el-mercado-europeo-responde-de-manera-favorable-a-los-productos-exclusivos-de-xcmg-en-bauma-2016/,/noticias/el-mercado-europeo-responde-de-manera-favorable-a-los-productos-exclusivos-de-xcmg-en-bauma-2016/,URL anterior de la nota
/el-parque-eolico-dominica-de-enel-en-mexico-gana-el-premio-de-sostenibilidad-del-bid/,/noticias/el-parque-eolico-dominica-de-enel-en-mexico-gana-el-premio-de-sostenibilidad-del-bid/,URL anterior de la nota
/el-primer-destino-en-linea-global-para-la-moda-recatada-de-lujo-se-lanza-el-dia-internacional-de-la-mujer-el-8-de-marzo-de-2017/,/noticias/el-primer-destino-en-linea-global-para-la-moda-recatada-de-lujo-se-lanza-el-dia-internacional-de-la-mujer-el-8-de-marzo-de-2017/,URL anterior de la nota
/el-programa-futbol-por-la-amistad-de-gazprom-international-gana-los-premios-gold-quill-2016/,/noticias/el-programa-futbol-por-la-amistad-de-gazprom-international-gana-los-premios-gold-quill-2016/,URL anterior de la nota
/el-salvador-apuesta-convertir-turismo-en-sector-estrategico-by-contrapunto-diario-digital/,/noticias/el-salvador-apuesta-convertir-turismo-en-sector-estrategico-by-contrapunto-diario-digital/,URL anterior de la nota
/el-salvador-presenta-logros-de-foro-de-inversiones-realizado-en-chile-by-contra-punto-diario-digital/,/noticias/el-salvador-presenta-logros-de-foro-de-inversiones-realizado-en-chile-by-contra-punto-diario-digital/,URL anterior de la nota
/el-servicio-de-paqueteria-de-ups-worldwide-express-se-expande-a-nuevos-paises-de-latinoamerica-y-el-caribe/,/noticias/el-servicio-de-paqueteria-de-ups-worldwide-express-se-expande-a-nuevos-paises-de-latinoamerica-y-el-caribe/,URL anterior de la nota
/emaar-da-forma-al-fastuoso-perfil-nuevo-de-dubai-con-una-impactante-torre-en-el-puerto-dubai-creek/,/noticias/emaar-da-forma-al-fastuoso-perfil-nuevo-de-dubai-con-una-impactante-torre-en-el-puerto-dubai-creek/,URL anterior de la nota
/emblematica-publicacion-de-lancet-neurology-exige-compromiso-a-largo-plazo-para-luchar-contra-la-demencia/,/noticias/emblematica-publicacion-de-lancet-neurology-exige-compromiso-a-largo-plazo-para-luchar-contra-la-demencia/,URL anterior de la nota
/emerge-americas-anuncia-los-finalistas-del-startup-showcase-2016-que-incluyen-representantes-de-15-paises/,/noticias/emerge-americas-anuncia-los-finalistas-del-startup-showcase-2016-que-incluyen-representantes-de-15-paises/,URL anterior de la nota
/emprendedores-de-silicon-valley-y-america-latina-comienzan-un-equipo-de-futbol-profesional-en-san-francisco/,/noticias/emprendedores-de-silicon-valley-y-america-latina-comienzan-un-equipo-de-futbol-profesional-en-san-francisco/,URL anterior de la nota
/en-la-vida-y-los-negocios/,/emprendimiento/liderazgo/en-la-vida-y-los-negocios/,URL anterior de la nota
/en-un-mundo-perfecto-la-marca-es-irrelevante/,/mercadotecnia/en-un-mundo-perfecto-la-marca-es-irrelevante/,URL anterior de la nota
/enel-green-power-confirma-su-liderazgo-en-energias-renovables-en-mexico-tras-resultados-de-subasta/,/noticias/enel-green-power-confirma-su-liderazgo-en-energias-renovables-en-mexico-tras-resultados-de-subasta/,URL anterior de la nota
/equipment-spare-parts-de-miami-es-nombrado-vendedor-autorizado-para-el-caribe-por-uno-de-los-principales-suministradores-de-piezas-de-motores-y-maquinaria-del-mundo/,/noticias/equipment-spare-parts-de-miami-es-nombrado-vendedor-autorizado-para-el-caribe-por-uno-de-los-principales-suministradores-de-piezas-de-motores-y-maquinaria-del-mundo/,URL anterior de la nota
/equipo-interno-de-marketing-digital-o-agencia-externa-la-experiencia-del-sector-automotriz/,/negocios/automotriz/equipo-interno-de-marketing-digital-o-agencia-externa-la-experiencia-del-sector-automotriz/,URL anterior de la nota
/equisoft-gana-un-premio-de-excelencia-de-la-industria/,/noticias/equisoft-gana-un-premio-de-excelencia-de-la-industria/,URL anterior de la nota
/estudio-comisionado-por-visa-estima-que-la-migracion-a-los-pagos-electronicos-aporto-cerca-de-us300-mil-millones-al-pib-de-70-paises/,/noticias/estudio-comisionado-por-visa-estima-que-la-migracion-a-los-pagos-electronicos-aporto-cerca-de-us300-mil-millones-al-pib-de-70-paises/,URL anterior de la nota
/etica-en-las-agencias-de-publicidad-y-anarquia-en-los-negocios/,/publicidad/etica-en-las-agencias-de-publicidad-y-anarquia-en-los-negocios/,URL anterior de la nota
/etihad-airways-comienza-la-venta-de-pasajes-en-la-argentina/,/noticias/etihad-airways-comienza-la-venta-de-pasajes-en-la-argentina/,URL anterior de la nota
/etiquetas/marcas,/publicidad/,nota vieja sin equivalente directo
/eurasia-media-forum-coincidira-el-ano-que-viene-con-astana-expo-2017/,/noticias/eurasia-media-forum-coincidira-el-ano-que-viene-con-astana-expo-2017/,URL anterior de la nota
/experiencias-fuera-de-lo-ordinario-para-descubrir-la-ciudad-de-mexico-en-semana-santa/,/noticias/experiencias-fuera-de-lo-ordinario-para-descubrir-la-ciudad-de-mexico-en-semana-santa/,URL anterior de la nota
/fast-evolving-watersport-company-flydive-anuncia-la-adquisicion-de-aquafly/,/noticias/fast-evolving-watersport-company-flydive-anuncia-la-adquisicion-de-aquafly/,URL anterior de la nota
/fibra-prologis-anuncia-asamblea-anual-y-extraordinaria-de-tenedores/,/noticias/fibra-prologis-anuncia-asamblea-anual-y-extraordinaria-de-tenedores/,URL anterior de la nota
/fibra-prologis-anuncia-asamblea-extraordinaria-de-tenedores/,/noticias/fibra-prologis-anuncia-asamblea-extraordinaria-de-tenedores/,URL anterior de la nota
/fibra-prologis-anuncia-canje-de-titulo-de-cbfis/,/noticias/fibra-prologis-anuncia-canje-de-titulo-de-cbfis/,URL anterior de la nota
/fibra-prologis-anuncia-los-resultados-de-la-asamblea-anual-ordinaria-de-tenedores/,/noticias/fibra-prologis-anuncia-los-resultados-de-la-asamblea-anual-ordinaria-de-tenedores/,URL anterior de la nota
/fibra-prologis-anuncia-que-el-22-de-abril-llevara-a-cabo-la-conferencia-telefonica-donde-presentara-los-resultados-financieros-del-primer-trimestre-de-2016/,/noticias/fibra-prologis-anuncia-que-el-22-de-abril-llevara-a-cabo-la-conferencia-telefonica-donde-presentara-los-resultados-financieros-del-primer-trimestre-de-2016/,URL anterior de la nota
/fibra-prologis-asistira-a-la-conferencia-denominada-citi-2016-global-property-ceo-conference/,/noticias/fibra-prologis-asistira-a-la-conferencia-denominada-citi-2016-global-property-ceo-conference/,URL anterior de la nota
/focusvision-presenta-a-jamin-brazil-como-ceo/,/noticias/focusvision-presenta-a-jamin-brazil-como-ceo/,URL anterior de la nota
/fortinet-elige-la-tecnologia-prm-de-impartner-para-ayudar-a-transformar-su-plataforma-global-de-relaciones-con-los-socios/,/noticias/fortinet-elige-la-tecnologia-prm-de-impartner-para-ayudar-a-transformar-su-plataforma-global-de-relaciones-con-los-socios/,URL anterior de la nota
/fossil-group-lanzara-wearables-para-ocho-marcas-y-en-40-paises-el-2016/,/noticias/fossil-group-lanzara-wearables-para-ocho-marcas-y-en-40-paises-el-2016/,URL anterior de la nota
/fossil-presenta-nuevos-smartwatches-android-wear-mas-finos-en-baselworld/,/noticias/fossil-presenta-nuevos-smartwatches-android-wear-mas-finos-en-baselworld/,URL anterior de la nota
/g2a-junto-con-gaming-for-good-y-save-the-children-activan-a-los-vengadores-de-la-comunidad-de-los-juegos-para-el-humanitarian-emergency-all-out-response-team-heart-en-etiopia/,/noticias/g2a-junto-con-gaming-for-good-y-save-the-children-activan-a-los-vengadores-de-la-comunidad-de-los-juegos-para-el-humanitarian-emergency-all-out-response-team-heart-en-etiopia/,URL anterior de la nota
/gamechange-solar-recibe-orden-de-genius-tracker-de-28-mw-para-el-sudeste/,/noticias/gamechange-solar-recibe-orden-de-genius-tracker-de-28-mw-para-el-sudeste/,URL anterior de la nota
/genius-plaza-lanza-sammie-seal-un-juego-de-lenguaje-educativo-bilinge-y-gratuito/,/noticias/genius-plaza-lanza-sammie-seal-un-juego-de-lenguaje-educativo-bilinge-y-gratuito/,URL anterior de la nota
/gerilimzumab-de-bird-rock-bio-anticuerpo-anti-il-6-demuestra-potencial-acceso-global-asequible-a-biofarmaco-novedoso-para-tratar-la-artritis-reumatoide/,/noticias/gerilimzumab-de-bird-rock-bio-anticuerpo-anti-il-6-demuestra-potencial-acceso-global-asequible-a-biofarmaco-novedoso-para-tratar-la-artritis-reumatoide/,URL anterior de la nota
/gillette-revela-la-campana-lo-perfecto-no-es-bonito-rumbo-a-los-juegos-olimpicos-de-rio-de-janeiro-2016/,/noticias/gillette-revela-la-campana-lo-perfecto-no-es-bonito-rumbo-a-los-juegos-olimpicos-de-rio-de-janeiro-2016/,URL anterior de la nota
/gobierno-cubano-toma-represalia-contra-reportera-de-america-teve/,/noticias/gobierno-cubano-toma-represalia-contra-reportera-de-america-teve/,URL anterior de la nota
/grundig-presenta-su-coleccion-premium-de-electrodomesticos-integrados-en-eurocucina/,/noticias/grundig-presenta-su-coleccion-premium-de-electrodomesticos-integrados-en-eurocucina/,URL anterior de la nota
/h2opendoors-llega-a-cuba/,/noticias/h2opendoors-llega-a-cuba/,URL anterior de la nota
/hacienda-altagracia-an-auberge-resort-es-destacado-como-uno-de-los-mejores-nuevos-hoteles-del-mundo-en-la-lista-de-lo-mejor-del-2016-de-conde-nast-traveler/,/noticias/hacienda-altagracia-an-auberge-resort-es-destacado-como-uno-de-los-mejores-nuevos-hoteles-del-mundo-en-la-lista-de-lo-mejor-del-2016-de-conde-nast-traveler/,URL anterior de la nota
/haciendo-que-cada-dolar-cuente-jereh-en-la-cippe-2016/,/noticias/haciendo-que-cada-dolar-cuente-jereh-en-la-cippe-2016/,URL anterior de la nota
/havas-edge-nombra-a-nicole-cordero-como-vicepresidenta-de-medios-hispanos-de-ee-uu/,/noticias/havas-edge-nombra-a-nicole-cordero-como-vicepresidenta-de-medios-hispanos-de-ee-uu/,URL anterior de la nota
/heidrick-struggles-ayuda-al-foro-economico-mundial-a-encontrar-a-los-young-global-leaders-de-2016/,/noticias/heidrick-struggles-ayuda-al-foro-economico-mundial-a-encontrar-a-los-young-global-leaders-de-2016/,URL anterior de la nota
/hennessy-celebra-la-llegada-de-la-octava-generacion-de-maestros-mezcladores-con-el-legado-cognac-hennessy-8/,/noticias/hennessy-celebra-la-llegada-de-la-octava-generacion-de-maestros-mezcladores-con-el-legado-cognac-hennessy-8/,URL anterior de la nota
/hennessy-xo-invita-al-director-de-cine-nicolas-winding-refn-a-crear-un-viaje-sensorial-para-su-nueva-campana-odyssey/,/noticias/hennessy-xo-invita-al-director-de-cine-nicolas-winding-refn-a-crear-un-viaje-sensorial-para-su-nueva-campana-odyssey/,URL anterior de la nota
/hikvision-anuncia-su-exito-en-el-isc-brasil/,/noticias/hikvision-anuncia-su-exito-en-el-isc-brasil/,URL anterior de la nota
/hikvision-comunica-los-resultados-preliminares-de-sus-ganancias-en-2015-con-un-4697-de-crecimiento/,/noticias/hikvision-comunica-los-resultados-preliminares-de-sus-ganancias-en-2015-con-un-4697-de-crecimiento/,URL anterior de la nota
/hna-tourism-group-sella-un-acuerdo-con-carlson-hospitality-group-para-la-adquisicion-de-carlson-hotels-inc/,/noticias/hna-tourism-group-sella-un-acuerdo-con-carlson-hospitality-group-para-la-adquisicion-de-carlson-hotels-inc/,URL anterior de la nota
/hola-tv-celebra-a-la-mujer-en-marzo-con-estrenos-y-programacion-especial-de-mujeres-que-inspiran/,/noticias/hola-tv-celebra-a-la-mujer-en-marzo-con-estrenos-y-programacion-especial-de-mujeres-que-inspiran/,URL anterior de la nota
/huawei-anuncia-nueva-tecnologia-de-informacion-y-comunicaciones-lider-para-crear-un-mundo-mejor-conectado/,/noticias/huawei-anuncia-nueva-tecnologia-de-informacion-y-comunicaciones-lider-para-crear-un-mundo-mejor-conectado/,URL anterior de la nota
/huawei-habilita-la-aplicacion-de-la-nb-iot-en-industrias-verticales-a-traves-de-la-innovacion-y-la-colaboracion/,/noticias/huawei-habilita-la-aplicacion-de-la-nb-iot-en-industrias-verticales-a-traves-de-la-innovacion-y-la-colaboracion/,URL anterior de la nota
/huawei-impulsa-apertura-colaboracion-y-exito-compartido-para-habilitar-la-transformacion-digital-y-construir-un-mundo-mejor-conectado/,/noticias/huawei-impulsa-apertura-colaboracion-y-exito-compartido-para-habilitar-la-transformacion-digital-y-construir-un-mundo-mejor-conectado/,URL anterior de la nota
/huawei-permite-a-las-portadoras-hacer-realidad-un-futuro-digital-mediante-la-transformacion-de-las-operaciones-y-un-ecosistema-abierto/,/noticias/huawei-permite-a-las-portadoras-hacer-realidad-un-futuro-digital-mediante-la-transformacion-de-las-operaciones-y-un-ecosistema-abierto/,URL anterior de la nota
/huawei-y-deutsche-telekom-presentan-la-tecnologia-de-seccionado-de-red-5g-e2e/,/noticias/huawei-y-deutsche-telekom-presentan-la-tecnologia-de-seccionado-de-red-5g-e2e/,URL anterior de la nota
/huawei-y-leica-camera-anuncian-alianza-tecnologica-a-largo-plazo-para-la-reinvencion-de-la-fotografia-en-los-telefonos-inteligentes/,/noticias/huawei-y-leica-camera-anuncian-alianza-tecnologica-a-largo-plazo-para-la-reinvencion-de-la-fotografia-en-los-telefonos-inteligentes/,URL anterior de la nota
/husqvarna-lanza-la-primera-aplicacion-apple-watch-para-cortadoras-de-cesped-roboticas/,/noticias/husqvarna-lanza-la-primera-aplicacion-apple-watch-para-cortadoras-de-cesped-roboticas/,URL anterior de la nota
/i-protect-el-gran-avance-de-kiekert-en-sistemas-de-proteccion-de-puertas/,/noticias/i-protect-el-gran-avance-de-kiekert-en-sistemas-de-proteccion-de-puertas/,URL anterior de la nota
/i2c-y-tis-forman-una-asociacion-estrategica-para-llevar-innovadoras-soluciones-de-pago-a-japon-y-otros-mercados-asiaticos-cruciales/,/noticias/i2c-y-tis-forman-una-asociacion-estrategica-para-llevar-innovadoras-soluciones-de-pago-a-japon-y-otros-mercados-asiaticos-cruciales/,URL anterior de la nota
/ifly-res-de-ibs-recibe-estatus-ndc-capable-nivel-3-de-iata/,/noticias/ifly-res-de-ibs-recibe-estatus-ndc-capable-nivel-3-de-iata/,URL anterior de la nota
/impartner-se-asocia-con-expertos-del-sector-de-canales-de-venta-indirecta-para-abordar-los-principales-desafios-que-desvelan-a-los-directores-de-canal/,/noticias/impartner-se-asocia-con-expertos-del-sector-de-canales-de-venta-indirecta-para-abordar-los-principales-desafios-que-desvelan-a-los-directores-de-canal/,URL anterior de la nota
/impulsando-el-crecimiento-de-un-nuevo-movimiento-de-lujo-bsi-capital-group-invierte-5m-de-francos-suizos-chf-en-swiss-cosmeceuticals-ag/,/noticias/impulsando-el-crecimiento-de-un-nuevo-movimiento-de-lujo-bsi-capital-group-invierte-5m-de-francos-suizos-chf-en-swiss-cosmeceuticals-ag/,URL anterior de la nota
/impulso-a-emprendedurismo-ambiental-premios-verde-by-juan-carlos-machorro/,/noticias/impulso-a-emprendedurismo-ambiental-premios-verde-by-juan-carlos-machorro/,URL anterior de la nota
/inauguracion-oficial-de-la-119na-feria-de-canton/,/noticias/inauguracion-oficial-de-la-119na-feria-de-canton/,URL anterior de la nota
/infografia-claves-para-edificar-tu-marca-personal/,/emprendimiento/liderazgo/infografia-claves-para-edificar-tu-marca-personal/,URL anterior de la nota
/informe-de-la-rueda-de-prensa-en-vivo-de-baselworld-2016/,/noticias/informe-de-la-rueda-de-prensa-en-vivo-de-baselworld-2016/,URL anterior de la nota
/institucion-del-grupo-ser-educacional-se-asocia-con-colgate-de-ee-uu/,/noticias/institucion-del-grupo-ser-educacional-se-asocia-con-colgate-de-ee-uu/,URL anterior de la nota
/ipoint-presenta-borrador-de-leyes-sobre-trafico-de-personas-y-esclavitud-para-el-sector-privado/,/noticias/ipoint-presenta-borrador-de-leyes-sobre-trafico-de-personas-y-esclavitud-para-el-sector-privado/,URL anterior de la nota
/isagenix-alcanza-los-us4000-millones-en-ventas-globales-acumuladas/,/noticias/isagenix-alcanza-los-us4000-millones-en-ventas-globales-acumuladas/,URL anterior de la nota
/isuzu-motors-de-mexico-anuncia-cambios-en-sus-puestos-directivos/,/noticias/isuzu-motors-de-mexico-anuncia-cambios-en-sus-puestos-directivos/,URL anterior de la nota
/isuzu-presenta-el-autobus-para-pasajeros-elf-600-bus/,/noticias/isuzu-presenta-el-autobus-para-pasajeros-elf-600-bus/,URL anterior de la nota
/italtel-lanza-una-nueva-aplicacion-basada-en-sdn-para-la-harmonizacion-de-la-red-de-servicios/,/noticias/italtel-lanza-una-nueva-aplicacion-basada-en-sdn-para-la-harmonizacion-de-la-red-de-servicios/,URL anterior de la nota
/ixblue-presenta-su-novedoso-sistema-de-navegacion-inercial-rovins-nano-y-revoluciona-la-navegacion-de-rov/,/noticias/ixblue-presenta-su-novedoso-sistema-de-navegacion-inercial-rovins-nano-y-revoluciona-la-navegacion-de-rov/,URL anterior de la nota
/jared-leto-en-exlusiva-para-la-edicion-de-mayo-by-gq-mexico/,/noticias/jared-leto-en-exlusiva-para-la-edicion-de-mayo-by-gq-mexico/,URL anterior de la nota
/joven-emprendedor-forestal-premia-el-talento-de-jovenes-de-mexico-centro-y-sudamerica-en-su-tercer-certamen/,/noticias/joven-emprendedor-forestal-premia-el-talento-de-jovenes-de-mexico-centro-y-sudamerica-en-su-tercer-certamen/,URL anterior de la nota
/juegos-de-casino-de-primera-de-playstudios-amplian-la-asociacion-con-resorts-world-con-el-lanzamiento-de-premios-en-nueva-york-y-bimini/,/noticias/juegos-de-casino-de-primera-de-playstudios-amplian-la-asociacion-con-resorts-world-con-el-lanzamiento-de-premios-en-nueva-york-y-bimini/,URL anterior de la nota
/kenneth-cole-presenta-su-coleccion-otono-invierno-2016-de-relojes-automaticos/,/noticias/kenneth-cole-presenta-su-coleccion-otono-invierno-2016-de-relojes-automaticos/,URL anterior de la nota
/konica-minolta-sensing-anuncia-su-participacion-en-plastimagen-mexico-2016/,/noticias/konica-minolta-sensing-anuncia-su-participacion-en-plastimagen-mexico-2016/,URL anterior de la nota
/la-119a-feria-de-canton-finaliza-con-acuerdos-comerciales-por-un-total-de-us28000-millones/,/noticias/la-119a-feria-de-canton-finaliza-con-acuerdos-comerciales-por-un-total-de-us28000-millones/,URL anterior de la nota
/la-alianza-con-rainforest-alliance-anade-una-capa-mas-de-placer-al-comer-una-paleta-magnum/,/noticias/la-alianza-con-rainforest-alliance-anade-una-capa-mas-de-placer-al-comer-una-paleta-magnum/,URL anterior de la nota
/la-biometria-de-dermalog-contribuye-a-la-prevencion-de-fraudes-en-nigeria/,/noticias/la-biometria-de-dermalog-contribuye-a-la-prevencion-de-fraudes-en-nigeria/,URL anterior de la nota
/la-capacidad-financiera-mas-que-los-conocimientos-basicos-o-la-educacion-es-la-clave-para-la-inclusion-financiera/,/noticias/la-capacidad-financiera-mas-que-los-conocimientos-basicos-o-la-educacion-es-la-clave-para-la-inclusion-financiera/,URL anterior de la nota
/la-carrera-de-chicharito-en-canciones-de-rock-by-rock-sonico/,/noticias/la-carrera-de-chicharito-en-canciones-de-rock-by-rock-sonico/,URL anterior de la nota
/la-compania-de-busqueda-de-ejecutivos-kincannon-reed-expande-su-presencia-en-latinoamerica/,/noticias/la-compania-de-busqueda-de-ejecutivos-kincannon-reed-expande-su-presencia-en-latinoamerica/,URL anterior de la nota
/la-competencia-de-diseno-innovador-medioambiental-xcmg-cup-se-enfoca-en-las-tecnologias-medioambientales-limpias/,/noticias/la-competencia-de-diseno-innovador-medioambiental-xcmg-cup-se-enfoca-en-las-tecnologias-medioambientales-limpias/,URL anterior de la nota
/la-curacao-lanza-una-nueva-aplicacion-movil-para-sus-usuarios/,/noticias/la-curacao-lanza-una-nueva-aplicacion-movil-para-sus-usuarios/,URL anterior de la nota
/la-desigualdad-global-en-materia-de-paz-se-ha-ampliado-el-ano-pasado-al-aumentar-la-violencia-en-los-paises-menos-pacificos/,/noticias/la-desigualdad-global-en-materia-de-paz-se-ha-ampliado-el-ano-pasado-al-aumentar-la-violencia-en-los-paises-menos-pacificos/,URL anterior de la nota
/la-digitalizacion-creara-350-millones-de-nuevos-exportadores-segun-el-informe-del-dmcc-el-futuro-del-comercio/,/noticias/la-digitalizacion-creara-350-millones-de-nuevos-exportadores-segun-el-informe-del-dmcc-el-futuro-del-comercio/,URL anterior de la nota
/la-division-consumer-healthdesempenara-un-papel-fundamental-en-la-estrategia-de-crecimiento-de-merck-para-africa/,/noticias/la-division-consumer-healthdesempenara-un-papel-fundamental-en-la-estrategia-de-crecimiento-de-merck-para-africa/,URL anterior de la nota
/la-experiencia-de-viajes-blast-off-to-houston-ofrece-grandes-ahorros-en-el-hyatt-regency-houston-y-las-principales-atracciones-de-la-ciudad/,/noticias/la-experiencia-de-viajes-blast-off-to-houston-ofrece-grandes-ahorros-en-el-hyatt-regency-houston-y-las-principales-atracciones-de-la-ciudad/,URL anterior de la nota
/la-feria-de-canton-establece-un-nuevo-modelo-para-presentar-su-negocio-a-traves-de-una-videoconferencia-remota/,/noticias/la-feria-de-canton-establece-un-nuevo-modelo-para-presentar-su-negocio-a-traves-de-una-videoconferencia-remota/,URL anterior de la nota
/la-fundacion-loreal-junto-a-la-unesco-lanzan-un-manifiesto-para-defender-el-rol-de-las-mujeres-en-las-ciencias/,/noticias/la-fundacion-loreal-junto-a-la-unesco-lanzan-un-manifiesto-para-defender-el-rol-de-las-mujeres-en-las-ciencias/,URL anterior de la nota
/la-fundacion-tory-burch-lanza-una-campana-alentando-a-las-mujeres-a-ser-mas-ambiciosas-con-el-hashtag-embraceambition/,/noticias/la-fundacion-tory-burch-lanza-una-campana-alentando-a-las-mujeres-a-ser-mas-ambiciosas-con-el-hashtag-embraceambition/,URL anterior de la nota
/la-marca-sothebys-international-realty-se-extiende-a-nicaragua/,/noticias/la-marca-sothebys-international-realty-se-extiende-a-nicaragua/,URL anterior de la nota
/la-nomina-del-futbol-de-pepsi-2016-introduce-la-tarjeta-azul-en-el-juego-global/,/noticias/la-nomina-del-futbol-de-pepsi-2016-introduce-la-tarjeta-azul-en-el-juego-global/,URL anterior de la nota
/la-nueva-arcserve-unified-data-protection-udp-elimina-el-tiempo-de-recuperacion-mediante-disponibilidad-continua-recuperacion-instantanea-y-replicacion-en-entornos-en-la-nube-virtuales-y-fisicos/,/noticias/la-nueva-arcserve-unified-data-protection-udp-elimina-el-tiempo-de-recuperacion-mediante-disponibilidad-continua-recuperacion-instantanea-y-replicacion-en-entornos-en-la-nube-virtuales-y-fisicos/,URL anterior de la nota
/la-oficina-mas-sostenible-del-mundo-se-encuentra-en-los-paises-bajos/,/noticias/la-oficina-mas-sostenible-del-mundo-se-encuentra-en-los-paises-bajos/,URL anterior de la nota
/la-provincia-de-neuquen-anuncia-la-modificacion-del-coeficiente-de-cambio-de-su-oferta-de-cambio/,/noticias/la-provincia-de-neuquen-anuncia-la-modificacion-del-coeficiente-de-cambio-de-su-oferta-de-cambio/,URL anterior de la nota
/la-ultra-hd-4k-smart-ir-ptz-de-hikvision-gano-el-premio-new-product-showcase-en-isc-west/,/noticias/la-ultra-hd-4k-smart-ir-ptz-de-hikvision-gano-el-premio-new-product-showcase-en-isc-west/,URL anterior de la nota
/la-universidad-laval-recupera-el-titulo-en-la-shell-eco-marathon-de-las-americas-que-ostentaba-la-universidad-de-toronto/,/noticias/la-universidad-laval-recupera-el-titulo-en-la-shell-eco-marathon-de-las-americas-que-ostentaba-la-universidad-de-toronto/,URL anterior de la nota
/la-version-mas-reciente-de-finscan-simplifica-y-acelera-la-exploracion-de-cumplimiento-antilavado-de-dinero/,/noticias/la-version-mas-reciente-de-finscan-simplifica-y-acelera-la-exploracion-de-cumplimiento-antilavado-de-dinero/,URL anterior de la nota
/landsteiner-scientific-la-farmaceutica-mexicana-mejor-posicionada-en-el-ranking-great-place-to-work/,/noticias/landsteiner-scientific-la-farmaceutica-mexicana-mejor-posicionada-en-el-ranking-great-place-to-work/,URL anterior de la nota
/lanzamiento-mundial-de-la-honourable-order-of-international-hotel-general-managers/,/noticias/lanzamiento-mundial-de-la-honourable-order-of-international-hotel-general-managers/,URL anterior de la nota
/las-ciudades-europeas-continuaron-atrayendo-a-cada-vez-mas-cantidad-de-turistas-a-pesar-de-un-ano-problematico-en-europa-el-numero-de-noches-aumento-42-en-2015/,/noticias/las-ciudades-europeas-continuaron-atrayendo-a-cada-vez-mas-cantidad-de-turistas-a-pesar-de-un-ano-problematico-en-europa-el-numero-de-noches-aumento-42-en-2015/,URL anterior de la nota
/las-perspectivas-de-la-cooperacion-entre-rusia-y-los-paises-de-america-latina-fueron-discutidas-en-la-ronda-mediatica-y-el-foro-de-negocios-en-uruguay/,/noticias/las-perspectivas-de-la-cooperacion-entre-rusia-y-los-paises-de-america-latina-fueron-discutidas-en-la-ronda-mediatica-y-el-foro-de-negocios-en-uruguay/,URL anterior de la nota
/las-pruebas-con-5g-de-verizon-impulsan-al-ecosistema-hacia-una-rapida-comercializacion/,/noticias/las-pruebas-con-5g-de-verizon-impulsan-al-ecosistema-hacia-una-rapida-comercializacion/,URL anterior de la nota
/las-redes-sociales-como-canal-de-atencion-a-clientes/,/mercadotecnia/marketing-digital/las-redes-sociales-como-canal-de-atencion-a-clientes/,URL anterior de la nota
/las-tres-responsabilidades-corporativas-mas-importantes-segun-los-consumidores/,/noticias/las-tres-responsabilidades-corporativas-mas-importantes-segun-los-consumidores/,URL anterior de la nota
/las-ventas-netas-consolidadas-de-grupo-famsa-crecieron-120-durante-el-1t16/,/noticias/las-ventas-netas-consolidadas-de-grupo-famsa-crecieron-120-durante-el-1t16/,URL anterior de la nota
/latin-trade-presenta-a-los-25-mejores-jovenes-empresarios-de-america-latina/,/noticias/latin-trade-presenta-a-los-25-mejores-jovenes-empresarios-de-america-latina/,URL anterior de la nota
/latin-trade-presenta-el-ranking-de-multimillonarios-de-america-latina/,/noticias/latin-trade-presenta-el-ranking-de-multimillonarios-de-america-latina/,URL anterior de la nota
/lcm-partners-gana-en-los-premios-private-debt-investor-2015/,/noticias/lcm-partners-gana-en-los-premios-private-debt-investor-2015/,URL anterior de la nota
/lenovo-revela-el-zuk-z2-pro-el-dispositivo-que-cambiara-las-reglas/,/noticias/lenovo-revela-el-zuk-z2-pro-el-dispositivo-que-cambiara-las-reglas/,URL anterior de la nota
/level-3-designada-como-miembro-avanzado-de-aws-partner-network/,/noticias/level-3-designada-como-miembro-avanzado-de-aws-partner-network/,URL anterior de la nota
/level-3-incorpora-microsoft-office-365-a-su-ecosistema-de-soluciones-cloud-connect/,/noticias/level-3-incorpora-microsoft-office-365-a-su-ecosistema-de-soluciones-cloud-connect/,URL anterior de la nota
/lexington-partners-inaugura-oficina-en-santiago/,/noticias/lexington-partners-inaugura-oficina-en-santiago/,URL anterior de la nota
/linedata-anuncia-el-lanzamiento-de-linedata-mobilekip/,/noticias/linedata-anuncia-el-lanzamiento-de-linedata-mobilekip/,URL anterior de la nota
/lo-que-todo-anunciante-debe-saber-la-mitad-de-la-publicidad-sirve-la-otra-mitad-no/,/publicidad/guias/lo-que-todo-anunciante-debe-saber-la-mitad-de-la-publicidad-sirve-la-otra-mitad-no/,URL anterior de la nota
/los-clientes-de-impartner-reciben-una-cantidad-record-de-premios-destacados-de-crn-magazine/,/noticias/los-clientes-de-impartner-reciben-una-cantidad-record-de-premios-destacados-de-crn-magazine/,URL anterior de la nota
/los-megaataques-alcanzan-un-nuevo-record-se-dispara-el-numero-de-ataques-repetidos-los-sitios-de-stresserbooter-lanzan-vectores-de-ataque-multiples-de-forma-simultanea/,/noticias/los-megaataques-alcanzan-un-nuevo-record-se-dispara-el-numero-de-ataques-repetidos-los-sitios-de-stresserbooter-lanzan-vectores-de-ataque-multiples-de-forma-simultanea/,URL anterior de la nota
/los-numeros-no-importan-la-influencia-si/,/mercadotecnia/marketing-digital/los-numeros-no-importan-la-influencia-si/,URL anterior de la nota
/los-operadores-de-telefonia-movil-aprovechan-los-us12-billones-del-ecosistema-de-los-viajes/,/noticias/los-operadores-de-telefonia-movil-aprovechan-los-us12-billones-del-ecosistema-de-los-viajes/,URL anterior de la nota
/los-pilotos-de-ups-respetaran-los-piquetes-alemanes-en-el-aeropuerto-de-colonia-bonn/,/noticias/los-pilotos-de-ups-respetaran-los-piquetes-alemanes-en-el-aeropuerto-de-colonia-bonn/,URL anterior de la nota
/lutron-presenta-ultimas-innovaciones-en-ela-2016/,/noticias/lutron-presenta-ultimas-innovaciones-en-ela-2016/,URL anterior de la nota
/m-holland-finaliza-adquisiciones-en-puerto-rico/,/noticias/m-holland-finaliza-adquisiciones-en-puerto-rico/,URL anterior de la nota
/make-up-for-ever-se-asocia-con-charli-xcx-para-su-nueva-campana-aqua-xl/,/noticias/make-up-for-ever-se-asocia-con-charli-xcx-para-su-nueva-campana-aqua-xl/,URL anterior de la nota
/mapa-de-sitio,/,nota vieja sin equivalente directo
/marcatel-selecciona-la-solucion-de-genband-y-netnumber-para-modernizar-su-vital-infraestructura/,/noticias/marcatel-selecciona-la-solucion-de-genband-y-netnumber-para-modernizar-su-vital-infraestructura/,URL anterior de la nota
/maria-laria-presentadora-de-arrebatados-en-america-teve-celebra-su-decimo-aniversario/,/noticias/maria-laria-presentadora-de-arrebatados-en-america-teve-celebra-su-decimo-aniversario/,URL anterior de la nota
/markets-group-los-principales-bancos-centrales-de-ee-uu-america-latina-y-el-caribe-se-reuniran-en-ciudad-de-panama-con-el-proposito-de-discutir-estrategias-de-inversion/,/noticias/markets-group-los-principales-bancos-centrales-de-ee-uu-america-latina-y-el-caribe-se-reuniran-en-ciudad-de-panama-con-el-proposito-de-discutir-estrategias-de-inversion/,URL anterior de la nota
/markets-group-mas-de-400-socios-limitados-se-reunen-con-lideres-en-materia-de-capital-de-riesgo-en-nueva-york-para-abordar-las-principales-asignaciones-del-2016/,/noticias/markets-group-mas-de-400-socios-limitados-se-reunen-con-lideres-en-materia-de-capital-de-riesgo-en-nueva-york-para-abordar-las-principales-asignaciones-del-2016/,URL anterior de la nota
/martini-da-inicio-a-la-temporada-2016-de-la-formula-uno-con-felipe-massa-y-valtteri-bottas/,/noticias/martini-da-inicio-a-la-temporada-2016-de-la-formula-uno-con-felipe-massa-y-valtteri-bottas/,URL anterior de la nota
/mas-del-50-de-las-empresas-tienen-dispositivos-moviles-que-no-cumplen-con-las-normativas/,/noticias/mas-del-50-de-las-empresas-tienen-dispositivos-moviles-que-no-cumplen-con-las-normativas/,URL anterior de la nota
/mas-seguidores-menos-oportunidades-de-encontrar-el-amor/,/noticias/mas-seguidores-menos-oportunidades-de-encontrar-el-amor/,URL anterior de la nota
/mead-johnson-nutrition-llevo-a-cabo-encuentros-medicos-sobre-nuevas-tendencias-en-nutricion-pediatrica-y-desarrollo-mental/,/noticias/mead-johnson-nutrition-llevo-a-cabo-encuentros-medicos-sobre-nuevas-tendencias-en-nutricion-pediatrica-y-desarrollo-mental/,URL anterior de la nota
/mec-prime-banner-chemicals-uk-se-enorgullece-de-presentar-la-nueva-gama-de-productos-de-cloruro-de-metileno-prime/,/noticias/mec-prime-banner-chemicals-uk-se-enorgullece-de-presentar-la-nueva-gama-de-productos-de-cloruro-de-metileno-prime/,URL anterior de la nota
/medico-internista-el-guardian-de-la-salud-en-adultos/,/noticias/medico-internista-el-guardian-de-la-salud-en-adultos/,URL anterior de la nota
/menor-crecimiento-economico-para-el-salvador-en-2016-by-contrapunto-diario-digital/,/noticias/menor-crecimiento-economico-para-el-salvador-en-2016-by-contrapunto-diario-digital/,URL anterior de la nota
/michelin-presenta-el-nuevo-neumatico-defender-el-neumatico-mas-largo-entre-los-principales-competidores/,/noticias/michelin-presenta-el-nuevo-neumatico-defender-el-neumatico-mas-largo-entre-los-principales-competidores/,URL anterior de la nota
/miranda-xmod-el-primer-conjunto-de-biela-y-plato-para-bicicletas-totalmente-modular-del-mundo/,/noticias/miranda-xmod-el-primer-conjunto-de-biela-y-plato-para-bicicletas-totalmente-modular-del-mundo/,URL anterior de la nota
/modulo-digitalizador-de-viewsonic-mejora-las-soluciones-de-cajeros-automaticos-vtm-de-avanzada-para-el-sector-bancario/,/noticias/modulo-digitalizador-de-viewsonic-mejora-las-soluciones-de-cajeros-automaticos-vtm-de-avanzada-para-el-sector-bancario/,URL anterior de la nota
/mohawk-industries-con-record-de-utilidades-en-el-cuarto-trimestre/,/noticias/mohawk-industries-con-record-de-utilidades-en-el-cuarto-trimestre/,URL anterior de la nota
/mohawk-industries-inc-invita-a-sumarse-a-la-teleconferencia-del-primer-trimestre-de-2016-en-internet/,/noticias/mohawk-industries-inc-invita-a-sumarse-a-la-teleconferencia-del-primer-trimestre-de-2016-en-internet/,URL anterior de la nota
/moneta-technologies-lanza-solucion-biometrica-facial-que-impide-el-robo-de-identidad/,/noticias/moneta-technologies-lanza-solucion-biometrica-facial-que-impide-el-robo-de-identidad/,URL anterior de la nota
/mot-hennessy-y-solar-impulse-continuan-celebrando-la-sustentabilidad-en-2016/,/noticias/mot-hennessy-y-solar-impulse-continuan-celebrando-la-sustentabilidad-en-2016/,URL anterior de la nota
/movado-se-asocia-con-google-para-lanzar-una-nueva-coleccion-de-relojes-inteligentes/,/noticias/movado-se-asocia-con-google-para-lanzar-una-nueva-coleccion-de-relojes-inteligentes/,URL anterior de la nota
/mts-3060-smartcan-de-marvin-test-solutions-elegida-como-la-solucion-para-pruebas-de-armamento-de-lineas-de-vuelo-para-aviones-f-16-tafa-50-y-hawk/,/noticias/mts-3060-smartcan-de-marvin-test-solutions-elegida-como-la-solucion-para-pruebas-de-armamento-de-lineas-de-vuelo-para-aviones-f-16-tafa-50-y-hawk/,URL anterior de la nota
/music-world-cup-anuncia-el-prelanzamiento-de-su-plataforma/,/noticias/music-world-cup-anuncia-el-prelanzamiento-de-su-plataforma/,URL anterior de la nota
/nerium-international-ofrece-innovacion-para-la-vitalidad-cerebral-con-el-lanzamiento-en-mexico-del-suplemento-alimenticio-eht/,/noticias/nerium-international-ofrece-innovacion-para-la-vitalidad-cerebral-con-el-lanzamiento-en-mexico-del-suplemento-alimenticio-eht/,URL anterior de la nota
/nerium-international-presenta-el-suero-anti-edad-para-ojos/,/noticias/nerium-international-presenta-el-suero-anti-edad-para-ojos/,URL anterior de la nota
/netflix-confirma-nueva-serie-original-basada-en-la-actual-investigacion-de-corrupcion-brasilena/,/noticias/netflix-confirma-nueva-serie-original-basada-en-la-actual-investigacion-de-corrupcion-brasilena/,URL anterior de la nota
/netflix-y-los-maratones-un-nuevo-indice-revela-que-series-devoramos-y-cuales-saboreamos/,/noticias/netflix-y-los-maratones-un-nuevo-indice-revela-que-series-devoramos-y-cuales-saboreamos/,URL anterior de la nota
/new-diamond-technology-ndt-dara-a-conocer-la-piedra-azul-fabricada-en-laboratorio-mas-grande-y-mas-rara-del-mundo-en-baselworld-a-las-1200-del-mediodia-cet/,/noticias/new-diamond-technology-ndt-dara-a-conocer-la-piedra-azul-fabricada-en-laboratorio-mas-grande-y-mas-rara-del-mundo-en-baselworld-a-las-1200-del-mediodia-cet/,URL anterior de la nota
/ningxia-ansia-recibir-mas-visitantes-americanos-y-celebra-un-evento-en-los-angeles/,/noticias/ningxia-ansia-recibir-mas-visitantes-americanos-y-celebra-un-evento-en-los-angeles/,URL anterior de la nota
/nira-dynamics-ab-lanza-una-nueva-solucion-de-seguridad-para-una-mayor-conciencia-del-conductor/,/noticias/nira-dynamics-ab-lanza-una-nueva-solucion-de-seguridad-para-una-mayor-conciencia-del-conductor/,URL anterior de la nota
/noche-de-estrellas-en-la-clausura-del-xviii-festival-del-habano/,/noticias/noche-de-estrellas-en-la-clausura-del-xviii-festival-del-habano/,URL anterior de la nota
/noticias/4988-ecwid-la-solucion-1-de-comercio-electronico-lanza-un-sitio-web-enfocado-en-mexico,/noticias/ecwid-la-solucion-1-de-comercio-electronico-lanza-un-sitio-web-enfocado-en-mexico/,URL anterior de la nota
/noticias/5044-que-compran-en-internet-las-mujeres-de-latinoamerica,/noticias/que-compran-en-internet-las-mujeres-de-latinoamerica/,URL anterior de la nota
/noticias/5221-enel-green-power-confirma-su-liderazgo-en-energias-renovables-en-mexico-tras-resultados-de-subasta,/noticias/enel-green-power-confirma-su-liderazgo-en-energias-renovables-en-mexico-tras-resultados-de-subasta/,URL anterior de la nota
/noticias/5243-nerium-international-ofrece-innovacion-para-la-vitalidad-cerebral-con-el-lanzamiento-en-mexico-del-suplemento-alimenticio-eht,/noticias/nerium-international-ofrece-innovacion-para-la-vitalidad-cerebral-con-el-lanzamiento-en-mexico-del-suplemento-alimenticio-eht/,URL anterior de la nota
/noticias/5262-destino-extraordinario-el-nuevo-reto-de-meditacion-de-deepak-chopra-e-ismael-cala,/noticias/destino-extraordinario-el-nuevo-reto-de-meditacion-de-deepak-chopra-e-ismael-cala/,URL anterior de la nota
/noticias/5270-el-parque-eolico-dominica-de-enel-en-mexico-gana-el-premio-de-sostenibilidad-del-bid,/noticias/el-parque-eolico-dominica-de-enel-en-mexico-gana-el-premio-de-sostenibilidad-del-bid/,URL anterior de la nota
/noticias/5323-la-compania-de-busqueda-de-ejecutivos-kincannon-reed-expande-su-presencia-en-latinoamerica,/noticias/la-compania-de-busqueda-de-ejecutivos-kincannon-reed-expande-su-presencia-en-latinoamerica/,URL anterior de la nota
/noticias/5407-qs-world-university-rankings-by-subject-2017,/noticias/qs-world-university-rankings-by-subject-2017/,URL anterior de la nota
/noticias/5410-canela-tv-plataforma-de-streaming-gratuito-llega-a-mexico,/publicidad/medios/canela-tv-plataforma-de-streaming-gratuito-llega-a-mexico/,URL anterior de la nota
/noticias/5413-converse-x-brain-dead,/publicidad/creatividad/converse-x-brain-dead/,URL anterior de la nota
/noticias/a-48-ciudades-en-colombia-les-quedan-10-dias-para-ingresar-al-mayors-challenge-2016-de-bloomberg-philanthropies-y-competir-por-9-millones-de-dolares-estadounidenses-para-fondos-de-innovacion/,/noticias/a-156-ciudades-en-mexico-les-quedan-10-dias-para-ingresar-al-mayors-challenge-2016-de-bloomberg-philanthropies-y-competir-por-9-millones-de-dolares-estadounidenses-para-fondos-de-innovacion/,duplicado consolidado
/noticias/a-57-ciudades-en-argentina-les-quedan-10-dias-para-ingresar-al-mayors-challenge-2016-de-bloomberg-philanthropies-y-competir-por-9-millones-de-dolares-estadounidenses-para-fondos-de-innovacion/,/noticias/a-156-ciudades-en-mexico-les-quedan-10-dias-para-ingresar-al-mayors-challenge-2016-de-bloomberg-philanthropies-y-competir-por-9-millones-de-dolares-estadounidenses-para-fondos-de-innovacion/,duplicado consolidado
/noticias/el-mayors-challenge-2016-de-bloomberg-philanthropies-da-la-bienvenida-a-363-ciudades-de-america-latina-y-el-caribe-con-12-ciudades-de-ecuador-representadas/,/noticias/el-mayors-challenge-2016-de-bloomberg-philanthropies-da-la-bienvenida-a-363-ciudades-de-america-latina-y-el-caribe-con-68-ciudades-de-mejico-representadas/,duplicado consolidado
/noticias/el-mayors-challenge-2016-de-bloomberg-philanthropies-da-la-bienvenida-a-363-ciudades-de-america-latina-y-el-caribe-con-12-ciudades-de-peru-representadas/,/noticias/el-mayors-challenge-2016-de-bloomberg-philanthropies-da-la-bienvenida-a-363-ciudades-de-america-latina-y-el-caribe-con-68-ciudades-de-mejico-representadas/,duplicado consolidado
/noticias/el-mayors-challenge-2016-de-bloomberg-philanthropies-da-la-bienvenida-a-363-ciudades-de-america-latina-y-el-caribe-con-30-ciudades-de-argentina-representadas/,/noticias/el-mayors-challenge-2016-de-bloomberg-philanthropies-da-la-bienvenida-a-363-ciudades-de-america-latina-y-el-caribe-con-68-ciudades-de-mejico-representadas/,duplicado consolidado
/noticias/el-mayors-challenge-2016-de-bloomberg-philanthropies-da-la-bienvenida-a-363-ciudades-de-america-latina-y-el-caribe-con-34-ciudades-de-chile-representadas/,/noticias/el-mayors-challenge-2016-de-bloomberg-philanthropies-da-la-bienvenida-a-363-ciudades-de-america-latina-y-el-caribe-con-68-ciudades-de-mejico-representadas/,duplicado consolidado
/noticias/el-mayors-challenge-2016-de-bloomberg-philanthropies-da-la-bienvenida-a-363-ciudades-de-america-latina-y-el-caribe-con-55-ciudades-de-colombia-representadas/,/noticias/el-mayors-challenge-2016-de-bloomberg-philanthropies-da-la-bienvenida-a-363-ciudades-de-america-latina-y-el-caribe-con-68-ciudades-de-mejico-representadas/,duplicado consolidado
/noticias/el-mayors-challenge-2016-de-bloomberg-philanthropies-da-la-bienvenida-a-363-ciudades-de-america-latina-y-el-caribe-con-cinco-ciudades-de-la-republica-dominicana-representadas/,/noticias/el-mayors-challenge-2016-de-bloomberg-philanthropies-da-la-bienvenida-a-363-ciudades-de-america-latina-y-el-caribe-con-68-ciudades-de-mejico-representadas/,duplicado consolidado
/nucor-y-jfe-steel-forman-empresa-conjunta-para-abastecer-al-mercado-automotriz-de-mexico/,/noticias/nucor-y-jfe-steel-forman-empresa-conjunta-para-abastecer-al-mercado-automotriz-de-mexico/,URL anterior de la nota
/nuevo-curso-online-de-ismael-cala-quienes-rompen-paradigmas-convierten-los-problemas-en-oportunidades/,/noticias/nuevo-curso-online-de-ismael-cala-quienes-rompen-paradigmas-convierten-los-problemas-en-oportunidades/,URL anterior de la nota
/nuevo-webinar-de-impartner-presenta-a-analista-prm-de-gartner-y-ofrece-terapia-de-relaciones-para-profesionales-de-ti-y-sus-contrapartes-de-ventasmarketing/,/noticias/nuevo-webinar-de-impartner-presenta-a-analista-prm-de-gartner-y-ofrece-terapia-de-relaciones-para-profesionales-de-ti-y-sus-contrapartes-de-ventasmarketing/,URL anterior de la nota
/octopus-dentro-del-top-100-de-mejores-agencias-marketing-digital-en-mexico/,/noticias/octopus-dentro-del-top-100-de-mejores-agencias-marketing-digital-en-mexico/,URL anterior de la nota
/ofertas-365-inc-anuncia-el-lanzamiento-de-su-juego-lucky-6-en-colombia-mercado-de-gaming-en-pleno-desarrollo-en-alianza-con-el-operador-local-eds-inversiones/,/noticias/ofertas-365-inc-anuncia-el-lanzamiento-de-su-juego-lucky-6-en-colombia-mercado-de-gaming-en-pleno-desarrollo-en-alianza-con-el-operador-local-eds-inversiones/,URL anterior de la nota
/oh-la-la-deals-de-air-france-las-mejores-ofertas-de-temporada/,/noticias/oh-la-la-deals-de-air-france-las-mejores-ofertas-de-temporada/,URL anterior de la nota
/omnicom-media-group-revela-detalles-sobre-su-tercera-red/,/noticias/omnicom-media-group-revela-detalles-sobre-su-tercera-red/,URL anterior de la nota
/osteoartritis-de-rodilla-suero-autologo-condicionado-acs-combinado-con-fisioterapia-produjo-una-significativa-mejora-en-el-dolor-y-la-funcion/,/noticias/osteoartritis-de-rodilla-suero-autologo-condicionado-acs-combinado-con-fisioterapia-produjo-una-significativa-mejora-en-el-dolor-y-la-funcion/,URL anterior de la nota
/otorga-grupo-gentera-apoyos-por-82-mdp-a-organizaciones-civiles-by-juan-carlos-machorro/,/noticias/otorga-grupo-gentera-apoyos-por-82-mdp-a-organizaciones-civiles-by-juan-carlos-machorro/,URL anterior de la nota
/pacific-anuncia-dictamen-de-reconocimiento-del-tribunal-de-bancarrotas-de-estados-unidos-segun-lo-dispuesto-en-el-capitulo-15/,/noticias/pacific-anuncia-dictamen-de-reconocimiento-del-tribunal-de-bancarrotas-de-estados-unidos-segun-lo-dispuesto-en-el-capitulo-15/,URL anterior de la nota
/pacific-anuncia-revision-de-su-elegibilidad-para-cotizar-en-la-bolsa-de-valores-de-toronto/,/noticias/pacific-anuncia-revision-de-su-elegibilidad-para-cotizar-en-la-bolsa-de-valores-de-toronto/,URL anterior de la nota
/pacific-brinda-actualizacion-con-respecto-al-bloque-quifa/,/noticias/pacific-brinda-actualizacion-con-respecto-al-bloque-quifa/,URL anterior de la nota
/pacific-confirma-conversaciones-con-los-accionistas-en-relacion-con-el-proceso-de-reestructuracion-de-deuda/,/noticias/pacific-confirma-conversaciones-con-los-accionistas-en-relacion-con-el-proceso-de-reestructuracion-de-deuda/,URL anterior de la nota
/pacific-da-a-conocer-actualizacion-acerca-de-la-reestructuracion/,/noticias/pacific-da-a-conocer-actualizacion-acerca-de-la-reestructuracion/,URL anterior de la nota
/pacific-prorroga-hasta-el-29-de-abril-de-2016-los-acuerdos-de-indulgencia-con-bancos-y-un-importante-grupo-de-tenedores-de-notas/,/noticias/pacific-prorroga-hasta-el-29-de-abril-de-2016-los-acuerdos-de-indulgencia-con-bancos-y-un-importante-grupo-de-tenedores-de-notas/,URL anterior de la nota
/packers-plus-y-schlumberger-ingresan-a-una-alianza-global/,/noticias/packers-plus-y-schlumberger-ingresan-a-una-alianza-global/,URL anterior de la nota
/pancho-guru-el-origen-by-yellowlink/,/noticias/pancho-guru-el-origen-by-yellowlink/,URL anterior de la nota
/papa-merece-tecnologia-best-buy/,/noticias/papa-merece-tecnologia-best-buy/,URL anterior de la nota
/para-mejorar-la-vida-de-casi-2-millones-de-trabajadores-el-grupo-hm-alentara-a-los-proveedores-a-pagarles-a-los-trabajadores-de-manera-digital/,/noticias/para-mejorar-la-vida-de-casi-2-millones-de-trabajadores-el-grupo-hm-alentara-a-los-proveedores-a-pagarles-a-los-trabajadores-de-manera-digital/,URL anterior de la nota
/pedido-canadiense-a-las-agencias-internacionales-para-que-investiguen-el-asesinato-de-berta-caceres/,/noticias/pedido-canadiense-a-las-agencias-internacionales-para-que-investiguen-el-asesinato-de-berta-caceres/,URL anterior de la nota
/pew-nombra-a-10-cientificos-latinoamericanos-como-becarios/,/noticias/pew-nombra-a-10-cientificos-latinoamericanos-como-becarios/,URL anterior de la nota
/pew-se-congratula-del-amplio-apoyo-mundial-a-las-propuestas-de-proteccion-de-tiburones-y-rayas/,/noticias/pew-se-congratula-del-amplio-apoyo-mundial-a-las-propuestas-de-proteccion-de-tiburones-y-rayas/,URL anterior de la nota
/phenomenome-discoveries-anuncia-la-exitosa-validacion-de-ovaware-un-simple-analisis-de-sangre-para-la-deteccion-precoz-de-cancer-de-ovario/,/noticias/phenomenome-discoveries-anuncia-la-exitosa-validacion-de-ovaware-un-simple-analisis-de-sangre-para-la-deteccion-precoz-de-cancer-de-ovario/,URL anterior de la nota
/phoenix-tower-international-cierra-la-compra-de-145-torres-de-telecomunicacion-inalambricas-y-derechos-de-mercadeo-sobre-400-sitios-de-viva-en-la-republica-dominicana/,/noticias/phoenix-tower-international-cierra-la-compra-de-145-torres-de-telecomunicacion-inalambricas-y-derechos-de-mercadeo-sobre-400-sitios-de-viva-en-la-republica-dominicana/,URL anterior de la nota
/polyeco-international-y-lamor-fusionan-sus-operaciones-de-servicios-internacionales-y-forman-polyeco-group-empresa-de-servicios-ambientales-totalmente-integrados/,/noticias/polyeco-international-y-lamor-fusionan-sus-operaciones-de-servicios-internacionales-y-forman-polyeco-group-empresa-de-servicios-ambientales-totalmente-integrados/,URL anterior de la nota
/por-que-snapchat-se-ha-convertido-en-una-interesante-herramienta-para-el-marketing-digital/,/mercadotecnia/marketing-digital/por-que-snapchat-se-ha-convertido-en-una-interesante-herramienta-para-el-marketing-digital/,URL anterior de la nota
/portadalat-anuncia-un-importante-listado-de-conferencistas-que-incluye-a-avon-meliahoteles-best-western-brown-forman-y-nestle/,/noticias/portadalat-anuncia-un-importante-listado-de-conferencistas-que-incluye-a-avon-meliahoteles-best-western-brown-forman-y-nestle/,URL anterior de la nota
/precision-aviation-group-pag-empresa-matriz-de-precision-heliparts-php-anuncia-la-inauguracion-de-nuevo-centro-en-sao-paulo-brasil/,/noticias/precision-aviation-group-pag-empresa-matriz-de-precision-heliparts-php-anuncia-la-inauguracion-de-nuevo-centro-en-sao-paulo-brasil/,URL anterior de la nota
/premian-a-daniel-chavez-moran-fundador-de-grupo-vidanta-como-empresario-del-ano/,/noticias/premian-a-daniel-chavez-moran-fundador-de-grupo-vidanta-como-empresario-del-ano/,URL anterior de la nota
/proveedores,/publicidad/,directorio retirado (temporal al pilar)
/proveedores/102-xm-comunicacion-sc,/publicidad/,directorio retirado (temporal al pilar)
/proveedores/106-intersexion-monterrey-s-c,/publicidad/,directorio retirado (temporal al pilar)
/proveedores/108-zale-graphic-s-a-de-c-v,/publicidad/,directorio retirado (temporal al pilar)
/proveedores/112-publicum-consultores-s-a-de-c-v,/publicidad/,directorio retirado (temporal al pilar)
/proveedores/114-amfar-sa-de-cv,/publicidad/,directorio retirado (temporal al pilar)
/proveedores/114-amfar-sa-de-cv/contactar,/publicidad/,directorio retirado (temporal al pilar)
/proveedores/116-grupo-ublicitario-del-golfo-s-a-de-c-v,/publicidad/,directorio retirado (temporal al pilar)
/proveedores/117-protarget-estrategia-profesional-s-a-de-c-v,/publicidad/,directorio retirado (temporal al pilar)
/proveedores/119-kubica,/publicidad/,directorio retirado (temporal al pilar)
/proveedores/120-grupo-alparied-s-a-de-c-v,/publicidad/,directorio retirado (temporal al pilar)
/proveedores/122-la-voz-de-michoacan-s-a-de-c-v,/publicidad/,directorio retirado (temporal al pilar)
/proveedores/123-comercializadora-vocafys-s-a-de-c-v,/publicidad/,directorio retirado (temporal al pilar)
/proveedores/125-intersexion-queretaro-s-c,/publicidad/,directorio retirado (temporal al pilar)
/proveedores/125-intersexion-queretaro-s-c/contactar,/publicidad/,directorio retirado (temporal al pilar)
/proveedores/132-zega-exhibit-design-s-a-de-c-v,/publicidad/,directorio retirado (temporal al pilar)
/proveedores/132-zega-exhibit-design-s-a-de-c-v/contactar,/publicidad/,directorio retirado (temporal al pilar)
/proveedores/133-cmyk-modelo-de-color,/publicidad/,directorio retirado (temporal al pilar)
/proveedores/145-grupo-stiletto-s-a-de-c-v,/publicidad/,directorio retirado (temporal al pilar)
/proveedores/150-corporacion-interpublic-mexicana-sa-de-cv,/publicidad/,directorio retirado (temporal al pilar)
/proveedores/150-corporacion-interpublic-mexicana-sa-de-cv/contactar,/publicidad/,directorio retirado (temporal al pilar)
/proveedores/150-corporacion-interpublic-mexicana-sa-de-cv/recomendar,/publicidad/,directorio retirado (temporal al pilar)
/proveedores/152-camaleon-films-sa-de-cv,/publicidad/,directorio retirado (temporal al pilar)
/proveedores/159-fusion-media-s-a-de-c-v,/publicidad/,directorio retirado (temporal al pilar)
/proveedores/161-xpres-xpresate-sa-de-cv,/publicidad/,directorio retirado (temporal al pilar)
/proveedores/165-publicolor,/publicidad/,directorio retirado (temporal al pilar)
/proveedores/169-sak,/publicidad/,directorio retirado (temporal al pilar)
/proveedores/170-publicom,/publicidad/,directorio retirado (temporal al pilar)
/proveedores/178-gsi-fabril-sa-de-cv,/publicidad/,directorio retirado (temporal al pilar)
/proveedores/187-playeras-joshua,/publicidad/,directorio retirado (temporal al pilar)
/proveedores/194-cyflex-s-a-de-c-v,/publicidad/,directorio retirado (temporal al pilar)
/proveedores/197-guias-exclusivas-s-a-de-c-v,/publicidad/,directorio retirado (temporal al pilar)
/proveedores/200-questa-de-mexico-s-a-de-c-v,/publicidad/,directorio retirado (temporal al pilar)
/proveedores/220-calcom-de-mexico,/publicidad/,directorio retirado (temporal al pilar)
/proveedores/221-eficolor,/publicidad/,directorio retirado (temporal al pilar)
/proveedores/221-eficolor/contactar,/publicidad/,directorio retirado (temporal al pilar)
/proveedores/223-sign-solutions-s-a-de-c-v,/publicidad/,directorio retirado (temporal al pilar)
/proveedores/223-sign-solutions-s-a-de-c-v/contactar,/publicidad/,directorio retirado (temporal al pilar)
/proveedores/227-publi-express,/publicidad/,directorio retirado (temporal al pilar)
/proveedores/230-yahoo-de-mexico-s-a-de-c-v,/publicidad/,directorio retirado (temporal al pilar)
/proveedores/238-d-mentes-creativas-s-de-rl,/publicidad/,directorio retirado (temporal al pilar)
/proveedores/239-isa-corporativo-s-a-de-c-v,/publicidad/,directorio retirado (temporal al pilar)
/proveedores/240-megapantallas-de-mexico-s-a-de-c-v,/publicidad/,directorio retirado (temporal al pilar)
/proveedores/249-publimerc,/publicidad/,directorio retirado (temporal al pilar)
/proveedores/262-comercializadora-publishuttle-sa-de-cv,/publicidad/,directorio retirado (temporal al pilar)
/proveedores/262-comercializadora-publishuttle-sa-de-cv/contactar,/publicidad/,directorio retirado (temporal al pilar)
/proveedores/266-west-mex-s-a-de-c-v,/publicidad/,directorio retirado (temporal al pilar)
/proveedores/268-publi-pac,/publicidad/,directorio retirado (temporal al pilar)
/proveedores/269-hyc-trade-business-s-a-de-c-v,/publicidad/,directorio retirado (temporal al pilar)
/proveedores/273-servicios-andes,/publicidad/,directorio retirado (temporal al pilar)
/proveedores/278-grupo-integra,/publicidad/,directorio retirado (temporal al pilar)
/proveedores/280-doble-l-comunicacion-e-informacion,/publicidad/,directorio retirado (temporal al pilar)
/proveedores/287-rumbo-publicaciones-s-c,/publicidad/,directorio retirado (temporal al pilar)
/proveedores/291-multi-signos-s-a-de-c-v,/publicidad/,directorio retirado (temporal al pilar)
/proveedores/293-aram-y-asociados-s-a-de-c-v,/publicidad/,directorio retirado (temporal al pilar)
/proveedores/294-lira,/publicidad/,directorio retirado (temporal al pilar)
/proveedores/298-habitat-creativo-sa-de-cv,/publicidad/,directorio retirado (temporal al pilar)
/proveedores/301-publi-anuncios,/publicidad/,directorio retirado (temporal al pilar)
/proveedores/303-creasunn-s-a-de-cv,/publicidad/,directorio retirado (temporal al pilar)
/proveedores/310-servicios-de-administracion-e-informatica-sa-de-cv,/publicidad/,directorio retirado (temporal al pilar)
/proveedores/321-otero-27,/publicidad/,directorio retirado (temporal al pilar)
/proveedores/322-grupo-estratega-de-publicidad-sa-de-cv,/publicidad/,directorio retirado (temporal al pilar)
/proveedores/323-publi-maya,/publicidad/,directorio retirado (temporal al pilar)
/proveedores/354-sacale-jugo-a-tu-marca-is-de-r-l-de-c-v,/publicidad/,directorio retirado (temporal al pilar)
/proveedores/354-sacale-jugo-a-tu-marca-is-de-r-l-de-c-v/contactar,/publicidad/,directorio retirado (temporal al pilar)
/proveedores/356-hildetex-s-a-de-c-v,/publicidad/,directorio retirado (temporal al pilar)
/proveedores/363-multimedia-del-sureste-s-a-de-c-v,/publicidad/,directorio retirado (temporal al pilar)
/proveedores/364-televisora-peninsular-s-a-de-c-v,/publicidad/,directorio retirado (temporal al pilar)
/proveedores/369-descar-s-a-de-c-v,/publicidad/,directorio retirado (temporal al pilar)
/proveedores/377-publicaciones-metropolitanas-s-a-de-c-v,/publicidad/,directorio retirado (temporal al pilar)
/proveedores/388-guia-conurbada,/publicidad/,directorio retirado (temporal al pilar)
/proveedores/403-publiservicios-vanguardia-s-a-de-c-v,/publicidad/,directorio retirado (temporal al pilar)
/proveedores/406-publimedia-los-cabos-sa-de-cv,/publicidad/,directorio retirado (temporal al pilar)
/proveedores/407-publiport-sa-de-cv,/publicidad/,directorio retirado (temporal al pilar)
/proveedores/411-informacion-del-noreste-s-a-de-c-v,/publicidad/,directorio retirado (temporal al pilar)
/proveedores/413-mentor-s-a-de-c-v,/publicidad/,directorio retirado (temporal al pilar)
/proveedores/415-publitec,/publicidad/,directorio retirado (temporal al pilar)
/proveedores/418-grupo-mistica-sa-de-cv,/publicidad/,directorio retirado (temporal al pilar)
/proveedores/419-screencast-s-a-p-i-de-cv,/publicidad/,directorio retirado (temporal al pilar)
/proveedores/422-arclad-de-mexico-sa-de-cv-oficinas,/publicidad/,directorio retirado (temporal al pilar)
/proveedores/429-empresas-isal-s-de-rl-de-cv,/publicidad/,directorio retirado (temporal al pilar)
/proveedores/429-empresas-isal-s-de-rl-de-cv/contactar,/publicidad/,directorio retirado (temporal al pilar)
/proveedores/431-grupo-signos-s-a-de-c-v,/publicidad/,directorio retirado (temporal al pilar)
/proveedores/442-daisa-proyectos,/publicidad/,directorio retirado (temporal al pilar)
/proveedores/444-grupo-hiperformas-del-bajio-s-a-de-c-v,/publicidad/,directorio retirado (temporal al pilar)
/proveedores/444-grupo-hiperformas-del-bajio-s-a-de-c-v/contactar,/publicidad/,directorio retirado (temporal al pilar)
/proveedores/444-grupo-hiperformas-del-bajio-s-a-de-c-v/recomendar,/publicidad/,directorio retirado (temporal al pilar)
/proveedores/449-beltran-y-bernal-stoopen-sc,/publicidad/,directorio retirado (temporal al pilar)
/proveedores/449-beltran-y-bernal-stoopen-sc/recomendar,/publicidad/,directorio retirado (temporal al pilar)
/proveedores/46-cap-servicios-empresariales-sa-de-cv,/publicidad/,directorio retirado (temporal al pilar)
/proveedores/473-spectradyne-international-inc,/publicidad/,directorio retirado (temporal al pilar)
/proveedores/476-numeros-creativos-s-c,/publicidad/,directorio retirado (temporal al pilar)
/proveedores/485-rapicolor,/publicidad/,directorio retirado (temporal al pilar)
/proveedores/486-jugo-de-tomate-s-a-de-c-v,/publicidad/,directorio retirado (temporal al pilar)
/proveedores/49-monsadria-s-a/contactar,/publicidad/,directorio retirado (temporal al pilar)
/proveedores/491-publimaya,/publicidad/,directorio retirado (temporal al pilar)
/proveedores/492-ramirez,/publicidad/,directorio retirado (temporal al pilar)
/proveedores/494-publi-imagen,/publicidad/,directorio retirado (temporal al pilar)
/proveedores/495-fazt-proveedor-de-publiservicios-sa-de-cv,/publicidad/,directorio retirado (temporal al pilar)
/proveedores/495-fazt-proveedor-de-publiservicios-sa-de-cv/recomendar,/publicidad/,directorio retirado (temporal al pilar)
/proveedores/510-calendarios-len,/publicidad/,directorio retirado (temporal al pilar)
/proveedores/524-calendarios-len,/publicidad/,directorio retirado (temporal al pilar)
/proveedores/53-telepersonal-s-a-d-e-c-v,/publicidad/,directorio retirado (temporal al pilar)
/proveedores/533-publitotal-sa-de-cv,/publicidad/,directorio retirado (temporal al pilar)
/proveedores/533-publitotal-sa-de-cv/contactar,/publicidad/,directorio retirado (temporal al pilar)
/proveedores/542-sign-fussion-s-a-de-c-v,/publicidad/,directorio retirado (temporal al pilar)
/proveedores/543-comercializadora-chester-s-a-de-c-v,/publicidad/,directorio retirado (temporal al pilar)
/proveedores/551-publicaciones-del-chuviscar-s-a-de-c-v,/publicidad/,directorio retirado (temporal al pilar)
/proveedores/556-north-american-mailing-services-s-de-r-l-de-c-v,/publicidad/,directorio retirado (temporal al pilar)
/proveedores/556-north-american-mailing-services-s-de-r-l-de-c-v/contactar,/publicidad/,directorio retirado (temporal al pilar)
/proveedores/557-producciones-signaleticas-mexicanas-s-a-de-c-v,/publicidad/,directorio retirado (temporal al pilar)
/proveedores/557-producciones-signaleticas-mexicanas-s-a-de-c-v/contactar,/publicidad/,directorio retirado (temporal al pilar)
/proveedores/56-grupo-creativos,/publicidad/,directorio retirado (temporal al pilar)
/proveedores/560-ponme-imagen-s-a-de-c-v,/publicidad/,directorio retirado (temporal al pilar)
/proveedores/561-comercializadora-megaprint-s-de-r-l-de-c-v,/publicidad/,directorio retirado (temporal al pilar)
/proveedores/580-bunker-y-taylor-s-a-de-c-v,/publicidad/,directorio retirado (temporal al pilar)
/proveedores/588-aseco-sa-de-cv,/publicidad/,directorio retirado (temporal al pilar)
/proveedores/60-liselot-s-a-de-c-v,/publicidad/,directorio retirado (temporal al pilar)
/proveedores/600-snell-ventures-s-de-rl-de-cv,/publicidad/,directorio retirado (temporal al pilar)
/proveedores/601-g4-de-mexico-s-a-de-c-v,/publicidad/,directorio retirado (temporal al pilar)
/proveedores/602-comercializadora-gps-2000-sa-de-cv,/publicidad/,directorio retirado (temporal al pilar)
/proveedores/603-comercabos-sa-de-cv,/publicidad/,directorio retirado (temporal al pilar)
/proveedores/603-comercabos-sa-de-cv/contactar,/publicidad/,directorio retirado (temporal al pilar)
/proveedores/608-anuncios-luminosos-neon-america,/publicidad/,directorio retirado (temporal al pilar)
/proveedores/64-vea-de-occidente-s-a-de-c-v,/publicidad/,directorio retirado (temporal al pilar)
/proveedores/645-saga-del-cupatitzio-s-a-de-c-v,/publicidad/,directorio retirado (temporal al pilar)
/proveedores/649-empresa-de-tecnologia-virtual-sa-de-cv,/publicidad/,directorio retirado (temporal al pilar)
/proveedores/67-enfiestate-com,/publicidad/,directorio retirado (temporal al pilar)
/proveedores/673-capaco-sa-de-cv,/publicidad/,directorio retirado (temporal al pilar)
/proveedores/68-cortina-tagle-isoard-y-cia-sc,/publicidad/,directorio retirado (temporal al pilar)
/proveedores/69-veloga-sa-de-cv,/publicidad/,directorio retirado (temporal al pilar)
/proveedores/692-profesionales-de-playa-mujeres-sa-de-cv,/publicidad/,directorio retirado (temporal al pilar)
/proveedores/70-publycom-s-a-de-c-v,/publicidad/,directorio retirado (temporal al pilar)
/proveedores/716-gmb-comunicaciones-sa-de-cv,/publicidad/,directorio retirado (temporal al pilar)
/proveedores/730-publi-1000,/publicidad/,directorio retirado (temporal al pilar)
/proveedores/730-publi-1000/contactar,/publicidad/,directorio retirado (temporal al pilar)
/proveedores/732-publiplaya,/publicidad/,directorio retirado (temporal al pilar)
/proveedores/74-grupo-chong-signs,/publicidad/,directorio retirado (temporal al pilar)
/proveedores/87-licon-y-asociados-s-a-de-c-v,/publicidad/,directorio retirado (temporal al pilar)
/proveedores/87-licon-y-asociados-s-a-de-c-v/contactar,/publicidad/,directorio retirado (temporal al pilar)
/proveedores/89-grupo-ojeda,/publicidad/,directorio retirado (temporal al pilar)
/proveedores/90-publi-shine-s-a-de-c-v,/publicidad/,directorio retirado (temporal al pilar)
/proveedores/92-global-media-asesores-s-a-de-c-v,/publicidad/,directorio retirado (temporal al pilar)
/proveedores/95-quiero-media-s-a-de-c-v,/publicidad/,directorio retirado (temporal al pilar)
/proveedores/97-editorial-magesa-s-a-de-c-v,/publicidad/,directorio retirado (temporal al pilar)
/proveedores/99-angelus-producciones-s-a-de-c-v,/publicidad/,directorio retirado (temporal al pilar)
/proveedores/activaciones,/publicidad/,directorio retirado (temporal al pilar)
/proveedores/activaciones/256-5w-mexico-sa-cv,/publicidad/,directorio retirado (temporal al pilar)
/proveedores/agencias,/publicidad/,directorio retirado (temporal al pilar)
/proveedores/agencias/502-directo-agencia-s-a-de-c-v,/publicidad/,directorio retirado (temporal al pilar)
/proveedores/agencias/agencias-de-diseno/777-agencia-de-diseno-industrial-traktor-lab,/publicidad/,directorio retirado (temporal al pilar)
/proveedores/agencias/agencias-de-medios,/publicidad/,directorio retirado (temporal al pilar)
/proveedores/agencias/agencias-de-medios/209-business-y-medios-s-a-de-c-v,/publicidad/,directorio retirado (temporal al pilar)
/proveedores/agencias/agencias-de-medios/231-impactos-frecuencia-y-cobertura-en-medios-sa-de-cv,/publicidad/,directorio retirado (temporal al pilar)
/proveedores/agencias/agencias-de-medios/279-ingenieria-creativa-en-medios-s-c,/publicidad/,directorio retirado (temporal al pilar)
/proveedores/agencias/agencias-de-medios/397-digital-multimedios,/publicidad/,directorio retirado (temporal al pilar)
/proveedores/agencias/agencias-de-medios/563-estrategia-inteligente-de-medios-s-a-de-c-v,/publicidad/,directorio retirado (temporal al pilar)
/proveedores/agencias/agencias-de-medios/591-optimizacion-en-medios-s-a-de-c-v,/publicidad/,directorio retirado (temporal al pilar)
/proveedores/agencias/agencias-de-medios/594-impactos-frecuencia-y-cobertura-en-medios-sa-de-cv,/publicidad/,directorio retirado (temporal al pilar)
/proveedores/agencias/agencias-de-medios/594-impactos-frecuencia-y-cobertura-en-medios-sa-de-cv/contactar,/publicidad/,directorio retirado (temporal al pilar)
/proveedores/agencias/agencias-de-medios/595-top-medios-s-a-de-c-v,/publicidad/,directorio retirado (temporal al pilar)
/proveedores/agencias/agencias-de-medios/626-corporativo-medios-en-movimiento-s-a-de-c-v,/publicidad/,directorio retirado (temporal al pilar)
/proveedores/agencias/agencias-de-medios/647-alroja-medios-sa-de-cv,/publicidad/,directorio retirado (temporal al pilar)
/proveedores/agencias/agencias-de-medios/73-logica-en-medios-sa-de-cv,/publicidad/,directorio retirado (temporal al pilar)
/proveedores/agencias/agencias-de-medios/898-agencia-de-medios-initiative,/publicidad/,directorio retirado (temporal al pilar)
/proveedores/agencias/agencias-de-medios/899-agencia-de-medios-mediacorp,/publicidad/,directorio retirado (temporal al pilar)
/proveedores/agencias/agencias-de-medios/902-agencia-de-medios-nuklear,/publicidad/,directorio retirado (temporal al pilar)
/proveedores/agencias/agencias-de-medios/903-agencia-de-medios-omd-mexico,/publicidad/,directorio retirado (temporal al pilar)
/proveedores/agencias/agencias-de-medios/904-agencia-de-medios-promosat,/publicidad/,directorio retirado (temporal al pilar)
/proveedores/agencias/agencias-de-medios/905-agencia-de-medios-quiroga-agencia-de-medios,/publicidad/,directorio retirado (temporal al pilar)
/proveedores/agencias/agencias-de-medios/906-agencia-de-medios-zenithoptimedia,/publicidad/,directorio retirado (temporal al pilar)
/proveedores/agencias/agencias-de-medios/pagina1,/publicidad/,directorio retirado (temporal al pilar)
/proveedores/agencias/agencias-de-medios/todo,/publicidad/,directorio retirado (temporal al pilar)
/proveedores/agencias/agencias-de-mercadotecnia,/mercadotecnia/,directorio retirado (temporal al pilar)
/proveedores/agencias/agencias-de-mercadotecnia/1275-agencias-de-marketing-alternativa-mdi,/mercadotecnia/,directorio retirado (temporal al pilar)
/proveedores/agencias/agencias-de-mercadotecnia/1278-agencias-de-marketing-asylum-mexico,/mercadotecnia/,directorio retirado (temporal al pilar)
/proveedores/agencias/agencias-de-mercadotecnia/1280-agencias-de-marketing-branch-branding,/mercadotecnia/,directorio retirado (temporal al pilar)
/proveedores/agencias/agencias-de-mercadotecnia/1283-agencias-de-marketing-camaleon-marketing,/mercadotecnia/,directorio retirado (temporal al pilar)
/proveedores/agencias/agencias-de-mercadotecnia/1284-agencias-de-marketing-campus-marketing,/mercadotecnia/,directorio retirado (temporal al pilar)
/proveedores/agencias/agencias-de-mercadotecnia/1286-agencias-de-marketing-circulo-de-ideas-btl,/mercadotecnia/,directorio retirado (temporal al pilar)
/proveedores/agencias/agencias-de-mercadotecnia/1286-agencias-de-marketing-circulo-de-ideas-btl/contactar,/mercadotecnia/,directorio retirado (temporal al pilar)
/proveedores/agencias/agencias-de-mercadotecnia/1288-agencias-de-marketing-conceptmkt,/mercadotecnia/,directorio retirado (temporal al pilar)
/proveedores/agencias/agencias-de-mercadotecnia/1291-agencias-de-marketing-dharma-publicidad,/mercadotecnia/,directorio retirado (temporal al pilar)
/proveedores/agencias/agencias-de-mercadotecnia/1293-agencias-de-marketing-dialogo-boutique-creativa,/mercadotecnia/,directorio retirado (temporal al pilar)
/proveedores/agencias/agencias-de-mercadotecnia/1294-agencias-de-marketing-dlb-group-mexico,/mercadotecnia/,directorio retirado (temporal al pilar)
/proveedores/agencias/agencias-de-mercadotecnia/1296-agencias-de-marketing-el-orfanato-ideas-sin-madre,/mercadotecnia/,directorio retirado (temporal al pilar)
/proveedores/agencias/agencias-de-mercadotecnia/1301-agencias-de-marketing-exotic-marketing-group,/mercadotecnia/,directorio retirado (temporal al pilar)
/proveedores/agencias/agencias-de-mercadotecnia/1302-agencias-de-marketing-fidelity-marketing,/mercadotecnia/,directorio retirado (temporal al pilar)
/proveedores/agencias/agencias-de-mercadotecnia/1305-agencias-de-marketing-future-group,/mercadotecnia/,directorio retirado (temporal al pilar)
/proveedores/agencias/agencias-de-mercadotecnia/1306-agencias-de-marketing-genera-studio,/mercadotecnia/,directorio retirado (temporal al pilar)
/proveedores/agencias/agencias-de-mercadotecnia/1309-agencias-de-marketing-gideas,/mercadotecnia/,directorio retirado (temporal al pilar)
/proveedores/agencias/agencias-de-mercadotecnia/1318-agencias-de-marketing-keep-in-touch-marketing-mexico,/mercadotecnia/,directorio retirado (temporal al pilar)
/proveedores/agencias/agencias-de-mercadotecnia/1325-agencias-de-marketing-materia-gris,/mercadotecnia/,directorio retirado (temporal al pilar)
/proveedores/agencias/agencias-de-mercadotecnia/1326-agencias-de-marketing-matrix-marketing-oob,/mercadotecnia/,directorio retirado (temporal al pilar)
/proveedores/agencias/agencias-de-mercadotecnia/1335-agencias-de-marketing-pcc-brand-group-mexico,/mercadotecnia/,directorio retirado (temporal al pilar)
/proveedores/agencias/agencias-de-mercadotecnia/1338-agencias-de-marketing-publisenal,/mercadotecnia/,directorio retirado (temporal al pilar)
/proveedores/agencias/agencias-de-mercadotecnia/1339-agencias-de-marketing-publiza-marketing,/mercadotecnia/,directorio retirado (temporal al pilar)
/proveedores/agencias/agencias-de-mercadotecnia/1340-agencias-de-marketing-punto-tres,/mercadotecnia/,directorio retirado (temporal al pilar)
/proveedores/agencias/agencias-de-mercadotecnia/1341-agencias-de-marketing-quarks-consultoria-creativa,/mercadotecnia/,directorio retirado (temporal al pilar)
/proveedores/agencias/agencias-de-mercadotecnia/1343-agencias-de-marketing-revolver-radical,/mercadotecnia/,directorio retirado (temporal al pilar)
/proveedores/agencias/agencias-de-mercadotecnia/1344-agencias-de-marketing-rt-marketing,/mercadotecnia/,directorio retirado (temporal al pilar)
/proveedores/agencias/agencias-de-mercadotecnia/1345-agencias-de-marketing-ideas-ruizmed,/mercadotecnia/,directorio retirado (temporal al pilar)
/proveedores/agencias/agencias-de-mercadotecnia/1346-agencias-de-marketing-sensorik-mkt,/mercadotecnia/,directorio retirado (temporal al pilar)
/proveedores/agencias/agencias-de-mercadotecnia/1347-agencias-de-marketing-servipromer,/mercadotecnia/,directorio retirado (temporal al pilar)
/proveedores/agencias/agencias-de-mercadotecnia/358-ncyg-marketing-publicidad-y-producciones-sa-de-c-v,/mercadotecnia/,directorio retirado (temporal al pilar)
/proveedores/agencias/agencias-de-mercadotecnia/371-global-producciones-and-marketing-sa-de-cv,/mercadotecnia/,directorio retirado (temporal al pilar)
/proveedores/agencias/agencias-de-mercadotecnia/38-emkt-mx,/mercadotecnia/,directorio retirado (temporal al pilar)
/proveedores/agencias/agencias-de-mercadotecnia/652-servicios-de-asesoria-y-marketing-de-tamaulipas-sa-de-cv,/mercadotecnia/,directorio retirado (temporal al pilar)
/proveedores/agencias/agencias-de-mercadotecnia/748-agencia-de-comunicacion-y-marketing-abc-digital,/mercadotecnia/,directorio retirado (temporal al pilar)
/proveedores/agencias/agencias-de-mercadotecnia/749-agencia-de-comunicacion-y-marketing-agencia-i,/mercadotecnia/,directorio retirado (temporal al pilar)
/proveedores/agencias/agencias-de-mercadotecnia/752-agencia-de-comunicacion-y-marketing-central-media,/mercadotecnia/,directorio retirado (temporal al pilar)
/proveedores/agencias/agencias-de-mercadotecnia/754-agencia-de-comunicacion-y-marketing-concepto-total,/mercadotecnia/,directorio retirado (temporal al pilar)
/proveedores/agencias/agencias-de-mercadotecnia/758-agencia-de-comunicacion-y-marketing-godisruptive,/mercadotecnia/,directorio retirado (temporal al pilar)
/proveedores/agencias/agencias-de-mercadotecnia/759-agencia-de-comunicacion-y-marketing-grupo-axius,/mercadotecnia/,directorio retirado (temporal al pilar)
/proveedores/agencias/agencias-de-mercadotecnia/765-agencia-de-comunicacion-y-marketing-llorente-y-cuenca,/mercadotecnia/,directorio retirado (temporal al pilar)
/proveedores/agencias/agencias-de-mercadotecnia/766-agencia-de-comunicacion-y-marketing-pixel-siete,/mercadotecnia/,directorio retirado (temporal al pilar)
/proveedores/agencias/agencias-de-mercadotecnia/769-agencia-de-comunicacion-y-marketing-spalancati,/mercadotecnia/,directorio retirado (temporal al pilar)
/proveedores/agencias/agencias-de-mercadotecnia/771-agencia-de-comunicacion-y-marketing-tangerine-soul-pr,/mercadotecnia/,directorio retirado (temporal al pilar)
/proveedores/agencias/agencias-de-mercadotecnia/772-agencia-de-comunicacion-y-marketing-tengo-una-idea,/mercadotecnia/,directorio retirado (temporal al pilar)
/proveedores/agencias/agencias-de-mercadotecnia/773-agencia-de-comunicacion-y-marketing-teorus,/mercadotecnia/,directorio retirado (temporal al pilar)
/proveedores/agencias/agencias-de-mercadotecnia/774-agencia-de-comunicacion-y-marketing-the-jeffrey-group,/mercadotecnia/,directorio retirado (temporal al pilar)
/proveedores/agencias/agencias-de-mercadotecnia/775-agencia-de-comunicacion-y-marketing-vinter-marketing-vibrations,/mercadotecnia/,directorio retirado (temporal al pilar)
/proveedores/agencias/agencias-de-mercadotecnia/todo/pagina3,/mercadotecnia/,directorio retirado (temporal al pilar)
/proveedores/agencias/agencias-de-modelos,/publicidad/,directorio retirado (temporal al pilar)
/proveedores/agencias/agencias-de-modelos/9-boga-models-df,/publicidad/,directorio retirado (temporal al pilar)
/proveedores/agencias/agencias-de-modelos/907-agencia-de-modelos-agencia-de-modelos-mexico,/publicidad/,directorio retirado (temporal al pilar)
/proveedores/agencias/agencias-de-modelos/909-agencia-de-modelos-bravo-model,/publicidad/,directorio retirado (temporal al pilar)
/proveedores/agencias/agencias-de-modelos/910-agencia-de-modelos-captura-models,/publicidad/,directorio retirado (temporal al pilar)
/proveedores/agencias/agencias-de-modelos/915-agencia-de-modelos-gli-attori-casting,/publicidad/,directorio retirado (temporal al pilar)
/proveedores/agencias/agencias-de-modelos/917-agencia-de-modelos-lmnts-promotions,/publicidad/,directorio retirado (temporal al pilar)
/proveedores/agencias/agencias-de-modelos/918-agencia-de-modelos-look-models-mexico,/publicidad/,directorio retirado (temporal al pilar)
/proveedores/agencias/agencias-de-modelos/921-agencia-de-modelos-voala-models,/publicidad/,directorio retirado (temporal al pilar)
/proveedores/agencias/agencias-de-modelos/todo,/publicidad/,directorio retirado (temporal al pilar)
/proveedores/agencias/agencias-de-promocion,/publicidad/,directorio retirado (temporal al pilar)
/proveedores/agencias/agencias-de-promocion/922-agencia-de-promocion-advertising-and-promotion,/publicidad/,directorio retirado (temporal al pilar)
/proveedores/agencias/agencias-de-promocion/925-agencia-de-promocion-grupo-bahlcasa,/publicidad/,directorio retirado (temporal al pilar)
/proveedores/agencias/agencias-de-promocion/928-agencia-de-promocion-biruzz,/publicidad/,directorio retirado (temporal al pilar)
/proveedores/agencias/agencias-de-promocion/931-agencia-de-promocion-circus-marketing,/publicidad/,directorio retirado (temporal al pilar)
/proveedores/agencias/agencias-de-promocion/931-agencia-de-promocion-circus-marketing/contactar,/publicidad/,directorio retirado (temporal al pilar)
/proveedores/agencias/agencias-de-promocion/932-agencia-de-promocion-corporativo-pedrote,/publicidad/,directorio retirado (temporal al pilar)
/proveedores/agencias/agencias-de-promocion/932-agencia-de-promocion-corporativo-pedrote/contactar,/publicidad/,directorio retirado (temporal al pilar)
/proveedores/agencias/agencias-de-promocion/933-agencia-de-promocion-grupo-creatica,/publicidad/,directorio retirado (temporal al pilar)
/proveedores/agencias/agencias-de-promocion/934-agencia-de-promocion-grupo-ctp,/publicidad/,directorio retirado (temporal al pilar)
/proveedores/agencias/agencias-de-promocion/935-agencia-de-promocion-dinamica-en-mercadotecnia,/publicidad/,directorio retirado (temporal al pilar)
/proveedores/agencias/agencias-de-promocion/936-agencia-de-promocion-dinamerc,/publicidad/,directorio retirado (temporal al pilar)
/proveedores/agencias/agencias-de-promocion/943-agencia-de-promocion-glow-y-grow,/publicidad/,directorio retirado (temporal al pilar)
/proveedores/agencias/agencias-de-promocion/944-agencia-de-promocion-grupo-cepron,/publicidad/,directorio retirado (temporal al pilar)
/proveedores/agencias/agencias-de-promocion/947-agencia-de-promocion-grupo-sur-promociones,/publicidad/,directorio retirado (temporal al pilar)
/proveedores/agencias/agencias-de-promocion/950-agencia-de-promocion-inteligencia-avanzada,/publicidad/,directorio retirado (temporal al pilar)
/proveedores/agencias/agencias-de-promocion/950-agencia-de-promocion-inteligencia-avanzada/contactar,/publicidad/,directorio retirado (temporal al pilar)
/proveedores/agencias/agencias-de-promocion/951-agencia-de-promocion-grupo-interlinks,/publicidad/,directorio retirado (temporal al pilar)
/proveedores/agencias/agencias-de-promocion/952-agencia-de-promocion-market-pro-lideres-de-mercado,/publicidad/,directorio retirado (temporal al pilar)
/proveedores/agencias/agencias-de-promocion/953-agencia-de-promocion-menta-producciones,/publicidad/,directorio retirado (temporal al pilar)
/proveedores/agencias/agencias-de-promocion/954-agencia-de-promocion-mercalogic,/publicidad/,directorio retirado (temporal al pilar)
/proveedores/agencias/agencias-de-promocion/956-agencia-de-promocion-msprom,/publicidad/,directorio retirado (temporal al pilar)
/proveedores/agencias/agencias-de-promocion/957-agencia-de-promocion-pauta-creativa,/publicidad/,directorio retirado (temporal al pilar)
/proveedores/agencias/agencias-de-promocion/958-agencia-de-promocion-payroling,/publicidad/,directorio retirado (temporal al pilar)
/proveedores/agencias/agencias-de-promocion/963-agencia-de-promocion-marketing-y-promotion,/publicidad/,directorio retirado (temporal al pilar)
/proveedores/agencias/agencias-de-promocion/964-agencia-de-promocion-promolatina,/publicidad/,directorio retirado (temporal al pilar)
/proveedores/agencias/agencias-de-promocion/966-agencia-de-promocion-proprom,/publicidad/,directorio retirado (temporal al pilar)
/proveedores/agencias/agencias-de-promocion/970-agencia-de-promocion-red-promex,/publicidad/,directorio retirado (temporal al pilar)
/proveedores/agencias/agencias-de-promocion/971-agencia-de-promocion-ronin7,/publicidad/,directorio retirado (temporal al pilar)
/proveedores/agencias/agencias-de-promocion/974-agencia-de-promocion-shark-btl,/publicidad/,directorio retirado (temporal al pilar)
/proveedores/agencias/agencias-de-promocion/976-agencia-de-promocion-sinergia-xxi,/publicidad/,directorio retirado (temporal al pilar)
/proveedores/agencias/agencias-de-promocion/pagina3,/publicidad/,directorio retirado (temporal al pilar)
/proveedores/agencias/agencias-de-publicidad,/publicidad/,directorio retirado (temporal al pilar)
/proveedores/agencias/agencias-de-publicidad/1001-agencia-de-publicidad-arroyo-publicidad,/publicidad/,directorio retirado (temporal al pilar)
/proveedores/agencias/agencias-de-publicidad/1005-agencia-de-publicidad-bbdo-mexico,/publicidad/,directorio retirado (temporal al pilar)
/proveedores/agencias/agencias-de-publicidad/1007-agencia-de-publicidad-bypower,/publicidad/,directorio retirado (temporal al pilar)
/proveedores/agencias/agencias-de-publicidad/1011-agencia-de-publicidad-cheil-mexico,/publicidad/,directorio retirado (temporal al pilar)
/proveedores/agencias/agencias-de-publicidad/1012-agencia-de-publicidad-chilaquile-btl,/publicidad/,directorio retirado (temporal al pilar)
/proveedores/agencias/agencias-de-publicidad/1014-agencia-de-publicidad-clemente-camara-y-asociados,/publicidad/,directorio retirado (temporal al pilar)
/proveedores/agencias/agencias-de-publicidad/1015-agencia-de-publicidad-click-publicidad,/publicidad/,directorio retirado (temporal al pilar)
/proveedores/agencias/agencias-de-publicidad/1016-agencia-de-publicidad-com-comunicacion-integral,/publicidad/,directorio retirado (temporal al pilar)
/proveedores/agencias/agencias-de-publicidad/1018-agencia-de-publicidad-crecere-quorum,/publicidad/,directorio retirado (temporal al pilar)
/proveedores/agencias/agencias-de-publicidad/1023-agencia-de-publicidad-de-haro-publicidad,/publicidad/,directorio retirado (temporal al pilar)
/proveedores/agencias/agencias-de-publicidad/1024-agencia-de-publicidad-delta-group,/publicidad/,directorio retirado (temporal al pilar)
/proveedores/agencias/agencias-de-publicidad/1025-agencia-de-publicidad-dendrita-publicidad,/publicidad/,directorio retirado (temporal al pilar)
/proveedores/agencias/agencias-de-publicidad/1028-agencia-de-publicidad-euro-beker-rscg,/publicidad/,directorio retirado (temporal al pilar)
/proveedores/agencias/agencias-de-publicidad/1029-agencia-de-publicidad-grupo-ferrer,/publicidad/,directorio retirado (temporal al pilar)
/proveedores/agencias/agencias-de-publicidad/1031-agencia-de-publicidad-frente-btl,/publicidad/,directorio retirado (temporal al pilar)
/proveedores/agencias/agencias-de-publicidad/1031-agencia-de-publicidad-frente-btl/contactar,/publicidad/,directorio retirado (temporal al pilar)
/proveedores/agencias/agencias-de-publicidad/1032-agencia-de-publicidad-ganem-group,/publicidad/,directorio retirado (temporal al pilar)
/proveedores/agencias/agencias-de-publicidad/1034-agencia-de-publicidad-gaudelli-mcw,/publicidad/,directorio retirado (temporal al pilar)
/proveedores/agencias/agencias-de-publicidad/1036-agencia-de-publicidad-grey-global-group-mexico,/publicidad/,directorio retirado (temporal al pilar)
/proveedores/agencias/agencias-de-publicidad/1038-agencia-de-publicidad-guru-market,/publicidad/,directorio retirado (temporal al pilar)
/proveedores/agencias/agencias-de-publicidad/1039-agencia-de-publicidad-havas-worldwide-mexico,/publicidad/,directorio retirado (temporal al pilar)
/proveedores/agencias/agencias-de-publicidad/1040-agencia-de-publicidad-haz-comunicacion,/publicidad/,directorio retirado (temporal al pilar)
/proveedores/agencias/agencias-de-publicidad/1042-agencia-de-publicidad-imagogenia,/publicidad/,directorio retirado (temporal al pilar)
/proveedores/agencias/agencias-de-publicidad/1043-agencia-de-publicidad-imagic-group,/publicidad/,directorio retirado (temporal al pilar)
/proveedores/agencias/agencias-de-publicidad/1044-agencia-de-publicidad-increapublicidad,/publicidad/,directorio retirado (temporal al pilar)
/proveedores/agencias/agencias-de-publicidad/1045-agencia-de-publicidad-inmotion-productions,/publicidad/,directorio retirado (temporal al pilar)
/proveedores/agencias/agencias-de-publicidad/1046-agencia-de-publicidad-in-situ-publicidad,/publicidad/,directorio retirado (temporal al pilar)
/proveedores/agencias/agencias-de-publicidad/1048-agencia-de-publicidad-jwt-mexico,/publicidad/,directorio retirado (temporal al pilar)
/proveedores/agencias/agencias-de-publicidad/1050-agencia-de-publicidad-la-doble-vida,/publicidad/,directorio retirado (temporal al pilar)
/proveedores/agencias/agencias-de-publicidad/1052-agencia-de-publicidad-lagencita,/publicidad/,directorio retirado (temporal al pilar)
/proveedores/agencias/agencias-de-publicidad/1053-agencia-de-publicidad-lebrija-rubio-publicidad,/publicidad/,directorio retirado (temporal al pilar)
/proveedores/agencias/agencias-de-publicidad/1053-agencia-de-publicidad-lebrija-rubio-publicidad/contactar,/publicidad/,directorio retirado (temporal al pilar)
/proveedores/agencias/agencias-de-publicidad/1054-agencia-de-publicidad-leo-burnett-mexico,/publicidad/,directorio retirado (temporal al pilar)
/proveedores/agencias/agencias-de-publicidad/1055-agencia-de-publicidad-lowe,/publicidad/,directorio retirado (temporal al pilar)
/proveedores/agencias/agencias-de-publicidad/1056-agencia-de-publicidad-magnus-mccoy,/publicidad/,directorio retirado (temporal al pilar)
/proveedores/agencias/agencias-de-publicidad/1060-agencia-de-publicidad-medellin-publicistas,/publicidad/,directorio retirado (temporal al pilar)
/proveedores/agencias/agencias-de-publicidad/1061-agencia-de-publicidad-möller-comunicacion-de-marcas,/publicidad/,directorio retirado (temporal al pilar)
/proveedores/agencias/agencias-de-publicidad/1066-agencia-de-publicidad-ninja,/publicidad/,directorio retirado (temporal al pilar)
/proveedores/agencias/agencias-de-publicidad/1068-agencia-de-publicidad-ogilvy-y-mather,/publicidad/,directorio retirado (temporal al pilar)
/proveedores/agencias/agencias-de-publicidad/1069-agencia-de-publicidad-olabuenaga-chemistri,/publicidad/,directorio retirado (temporal al pilar)
/proveedores/agencias/agencias-de-publicidad/1074-agencia-de-publicidad-pgiovascom,/publicidad/,directorio retirado (temporal al pilar)
/proveedores/agencias/agencias-de-publicidad/1076-agencia-de-publicidad-pico-adworks,/publicidad/,directorio retirado (temporal al pilar)
/proveedores/agencias/agencias-de-publicidad/1077-agencia-de-publicidad-pool-creativo,/publicidad/,directorio retirado (temporal al pilar)
/proveedores/agencias/agencias-de-publicidad/1078-agencia-de-publicidad-postermedia,/publicidad/,directorio retirado (temporal al pilar)
/proveedores/agencias/agencias-de-publicidad/1079-agencia-de-publicidad-primitivo-publicidad,/publicidad/,directorio retirado (temporal al pilar)
/proveedores/agencias/agencias-de-publicidad/1080-agencia-de-publicidad-promarket,/publicidad/,directorio retirado (temporal al pilar)
/proveedores/agencias/agencias-de-publicidad/1081-agencia-de-publicidad-promo-express,/publicidad/,directorio retirado (temporal al pilar)
/proveedores/agencias/agencias-de-publicidad/1082-agencia-de-publicidad-proyecta-live-brand,/publicidad/,directorio retirado (temporal al pilar)
/proveedores/agencias/agencias-de-publicidad/1083-agencia-de-publicidad-proyecta-publicidad,/publicidad/,directorio retirado (temporal al pilar)
/proveedores/agencias/agencias-de-publicidad/1084-agencia-de-publicidad-publicidad-global-mexico,/publicidad/,directorio retirado (temporal al pilar)
/proveedores/agencias/agencias-de-publicidad/1085-agencia-de-publicidad-publicis-mexico,/publicidad/,directorio retirado (temporal al pilar)
/proveedores/agencias/agencias-de-publicidad/1086-agencia-de-publicidad-publycity,/publicidad/,directorio retirado (temporal al pilar)
/proveedores/agencias/agencias-de-publicidad/1088-agencia-de-publicidad-el-recreo-comunicacion,/publicidad/,directorio retirado (temporal al pilar)
/proveedores/agencias/agencias-de-publicidad/1088-agencia-de-publicidad-el-recreo-comunicacion/contactar,/publicidad/,directorio retirado (temporal al pilar)
/proveedores/agencias/agencias-de-publicidad/1090-agencia-de-publicidad-nazca-saatchi-y-saatchi,/publicidad/,directorio retirado (temporal al pilar)
/proveedores/agencias/agencias-de-publicidad/1092-agencia-de-publicidad-seis-grados,/publicidad/,directorio retirado (temporal al pilar)
/proveedores/agencias/agencias-de-publicidad/1096-agencia-de-publicidad-spora-publicidad-y-diseno-grafico,/publicidad/,directorio retirado (temporal al pilar)
/proveedores/agencias/agencias-de-publicidad/110-publicidad-osorio,/publicidad/,directorio retirado (temporal al pilar)
/proveedores/agencias/agencias-de-publicidad/1100-agencia-de-publicidad-synapsis-de-mexico,/publicidad/,directorio retirado (temporal al pilar)
/proveedores/agencias/agencias-de-publicidad/1104-agencia-de-publicidad-titan-mexico,/publicidad/,directorio retirado (temporal al pilar)
/proveedores/agencias/agencias-de-publicidad/1105-agencia-de-publicidad-todolocontrario,/publicidad/,directorio retirado (temporal al pilar)
/proveedores/agencias/agencias-de-publicidad/1106-agencia-de-publicidad-tovar-mina-y-asociados/contactar,/publicidad/,directorio retirado (temporal al pilar)
/proveedores/agencias/agencias-de-publicidad/1107-agencia-de-publicidad-grupo-vale-euro-rscg,/publicidad/,directorio retirado (temporal al pilar)
/proveedores/agencias/agencias-de-publicidad/1107-agencia-de-publicidad-grupo-vale-euro-rscg/contactar,/publicidad/,directorio retirado (temporal al pilar)
/proveedores/agencias/agencias-de-publicidad/1108-agencia-de-publicidad-visual-latina,/publicidad/,directorio retirado (temporal al pilar)
/proveedores/agencias/agencias-de-publicidad/1110-agencia-de-publicidad-vux,/publicidad/,directorio retirado (temporal al pilar)
/proveedores/agencias/agencias-de-publicidad/1111-agencia-de-publicidad-w360°,/publicidad/,directorio retirado (temporal al pilar)
/proveedores/agencias/agencias-de-publicidad/1113-agencia-de-publicidad-ar-weitzner-y-asociados,/publicidad/,directorio retirado (temporal al pilar)
/proveedores/agencias/agencias-de-publicidad/1117-agencia-de-publicidad-xpand-marketing-group,/publicidad/,directorio retirado (temporal al pilar)
/proveedores/agencias/agencias-de-publicidad/1120-agencia-de-publicidad-zeta-publicidad,/publicidad/,directorio retirado (temporal al pilar)
/proveedores/agencias/agencias-de-publicidad/1121-agencia-de-publicidad-zoo,/publicidad/,directorio retirado (temporal al pilar)
/proveedores/agencias/agencias-de-publicidad/1146-agencia-de-publicidad-farmaceutica-adacosta,/publicidad/,directorio retirado (temporal al pilar)
/proveedores/agencias/agencias-de-publicidad/1148-agencia-de-publicidad-farmaceutica-asterisco-healthcare-communications,/publicidad/,directorio retirado (temporal al pilar)
/proveedores/agencias/agencias-de-publicidad/1150-agencia-de-publicidad-farmaceutica-carlos-ascobereta-publicidad,/publicidad/,directorio retirado (temporal al pilar)
/proveedores/agencias/agencias-de-publicidad/1151-agencia-de-publicidad-farmaceutica-cdyp-concepto-diseno-y-publicidad,/publicidad/,directorio retirado (temporal al pilar)
/proveedores/agencias/agencias-de-publicidad/1153-agencia-de-publicidad-farmaceutica-ifloat-mexico,/publicidad/,directorio retirado (temporal al pilar)
/proveedores/agencias/agencias-de-publicidad/1154-agencia-de-publicidad-farmaceutica-marketing-latino,/publicidad/,directorio retirado (temporal al pilar)
/proveedores/agencias/agencias-de-publicidad/1156-agencia-de-publicidad-farmaceutica-punto-pen,/publicidad/,directorio retirado (temporal al pilar)
/proveedores/agencias/agencias-de-publicidad/1157-agencia-de-publicidad-farmaceutica-queruva,/publicidad/,directorio retirado (temporal al pilar)
/proveedores/agencias/agencias-de-publicidad/1159-agencia-de-publicidad-farmaceutica-timspa,/publicidad/,directorio retirado (temporal al pilar)
/proveedores/agencias/agencias-de-publicidad/141-pimsa-publicidad-s-a-de-c-v,/publicidad/,directorio retirado (temporal al pilar)
/proveedores/agencias/agencias-de-publicidad/163-publicidad-de-aguinaga-sa-de-cv,/publicidad/,directorio retirado (temporal al pilar)
/proveedores/agencias/agencias-de-publicidad/205-mi-publicidad,/publicidad/,directorio retirado (temporal al pilar)
/proveedores/agencias/agencias-de-publicidad/232-mr-publicidad-s-a-de-c-v,/publicidad/,directorio retirado (temporal al pilar)
/proveedores/agencias/agencias-de-publicidad/232-mr-publicidad-s-a-de-c-v/contactar,/publicidad/,directorio retirado (temporal al pilar)
/proveedores/agencias/agencias-de-publicidad/271-o-k-publicidad,/publicidad/,directorio retirado (temporal al pilar)
/proveedores/agencias/agencias-de-publicidad/290-extra-publicidad,/publicidad/,directorio retirado (temporal al pilar)
/proveedores/agencias/agencias-de-publicidad/296-publicidad-activa-mobil-s-a-de-c-v,/publicidad/,directorio retirado (temporal al pilar)
/proveedores/agencias/agencias-de-publicidad/302-csm-publicidad-s-a-de-c-v,/publicidad/,directorio retirado (temporal al pilar)
/proveedores/agencias/agencias-de-publicidad/318-publidigital,/publicidad/,directorio retirado (temporal al pilar)
/proveedores/agencias/agencias-de-publicidad/360-blau-publicidad,/publicidad/,directorio retirado (temporal al pilar)
/proveedores/agencias/agencias-de-publicidad/367-maxima-publicidad,/publicidad/,directorio retirado (temporal al pilar)
/proveedores/agencias/agencias-de-publicidad/380-isi-publicidad,/publicidad/,directorio retirado (temporal al pilar)
/proveedores/agencias/agencias-de-publicidad/384-oh-publicidad-y-negocios,/publicidad/,directorio retirado (temporal al pilar)
/proveedores/agencias/agencias-de-publicidad/390-creatimex-publicidad-sa-de-cv,/publicidad/,directorio retirado (temporal al pilar)
/proveedores/agencias/agencias-de-publicidad/497-computadoras-y-publicidad-s-a-de-c-v,/publicidad/,directorio retirado (temporal al pilar)
/proveedores/agencias/agencias-de-publicidad/498-grupo-comercial-coagsa-digital-sa-de-cv/contactar,/publicidad/,directorio retirado (temporal al pilar)
/proveedores/agencias/agencias-de-publicidad/529-xpresate-publicidad,/publicidad/,directorio retirado (temporal al pilar)
/proveedores/agencias/agencias-de-publicidad/530-matisse-publicidad,/publicidad/,directorio retirado (temporal al pilar)
/proveedores/agencias/agencias-de-publicidad/582-orlandos-publicidad,/publicidad/,directorio retirado (temporal al pilar)
/proveedores/agencias/agencias-de-publicidad/589-consultoria-y-asesoria-en-publicidad-sa-de-cv,/publicidad/,directorio retirado (temporal al pilar)
/proveedores/agencias/agencias-de-publicidad/611-a-publicidad,/publicidad/,directorio retirado (temporal al pilar)
/proveedores/agencias/agencias-de-publicidad/618-tisca-publicidad,/publicidad/,directorio retirado (temporal al pilar)
/proveedores/agencias/agencias-de-publicidad/62-instituto-de-mercadotecnia-y-publicidad-sc,/publicidad/,directorio retirado (temporal al pilar)
/proveedores/agencias/agencias-de-publicidad/621-publicidad-augusto-elias-s-a-de-c-v,/publicidad/,directorio retirado (temporal al pilar)
/proveedores/agencias/agencias-de-publicidad/621-publicidad-augusto-elias-s-a-de-c-v/contactar,/publicidad/,directorio retirado (temporal al pilar)
/proveedores/agencias/agencias-de-publicidad/625-trazo-corporativo-en-publicidad-sa-de-cv,/publicidad/,directorio retirado (temporal al pilar)
/proveedores/agencias/agencias-de-publicidad/628-bimad-publicidad-s-a-de-c-v,/publicidad/,directorio retirado (temporal al pilar)
/proveedores/agencias/agencias-de-publicidad/641-reyes-cano-publicidad-sa-de-cv,/publicidad/,directorio retirado (temporal al pilar)
/proveedores/agencias/agencias-de-publicidad/644-comercializadora-copasi-publicidad,/publicidad/,directorio retirado (temporal al pilar)
/proveedores/agencias/agencias-de-publicidad/677-casa-publicidad-y-asociados-s-a-de-c-v,/publicidad/,directorio retirado (temporal al pilar)
/proveedores/agencias/agencias-de-publicidad/680-contreras-publicidad,/publicidad/,directorio retirado (temporal al pilar)
/proveedores/agencias/agencias-de-publicidad/735-publimedios,/publicidad/,directorio retirado (temporal al pilar)
/proveedores/agencias/agencias-de-publicidad/84-integra-tu-publicidad-sc,/publicidad/,directorio retirado (temporal al pilar)
/proveedores/agencias/agencias-de-publicidad/91-publicidad-de-aguinaga-s-a-de-c-v,/publicidad/,directorio retirado (temporal al pilar)
/proveedores/agencias/agencias-de-publicidad/982-agencia-de-publicidad-021-comunicaciones,/publicidad/,directorio retirado (temporal al pilar)
/proveedores/agencias/agencias-de-publicidad/985-agencia-de-publicidad-area6,/publicidad/,directorio retirado (temporal al pilar)
/proveedores/agencias/agencias-de-publicidad/992-agencia-de-publicidad-alazraki-y-asociados,/publicidad/,directorio retirado (temporal al pilar)
/proveedores/agencias/agencias-de-publicidad/994-agencia-de-publicidad-alvarado-molina,/publicidad/,directorio retirado (temporal al pilar)
/proveedores/agencias/agencias-de-publicidad/997-agencia-de-publicidad-amk-healthcare,/publicidad/,directorio retirado (temporal al pilar)
/proveedores/agencias/agencias-de-publicidad/pagina12,/publicidad/,directorio retirado (temporal al pilar)
/proveedores/agencias/agencias-de-publicidad/pagina6,/publicidad/,directorio retirado (temporal al pilar)
/proveedores/agencias/agencias-de-publicidad/pagina9,/publicidad/,directorio retirado (temporal al pilar)
/proveedores/agencias/agencias-de-recursos-humanos/1160-agencia-de-recursos-humanos-cm-talent-y-development,/mercadotecnia/,directorio retirado (temporal al pilar)
/proveedores/agencias/agencias-de-recursos-humanos/1165-agencia-de-recursos-humanos-hm-consultores,/mercadotecnia/,directorio retirado (temporal al pilar)
/proveedores/agencias/agencias-de-recursos-humanos/1171-agencia-de-recursos-humanos-mexidooro-internacional,/mercadotecnia/,directorio retirado (temporal al pilar)
/proveedores/agencias/agencias-de-recursos-humanos/1175-agencia-de-recursos-humanos-rolling-personnel,/mercadotecnia/,directorio retirado (temporal al pilar)
/proveedores/agencias/agencias-de-recursos-humanos/1177-agencia-de-recursos-humanos-suplementos-corporativos,/mercadotecnia/,directorio retirado (temporal al pilar)
/proveedores/agencias/agencias-de-tecnologia/1221-agencia-de-tecnologia-monere-business,/mercadotecnia/,directorio retirado (temporal al pilar)
/proveedores/agencias/agencias-de-tecnologia/1224-agencia-de-tecnologia-tkinov,/mercadotecnia/,directorio retirado (temporal al pilar)
/proveedores/agencias/agencias-de-tecnologia/1224-agencia-de-tecnologia-tkinov/contactar,/mercadotecnia/,directorio retirado (temporal al pilar)
/proveedores/agencias/agencias-de-tecnologia/1716-soporte-tecnico-it-sistemas-tecnocen,/mercadotecnia/,directorio retirado (temporal al pilar)
/proveedores/agencias/rp-s,/publicidad/,directorio retirado (temporal al pilar)
/proveedores/agencias/rp-s/1183-agencia-de-relaciones-publicas-audacia-comunicacion,/publicidad/,directorio retirado (temporal al pilar)
/proveedores/agencias/rp-s/1185-agencia-de-relaciones-publicas-cohn-y-wolfe-mexico,/publicidad/,directorio retirado (temporal al pilar)
/proveedores/agencias/rp-s/1189-agencia-de-relaciones-publicas-enlace-integral,/publicidad/,directorio retirado (temporal al pilar)
/proveedores/agencias/rp-s/1190-agencia-de-relaciones-publicas-eureka-y-co,/publicidad/,directorio retirado (temporal al pilar)
/proveedores/agencias/rp-s/1191-agencia-de-relaciones-publicas-euroamerica,/publicidad/,directorio retirado (temporal al pilar)
/proveedores/agencias/rp-s/1193-agencia-de-relaciones-publicas-fleishmanhillard-mexico,/publicidad/,directorio retirado (temporal al pilar)
/proveedores/agencias/rp-s/1194-agencia-de-relaciones-publicas-grupo-public,/publicidad/,directorio retirado (temporal al pilar)
/proveedores/agencias/rp-s/1196-agencia-de-relaciones-publicas-iq-pr,/publicidad/,directorio retirado (temporal al pilar)
/proveedores/agencias/rp-s/1197-agencia-de-relaciones-publicas-kaleidoscopio-pr,/publicidad/,directorio retirado (temporal al pilar)
/proveedores/agencias/rp-s/1203-agencia-de-relaciones-publicas-makken-rrpp,/publicidad/,directorio retirado (temporal al pilar)
/proveedores/agencias/rp-s/1205-agencia-de-relaciones-publicas-massideas,/publicidad/,directorio retirado (temporal al pilar)
/proveedores/agencias/rp-s/1209-agencia-de-relaciones-publicas-penagos-comunicacion,/publicidad/,directorio retirado (temporal al pilar)
/proveedores/agencias/rp-s/1210-agencia-de-relaciones-publicas-31416r-relaciones-publicas,/publicidad/,directorio retirado (temporal al pilar)
/proveedores/agencias/todo/pagina17,/publicidad/,directorio retirado (temporal al pilar)
/proveedores/agencias/todo/pagina2,/publicidad/,directorio retirado (temporal al pilar)
/proveedores/agencias/todo/pagina9,/publicidad/,directorio retirado (temporal al pilar)
/proveedores/buscar-por/city,/publicidad/,directorio retirado (temporal al pilar)
/proveedores/buscar-por/city/15,/publicidad/,directorio retirado (temporal al pilar)
/proveedores/buscar-por/city/23,/publicidad/,directorio retirado (temporal al pilar)
/proveedores/buscar-por/city/26,/publicidad/,directorio retirado (temporal al pilar)
/proveedores/buscar-por/city/42,/publicidad/,directorio retirado (temporal al pilar)
/proveedores/buscar-por/city/5,/publicidad/,directorio retirado (temporal al pilar)
/proveedores/buscar-por/city/7,/publicidad/,directorio retirado (temporal al pilar)
/proveedores/buscar-por/city/8,/publicidad/,directorio retirado (temporal al pilar)
/proveedores/buscar-por/country/16,/publicidad/,directorio retirado (temporal al pilar)
/proveedores/buscar-por/country/17,/publicidad/,directorio retirado (temporal al pilar)
/proveedores/buscar-por/country/19,/publicidad/,directorio retirado (temporal al pilar)
/proveedores/buscar-por/country/2,/publicidad/,directorio retirado (temporal al pilar)
/proveedores/buscar-por/country/26,/publicidad/,directorio retirado (temporal al pilar)
/proveedores/buscar-por/country/3,/publicidad/,directorio retirado (temporal al pilar)
/proveedores/buscar-por/country/31,/publicidad/,directorio retirado (temporal al pilar)
/proveedores/buscar-por/country/32,/publicidad/,directorio retirado (temporal al pilar)
/proveedores/buscar-por/country/33,/publicidad/,directorio retirado (temporal al pilar)
/proveedores/buscar-por/country/45,/publicidad/,directorio retirado (temporal al pilar)
/proveedores/buscar-por/country/5,/publicidad/,directorio retirado (temporal al pilar)
/proveedores/buscar-por/country/61,/publicidad/,directorio retirado (temporal al pilar)
/proveedores/buscar-por/country/64,/publicidad/,directorio retirado (temporal al pilar)
/proveedores/buscar-por/country/70,/publicidad/,directorio retirado (temporal al pilar)
/proveedores/buscar-por/country/77,/publicidad/,directorio retirado (temporal al pilar)
/proveedores/buscar-por/state,/publicidad/,directorio retirado (temporal al pilar)
/proveedores/buscar-por/state/1,/publicidad/,directorio retirado (temporal al pilar)
/proveedores/buscar-por/state/10,/publicidad/,directorio retirado (temporal al pilar)
/proveedores/buscar-por/state/53,/publicidad/,directorio retirado (temporal al pilar)
/proveedores/campanas-politicas,/publicidad/,directorio retirado (temporal al pilar)
/proveedores/capacitacion-y-cursos/741-agencia-de-capacitacion-achieveglobal,/emprendimiento/,directorio retirado (temporal al pilar)
/proveedores/capacitacion-y-cursos/742-agencia-de-capacitacion-alef-consultores,/emprendimiento/,directorio retirado (temporal al pilar)
/proveedores/convenciones/aerolineas/37-aeromexico,/publicidad/,directorio retirado (temporal al pilar)
/proveedores/convenciones/aerolineas/41-volaris,/publicidad/,directorio retirado (temporal al pilar)
/proveedores/diseno,/publicidad/,directorio retirado (temporal al pilar)
/proveedores/diseno/1368-despacho-de-diseno-adc-global-creativity,/publicidad/,directorio retirado (temporal al pilar)
/proveedores/diseno/1370-despacho-de-diseno-arg-comunicacion,/publicidad/,directorio retirado (temporal al pilar)
/proveedores/diseno/1381-despacho-de-diseno-diseno-y-publicidad-mexicana,/publicidad/,directorio retirado (temporal al pilar)
/proveedores/diseno/1386-despacho-de-diseno-estop-diseno,/publicidad/,directorio retirado (temporal al pilar)
/proveedores/diseno/1395-despacho-de-diseno-kolazh-diseno-grafico,/publicidad/,directorio retirado (temporal al pilar)
/proveedores/diseno/1398-despacho-de-diseno-lerf-diseno,/publicidad/,directorio retirado (temporal al pilar)
/proveedores/diseno/1401-despacho-de-diseno-metanoia-publicidad,/publicidad/,directorio retirado (temporal al pilar)
/proveedores/diseno/1408-despacho-de-diseno-promomania,/publicidad/,directorio retirado (temporal al pilar)
/proveedores/diseno/1410-despacho-de-diseno-retorno-tassier,/publicidad/,directorio retirado (temporal al pilar)
/proveedores/diseno/1410-despacho-de-diseno-retorno-tassier/contactar,/publicidad/,directorio retirado (temporal al pilar)
/proveedores/diseno/1412-despacho-de-diseno-ruiz-rocha,/publicidad/,directorio retirado (temporal al pilar)
/proveedores/diseno/1413-despacho-de-diseno-sago-publicidad,/publicidad/,directorio retirado (temporal al pilar)
/proveedores/diseno/1414-despacho-de-diseno-scientika,/publicidad/,directorio retirado (temporal al pilar)
/proveedores/diseno/1415-despacho-de-diseno-serikat-diseno,/publicidad/,directorio retirado (temporal al pilar)
/proveedores/diseno/1418-despacho-de-diseno-sol-consultores,/publicidad/,directorio retirado (temporal al pilar)
/proveedores/diseno/1419-despacho-de-diseno-solo-idea,/publicidad/,directorio retirado (temporal al pilar)
/proveedores/diseno/1420-despacho-de-diseno-sphein-design-studios,/publicidad/,directorio retirado (temporal al pilar)
/proveedores/diseno/1424-despacho-de-diseno-torneo-de-ideas,/publicidad/,directorio retirado (temporal al pilar)
/proveedores/diseno/1426-despacho-de-diseno-wish-socios-creativos,/publicidad/,directorio retirado (temporal al pilar)
/proveedores/diseno/192-diseños-le-fame-s-a-de-c-v,/publicidad/,directorio retirado (temporal al pilar)
/proveedores/diseno/206-fucar-arte-y-diseño,/publicidad/,directorio retirado (temporal al pilar)
/proveedores/diseno/diseno-multimedia/1261-agencia-interactiva-ingenia-group,/publicidad/,directorio retirado (temporal al pilar)
/proveedores/diseno/diseno-multimedia/1264-agencia-multimedia-concepto-movil,/publicidad/,directorio retirado (temporal al pilar)
/proveedores/diseno/diseno-multimedia/17-retro-studio-df,/publicidad/,directorio retirado (temporal al pilar)
/proveedores/diseno/diseno-y-desarrollo-web/1437-diseno-y-desarrollo-web-abargon-evalue-developers,/mercadotecnia/,directorio retirado (temporal al pilar)
/proveedores/diseno/diseno-y-desarrollo-web/1457-diseno-y-desarrollo-web-denumeris-interactive,/mercadotecnia/,directorio retirado (temporal al pilar)
/proveedores/diseno/diseno-y-desarrollo-web/1461-diseno-y-desarrollo-web-el-milagrito,/mercadotecnia/,directorio retirado (temporal al pilar)
/proveedores/diseno/diseno-y-desarrollo-web/1465-diseno-y-desarrollo-web-gamol,/mercadotecnia/,directorio retirado (temporal al pilar)
/proveedores/diseno/diseno-y-desarrollo-web/1470-diseno-y-desarrollo-web-grupo-bfx,/mercadotecnia/,directorio retirado (temporal al pilar)
/proveedores/diseno/diseno-y-desarrollo-web/1481-diseno-y-desarrollo-web-meximex,/mercadotecnia/,directorio retirado (temporal al pilar)
/proveedores/diseno/diseno-y-desarrollo-web/1489-diseno-y-desarrollo-web-pixel--dot,/mercadotecnia/,directorio retirado (temporal al pilar)
/proveedores/diseno/diseno-y-desarrollo-web/1501-diseno-y-desarrollo-web-weblex,/mercadotecnia/,directorio retirado (temporal al pilar)
/proveedores/diseno/diseno-y-desarrollo-web/1501-diseno-y-desarrollo-web-weblex/contactar,/mercadotecnia/,directorio retirado (temporal al pilar)
/proveedores/diseno/fotografia/1555-fotografia-segarra-estudio,/publicidad/,directorio retirado (temporal al pilar)
/proveedores/diseno/fotografia/1556-fotografia-shaktiprod,/publicidad/,directorio retirado (temporal al pilar)
/proveedores/diseno/pagina3,/publicidad/,directorio retirado (temporal al pilar)
/proveedores/diseno/todo/pagina2,/publicidad/,directorio retirado (temporal al pilar)
/proveedores/estaciones-de-radio,/publicidad/,directorio retirado (temporal al pilar)
/proveedores/estaciones-de-radio/2-grupo-acir-df,/publicidad/,directorio retirado (temporal al pilar)
/proveedores/estaciones-de-radio/30-mvs-radio-df,/publicidad/,directorio retirado (temporal al pilar)
/proveedores/estaciones-de-radio/musica/19-radio-felicidad-df,/publicidad/,directorio retirado (temporal al pilar)
/proveedores/estaciones-de-radio/musica/22-amor-953-df,/publicidad/,directorio retirado (temporal al pilar)
/proveedores/estaciones-de-radio/musica/3-digital-993-df,/publicidad/,directorio retirado (temporal al pilar)
/proveedores/estaciones-de-radio/noticias/20-la-1260-am-df,/publicidad/,directorio retirado (temporal al pilar)
/proveedores/estaciones-de-radio/todo,/publicidad/,directorio retirado (temporal al pilar)
/proveedores/eventos,/publicidad/,directorio retirado (temporal al pilar)
/proveedores/eventos/43-brain-firma-creativa,/publicidad/,directorio retirado (temporal al pilar)
/proveedores/eventos/43-brain-firma-creativa/contactar,/publicidad/,directorio retirado (temporal al pilar)
/proveedores/eventos/778-agencia-de-eventos-blend-producciones,/publicidad/,directorio retirado (temporal al pilar)
/proveedores/eventos/782-agencia-de-eventos-csf-av-productions,/publicidad/,directorio retirado (temporal al pilar)
/proveedores/eventos/786-agencia-de-eventos-grupo-probaco,/publicidad/,directorio retirado (temporal al pilar)
/proveedores/eventos/787-agencia-de-eventos-grupo-nicte,/publicidad/,directorio retirado (temporal al pilar)
/proveedores/eventos/789-agencia-de-eventos-jyj-eventos,/publicidad/,directorio retirado (temporal al pilar)
/proveedores/eventos/791-agencia-de-eventos-macllam-producciones/recomendar,/publicidad/,directorio retirado (temporal al pilar)
/proveedores/eventos/fotografias/14-photobooth-mexico-df,/publicidad/,directorio retirado (temporal al pilar)
/proveedores/eventos/todo,/publicidad/,directorio retirado (temporal al pilar)
/proveedores/impresion-y-artes-graficas,/publicidad/,directorio retirado (temporal al pilar)
/proveedores/impresion-y-artes-graficas/105-spacio-grafico,/publicidad/,directorio retirado (temporal al pilar)
/proveedores/impresion-y-artes-graficas/130-faster-print,/publicidad/,directorio retirado (temporal al pilar)
/proveedores/impresion-y-artes-graficas/139-gransfeer-ideas-publicidad-impresa-especializada-sa-de-cv,/publicidad/,directorio retirado (temporal al pilar)
/proveedores/impresion-y-artes-graficas/158-graphics-signs-s-a-de-c-v,/publicidad/,directorio retirado (temporal al pilar)
/proveedores/impresion-y-artes-graficas/160-imagenes-de-guadalajara-s-a-de-c-v,/publicidad/,directorio retirado (temporal al pilar)
/proveedores/impresion-y-artes-graficas/181-impacto-lonas-y-toldos-y-publicidad,/publicidad/,directorio retirado (temporal al pilar)
/proveedores/impresion-y-artes-graficas/183-grupo-impresor-litografico,/publicidad/,directorio retirado (temporal al pilar)
/proveedores/impresion-y-artes-graficas/225-trazo-vinil-publicidad-sa-de-cv,/publicidad/,directorio retirado (temporal al pilar)
/proveedores/impresion-y-artes-graficas/243-seriart-publicidad,/publicidad/,directorio retirado (temporal al pilar)
/proveedores/impresion-y-artes-graficas/251-arte-integral-expresion-sa-de-cv,/publicidad/,directorio retirado (temporal al pilar)
/proveedores/impresion-y-artes-graficas/251-arte-integral-expresion-sa-de-cv/contactar,/publicidad/,directorio retirado (temporal al pilar)
/proveedores/impresion-y-artes-graficas/254-maxi-grafica,/publicidad/,directorio retirado (temporal al pilar)
/proveedores/impresion-y-artes-graficas/261-viniletras-s-a-de-c-v,/publicidad/,directorio retirado (temporal al pilar)
/proveedores/impresion-y-artes-graficas/292-soltar-impresores-s-a-de-c-v,/publicidad/,directorio retirado (temporal al pilar)
/proveedores/impresion-y-artes-graficas/292-soltar-impresores-s-a-de-c-v/contactar,/publicidad/,directorio retirado (temporal al pilar)
/proveedores/impresion-y-artes-graficas/311-lonas-y-etiquetas,/publicidad/,directorio retirado (temporal al pilar)
/proveedores/impresion-y-artes-graficas/325-vinil-de-zacatecas-sc-de-p-de-rl,/publicidad/,directorio retirado (temporal al pilar)
/proveedores/impresion-y-artes-graficas/335-aka-imagen-impresa,/publicidad/,directorio retirado (temporal al pilar)
/proveedores/impresion-y-artes-graficas/357-artigraf,/publicidad/,directorio retirado (temporal al pilar)
/proveedores/impresion-y-artes-graficas/370-grafiko-publicidad,/publicidad/,directorio retirado (temporal al pilar)
/proveedores/impresion-y-artes-graficas/401-memetica-diseño-e-impresion,/publicidad/,directorio retirado (temporal al pilar)
/proveedores/impresion-y-artes-graficas/414-publicidad-grafica-sa-de-cv,/publicidad/,directorio retirado (temporal al pilar)
/proveedores/impresion-y-artes-graficas/435-grabados-gira,/publicidad/,directorio retirado (temporal al pilar)
/proveedores/impresion-y-artes-graficas/45-creaciones-artisticas-publicitarias-sa-de-cv,/publicidad/,directorio retirado (temporal al pilar)
/proveedores/impresion-y-artes-graficas/47-flexo-print-s-a-de-c-v,/publicidad/,directorio retirado (temporal al pilar)
/proveedores/impresion-y-artes-graficas/48-impresos-proppim-s-a-de-c-v,/publicidad/,directorio retirado (temporal al pilar)
/proveedores/impresion-y-artes-graficas/48-impresos-proppim-s-a-de-c-v/contactar,/publicidad/,directorio retirado (temporal al pilar)
/proveedores/impresion-y-artes-graficas/480-noved-arte,/publicidad/,directorio retirado (temporal al pilar)
/proveedores/impresion-y-artes-graficas/521-sublimarte-s-a-de-c-v,/publicidad/,directorio retirado (temporal al pilar)
/proveedores/impresion-y-artes-graficas/575-milgraf-puebla-s-a-de-c-v,/publicidad/,directorio retirado (temporal al pilar)
/proveedores/impresion-y-artes-graficas/575-milgraf-puebla-s-a-de-c-v/contactar,/publicidad/,directorio retirado (temporal al pilar)
/proveedores/impresion-y-artes-graficas/587-rotulos-computarizados-e-impuresos-del-surestes-s-a-de-c-v,/publicidad/,directorio retirado (temporal al pilar)
/proveedores/impresion-y-artes-graficas/593-24-grafics-s-a-de-c-v,/publicidad/,directorio retirado (temporal al pilar)
/proveedores/impresion-y-artes-graficas/609-ayje-imprenta-s-a-de-c-v,/publicidad/,directorio retirado (temporal al pilar)
/proveedores/impresion-y-artes-graficas/643-evolucion-grafica,/publicidad/,directorio retirado (temporal al pilar)
/proveedores/impresion-y-artes-graficas/666-graphic-lab,/publicidad/,directorio retirado (temporal al pilar)
/proveedores/impresion-y-artes-graficas/669-imprenta-siglo-xxv-s-a-de-c-v,/publicidad/,directorio retirado (temporal al pilar)
/proveedores/impresion-y-artes-graficas/697-agdi-publicidad,/publicidad/,directorio retirado (temporal al pilar)
/proveedores/impresion-y-artes-graficas/701-grafinsa-grafica-s-a-de-c-v,/publicidad/,directorio retirado (temporal al pilar)
/proveedores/impresion-y-artes-graficas/706-imagen-impresa-de-occidente-s-a-de-c-v,/publicidad/,directorio retirado (temporal al pilar)
/proveedores/impresion-y-artes-graficas/78-carteleras-y-neon-espectaculares-sa-cv,/publicidad/,directorio retirado (temporal al pilar)
/proveedores/impresion-y-artes-graficas/79-rotulaciones-de-chihuahua-sa-de-cv,/publicidad/,directorio retirado (temporal al pilar)
/proveedores/impresion-y-artes-graficas/80-rotulen-de-mexico-s-a-de-c-v,/publicidad/,directorio retirado (temporal al pilar)
/proveedores/impresion-y-artes-graficas/96-grafic-quin-s-a-de-c-v,/publicidad/,directorio retirado (temporal al pilar)
/proveedores/impresion-y-artes-graficas/imprentas-digital/1560-impresion-digital-argoga-soluciones-avanzadas-en-sistemas,/publicidad/,directorio retirado (temporal al pilar)
/proveedores/impresion-y-artes-graficas/imprentas-digital/1563-impresion-digital-geformas,/publicidad/,directorio retirado (temporal al pilar)
/proveedores/impresion-y-artes-graficas/imprentas-digital/1564-impresion-digital-grupo-efsa,/publicidad/,directorio retirado (temporal al pilar)
/proveedores/impresion-y-artes-graficas/imprentas-digital/1565-impresion-digital-litografica-selene,/publicidad/,directorio retirado (temporal al pilar)
/proveedores/impresion-y-artes-graficas/imprentas-digital/1566-impresion-digital-grupo-venegraphic,/publicidad/,directorio retirado (temporal al pilar)
/proveedores/impresion-y-artes-graficas/pagina3,/publicidad/,directorio retirado (temporal al pilar)
/proveedores/impresion-y-artes-graficas/pagina5,/publicidad/,directorio retirado (temporal al pilar)
/proveedores/impresion-y-artes-graficas/todo/pagina4,/publicidad/,directorio retirado (temporal al pilar)
/proveedores/impresion-y-artes-graficas/todo/pagina5,/publicidad/,directorio retirado (temporal al pilar)
/proveedores/inbound-marketing-mexico,/mercadotecnia/,directorio retirado (temporal al pilar)
/proveedores/inbound-marketing-mexico/1728-go-virtual,/mercadotecnia/,directorio retirado (temporal al pilar)
/proveedores/inbound-marketing-mexico/734-fernando-arturo-martinez-aguilar,/mercadotecnia/,directorio retirado (temporal al pilar)
/proveedores/inbound-marketing-mexico/734-fernando-arturo-martinez-aguilar/recomendar,/mercadotecnia/,directorio retirado (temporal al pilar)
/proveedores/investigacion-de-mercados,/mercadotecnia/,directorio retirado (temporal al pilar)
/proveedores/investigacion-de-mercados/1571-investigacion-de-mercados-de-la-riva-group,/mercadotecnia/,directorio retirado (temporal al pilar)
/proveedores/investigacion-de-mercados/1572-investigacion-de-mercados-evamerc,/mercadotecnia/,directorio retirado (temporal al pilar)
/proveedores/investigacion-de-mercados/1574-investigacion-de-mercados-grupo-arkho,/mercadotecnia/,directorio retirado (temporal al pilar)
/proveedores/investigacion-de-mercados/1575-investigacion-de-mercados-gyd-investigacion-de-mercados,/mercadotecnia/,directorio retirado (temporal al pilar)
/proveedores/investigacion-de-mercados/1576-investigacion-de-mercados-ibope-agb,/mercadotecnia/,directorio retirado (temporal al pilar)
/proveedores/investigacion-de-mercados/1577-investigacion-de-mercados-inmega,/mercadotecnia/,directorio retirado (temporal al pilar)
/proveedores/investigacion-de-mercados/1578-investigacion-de-mercados-innovative-marketing-y-consultants,/mercadotecnia/,directorio retirado (temporal al pilar)
/proveedores/investigacion-de-mercados/1579-investigacion-de-mercados-ipsos-bimsa,/mercadotecnia/,directorio retirado (temporal al pilar)
/proveedores/investigacion-de-mercados/1584-investigacion-de-mercados-master-research,/mercadotecnia/,directorio retirado (temporal al pilar)
/proveedores/investigacion-de-mercados/1586-investigacion-de-mercados-merc-gfk,/mercadotecnia/,directorio retirado (temporal al pilar)
/proveedores/investigacion-de-mercados/1588-investigacion-de-mercados-mkt-noroeste,/mercadotecnia/,directorio retirado (temporal al pilar)
/proveedores/investigacion-de-mercados/1592-investigacion-de-mercados-phenoma,/mercadotecnia/,directorio retirado (temporal al pilar)
/proveedores/investigacion-de-mercados/1592-investigacion-de-mercados-phenoma/contactar,/mercadotecnia/,directorio retirado (temporal al pilar)
/proveedores/investigacion-de-mercados/1593-investigacion-de-mercados-planning-antropologico,/mercadotecnia/,directorio retirado (temporal al pilar)
/proveedores/investigacion-de-mercados/1594-investigacion-de-mercados-psyma-latina,/mercadotecnia/,directorio retirado (temporal al pilar)
/proveedores/investigacion-de-mercados/1597-investigacion-de-mercados-qualimerc,/mercadotecnia/,directorio retirado (temporal al pilar)
/proveedores/investigacion-de-mercados/1598-investigacion-de-mercados-questudies,/mercadotecnia/,directorio retirado (temporal al pilar)
/proveedores/investigacion-de-mercados/1599-investigacion-de-mercados-sigmate-research,/mercadotecnia/,directorio retirado (temporal al pilar)
/proveedores/investigacion-de-mercados/1600-investigacion-de-mercados-tns-mexico,/mercadotecnia/,directorio retirado (temporal al pilar)
/proveedores/investigacion-de-mercados/1601-investigacion-de-mercados-wilbert-sierra-y-asociados,/mercadotecnia/,directorio retirado (temporal al pilar)
/proveedores/investigacion-de-mercados/pagina2,/mercadotecnia/,directorio retirado (temporal al pilar)
/proveedores/investigacion-de-mercados/todo,/mercadotecnia/,directorio retirado (temporal al pilar)
/proveedores/marketing-digital,/mercadotecnia/,directorio retirado (temporal al pilar)
/proveedores/marketing-digital/1225-agencia-digital-ada-mexico,/mercadotecnia/,directorio retirado (temporal al pilar)
/proveedores/marketing-digital/1228-agencia-digital-clarus-digital,/mercadotecnia/,directorio retirado (temporal al pilar)
/proveedores/marketing-digital/1229-agencia-digital-the-cluster-agency,/mercadotecnia/,directorio retirado (temporal al pilar)
/proveedores/marketing-digital/1231-agencia-digital-digital-coaster,/mercadotecnia/,directorio retirado (temporal al pilar)
/proveedores/marketing-digital/1234-agencia-digital-espora-estudio,/mercadotecnia/,directorio retirado (temporal al pilar)
/proveedores/marketing-digital/1235-agencia-digital-grupo-smart,/mercadotecnia/,directorio retirado (temporal al pilar)
/proveedores/marketing-digital/1237-agencia-digital-hello-mexico,/mercadotecnia/,directorio retirado (temporal al pilar)
/proveedores/marketing-digital/1245-agencia-digital-lunave,/mercadotecnia/,directorio retirado (temporal al pilar)
/proveedores/marketing-digital/1250-agencia-digital-otromexico-sc,/mercadotecnia/,directorio retirado (temporal al pilar)
/proveedores/marketing-digital/1252-agencia-digital-rancho-digital,/mercadotecnia/,directorio retirado (temporal al pilar)
/proveedores/marketing-digital/1252-agencia-digital-rancho-digital/contactar,/mercadotecnia/,directorio retirado (temporal al pilar)
/proveedores/marketing-digital/1253-agencia-digital-render-farm-studios,/mercadotecnia/,directorio retirado (temporal al pilar)
/proveedores/marketing-digital/1256-agencia-digital-toro-digital,/mercadotecnia/,directorio retirado (temporal al pilar)
/proveedores/marketing-digital/1257-agencia-digital-zetabe/contactar,/mercadotecnia/,directorio retirado (temporal al pilar)
/proveedores/marketing-digital/819-agencia-de-marketing-digital-abaco-digital,/mercadotecnia/,directorio retirado (temporal al pilar)
/proveedores/marketing-digital/822-agencia-de-marketing-digital-antevenio-mexico,/mercadotecnia/,directorio retirado (temporal al pilar)
/proveedores/marketing-digital/823-agencia-de-marketing-digital-arena-media,/mercadotecnia/,directorio retirado (temporal al pilar)
/proveedores/marketing-digital/832-agencia-de-marketing-digital-clicker-360,/mercadotecnia/,directorio retirado (temporal al pilar)
/proveedores/marketing-digital/834-agencia-de-marketing-digital-coco-marketing,/mercadotecnia/,directorio retirado (temporal al pilar)
/proveedores/marketing-digital/836-agencia-de-marketing-digital-crossmedia,/mercadotecnia/,directorio retirado (temporal al pilar)
/proveedores/marketing-digital/837-agencia-de-marketing-digital-cubos-web,/mercadotecnia/,directorio retirado (temporal al pilar)
/proveedores/marketing-digital/840-agencia-de-marketing-digital-dm-playbook,/mercadotecnia/,directorio retirado (temporal al pilar)
/proveedores/marketing-digital/841-agencia-de-marketing-digital-elogia-mexico,/mercadotecnia/,directorio retirado (temporal al pilar)
/proveedores/marketing-digital/848-agencia-de-marketing-digital-garritz-online-media,/mercadotecnia/,directorio retirado (temporal al pilar)
/proveedores/marketing-digital/850-agencia-de-marketing-digital-icrossing,/mercadotecnia/,directorio retirado (temporal al pilar)
/proveedores/marketing-digital/855-agencia-de-marketing-digital-jetclic,/mercadotecnia/,directorio retirado (temporal al pilar)
/proveedores/marketing-digital/856-agencia-de-marketing-digital-kamikaze-lab,/mercadotecnia/,directorio retirado (temporal al pilar)
/proveedores/marketing-digital/857-agencia-de-marketing-digital-klein-und-gross,/mercadotecnia/,directorio retirado (temporal al pilar)
/proveedores/marketing-digital/868-agencia-de-marketing-digital-merca-3w,/mercadotecnia/,directorio retirado (temporal al pilar)
/proveedores/marketing-digital/870-agencia-de-marketing-digital-metrica-btl-y-digital,/mercadotecnia/,directorio retirado (temporal al pilar)
/proveedores/marketing-digital/872-agencia-de-marketing-digital-nativo-digital,/mercadotecnia/,directorio retirado (temporal al pilar)
/proveedores/marketing-digital/874-agencia-de-marketing-digital-ontwice-interactive-marketing,/mercadotecnia/,directorio retirado (temporal al pilar)
/proveedores/marketing-digital/882-agencia-de-marketing-digital-publiclick,/mercadotecnia/,directorio retirado (temporal al pilar)
/proveedores/marketing-digital/890-agencia-de-marketing-digital-t2o-media-mexico,/mercadotecnia/,directorio retirado (temporal al pilar)
/proveedores/medios-alternos,/publicidad/,directorio retirado (temporal al pilar)
/proveedores/medios-alternos/176-anuncios-exitosos-en-internet-s-a-de-c-v,/publicidad/,directorio retirado (temporal al pilar)
/proveedores/medios-alternos/185-anuncios-de-directorios-s-a-de-c-v,/publicidad/,directorio retirado (temporal al pilar)
/proveedores/medios-alternos/260-anuncios-en-directorios-sa-de-cv,/publicidad/,directorio retirado (temporal al pilar)
/proveedores/medios-alternos/394-anuncios-en-directorios-s-a-de-c-v,/publicidad/,directorio retirado (temporal al pilar)
/proveedores/medios-alternos/425-anuncios-en-directorios-s-a-de-c-v,/publicidad/,directorio retirado (temporal al pilar)
/proveedores/medios-alternos/66-anuncios-en-directorios-s-a-de-c-v/contactar,/publicidad/,directorio retirado (temporal al pilar)
/proveedores/pagina2,/publicidad/,directorio retirado (temporal al pilar)
/proveedores/pagina4,/publicidad/,directorio retirado (temporal al pilar)
/proveedores/pagina6,/publicidad/,directorio retirado (temporal al pilar)
/proveedores/pagina7,/publicidad/,directorio retirado (temporal al pilar)
/proveedores/pop,/publicidad/,directorio retirado (temporal al pilar)
/proveedores/pop/1360-agencias-de-publicidad-pop-exhibipop,/publicidad/,directorio retirado (temporal al pilar)
/proveedores/pop/1362-agencias-de-publicidad-pop-pulso-tec,/publicidad/,directorio retirado (temporal al pilar)
/proveedores/pop/1363-agencias-de-publicidad-pop-grupo-rubrica,/publicidad/,directorio retirado (temporal al pilar)
/proveedores/pop/displays,/publicidad/,directorio retirado (temporal al pilar)
/proveedores/promocionales,/publicidad/,directorio retirado (temporal al pilar)
/proveedores/promocionales/1364-articulos-promocionales-gimmick,/publicidad/,directorio retirado (temporal al pilar)
/proveedores/promocionales/1366-articulos-promocionales-linkar-publicidad,/publicidad/,directorio retirado (temporal al pilar)
/proveedores/promocionales/1367-articulos-promocionales-promoline,/publicidad/,directorio retirado (temporal al pilar)
/proveedores/promocionales/146-imaginacion-promocional-s-a-de-c-v,/publicidad/,directorio retirado (temporal al pilar)
/proveedores/promocionales/146-imaginacion-promocional-s-a-de-c-v/contactar,/publicidad/,directorio retirado (temporal al pilar)
/proveedores/promocionales/164-active-promotions-s-a-de-c-v,/publicidad/,directorio retirado (temporal al pilar)
/proveedores/promocionales/186-comercializadora-de-promocionales-ideas-de-puebla-sa-de-cv,/publicidad/,directorio retirado (temporal al pilar)
/proveedores/promocionales/235-reconocimientos-y-promocionales-mexcio-sa-de-cv,/publicidad/,directorio retirado (temporal al pilar)
/proveedores/promocionales/305-promociones-acevedo,/publicidad/,directorio retirado (temporal al pilar)
/proveedores/promocionales/338-promoser-grupo-publicitario-s-de-r-l-de-c-v,/publicidad/,directorio retirado (temporal al pilar)
/proveedores/promocionales/340-marketing-and-promotion-s-a-de-c-v,/publicidad/,directorio retirado (temporal al pilar)
/proveedores/promocionales/346-promo-rigba-internacional-s-de-rl-de-cv,/publicidad/,directorio retirado (temporal al pilar)
/proveedores/promocionales/347-promo-rigba-internacional-s-de-rl-de-cv,/publicidad/,directorio retirado (temporal al pilar)
/proveedores/promocionales/430-promoshape-s-de-rl-de-cv,/publicidad/,directorio retirado (temporal al pilar)
/proveedores/promocionales/455-promoser-grupo-publicitario-s-r-l-de-c-v,/publicidad/,directorio retirado (temporal al pilar)
/proveedores/promocionales/457-promotora-de-medios-de-comunicacion-sa-de-cv,/publicidad/,directorio retirado (temporal al pilar)
/proveedores/promocionales/518-giro-promocional-de-occidente-s-a-de-c-v,/publicidad/,directorio retirado (temporal al pilar)
/proveedores/promocionales/531-click-articulos-promocionales-s-a-de-c-v,/publicidad/,directorio retirado (temporal al pilar)
/proveedores/promocionales/637-grupo-namis-negocios-alianzas-medios-interactivos-sa-de-cv,/publicidad/,directorio retirado (temporal al pilar)
/proveedores/promocionales/articulos-promocionales,/publicidad/,directorio retirado (temporal al pilar)
/proveedores/promocionales/articulos-promocionales/127-publicitarios-del-norte-de-mexico-s-a-de-c-v,/publicidad/,directorio retirado (temporal al pilar)
/proveedores/promocionales/articulos-promocionales/237-secorp-vision-publicitaria-s-de-rl-de-cv,/publicidad/,directorio retirado (temporal al pilar)
/proveedores/promocionales/articulos-promocionales/257-grupo-publicitario-cerle-s-de-rl-de-cv,/publicidad/,directorio retirado (temporal al pilar)
/proveedores/promocionales/articulos-promocionales/257-grupo-publicitario-cerle-s-de-rl-de-cv/contactar,/publicidad/,directorio retirado (temporal al pilar)
/proveedores/promocionales/articulos-promocionales/599-corporacion-publicitaria-rg-sa-de-cv,/publicidad/,directorio retirado (temporal al pilar)
/proveedores/promocionales/articulos-promocionales/630-servicios-publicitarios-publiram,/publicidad/,directorio retirado (temporal al pilar)
/proveedores/promocionales/articulos-promocionales/71-medios-publicitarios-e-investigacion-sa-de-cv,/publicidad/,directorio retirado (temporal al pilar)
/proveedores/promocionales/articulos-promocionales/71-medios-publicitarios-e-investigacion-sa-de-cv/contactar,/publicidad/,directorio retirado (temporal al pilar)
/proveedores/promocionales/articulos-promocionales/todo,/publicidad/,directorio retirado (temporal al pilar)
/proveedores/promocionales/pagina1,/publicidad/,directorio retirado (temporal al pilar)
/proveedores/promocionales/todo,/publicidad/,directorio retirado (temporal al pilar)
/proveedores/promocionales/todo/pagina2,/publicidad/,directorio retirado (temporal al pilar)
/proveedores/publicidad-exterior,/publicidad/,directorio retirado (temporal al pilar)
/proveedores/publicidad-exterior/1-fama-impresos-df,/publicidad/,directorio retirado (temporal al pilar)
/proveedores/publicidad-exterior/1-fama-impresos-df/contactar,/publicidad/,directorio retirado (temporal al pilar)
/proveedores/publicidad-exterior/1123-agencia-de-publicidad-exterior-cadpro-vallas-moviles,/publicidad/,directorio retirado (temporal al pilar)
/proveedores/publicidad-exterior/1125-agencia-de-publicidad-exterior-casa-publicidad-y-asociados,/publicidad/,directorio retirado (temporal al pilar)
/proveedores/publicidad-exterior/1126-agencia-de-publicidad-exterior-5m2,/publicidad/,directorio retirado (temporal al pilar)
/proveedores/publicidad-exterior/1128-agencia-de-publicidad-exterior-cencom,/publicidad/,directorio retirado (temporal al pilar)
/proveedores/publicidad-exterior/1129-agencia-de-publicidad-exterior-grupo-rentable,/publicidad/,directorio retirado (temporal al pilar)
/proveedores/publicidad-exterior/1130-agencia-de-publicidad-exterior-impacto-capital,/publicidad/,directorio retirado (temporal al pilar)
/proveedores/publicidad-exterior/1131-agencia-de-publicidad-exterior-grupo-imu,/publicidad/,directorio retirado (temporal al pilar)
/proveedores/publicidad-exterior/1132-agencia-de-publicidad-exterior-isa-corporativo,/publicidad/,directorio retirado (temporal al pilar)
/proveedores/publicidad-exterior/1133-agencia-de-publicidad-exterior-publicidad-exterior-lagunas,/publicidad/,directorio retirado (temporal al pilar)
/proveedores/publicidad-exterior/1137-agencia-de-publicidad-exterior-mepexsa,/publicidad/,directorio retirado (temporal al pilar)
/proveedores/publicidad-exterior/1138-agencia-de-publicidad-exterior-pm-on-street,/publicidad/,directorio retirado (temporal al pilar)
/proveedores/publicidad-exterior/1140-agencia-de-publicidad-exterior-publisitios,/publicidad/,directorio retirado (temporal al pilar)
/proveedores/publicidad-exterior/1142-agencia-de-publicidad-exterior-strada-publicidad,/publicidad/,directorio retirado (temporal al pilar)
/proveedores/publicidad-exterior/1142-agencia-de-publicidad-exterior-strada-publicidad/contactar,/publicidad/,directorio retirado (temporal al pilar)
/proveedores/publicidad-exterior/1142-agencia-de-publicidad-exterior-strada-publicidad/recomendar,/publicidad/,directorio retirado (temporal al pilar)
/proveedores/publicidad-exterior/1143-agencia-de-publicidad-exterior-vanguardia-publicitaria,/publicidad/,directorio retirado (temporal al pilar)
/proveedores/publicidad-exterior/1144-agencia-de-publicidad-exterior-vendor,/publicidad/,directorio retirado (temporal al pilar)
/proveedores/publicidad-exterior/1145-agencia-de-publicidad-exterior-wachovia,/publicidad/,directorio retirado (temporal al pilar)
/proveedores/publicidad-exterior/171-publisitios-de-mexico-sa-de-cv,/publicidad/,directorio retirado (temporal al pilar)
/proveedores/publicidad-exterior/234-vendor-publicidad-exterior-s-de-r-l-de-cv,/publicidad/,directorio retirado (temporal al pilar)
/proveedores/publicidad-exterior/250-difusion-exterior-s-a-de-c-v,/publicidad/,directorio retirado (temporal al pilar)
/proveedores/publicidad-exterior/314-vendor-publicidad-exterior-s-de-rl-de-c-v,/publicidad/,directorio retirado (temporal al pilar)
/proveedores/publicidad-exterior/314-vendor-publicidad-exterior-s-de-rl-de-c-v/contactar,/publicidad/,directorio retirado (temporal al pilar)
/proveedores/publicidad-exterior/326-ads-publicidad-total-srl-de-cv,/publicidad/,directorio retirado (temporal al pilar)
/proveedores/publicidad-exterior/374-clarol-publicidad-exterior-s-c,/publicidad/,directorio retirado (temporal al pilar)
/proveedores/publicidad-exterior/474-display-publicidad-exterior-s-a-de-c-v,/publicidad/,directorio retirado (temporal al pilar)
/proveedores/publicidad-exterior/526-unipolares-y-espectaculares-del-norte-s-a-de-c-v,/publicidad/,directorio retirado (temporal al pilar)
/proveedores/publicidad-exterior/57-aztral-publicidad-exterior-s-a-de-c-v,/publicidad/,directorio retirado (temporal al pilar)
/proveedores/publicidad-exterior/685-atm-espectaculares-s-a-de-c-v,/publicidad/,directorio retirado (temporal al pilar)
/proveedores/publicidad-exterior/espectaculares-mexico,/publicidad/,directorio retirado (temporal al pilar)
/proveedores/publicidad-exterior/espectaculares-mexico/100-vendor-publicidad-exterior-s-de-rl-de-cv,/publicidad/,directorio retirado (temporal al pilar)
/proveedores/publicidad-exterior/espectaculares-mexico/142-espacios-publicitarios-estrategicos-s-a-de-c-v,/publicidad/,directorio retirado (temporal al pilar)
/proveedores/publicidad-exterior/espectaculares-mexico/210-rcg-espectaculares-sa-de-cv,/publicidad/,directorio retirado (temporal al pilar)
/proveedores/publicidad-exterior/mexibus/todo,/publicidad/,directorio retirado (temporal al pilar)
/proveedores/publicidad-exterior/pagina1,/publicidad/,directorio retirado (temporal al pilar)
/proveedores/radio,/publicidad/,directorio retirado (temporal al pilar)
/proveedores/radio/416-radio-america-de-mexico-sa-de-cv,/publicidad/,directorio retirado (temporal al pilar)
/proveedores/radio/445-organizacion-radiofonica-de-chihuahua-s-a,/publicidad/,directorio retirado (temporal al pilar)
/proveedores/radio/489-radiodifusoras-y-televisoras-de-occidente-s-a-de-c-v,/publicidad/,directorio retirado (temporal al pilar)
/proveedores/radio/51-nucleo-radio-mil-s-a-de-c-v,/publicidad/,directorio retirado (temporal al pilar)
/proveedores/radio/622-grupo-radio-mexico-cuidad-juarez-s-a-de-c-v,/publicidad/,directorio retirado (temporal al pilar)
/proveedores/radio/94-ad-medios-s-a-de-c-v,/publicidad/,directorio retirado (temporal al pilar)
/proveedores/radio/doblaje-y-locucion,/publicidad/,directorio retirado (temporal al pilar)
/proveedores/radio/doblaje-y-locucion/808-agencia-de-locutores-allegro-publicitario,/publicidad/,directorio retirado (temporal al pilar)
/proveedores/radio/doblaje-y-locucion/810-agencia-de-locutores-bomberazostv,/publicidad/,directorio retirado (temporal al pilar)
/proveedores/radio/doblaje-y-locucion/814-agencia-de-locutores-manhattan-beat,/publicidad/,directorio retirado (temporal al pilar)
/proveedores/radio/doblaje-y-locucion/815-agencia-de-locutores-produccion-coordinada,/publicidad/,directorio retirado (temporal al pilar)
/proveedores/radio/doblaje-y-locucion/816-agencia-de-locutores-ronin-locutores,/publicidad/,directorio retirado (temporal al pilar)
/proveedores/radio/doblaje-y-locucion/817-agencia-de-locutores-palestino-y-asociados,/publicidad/,directorio retirado (temporal al pilar)
/proveedores/radio/doblaje-y-locucion/817-agencia-de-locutores-palestino-y-asociados/contactar,/publicidad/,directorio retirado (temporal al pilar)
/proveedores/radio/doblaje-y-locucion/818-agencia-de-locutores-tm-locutores,/publicidad/,directorio retirado (temporal al pilar)
/proveedores/revistas-media-kit,/publicidad/,directorio retirado (temporal al pilar)
/proveedores/revistas-media-kit/568-revista-progreso,/publicidad/,directorio retirado (temporal al pilar)
/proveedores/revistas-media-kit/universitarias/12-integra-df,/publicidad/,directorio retirado (temporal al pilar)
/proveedores/stands-y-display,/publicidad/,directorio retirado (temporal al pilar)
/proveedores/stands-y-display/1722-stands-y-displays-grupo-om,/publicidad/,directorio retirado (temporal al pilar)
/proveedores/stands-y-display/1723-stands-y-displays-grupo-tochijara,/publicidad/,directorio retirado (temporal al pilar)
/proveedores/stands-y-display/1725-stands-y-displays-instintos-creativos,/publicidad/,directorio retirado (temporal al pilar)
/proveedores/stands-y-display/1727-stands-y-displays-stand-123,/publicidad/,directorio retirado (temporal al pilar)
/proveedores/stands-y-display/236-expo-display-de-queretaro-renta-sa-de-cv,/publicidad/,directorio retirado (temporal al pilar)
/proveedores/stands-y-display/39-expomex,/publicidad/,directorio retirado (temporal al pilar)
/proveedores/stands-y-display/renta-de-equipo-audiovisual/44-fdfoco,/publicidad/,directorio retirado (temporal al pilar)
/proveedores/stands-y-display/todo,/publicidad/,directorio retirado (temporal al pilar)
/proveedores/television/1506-doblaje-y-subtitulaje-candiani-dubbing-studios,/publicidad/,directorio retirado (temporal al pilar)
/proveedores/television/1508-doblaje-y-subtitulaje-digifilm,/publicidad/,directorio retirado (temporal al pilar)
/proveedores/television/1511-doblaje-y-subtitulaje-new-art-dub,/publicidad/,directorio retirado (temporal al pilar)
/proveedores/television/1512-doblaje-y-subtitulaje-prime-dubb,/publicidad/,directorio retirado (temporal al pilar)
/proveedores/television/1513-doblaje-y-subtitulaje-rgb-21,/publicidad/,directorio retirado (temporal al pilar)
/proveedores/television/1515-estudio-de-animacion-cinema-fantasma,/publicidad/,directorio retirado (temporal al pilar)
/proveedores/television/1516-estudio-de-animacion-cluster-studio,/publicidad/,directorio retirado (temporal al pilar)
/proveedores/television/54-tv-promo-s-a-de-c-v,/publicidad/,directorio retirado (temporal al pilar)
/proveedores/television/casas-productoras,/publicidad/,directorio retirado (temporal al pilar)
/proveedores/television/casas-productoras/1603-productoras-1910-films,/publicidad/,directorio retirado (temporal al pilar)
/proveedores/television/casas-productoras/1606-productoras-adicta-films,/publicidad/,directorio retirado (temporal al pilar)
/proveedores/television/casas-productoras/1609-productoras-altavision-producciones-sc,/publicidad/,directorio retirado (temporal al pilar)
/proveedores/television/casas-productoras/1610-productoras-anima-estudios,/publicidad/,directorio retirado (temporal al pilar)
/proveedores/television/casas-productoras/1613-productoras-arbol-cine,/publicidad/,directorio retirado (temporal al pilar)
/proveedores/television/casas-productoras/1614-productoras-ares-producciones,/publicidad/,directorio retirado (temporal al pilar)
/proveedores/television/casas-productoras/1616-productoras-armar-producciones,/publicidad/,directorio retirado (temporal al pilar)
/proveedores/television/casas-productoras/1621-productoras-betelfilms,/publicidad/,directorio retirado (temporal al pilar)
/proveedores/television/casas-productoras/1622-productoras-bitbang-studio,/publicidad/,directorio retirado (temporal al pilar)
/proveedores/television/casas-productoras/1623-productoras-bit-produccion-de-medios-digitales,/publicidad/,directorio retirado (temporal al pilar)
/proveedores/television/casas-productoras/1624-productoras-brixton-films,/publicidad/,directorio retirado (temporal al pilar)
/proveedores/television/casas-productoras/1625-productoras-bulldog-films,/publicidad/,directorio retirado (temporal al pilar)
/proveedores/television/casas-productoras/1626-productoras-byg-studio,/publicidad/,directorio retirado (temporal al pilar)
/proveedores/television/casas-productoras/1631-productoras-cantarranas-films,/publicidad/,directorio retirado (temporal al pilar)
/proveedores/television/casas-productoras/1633-productoras-casa-12-producciones,/publicidad/,directorio retirado (temporal al pilar)
/proveedores/television/casas-productoras/1634-productoras-la-casa-productora,/publicidad/,directorio retirado (temporal al pilar)
/proveedores/television/casas-productoras/1637-productoras-central-films,/publicidad/,directorio retirado (temporal al pilar)
/proveedores/television/casas-productoras/1638-productoras-chapulte-pictures,/publicidad/,directorio retirado (temporal al pilar)
/proveedores/television/casas-productoras/1640-productoras-ciberfilms,/publicidad/,directorio retirado (temporal al pilar)
/proveedores/television/casas-productoras/1641-productoras-cineconcepto,/publicidad/,directorio retirado (temporal al pilar)
/proveedores/television/casas-productoras/1644-productoras-dr-comunicacion,/publicidad/,directorio retirado (temporal al pilar)
/proveedores/television/casas-productoras/1645-productoras-distrito-films,/publicidad/,directorio retirado (temporal al pilar)
/proveedores/television/casas-productoras/1646-productoras-elemento-producciones,/publicidad/,directorio retirado (temporal al pilar)
/proveedores/television/casas-productoras/1648-productoras-el-mall,/publicidad/,directorio retirado (temporal al pilar)
/proveedores/television/casas-productoras/1649-productoras-elote-films,/publicidad/,directorio retirado (temporal al pilar)
/proveedores/television/casas-productoras/1650-productoras-espejo-y-asociados,/publicidad/,directorio retirado (temporal al pilar)
/proveedores/television/casas-productoras/1652-productoras-fc-films,/publicidad/,directorio retirado (temporal al pilar)
/proveedores/television/casas-productoras/1656-productoras-garcia-bross-y-asociados,/publicidad/,directorio retirado (temporal al pilar)
/proveedores/television/casas-productoras/1657-productoras-gelatina-films,/publicidad/,directorio retirado (temporal al pilar)
/proveedores/television/casas-productoras/1657-productoras-gelatina-films/contactar,/publicidad/,directorio retirado (temporal al pilar)
/proveedores/television/casas-productoras/1660-productoras-hormiga-films,/publicidad/,directorio retirado (temporal al pilar)
/proveedores/television/casas-productoras/1663-productoras-imax-producciones,/publicidad/,directorio retirado (temporal al pilar)
/proveedores/television/casas-productoras/1664-productoras-käfer-producciones,/publicidad/,directorio retirado (temporal al pilar)
/proveedores/television/casas-productoras/1665-productoras-kreatta-producciones,/publicidad/,directorio retirado (temporal al pilar)
/proveedores/television/casas-productoras/1667-productoras-la-fabrica-films,/publicidad/,directorio retirado (temporal al pilar)
/proveedores/television/casas-productoras/1672-productoras-the-lift,/publicidad/,directorio retirado (temporal al pilar)
/proveedores/television/casas-productoras/1677-productoras-metro-producciones,/publicidad/,directorio retirado (temporal al pilar)
/proveedores/television/casas-productoras/1678-productoras-muela-producciones,/publicidad/,directorio retirado (temporal al pilar)
/proveedores/television/casas-productoras/1683-productoras-peliculas-imaginarias,/publicidad/,directorio retirado (temporal al pilar)
/proveedores/television/casas-productoras/1686-productoras-planeta-films,/publicidad/,directorio retirado (temporal al pilar)
/proveedores/television/casas-productoras/1690-productoras-retro-studio,/publicidad/,directorio retirado (temporal al pilar)
/proveedores/television/casas-productoras/1693-productoras-silver-media-studio,/publicidad/,directorio retirado (temporal al pilar)
/proveedores/television/casas-productoras/1698-productoras-suave-films,/publicidad/,directorio retirado (temporal al pilar)
/proveedores/television/casas-productoras/1699-productoras-suitechocolate,/publicidad/,directorio retirado (temporal al pilar)
/proveedores/television/casas-productoras/1701-productoras-terciopelo-films,/publicidad/,directorio retirado (temporal al pilar)
/proveedores/television/casas-productoras/1702-productoras-the-maestros,/publicidad/,directorio retirado (temporal al pilar)
/proveedores/television/casas-productoras/1703-productoras-tiempo-y-tono-films,/publicidad/,directorio retirado (temporal al pilar)
/proveedores/television/casas-productoras/1703-productoras-tiempo-y-tono-films/contactar,/publicidad/,directorio retirado (temporal al pilar)
/proveedores/television/casas-productoras/1705-productoras-tribu-films-producciones,/publicidad/,directorio retirado (temporal al pilar)
/proveedores/television/casas-productoras/1706-productoras-vdm-casa-productora,/publicidad/,directorio retirado (temporal al pilar)
/proveedores/television/casas-productoras/1709-productoras-whiskey-films,/publicidad/,directorio retirado (temporal al pilar)
/proveedores/television/casas-productoras/1711-productoras-yellow-films,/publicidad/,directorio retirado (temporal al pilar)
/proveedores/television/casas-productoras/pagina1,/publicidad/,directorio retirado (temporal al pilar)
/proveedores/television/casas-productoras/pagina2,/publicidad/,directorio retirado (temporal al pilar)
/proveedores/television/casas-productoras/pagina3,/publicidad/,directorio retirado (temporal al pilar)
/proveedores/television/casas-productoras/pagina4,/publicidad/,directorio retirado (temporal al pilar)
/proveedores/television/casas-productoras/todo,/publicidad/,directorio retirado (temporal al pilar)
/proveedores/television/casas-productoras/todo/pagina2,/publicidad/,directorio retirado (temporal al pilar)
/proveedores/television/casas-productoras/todo/pagina3,/publicidad/,directorio retirado (temporal al pilar)
/proveedores/television/estudios-de-grabacion/1520-estudio-de-grabacion-equis-cosa,/publicidad/,directorio retirado (temporal al pilar)
/proveedores/television/estudios-de-grabacion/1526-estudio-de-grabacion-catapulta-studios,/publicidad/,directorio retirado (temporal al pilar)
/proveedores/television/estudios-de-grabacion/1532-estudio-de-grabacion-jarpa-studio,/publicidad/,directorio retirado (temporal al pilar)
/proveedores/television/estudios-de-grabacion/1533-estudio-de-grabacion-lado-a-estudios,/publicidad/,directorio retirado (temporal al pilar)
/proveedores/television/estudios-de-grabacion/1534-estudio-de-grabacion-mixtlan-producciones,/publicidad/,directorio retirado (temporal al pilar)
/proveedores/television/estudios-de-grabacion/1540-estudios-y-foros-en-renta-56-cinco-punto-seis,/publicidad/,directorio retirado (temporal al pilar)
/proveedores/television/estudios-de-grabacion/1542-estudios-y-foros-en-renta-palmera-films,/publicidad/,directorio retirado (temporal al pilar)
/proveedores/television/estudios-de-grabacion/1545-estudios-y-foros-en-renta-talento-post,/publicidad/,directorio retirado (temporal al pilar)
/proveedores/todo/pagina25,/publicidad/,directorio retirado (temporal al pilar)
/proveedores/todo/pagina27,/publicidad/,directorio retirado (temporal al pilar)
/proveedores/todo/pagina3,/publicidad/,directorio retirado (temporal al pilar)
/proveedores/todo/pagina41,/publicidad/,directorio retirado (temporal al pilar)
/proveedores/todo/pagina76,/publicidad/,directorio retirado (temporal al pilar)
/proveedores/todo/pagina79,/publicidad/,directorio retirado (temporal al pilar)
/proximamente-seran-anunciados-los-ganadores-de-la-tarjeta-verde-2017/,/noticias/proximamente-seran-anunciados-los-ganadores-de-la-tarjeta-verde-2017/,URL anterior de la nota
/pruebas-realizadas-por-un-laboratorio-independiente-demuestran-una-diferencia-de-rendimiento-de-hasta-el-40-entre-los-turbocargadores-para-el-mercado-postventa-originales-de-honeywell-y-sus-copias/,/noticias/pruebas-realizadas-por-un-laboratorio-independiente-demuestran-una-diferencia-de-rendimiento-de-hasta-el-40-entre-los-turbocargadores-para-el-mercado-postventa-originales-de-honeywell-y-sus-copias/,URL anterior de la nota
/puedes-haber-sido-victima-de-un-fraude-informate/,/publicidad/creatividad/puedes-haber-sido-victima-de-un-fraude-informate/,URL anterior de la nota
/pymes-y-sus-marcas-la-mente-y-corazon-de-los-empresarios/,/emprendimiento/pymes/pymes-y-sus-marcas-la-mente-y-corazon-de-los-empresarios/,URL anterior de la nota
/qs-world-university-rankings-by-subject-2017/,/noticias/qs-world-university-rankings-by-subject-2017/,URL anterior de la nota
/que-compran-en-internet-las-mujeres-de-latinoamerica/,/noticias/que-compran-en-internet-las-mujeres-de-latinoamerica/,URL anterior de la nota
/que-significa-la-llegada-de-facebook-marketplace-para-las-agencias-de-autos/,/negocios/automotriz/que-significa-la-llegada-de-facebook-marketplace-para-las-agencias-de-autos/,URL anterior de la nota
/que-son-las-familias-en-autodesk-revit-by-iway-magazine/,/noticias/que-son-las-familias-en-autodesk-revit-by-iway-magazine/,URL anterior de la nota
/rackspace-lider-en-nube-gestionada-colabora-con-impartner-para-fortalecer-la-experiencia-de-socios-de-canales/,/noticias/rackspace-lider-en-nube-gestionada-colabora-con-impartner-para-fortalecer-la-experiencia-de-socios-de-canales/,URL anterior de la nota
/rafael-valdez-de-envision-fue-nominado-como-campeon-de-la-industria-eolica-en-la-conferencia-sobre-energias-renovables-2016-de-mexico/,/noticias/rafael-valdez-de-envision-fue-nominado-como-campeon-de-la-industria-eolica-en-la-conferencia-sobre-energias-renovables-2016-de-mexico/,URL anterior de la nota
/ramboll-crece-28-a-pesar-de-las-dificiles-condiciones-de-mercado/,/noticias/ramboll-crece-28-a-pesar-de-las-dificiles-condiciones-de-mercado/,URL anterior de la nota
/reciclaje-de-eps-una-realidad-para-cuidar-el-medio-ambiente/,/noticias/reciclaje-de-eps-una-realidad-para-cuidar-el-medio-ambiente/,URL anterior de la nota
/reed-exhibitions-japan-hara-la-3ra-wearable-expo-del-18-al-20-de-enero-de-2017-en-tokio/,/noticias/reed-exhibitions-japan-hara-la-3ra-wearable-expo-del-18-al-20-de-enero-de-2017-en-tokio/,URL anterior de la nota
/reed-meriwether-se-incorpora-a-greeley-and-hansen-como-nuevo-director-gerente/,/noticias/reed-meriwether-se-incorpora-a-greeley-and-hansen-como-nuevo-director-gerente/,URL anterior de la nota
/reed-presenta-exposiciones-inaugurales-de-robotica-y-fabricacion-inteligente-en-tokio-desde-el-18-de-enero-de-2017/,/noticias/reed-presenta-exposiciones-inaugurales-de-robotica-y-fabricacion-inteligente-en-tokio-desde-el-18-de-enero-de-2017/,URL anterior de la nota
/regla-de-oro-para-tu-marca-personal-contra-la-homogeneidad-se-tu-mismo/,/emprendimiento/liderazgo/regla-de-oro-para-tu-marca-personal-contra-la-homogeneidad-se-tu-mismo/,URL anterior de la nota
/research-now-anuncia-nuevo-equipo-de-liderazgo-ejecutivo/,/noticias/research-now-anuncia-nuevo-equipo-de-liderazgo-ejecutivo/,URL anterior de la nota
/risen-coloca-22-mwp-en-europa-del-este/,/noticias/risen-coloca-22-mwp-en-europa-del-este/,URL anterior de la nota
/risen-energy-anuncia-los-resultados-para-el-ano-2015-completo/,/noticias/risen-energy-anuncia-los-resultados-para-el-ano-2015-completo/,URL anterior de la nota
/rokkan-obtiene-la-funcion-de-la-direccion-creativa-para-cafe-de-colombia/,/noticias/rokkan-obtiene-la-funcion-de-la-direccion-creativa-para-cafe-de-colombia/,URL anterior de la nota
/rotarios-asistieron-a-la-audiencia-del-jubileo-en-la-ciudad-del-vaticano/,/noticias/rotarios-asistieron-a-la-audiencia-del-jubileo-en-la-ciudad-del-vaticano/,URL anterior de la nota
/safetypay-lanza-aplicacion-y-peruvian-es-la-primera-compania-aerea-de-america-latina-en-invertir-en-la-tecnologia/,/noticias/safetypay-lanza-aplicacion-y-peruvian-es-la-primera-compania-aerea-de-america-latina-en-invertir-en-la-tecnologia/,URL anterior de la nota
/sc-johnson-reconocida-como-el-mejor-lugar-para-trabajar-en-mexico-por-decimoquinto-ano-consecutivo-en-2016/,/noticias/sc-johnson-reconocida-como-el-mejor-lugar-para-trabajar-en-mexico-por-decimoquinto-ano-consecutivo-en-2016/,URL anterior de la nota
/sc-johnson-venezuela-fue-reconocida-como-el-mejor-lugar-de-trabajo/,/noticias/sc-johnson-venezuela-fue-reconocida-como-el-mejor-lugar-de-trabajo/,URL anterior de la nota
/se-estrena-exhibicion-sobre-educacion-en-ddhh-en-la-sede-de-la-onu-ginebra/,/noticias/se-estrena-exhibicion-sobre-educacion-en-ddhh-en-la-sede-de-la-onu-ginebra/,URL anterior de la nota
/se-inaugura-el-festival-internacional-de-cortometrajes-mercy-and-justice/,/noticias/se-inaugura-el-festival-internacional-de-cortometrajes-mercy-and-justice/,URL anterior de la nota
/se-publica-el-estudio-sirflox-en-la-journal-of-clinical-oncology/,/noticias/se-publica-el-estudio-sirflox-en-la-journal-of-clinical-oncology/,URL anterior de la nota
/servicio-de-video-iot-smartvue-ahora-es-mas-grande-que-youtube-carga-28-millones-de-minutos-de-videovigilancia-a-diario/,/noticias/servicio-de-video-iot-smartvue-ahora-es-mas-grande-que-youtube-carga-28-millones-de-minutos-de-videovigilancia-a-diario/,URL anterior de la nota
/si-tu-puedes-despedir-a-un-cliente/,/emprendimiento/liderazgo/si-tu-puedes-despedir-a-un-cliente/,URL anterior de la nota
/sirva-presenta-nueva-identidad-de-marca/,/noticias/sirva-presenta-nueva-identidad-de-marca/,URL anterior de la nota
/smirnoff-lanza-la-iniciativa-equalizing-music-en-un-esfuerzo-por-duplicar-la-cantidad-de-figuras-femeninas-destacadas-para-el-ano-2020/,/noticias/smirnoff-lanza-la-iniciativa-equalizing-music-en-un-esfuerzo-por-duplicar-la-cantidad-de-figuras-femeninas-destacadas-para-el-ano-2020/,URL anterior de la nota
/solucion-automatizada-camds-de-ipoint-minimiza-esfuerzos-de-datos-materiales-para-la-industria-automotriz/,/noticias/solucion-automatizada-camds-de-ipoint-minimiza-esfuerzos-de-datos-materiales-para-la-industria-automotriz/,URL anterior de la nota
/sothebys-international-realty-amplia-la-presencia-de-su-marca-de-lujo-en-toda-la-argentina/,/noticias/sothebys-international-realty-amplia-la-presencia-de-su-marca-de-lujo-en-toda-la-argentina/,URL anterior de la nota
/spectra-group-y-tesacom-presentan-slingshot-en-chile/,/noticias/spectra-group-y-tesacom-presentan-slingshot-en-chile/,URL anterior de la nota
/spin-master-mexico-se-expande-con-nuevas-oficinas-corporativas-y-contrataciones-de-talento-senior/,/noticias/spin-master-mexico-se-expande-con-nuevas-oficinas-corporativas-y-contrataciones-de-talento-senior/,URL anterior de la nota
/stadler-director-ejecutivo-de-audi-planeamos-continuar-con-nuestro-crecimiento-en-2016/,/noticias/stadler-director-ejecutivo-de-audi-planeamos-continuar-con-nuestro-crecimiento-en-2016/,URL anterior de la nota
/sundyne-anuncia-un-nuevo-centro-de-servicio-autorizado-en-colombia/,/noticias/sundyne-anuncia-un-nuevo-centro-de-servicio-autorizado-en-colombia/,URL anterior de la nota
/tane-y-la-iconica-iris-apfel-colaboran-juntos-en-una-coleccion-inolvidable/,/noticias/tane-y-la-iconica-iris-apfel-colaboran-juntos-en-una-coleccion-inolvidable/,URL anterior de la nota
/telepizza-apuesta-por-la-master-franquicia-para-su-expansion-internacional-abrira-100-tiendas-en-10-anos-en-arabia-saudi/,/noticias/telepizza-apuesta-por-la-master-franquicia-para-su-expansion-internacional-abrira-100-tiendas-en-10-anos-en-arabia-saudi/,URL anterior de la nota
/telepizza-se-apoyara-en-master-franquiciados-locales-para-liderar-su-expansion-en-el-reino-unido/,/noticias/telepizza-se-apoyara-en-master-franquiciados-locales-para-liderar-su-expansion-en-el-reino-unido/,URL anterior de la nota
/the-home-depot-anuncia-resultados-record-del-cuarto-trimestre-y-del-ano-fiscal-2015-aumenta-el-dividendo-trimestral-en-un-17-por-ciento-y-proporciona-la-guia-para-el-ano-fiscal-2016/,/noticias/the-home-depot-anuncia-resultados-record-del-cuarto-trimestre-y-del-ano-fiscal-2015-aumenta-el-dividendo-trimestral-en-un-17-por-ciento-y-proporciona-la-guia-para-el-ano-fiscal-2016/,URL anterior de la nota
/thuraya-lanza-servicio-m2m-y-primer-terminal-que-operara-en-norteamerica/,/noticias/thuraya-lanza-servicio-m2m-y-primer-terminal-que-operara-en-norteamerica/,URL anterior de la nota
/trax-designa-a-steve-hornyak-para-dirigir-su-expansion-por-el-continente-americano/,/noticias/trax-designa-a-steve-hornyak-para-dirigir-su-expansion-por-el-continente-americano/,URL anterior de la nota
/uefa-y-pepsi-llevan-por-primera-vez-epico-recital-en-vivo-a-la-final-de-la-liga-de-campeones-de-la-uefa/,/noticias/uefa-y-pepsi-llevan-por-primera-vez-epico-recital-en-vivo-a-la-final-de-la-liga-de-campeones-de-la-uefa/,URL anterior de la nota
/un-ano-al-aire-by-diario-moda-radio/,/noticias/un-ano-al-aire-by-diario-moda-radio/,URL anterior de la nota
/un-nuevo-registro-de-multiples-centros-estudiara-los-beneficios-de-la-terapia-stretta-para-pacientes-gerd-luego-de-una-gastrectomia-en-manga/,/noticias/un-nuevo-registro-de-multiples-centros-estudiara-los-beneficios-de-la-terapia-stretta-para-pacientes-gerd-luego-de-una-gastrectomia-en-manga/,URL anterior de la nota
/un-vistazo-al-festival-imaginativo-thomas-sabo-celebra-el-verano-con-estilo/,/noticias/un-vistazo-al-festival-imaginativo-thomas-sabo-celebra-el-verano-con-estilo/,URL anterior de la nota
/uol-boacompra-llega-a-chile/,/noticias/uol-boacompra-llega-a-chile/,URL anterior de la nota
/urban-jrgensen-la-exclusiva-conexion-danesa-suiza-presenta-una-nueva-coleccion-en-la-baselworld-2016/,/noticias/urban-jrgensen-la-exclusiva-conexion-danesa-suiza-presenta-una-nueva-coleccion-en-la-baselworld-2016/,URL anterior de la nota
/uruguay-avanza-firmemente-hacia-la-universalizacion-del-acceso-a-servicios-financieros/,/noticias/uruguay-avanza-firmemente-hacia-la-universalizacion-del-acceso-a-servicios-financieros/,URL anterior de la nota
/versy-nueva-red-social-basada-en-los-intereses-de-los-usuarios/,/noticias/versy-nueva-red-social-basada-en-los-intereses-de-los-usuarios/,URL anterior de la nota
/vichy-anuncia-la-primera-beca-exposoma-de-vichy-anual/,/noticias/vichy-anuncia-la-primera-beca-exposoma-de-vichy-anual/,URL anterior de la nota
/virgin-hotels-anuncia-a-su-nuevo-vicepresidente-de-desarrollo/,/noticias/virgin-hotels-anuncia-a-su-nuevo-vicepresidente-de-desarrollo/,URL anterior de la nota
/visa-inc-designa-a-eduardo-perez-lider-de-riesgo-para-america-latina-y-el-caribe/,/noticias/visa-inc-designa-a-eduardo-perez-lider-de-riesgo-para-america-latina-y-el-caribe/,URL anterior de la nota
/wincor-nixdorf-y-mahindra-comviva-se-asocian-para-permitir-operaciones-basadas-en-nfc-y-codigo-qr-en-los-cajeros-automaticos-con-la-billetera-mobiquity/,/noticias/wincor-nixdorf-y-mahindra-comviva-se-asocian-para-permitir-operaciones-basadas-en-nfc-y-codigo-qr-en-los-cajeros-automaticos-con-la-billetera-mobiquity/,URL anterior de la nota
/womens-forum-mexico-2016-girara-en-torno-a-co-creando-junts-co-creating-together/,/noticias/womens-forum-mexico-2016-girara-en-torno-a-co-creando-junts-co-creating-together/,URL anterior de la nota
/womens-forum-mexico-2016-recibe-a-la-delegacion-cubana-de-mujeres-emprendedoras/,/noticias/womens-forum-mexico-2016-recibe-a-la-delegacion-cubana-de-mujeres-emprendedoras/,URL anterior de la nota
/wyndham-hotel-group-revela-su-estrategia-de-transformacion-global-a-lo-largo-de-16-marcas/,/noticias/wyndham-hotel-group-revela-su-estrategia-de-transformacion-global-a-lo-largo-de-16-marcas/,URL anterior de la nota
/wyndham-rewards-presenta-niveles-de-miembro-y-amplia-su-premiado-programa-de-lealtad-con-la-primera-experiencia-mejorada-en-canje-de-puntos-del-sector/,/noticias/wyndham-rewards-presenta-niveles-de-miembro-y-amplia-su-premiado-programa-de-lealtad-con-la-primera-experiencia-mejorada-en-canje-de-puntos-del-sector/,URL anterior de la nota
/xs-international-fue-incluida-en-el-informe-2016-competitive-landscape-report-de-gartner/,/noticias/xs-international-fue-incluida-en-el-informe-2016-competitive-landscape-report-de-gartner/,URL anterior de la nota
/ya-vienen-los-effies/,/publicidad/creatividad/ya-vienen-los-effies/,URL anterior de la nota
/young-living-nombra-nuevo-coo/,/noticias/young-living-nombra-nuevo-coo/,URL anterior de la nota
/ypf-presenta-informe-anual-2015-en-formulario-20-f/,/noticias/ypf-presenta-informe-anual-2015-en-formulario-20-f/,URL anterior de la nota
/zte-corporation-llega-a-un-arreglo-con-las-autoridades-estadounidenses/,/noticias/zte-corporation-llega-a-un-arreglo-con-las-autoridades-estadounidenses/,URL anterior de la nota
/20-de-marzo-dia-internacional-de-la-felicidad/,/noticias/20-de-marzo-dia-internacional-de-la-felicidad/,URL anterior de la nota
/noticias/4786-asahi-kasei-chemicals-celebra-la-apertura-de-asahi-kasei-plastics-mexico-sa-de-cv,/noticias/,nota vieja sin equivalente directo
